ABS000001;STU00001;MAT0032;1;3;16-04-0031;EXAMEN;0;2;21-11-2025
ABS000002;STU00001;MAT0010;1;3;16-03-0013;TD;1;1;21-11-2025
ABS000003;STU00001;MAT0005;1;3;15-04-0021;COURS;1;1;21-11-2025
ABS000004;STU00001;MAT0020;1;3;16-04-0018;TP;0;4;21-11-2025
ABS000005;STU00001;MAT0022;1;3;17-05-0023;TD;1;1;21-11-2025
ABS000006;STU00001;MAT0008;1;3;16-05-0033;TD;0;2;21-11-2025
ABS000007;STU00001;MAT0020;1;3;17-05-0014;TD;0;1;21-11-2025
ABS000008;STU00001;MAT0008;1;3;15-04-0029;COURS;0;4;21-11-2025
ABS000009;STU00001;MAT0013;1;3;15-04-0008;COURS;0;1;21-11-2025
ABS000010;STU00001;MAT0017;1;3;16-04-0010;COURS;0;1;21-11-2025
ABS000011;STU00001;MAT0008;1;3;16-03-0032;TD;1;2;21-11-2025
ABS000012;STU00001;MAT0023;1;3;16-03-0028;COURS;0;3;21-11-2025
ABS000013;STU00002;MAT0016;2;3;17-05-0031;COURS;0;1;21-11-2025
ABS000014;STU00002;MAT0013;2;3;16-05-0013;TP;0;1;21-11-2025
ABS000015;STU00002;MAT0014;2;3;17-05-0010;EXAMEN;1;2;21-11-2025
ABS000016;STU00002;MAT0007;2;3;15-04-0028;TD;1;4;21-11-2025
ABS000017;STU00003;MAT0021;3;3;17-03-0031;COURS;1;2;21-11-2025
ABS000018;STU00004;MAT0003;4;3;17-05-0030;COURS;0;1;21-11-2025
ABS000019;STU00004;MAT0030;4;3;15-04-0016;TP;1;4;21-11-2025
ABS000020;STU00004;MAT0027;4;3;16-03-0024;TP;1;4;21-11-2025
ABS000021;STU00004;MAT0005;4;3;17-03-0034;EXAMEN;1;3;21-11-2025
ABS000022;STU00004;MAT0032;4;3;17-03-0007;COURS;1;1;21-11-2025
ABS000023;STU00005;MAT0007;5;3;15-04-0029;TD;0;2;21-11-2025
ABS000024;STU00005;MAT0026;5;3;15-04-0013;COURS;0;4;21-11-2025
ABS000025;STU00005;MAT0018;5;3;17-05-0022;TP;1;4;21-11-2025
ABS000026;STU00005;MAT0026;5;3;16-04-0022;EXAMEN;1;2;21-11-2025
ABS000027;STU00005;MAT0008;5;3;16-04-0010;TP;1;2;21-11-2025
ABS000028;STU00005;MAT0002;5;3;17-05-0011;COURS;1;1;21-11-2025
ABS000029;STU00005;MAT0002;5;3;15-04-0028;TD;1;3;21-11-2025
ABS000030;STU00005;MAT0007;5;3;16-03-0016;COURS;1;4;21-11-2025
ABS000031;STU00005;MAT0019;5;3;15-04-0013;EXAMEN;1;3;21-11-2025
ABS000032;STU00005;MAT0035;5;3;16-05-0017;COURS;1;1;21-11-2025
ABS000033;STU00005;MAT0025;5;3;16-04-0010;EXAMEN;0;4;21-11-2025
ABS000034;STU00005;MAT0003;5;3;15-04-0021;COURS;0;3;21-11-2025
ABS000035;STU00005;MAT0032;5;3;16-05-0012;EXAMEN;0;4;21-11-2025
ABS000036;STU00005;MAT0008;5;3;16-04-0031;EXAMEN;1;4;21-11-2025
ABS000037;STU00006;MAT0017;6;3;17-03-0019;EXAMEN;1;4;21-11-2025
ABS000038;STU00006;MAT0023;6;3;16-05-0028;TP;0;1;21-11-2025
ABS000039;STU00007;MAT0002;7;3;15-04-0032;TP;1;4;21-11-2025
ABS000040;STU00007;MAT0027;7;3;16-04-0018;TP;0;2;21-11-2025
ABS000041;STU00007;MAT0020;7;3;17-03-0014;COURS;1;1;21-11-2025
ABS000042;STU00007;MAT0022;7;3;16-04-0010;TD;0;3;21-11-2025
ABS000043;STU00007;MAT0028;7;3;16-03-0021;EXAMEN;0;4;21-11-2025
ABS000044;STU00008;MAT0021;8;3;17-05-0019;COURS;1;1;21-11-2025
ABS000045;STU00009;MAT0022;9;3;16-05-0032;TD;1;3;21-11-2025
ABS000046;STU00009;MAT0032;9;3;15-04-0013;COURS;1;2;21-11-2025
ABS000047;STU00009;MAT0004;9;3;16-04-0015;TP;1;4;21-11-2025
ABS000048;STU00009;MAT0006;9;3;17-03-0026;COURS;1;3;21-11-2025
ABS000049;STU00009;MAT0034;9;3;16-03-0025;EXAMEN;1;3;21-11-2025
ABS000050;STU00009;MAT0020;9;3;17-03-0027;TP;1;3;21-11-2025
ABS000051;STU00010;MAT0012;10;3;16-05-0021;COURS;1;2;21-11-2025
ABS000052;STU00010;MAT0014;10;3;17-05-0022;EXAMEN;0;4;21-11-2025
ABS000053;STU00010;MAT0004;10;3;17-05-0030;TD;1;2;21-11-2025
ABS000054;STU00010;MAT0020;10;3;17-03-0011;EXAMEN;1;1;21-11-2025
ABS000055;STU00010;MAT0027;10;3;16-05-0013;TP;1;2;21-11-2025
ABS000056;STU00010;MAT0016;10;3;15-04-0028;EXAMEN;0;2;21-11-2025
ABS000057;STU00010;MAT0016;10;3;17-03-0007;TP;1;4;21-11-2025
ABS000058;STU00012;MAT0018;2;3;17-03-0015;TD;1;1;21-11-2025
ABS000059;STU00012;MAT0002;2;3;17-05-0022;COURS;1;1;21-11-2025
ABS000060;STU00012;MAT0020;2;3;16-04-0026;COURS;1;4;21-11-2025
ABS000061;STU00012;MAT0006;2;3;15-04-0028;EXAMEN;1;2;21-11-2025
ABS000062;STU00012;MAT0033;2;3;17-03-0010;COURS;1;3;21-11-2025
ABS000063;STU00012;MAT0016;2;3;15-04-0009;COURS;1;3;21-11-2025
ABS000064;STU00012;MAT0025;2;3;15-04-0033;TD;1;2;21-11-2025
ABS000065;STU00012;MAT0012;2;3;17-03-0010;TD;1;4;21-11-2025
ABS000066;STU00012;MAT0004;2;3;16-04-0015;EXAMEN;1;1;21-11-2025
ABS000067;STU00012;MAT0028;2;3;15-04-0024;EXAMEN;1;3;21-11-2025
ABS000068;STU00013;MAT0024;3;3;15-04-0029;TP;0;1;21-11-2025
ABS000069;STU00016;MAT0035;6;3;17-05-0010;TD;1;4;21-11-2025
ABS000070;STU00016;MAT0017;6;3;17-03-0019;TP;0;2;21-11-2025
ABS000071;STU00016;MAT0011;6;3;15-04-0013;EXAMEN;1;4;21-11-2025
ABS000072;STU00016;MAT0006;6;3;17-03-0015;EXAMEN;1;4;21-11-2025
ABS000073;STU00016;MAT0028;6;3;15-04-0029;COURS;1;3;21-11-2025
ABS000074;STU00017;MAT0021;7;3;16-05-0033;EXAMEN;1;1;21-11-2025
ABS000075;STU00017;MAT0012;7;3;17-05-0027;EXAMEN;1;2;21-11-2025
ABS000076;STU00017;MAT0013;7;3;17-03-0019;TP;0;1;21-11-2025
ABS000077;STU00017;MAT0016;7;3;16-03-0012;TD;1;4;21-11-2025
ABS000078;STU00017;MAT0031;7;3;15-04-0021;TD;0;3;21-11-2025
ABS000079;STU00017;MAT0006;7;3;15-04-0013;EXAMEN;1;4;21-11-2025
ABS000080;STU00017;MAT0015;7;3;15-04-0033;COURS;1;2;21-11-2025
ABS000081;STU00020;MAT0024;10;3;16-03-0009;TD;1;1;21-11-2025
ABS000082;STU00020;MAT0034;10;3;16-03-0029;EXAMEN;1;4;21-11-2025
ABS000083;STU00020;MAT0008;10;3;17-05-0022;TD;1;2;21-11-2025
ABS000084;STU00020;MAT0032;10;3;15-04-0016;EXAMEN;0;2;21-11-2025
ABS000085;STU00020;MAT0019;10;3;16-05-0013;TD;1;4;21-11-2025
ABS000086;STU00021;MAT0029;1;3;17-03-0026;TD;1;4;21-11-2025
ABS000087;STU00021;MAT0031;1;3;17-03-0007;TD;1;4;21-11-2025
ABS000088;STU00021;MAT0025;1;3;16-05-0013;EXAMEN;1;3;21-11-2025
ABS000089;STU00021;MAT0004;1;3;17-03-0010;COURS;0;2;21-11-2025
ABS000090;STU00021;MAT0003;1;3;16-04-0018;COURS;0;4;21-11-2025
ABS000091;STU00022;MAT0003;2;3;16-03-0024;TD;0;4;21-11-2025
ABS000092;STU00022;MAT0009;2;3;15-04-0021;COURS;0;4;21-11-2025
ABS000093;STU00022;MAT0008;2;3;17-03-0015;TP;0;2;21-11-2025
ABS000094;STU00022;MAT0018;2;3;16-04-0034;TP;1;3;21-11-2025
ABS000095;STU00022;MAT0017;2;3;16-04-0026;TP;1;2;21-11-2025
ABS000096;STU00024;MAT0013;4;3;15-04-0008;TD;0;2;21-11-2025
ABS000097;STU00024;MAT0017;4;3;17-03-0022;TD;1;4;21-11-2025
ABS000098;STU00025;MAT0023;5;3;16-03-0021;EXAMEN;1;1;21-11-2025
ABS000099;STU00025;MAT0010;5;3;17-05-0034;COURS;0;2;21-11-2025
ABS000100;STU00025;MAT0011;5;3;15-04-0012;TP;1;2;21-11-2025
ABS000101;STU00025;MAT0034;5;3;17-05-0007;TD;1;1;21-11-2025
ABS000102;STU00025;MAT0032;5;3;17-03-0031;COURS;1;1;21-11-2025
ABS000103;STU00025;MAT0008;5;3;15-04-0028;EXAMEN;1;1;21-11-2025
ABS000104;STU00025;MAT0002;5;3;16-04-0011;COURS;1;4;21-11-2025
ABS000105;STU00025;MAT0018;5;3;16-04-0027;COURS;0;1;21-11-2025
ABS000106;STU00025;MAT0029;5;3;17-05-0026;TP;1;2;21-11-2025
ABS000107;STU00025;MAT0004;5;3;17-03-0034;TP;0;1;21-11-2025
ABS000108;STU00025;MAT0025;5;3;16-05-0009;COURS;1;2;21-11-2025
ABS000109;STU00025;MAT0026;5;3;17-03-0031;COURS;0;2;21-11-2025
ABS000110;STU00025;MAT0026;5;3;17-03-0019;TP;1;2;21-11-2025
ABS000111;STU00025;MAT0032;5;3;16-03-0016;EXAMEN;1;3;21-11-2025
ABS000112;STU00025;MAT0009;5;3;17-05-0026;TP;1;3;21-11-2025
ABS000113;STU00026;MAT0028;6;3;16-04-0015;COURS;1;3;21-11-2025
ABS000114;STU00026;MAT0028;6;3;16-05-0012;EXAMEN;0;3;21-11-2025
ABS000115;STU00026;MAT0015;6;3;15-04-0028;TD;1;1;21-11-2025
ABS000116;STU00026;MAT0028;6;3;15-04-0021;COURS;1;4;21-11-2025
ABS000117;STU00026;MAT0009;6;3;16-04-0011;TP;1;4;21-11-2025
ABS000118;STU00026;MAT0004;6;3;15-04-0025;COURS;1;1;21-11-2025
ABS000119;STU00027;MAT0017;7;3;17-05-0030;TP;0;1;21-11-2025
ABS000120;STU00027;MAT0008;7;3;17-05-0007;EXAMEN;0;2;21-11-2025
ABS000121;STU00027;MAT0006;7;3;15-04-0008;EXAMEN;1;3;21-11-2025
ABS000122;STU00027;MAT0030;7;3;15-04-0025;EXAMEN;1;3;21-11-2025
ABS000123;STU00027;MAT0012;7;3;16-04-0034;TD;0;3;21-11-2025
ABS000124;STU00027;MAT0028;7;3;17-05-0010;COURS;0;1;21-11-2025
ABS000125;STU00028;MAT0026;8;3;15-04-0029;EXAMEN;0;3;21-11-2025
ABS000126;STU00028;MAT0026;8;3;16-05-0028;TP;0;2;21-11-2025
ABS000127;STU00028;MAT0008;8;3;16-03-0013;COURS;1;2;21-11-2025
ABS000128;STU00028;MAT0031;8;3;16-03-0013;TD;1;4;21-11-2025
ABS000129;STU00028;MAT0035;8;3;17-05-0034;TD;0;4;21-11-2025
ABS000130;STU00028;MAT0028;8;3;17-03-0022;COURS;0;2;21-11-2025
ABS000131;STU00028;MAT0029;8;3;16-05-0029;EXAMEN;1;4;21-11-2025
ABS000132;STU00028;MAT0013;8;3;17-05-0014;TP;1;4;21-11-2025
ABS000133;STU00028;;8;3;16-03-0017;COURS;1;4;21-11-2025
ABS000134;STU00028;MAT0032;8;3;16-04-0034;TP;0;4;21-11-2025
ABS000135;STU00028;MAT0032;8;3;16-04-0023;TD;1;1;21-11-2025
ABS000136;STU00028;MAT0021;8;3;15-04-0025;COURS;0;4;21-11-2025
ABS000137;STU00028;MAT0032;8;3;16-04-0010;TP;1;4;21-11-2025
ABS000138;STU00028;MAT0019;8;3;16-03-0012;TD;1;4;21-11-2025
ABS000139;STU00028;MAT0015;8;3;17-03-0023;TP;1;4;21-11-2025
ABS000140;STU00029;MAT0025;9;3;16-05-0029;EXAMEN;1;3;21-11-2025
ABS000141;STU00029;MAT0011;9;3;15-04-0032;TD;0;1;21-11-2025
ABS000142;STU00029;MAT0009;9;3;17-05-0022;TD;0;4;21-11-2025
ABS000143;STU00029;MAT0027;9;3;16-03-0032;EXAMEN;0;2;21-11-2025
ABS000144;STU00029;MAT0002;9;3;16-05-0008;TP;1;3;21-11-2025
ABS000145;STU00029;MAT0012;9;3;16-05-0012;COURS;1;3;21-11-2025
ABS000146;STU00029;MAT0015;9;3;16-04-0010;COURS;1;4;21-11-2025
ABS000147;STU00029;MAT0023;9;3;15-04-0017;COURS;1;3;21-11-2025
ABS000148;STU00029;MAT0033;9;3;17-03-0034;COURS;1;4;21-11-2025
ABS000149;STU00029;MAT0008;9;3;15-04-0033;COURS;1;1;21-11-2025
ABS000150;STU00029;MAT0033;9;3;16-05-0008;COURS;0;1;21-11-2025
ABS000151;STU00029;MAT0011;9;3;17-03-0018;TP;1;4;21-11-2025
ABS000152;STU00030;MAT0009;10;3;15-04-0033;COURS;1;4;21-11-2025
ABS000153;STU00030;;10;3;16-04-0031;TD;1;4;21-11-2025
ABS000154;STU00030;MAT0033;10;3;15-04-0016;TD;0;3;21-11-2025
ABS000155;STU00030;MAT0027;10;3;17-05-0031;TP;1;2;21-11-2025
ABS000156;STU00030;MAT0034;10;3;17-03-0031;EXAMEN;1;2;21-11-2025
ABS000157;STU00031;MAT0034;1;3;16-04-0034;TP;1;4;21-11-2025
ABS000158;STU00031;;1;3;17-03-0031;COURS;0;3;21-11-2025
ABS000159;STU00031;MAT0011;1;3;16-04-0031;EXAMEN;0;1;21-11-2025
ABS000160;STU00031;MAT0010;1;3;17-05-0027;COURS;1;3;21-11-2025
ABS000161;STU00031;MAT0020;1;3;16-04-0019;TP;1;1;21-11-2025
ABS000162;STU00031;MAT0010;1;3;16-04-0023;EXAMEN;1;2;21-11-2025
ABS000163;STU00032;MAT0023;2;3;16-05-0021;EXAMEN;1;3;21-11-2025
ABS000164;STU00032;MAT0035;2;3;16-03-0008;TP;1;2;21-11-2025
ABS000165;STU00034;MAT0011;4;3;16-05-0017;COURS;0;3;21-11-2025
ABS000166;STU00034;MAT0020;4;3;16-03-0033;EXAMEN;1;1;21-11-2025
ABS000167;STU00034;MAT0024;4;3;16-05-0008;TP;1;3;21-11-2025
ABS000168;STU00034;MAT0008;4;3;16-03-0008;EXAMEN;0;1;21-11-2025
ABS000169;STU00034;MAT0016;4;3;15-04-0017;TD;1;3;21-11-2025
ABS000170;STU00034;MAT0009;4;3;16-05-0032;EXAMEN;1;2;21-11-2025
ABS000171;STU00034;MAT0034;4;3;16-03-0017;TD;1;3;21-11-2025
ABS000172;STU00034;MAT0010;4;3;16-04-0010;EXAMEN;1;1;21-11-2025
ABS000173;STU00034;MAT0028;4;3;16-03-0008;TD;1;4;21-11-2025
ABS000174;STU00034;MAT0034;4;3;17-03-0018;EXAMEN;1;4;21-11-2025
ABS000175;STU00034;MAT0032;4;3;15-04-0025;EXAMEN;1;4;21-11-2025
ABS000176;STU00034;MAT0011;4;3;16-05-0020;TD;1;4;21-11-2025
ABS000177;STU00035;MAT0014;5;3;17-05-0010;EXAMEN;1;2;21-11-2025
ABS000178;STU00035;MAT0008;5;3;17-05-0018;EXAMEN;0;3;21-11-2025
ABS000179;STU00035;MAT0003;5;3;16-05-0016;TD;0;3;21-11-2025
ABS000180;STU00035;MAT0019;5;3;15-04-0016;EXAMEN;0;2;21-11-2025
ABS000181;STU00035;MAT0027;5;3;16-03-0032;COURS;1;3;21-11-2025
ABS000182;STU00035;MAT0012;5;3;15-04-0013;EXAMEN;0;3;21-11-2025
ABS000183;STU00035;MAT0003;5;3;17-03-0034;EXAMEN;1;3;21-11-2025
ABS000184;STU00036;MAT0009;6;3;15-04-0033;TD;1;4;21-11-2025
ABS000185;STU00038;MAT0027;8;3;17-05-0026;EXAMEN;0;4;21-11-2025
ABS000186;STU00038;MAT0003;8;3;15-04-0024;EXAMEN;1;1;21-11-2025
ABS000187;STU00038;MAT0002;8;3;16-03-0029;TP;1;1;21-11-2025
ABS000188;STU00038;MAT0006;8;3;16-05-0024;TD;1;1;21-11-2025
ABS000189;STU00038;MAT0013;8;3;17-05-0023;EXAMEN;1;1;21-11-2025
ABS000190;STU00038;MAT0035;8;3;16-03-0028;TD;1;3;21-11-2025
ABS000191;STU00038;MAT0029;8;3;17-03-0014;COURS;1;3;21-11-2025
ABS000192;STU00039;MAT0012;9;3;15-04-0020;EXAMEN;0;3;21-11-2025
ABS000193;STU00039;MAT0006;9;3;16-04-0015;COURS;1;2;21-11-2025
ABS000194;STU00039;MAT0012;9;3;16-04-0011;TP;1;2;21-11-2025
ABS000195;STU00040;MAT0021;10;3;17-03-0026;TD;0;1;21-11-2025
ABS000196;STU00040;MAT0007;10;3;16-04-0019;TP;0;3;21-11-2025
ABS000197;STU00040;MAT0008;10;3;16-04-0019;COURS;0;2;21-11-2025
ABS000198;STU00040;MAT0033;10;3;16-04-0023;EXAMEN;1;3;21-11-2025
ABS000199;STU00041;MAT0005;1;3;16-05-0020;EXAMEN;0;2;21-11-2025
ABS000200;STU00041;MAT0007;1;3;17-03-0015;TD;1;2;21-11-2025
ABS000201;STU00041;MAT0027;1;3;15-04-0025;EXAMEN;0;2;21-11-2025
ABS000202;STU00041;MAT0035;1;3;17-03-0018;TD;1;4;21-11-2025
ABS000203;STU00041;MAT0003;1;3;16-05-0021;COURS;1;3;21-11-2025
ABS000204;STU00041;;1;3;16-05-0012;COURS;1;4;21-11-2025
ABS000205;STU00041;MAT0017;1;3;16-04-0026;EXAMEN;1;2;21-11-2025
ABS000206;STU00041;MAT0033;1;3;16-05-0033;TP;0;1;21-11-2025
ABS000207;STU00041;MAT0026;1;3;15-04-0009;COURS;1;3;21-11-2025
ABS000208;STU00041;MAT0033;1;3;15-04-0013;TP;1;3;21-11-2025
ABS000209;STU00041;MAT0029;1;3;17-05-0015;TP;0;3;21-11-2025
ABS000210;STU00041;MAT0030;1;3;15-04-0013;TP;0;2;21-11-2025
ABS000211;STU00041;MAT0031;1;3;17-05-0007;COURS;1;2;21-11-2025
ABS000212;STU00041;MAT0032;1;3;15-04-0024;EXAMEN;1;1;21-11-2025
ABS000213;STU00041;MAT0029;1;3;17-05-0007;COURS;1;4;21-11-2025
ABS000214;STU00042;MAT0008;2;3;17-05-0007;EXAMEN;1;2;21-11-2025
ABS000215;STU00042;MAT0015;2;3;16-04-0007;COURS;1;3;21-11-2025
ABS000216;STU00042;MAT0020;2;3;16-03-0009;TD;0;4;21-11-2025
ABS000217;STU00042;MAT0018;2;3;15-04-0008;EXAMEN;1;2;21-11-2025
ABS000218;STU00043;MAT0018;3;3;17-03-0034;EXAMEN;0;2;21-11-2025
ABS000219;STU00043;MAT0012;3;3;17-05-0030;COURS;1;1;21-11-2025
ABS000220;STU00043;MAT0015;3;3;17-03-0015;TP;0;1;21-11-2025
ABS000221;STU00043;MAT0035;3;3;16-05-0028;TP;1;4;21-11-2025
ABS000222;STU00043;MAT0004;3;3;16-03-0020;TP;1;4;21-11-2025
ABS000223;STU00043;MAT0034;3;3;16-04-0010;EXAMEN;1;1;21-11-2025
ABS000224;STU00043;MAT0004;3;3;17-05-0014;TP;1;4;21-11-2025
ABS000225;STU00043;MAT0026;3;3;16-04-0007;TD;0;1;21-11-2025
ABS000226;STU00043;MAT0028;3;3;17-05-0014;COURS;1;2;21-11-2025
ABS000227;STU00043;MAT0020;3;3;16-03-0017;COURS;1;1;21-11-2025
ABS000228;STU00043;MAT0028;3;3;17-03-0022;COURS;1;3;21-11-2025
ABS000229;STU00043;MAT0007;3;3;16-04-0014;EXAMEN;0;3;21-11-2025
ABS000230;STU00043;MAT0022;3;3;16-03-0033;TD;1;4;21-11-2025
ABS000231;STU00043;MAT0029;3;3;17-03-0027;COURS;0;1;21-11-2025
ABS000232;STU00044;MAT0029;4;3;16-03-0008;COURS;0;4;21-11-2025
ABS000233;STU00044;MAT0004;4;3;17-03-0010;COURS;0;4;21-11-2025
ABS000234;STU00044;MAT0027;4;3;16-04-0010;TD;1;1;21-11-2025
ABS000235;STU00045;MAT0007;5;3;17-05-0026;TP;1;1;21-11-2025
ABS000236;STU00045;MAT0022;5;3;16-04-0023;TD;0;1;21-11-2025
ABS000237;STU00045;MAT0005;5;3;16-05-0029;TD;1;2;21-11-2025
ABS000238;STU00045;MAT0017;5;3;17-05-0023;TP;1;4;21-11-2025
ABS000239;STU00045;MAT0009;5;3;17-03-0014;COURS;0;3;21-11-2025
ABS000240;STU00045;MAT0033;5;3;16-05-0020;TP;0;2;21-11-2025
ABS000241;STU00046;MAT0019;6;3;16-05-0017;TP;1;2;21-11-2025
ABS000242;STU00046;MAT0033;6;3;17-03-0014;COURS;1;2;21-11-2025
ABS000243;STU00046;MAT0013;6;3;17-03-0027;COURS;0;4;21-11-2025
ABS000244;STU00046;MAT0030;6;3;16-05-0029;TP;1;3;21-11-2025
ABS000245;STU00046;MAT0027;6;3;16-05-0016;TP;0;4;21-11-2025
ABS000246;STU00046;MAT0015;6;3;17-03-0022;COURS;1;2;21-11-2025
ABS000247;STU00046;MAT0014;6;3;16-04-0026;TD;1;3;21-11-2025
ABS000248;STU00046;MAT0014;6;3;17-05-0019;EXAMEN;0;1;21-11-2025
ABS000249;STU00046;MAT0005;6;3;16-04-0007;TP;0;1;21-11-2025
ABS000250;STU00046;MAT0029;6;3;16-03-0016;TD;1;3;21-11-2025
ABS000251;STU00046;MAT0013;6;3;17-03-0007;TD;0;2;21-11-2025
ABS000252;STU00046;MAT0012;6;3;16-04-0030;TP;1;2;21-11-2025
ABS000253;STU00047;MAT0017;7;3;16-03-0033;COURS;0;2;21-11-2025
ABS000254;STU00047;MAT0008;7;3;16-04-0027;TP;1;3;21-11-2025
ABS000255;STU00047;MAT0024;7;3;16-04-0014;TP;1;4;21-11-2025
ABS000256;STU00047;MAT0008;7;3;16-05-0009;TD;1;2;21-11-2025
ABS000257;STU00047;MAT0035;7;3;16-03-0013;EXAMEN;1;3;21-11-2025
ABS000258;STU00047;MAT0016;7;3;16-05-0020;COURS;1;2;21-11-2025
ABS000259;STU00047;MAT0010;7;3;16-05-0016;TP;0;3;21-11-2025
ABS000260;STU00047;MAT0033;7;3;17-03-0034;EXAMEN;0;1;21-11-2025
ABS000261;STU00048;MAT0033;8;3;16-03-0012;EXAMEN;1;3;21-11-2025
ABS000262;STU00048;MAT0030;8;3;16-04-0023;TD;0;3;21-11-2025
ABS000263;STU00049;MAT0026;9;3;16-04-0015;COURS;0;2;21-11-2025
ABS000264;STU00049;MAT0016;9;3;16-04-0034;EXAMEN;0;4;21-11-2025
ABS000265;STU00049;MAT0011;9;3;15-04-0025;TP;0;1;21-11-2025
ABS000266;STU00049;MAT0006;9;3;17-03-0031;TP;1;3;21-11-2025
ABS000267;STU00049;MAT0003;9;3;16-03-0025;EXAMEN;1;3;21-11-2025
ABS000268;STU00049;MAT0030;9;3;15-04-0021;EXAMEN;1;4;21-11-2025
ABS000269;STU00050;MAT0017;10;3;16-04-0014;COURS;1;1;21-11-2025
ABS000270;STU00050;MAT0033;10;3;15-04-0033;COURS;1;2;21-11-2025
ABS000271;STU00050;MAT0005;10;3;17-03-0010;TP;0;2;21-11-2025
ABS000272;STU00050;MAT0022;10;3;15-04-0013;TP;0;3;21-11-2025
ABS000273;STU00051;MAT0035;1;3;17-05-0030;TP;0;3;21-11-2025
ABS000274;STU00051;MAT0023;1;3;15-04-0033;EXAMEN;1;1;21-11-2025
ABS000275;STU00051;MAT0033;1;3;16-04-0027;TD;1;2;21-11-2025
ABS000276;STU00051;MAT0014;1;3;17-03-0030;EXAMEN;0;4;21-11-2025
ABS000277;STU00051;MAT0030;1;3;16-05-0033;TP;1;3;21-11-2025
ABS000278;STU00051;MAT0027;1;3;16-03-0020;TD;1;1;21-11-2025
ABS000279;STU00051;MAT0009;1;3;16-04-0011;TP;1;1;21-11-2025
ABS000280;STU00051;MAT0023;1;3;15-04-0032;TP;0;4;21-11-2025
ABS000281;STU00051;MAT0026;1;3;17-05-0031;TP;0;1;21-11-2025
ABS000282;STU00051;MAT0003;1;3;16-05-0032;TD;0;3;21-11-2025
ABS000283;STU00052;MAT0026;2;3;17-05-0034;EXAMEN;0;4;21-11-2025
ABS000284;STU00052;MAT0025;2;3;16-03-0024;TD;1;3;21-11-2025
ABS000285;STU00053;MAT0007;3;3;16-03-0012;TD;0;4;21-11-2025
ABS000286;STU00053;MAT0013;3;3;16-03-0012;COURS;1;4;21-11-2025
ABS000287;STU00053;MAT0015;3;3;15-04-0013;TP;1;1;21-11-2025
ABS000288;STU00053;MAT0024;3;3;15-04-0008;COURS;0;4;21-11-2025
ABS000289;STU00053;MAT0008;3;3;15-04-0012;TD;1;4;21-11-2025
ABS000290;STU00054;MAT0014;4;3;17-03-0034;TP;1;4;21-11-2025
ABS000291;STU00054;MAT0020;4;3;17-03-0026;TD;1;4;21-11-2025
ABS000292;STU00054;;4;3;15-04-0013;TD;1;4;21-11-2025
ABS000293;STU00054;MAT0016;4;3;16-05-0032;TP;1;4;21-11-2025
ABS000294;STU00055;MAT0030;5;3;16-03-0016;TP;1;3;21-11-2025
ABS000295;STU00055;MAT0012;5;3;16-04-0026;EXAMEN;0;4;21-11-2025
ABS000296;STU00057;MAT0011;7;3;17-03-0034;TP;1;3;21-11-2025
ABS000297;STU00057;MAT0014;7;3;16-05-0009;EXAMEN;1;1;21-11-2025
ABS000298;STU00057;MAT0007;7;3;15-04-0009;TP;1;2;21-11-2025
ABS000299;STU00058;MAT0030;8;3;16-03-0009;EXAMEN;0;4;21-11-2025
ABS000300;STU00059;MAT0009;9;3;16-04-0010;TP;1;4;21-11-2025
ABS000301;STU00059;MAT0005;9;3;15-04-0021;COURS;1;2;21-11-2025
ABS000302;STU00059;MAT0009;9;3;16-05-0021;EXAMEN;1;2;21-11-2025
ABS000303;STU00060;MAT0012;10;3;17-05-0010;TP;0;4;21-11-2025
ABS000304;STU00060;;10;3;16-03-0009;TP;0;3;21-11-2025
ABS000305;STU00060;MAT0003;10;3;16-03-0013;TD;1;1;21-11-2025
ABS000306;STU00060;MAT0034;10;3;16-05-0032;COURS;1;3;21-11-2025
ABS000307;STU00060;;10;3;15-04-0008;COURS;1;2;21-11-2025
ABS000308;STU00060;MAT0016;10;3;17-03-0018;TD;0;4;21-11-2025
ABS000309;STU00060;MAT0022;10;3;17-03-0007;TD;1;1;21-11-2025
ABS000310;STU00060;MAT0011;10;3;17-03-0010;TD;0;1;21-11-2025
ABS000311;STU00061;MAT0035;1;3;16-05-0013;EXAMEN;1;1;21-11-2025
ABS000312;STU00061;MAT0007;1;3;16-03-0013;TP;0;1;21-11-2025
ABS000313;STU00061;MAT0021;1;3;16-04-0027;COURS;1;4;21-11-2025
ABS000314;STU00061;MAT0018;1;3;16-03-0009;TP;0;2;21-11-2025
ABS000315;STU00062;MAT0035;2;3;16-03-0029;TD;0;1;21-11-2025
ABS000316;STU00063;MAT0009;3;3;15-04-0028;TP;0;3;21-11-2025
ABS000317;STU00063;MAT0005;3;3;17-05-0022;TP;0;4;21-11-2025
ABS000318;STU00068;MAT0013;8;3;15-04-0016;TD;1;1;21-11-2025
ABS000319;STU00068;MAT0029;8;3;17-03-0030;TP;0;3;21-11-2025
ABS000320;STU00068;MAT0003;8;3;16-05-0032;EXAMEN;1;3;21-11-2025
ABS000321;STU00068;MAT0022;8;3;17-03-0014;TP;0;1;21-11-2025
ABS000322;STU00068;MAT0015;8;3;17-05-0014;EXAMEN;1;2;21-11-2025
ABS000323;STU00069;MAT0004;9;3;16-03-0013;TD;1;2;21-11-2025
ABS000324;STU00069;MAT0014;9;3;16-03-0012;TD;1;4;21-11-2025
ABS000325;STU00069;MAT0020;9;3;16-05-0021;TD;1;2;21-11-2025
ABS000326;STU00069;MAT0016;9;3;15-04-0012;TP;0;4;21-11-2025
ABS000327;STU00069;MAT0018;9;3;16-05-0013;EXAMEN;0;3;21-11-2025
ABS000328;STU00069;MAT0011;9;3;16-04-0019;EXAMEN;1;4;21-11-2025
ABS000329;STU00070;MAT0025;10;3;17-03-0031;EXAMEN;1;3;21-11-2025
ABS000330;STU00071;MAT0030;1;3;16-04-0019;TP;1;4;21-11-2025
ABS000331;STU00071;MAT0031;1;3;17-05-0026;COURS;0;4;21-11-2025
ABS000332;STU00071;MAT0013;1;3;17-03-0011;COURS;0;3;21-11-2025
ABS000333;STU00071;MAT0027;1;3;16-04-0019;EXAMEN;1;3;21-11-2025
ABS000334;STU00072;MAT0003;2;3;16-03-0020;COURS;1;2;21-11-2025
ABS000335;STU00072;MAT0028;2;3;17-03-0031;TP;1;3;21-11-2025
ABS000336;STU00072;MAT0032;2;3;16-05-0029;TP;1;4;21-11-2025
ABS000337;STU00072;MAT0016;2;3;16-04-0030;TD;1;3;21-11-2025
ABS000338;STU00072;MAT0002;2;3;16-05-0029;TD;0;4;21-11-2025
ABS000339;STU00072;MAT0017;2;3;17-05-0011;TD;1;2;21-11-2025
ABS000340;STU00072;MAT0006;2;3;17-03-0010;EXAMEN;1;1;21-11-2025
ABS000341;STU00073;MAT0028;3;3;16-03-0033;TP;1;4;21-11-2025
ABS000342;STU00073;MAT0027;3;3;16-05-0016;COURS;0;3;21-11-2025
ABS000343;STU00073;MAT0014;3;3;17-03-0015;EXAMEN;1;1;21-11-2025
ABS000344;STU00073;MAT0032;3;3;16-03-0033;COURS;0;4;21-11-2025
ABS000345;STU00073;MAT0019;3;3;16-05-0020;EXAMEN;0;3;21-11-2025
ABS000346;STU00073;MAT0009;3;3;16-03-0029;TD;1;1;21-11-2025
ABS000347;STU00076;MAT0007;6;3;16-04-0027;TD;0;1;21-11-2025
ABS000348;STU00077;MAT0016;7;3;16-03-0025;EXAMEN;1;1;21-11-2025
ABS000349;STU00077;MAT0018;7;3;16-03-0008;COURS;1;1;21-11-2025
ABS000350;STU00077;MAT0034;7;3;16-03-0013;COURS;1;3;21-11-2025
ABS000351;STU00077;MAT0022;7;3;16-04-0022;EXAMEN;0;3;21-11-2025
ABS000352;STU00077;MAT0016;7;3;15-04-0033;TP;1;4;21-11-2025
ABS000353;STU00078;MAT0030;8;3;17-03-0007;EXAMEN;1;2;21-11-2025
ABS000354;STU00079;MAT0016;9;3;17-05-0015;TP;1;4;21-11-2025
ABS000355;STU00079;MAT0013;9;3;16-05-0020;COURS;1;3;21-11-2025
ABS000356;STU00079;MAT0024;9;3;17-03-0027;COURS;1;3;21-11-2025
ABS000357;STU00079;MAT0015;9;3;16-05-0021;EXAMEN;1;1;21-11-2025
ABS000358;STU00079;MAT0031;9;3;15-04-0020;COURS;1;3;21-11-2025
ABS000359;STU00079;MAT0010;9;3;16-05-0013;COURS;0;1;21-11-2025
ABS000360;STU00079;MAT0030;9;3;15-04-0033;TD;1;1;21-11-2025
ABS000361;STU00079;MAT0035;9;3;15-04-0028;TD;0;2;21-11-2025
ABS000362;STU00079;MAT0006;9;3;16-05-0029;COURS;1;1;21-11-2025
ABS000363;STU00080;MAT0018;10;3;16-04-0031;TD;1;4;21-11-2025
ABS000364;STU00080;MAT0009;10;3;17-05-0010;EXAMEN;0;3;21-11-2025
ABS000365;STU00080;MAT0005;10;3;16-03-0025;TP;1;4;21-11-2025
ABS000366;STU00080;MAT0028;10;3;17-05-0027;TD;0;1;21-11-2025
ABS000367;STU00080;MAT0008;10;3;15-04-0009;COURS;0;2;21-11-2025
ABS000368;STU00080;MAT0024;10;3;17-05-0010;TD;1;4;21-11-2025
ABS000369;STU00080;;10;3;17-05-0030;TP;0;2;21-11-2025
ABS000370;STU00080;MAT0021;10;3;15-04-0020;TP;1;2;21-11-2025
ABS000371;STU00080;MAT0015;10;3;16-05-0028;COURS;1;4;21-11-2025
ABS000372;STU00080;MAT0019;10;3;16-04-0011;TD;1;4;21-11-2025
ABS000373;STU00080;MAT0019;10;3;17-03-0026;TD;1;1;21-11-2025
ABS000374;STU00080;MAT0020;10;3;16-05-0017;COURS;0;4;21-11-2025
ABS000375;STU00080;MAT0014;10;3;16-05-0033;EXAMEN;0;4;21-11-2025
ABS000376;STU00081;MAT0014;1;3;16-03-0033;TD;1;1;21-11-2025
ABS000377;STU00081;MAT0032;1;3;17-03-0034;EXAMEN;0;2;21-11-2025
ABS000378;STU00081;MAT0026;1;3;16-03-0024;TP;1;4;21-11-2025
ABS000379;STU00081;MAT0026;1;3;16-04-0031;EXAMEN;0;3;21-11-2025
ABS000380;STU00081;MAT0013;1;3;15-04-0029;EXAMEN;0;3;21-11-2025
ABS000381;STU00081;MAT0004;1;3;17-05-0034;TP;1;2;21-11-2025
ABS000382;STU00081;MAT0029;1;3;17-05-0011;EXAMEN;0;2;21-11-2025
ABS000383;STU00081;MAT0013;1;3;16-03-0013;COURS;1;1;21-11-2025
ABS000384;STU00081;MAT0010;1;3;16-05-0032;EXAMEN;1;4;21-11-2025
ABS000385;STU00081;MAT0011;1;3;16-05-0033;COURS;0;4;21-11-2025
ABS000386;STU00081;MAT0008;1;3;16-03-0008;TP;1;2;21-11-2025
ABS000387;STU00081;MAT0026;1;3;17-05-0030;TD;0;2;21-11-2025
ABS000388;STU00081;MAT0020;1;3;16-04-0022;TD;1;4;21-11-2025
ABS000389;STU00082;MAT0030;2;3;16-05-0009;EXAMEN;0;4;21-11-2025
ABS000390;STU00082;MAT0008;2;3;16-04-0007;COURS;0;4;21-11-2025
ABS000391;STU00084;MAT0007;4;3;15-04-0029;TD;1;4;21-11-2025
ABS000392;STU00084;MAT0009;4;3;15-04-0025;COURS;0;2;21-11-2025
ABS000393;STU00084;MAT0002;4;3;15-04-0033;EXAMEN;1;4;21-11-2025
ABS000394;STU00084;MAT0035;4;3;17-03-0023;COURS;1;2;21-11-2025
ABS000395;STU00084;MAT0012;4;3;17-05-0010;TD;0;4;21-11-2025
ABS000396;STU00084;MAT0003;4;3;16-04-0010;TD;1;2;21-11-2025
ABS000397;STU00084;MAT0017;4;3;16-03-0024;COURS;0;1;21-11-2025
ABS000398;STU00084;MAT0024;4;3;16-05-0016;TD;1;1;21-11-2025
ABS000399;STU00084;MAT0003;4;3;16-03-0016;TP;1;4;21-11-2025
ABS000400;STU00084;MAT0032;4;3;16-03-0025;TP;1;3;21-11-2025
ABS000401;STU00084;MAT0033;4;3;16-05-0024;TD;1;1;21-11-2025
ABS000402;STU00084;MAT0013;4;3;16-03-0008;TD;0;2;21-11-2025
ABS000403;STU00084;MAT0014;4;3;17-03-0026;TP;0;4;21-11-2025
ABS000404;STU00084;MAT0017;4;3;16-03-0024;TP;1;2;21-11-2025
ABS000405;STU00084;MAT0006;4;3;15-04-0021;TP;1;2;21-11-2025
ABS000406;STU00085;MAT0013;5;3;16-05-0029;TP;1;2;21-11-2025
ABS000407;STU00085;MAT0010;5;3;15-04-0033;TP;1;4;21-11-2025
ABS000408;STU00085;MAT0016;5;3;16-04-0007;COURS;0;1;21-11-2025
ABS000409;STU00085;MAT0027;5;3;16-05-0024;COURS;0;1;21-11-2025
ABS000410;STU00085;MAT0018;5;3;15-04-0017;TD;1;2;21-11-2025
ABS000411;STU00086;MAT0008;6;3;16-04-0010;TD;1;3;21-11-2025
ABS000412;STU00086;MAT0032;6;3;16-05-0033;COURS;1;3;21-11-2025
ABS000413;STU00086;MAT0007;6;3;17-05-0015;COURS;0;4;21-11-2025
ABS000414;STU00086;MAT0035;6;3;17-03-0018;EXAMEN;1;2;21-11-2025
ABS000415;STU00087;MAT0009;7;3;16-03-0028;TD;1;3;21-11-2025
ABS000416;STU00087;MAT0024;7;3;17-03-0030;TD;1;4;21-11-2025
ABS000417;STU00088;MAT0019;8;3;16-04-0023;TP;1;2;21-11-2025
ABS000418;STU00088;MAT0006;8;3;16-04-0027;TP;1;3;21-11-2025
ABS000419;STU00088;MAT0006;8;3;17-03-0027;COURS;1;1;21-11-2025
ABS000420;STU00088;MAT0004;8;3;16-03-0025;COURS;1;4;21-11-2025
ABS000421;STU00088;MAT0033;8;3;16-03-0020;TD;1;1;21-11-2025
ABS000422;STU00089;MAT0028;9;3;16-03-0029;TP;0;1;21-11-2025
ABS000423;STU00089;MAT0011;9;3;16-05-0021;TD;0;3;21-11-2025
ABS000424;STU00091;MAT0016;1;3;16-03-0017;COURS;0;4;21-11-2025
ABS000425;STU00091;MAT0014;1;3;16-04-0015;COURS;1;4;21-11-2025
ABS000426;STU00091;MAT0033;1;3;16-03-0016;COURS;1;4;21-11-2025
ABS000427;STU00091;;1;3;17-03-0018;EXAMEN;0;3;21-11-2025
ABS000428;STU00091;MAT0023;1;3;17-03-0007;TD;1;1;21-11-2025
ABS000429;STU00092;MAT0034;2;3;16-03-0009;TD;1;4;21-11-2025
ABS000430;STU00092;MAT0017;2;3;17-03-0011;TD;1;3;21-11-2025
ABS000431;STU00092;MAT0028;2;3;16-04-0018;TD;1;3;21-11-2025
ABS000432;STU00092;MAT0029;2;3;16-03-0021;TD;0;4;21-11-2025
ABS000433;STU00092;MAT0013;2;3;17-03-0018;COURS;0;1;21-11-2025
ABS000434;STU00092;MAT0027;2;3;17-03-0019;TP;1;2;21-11-2025
ABS000435;STU00092;MAT0031;2;3;16-05-0013;TP;0;4;21-11-2025
ABS000436;STU00092;MAT0009;2;3;17-05-0022;TP;1;4;21-11-2025
ABS000437;STU00092;MAT0025;2;3;17-05-0030;TD;0;1;21-11-2025
ABS000438;STU00092;MAT0010;2;3;17-03-0011;TP;1;2;21-11-2025
ABS000439;STU00092;MAT0022;2;3;16-03-0028;EXAMEN;1;1;21-11-2025
ABS000440;STU00092;MAT0019;2;3;16-04-0022;TP;1;4;21-11-2025
ABS000441;STU00092;MAT0010;2;3;17-03-0026;TD;0;1;21-11-2025
ABS000442;STU00092;MAT0016;2;3;15-04-0029;EXAMEN;0;1;21-11-2025
ABS000443;STU00092;MAT0033;2;3;17-05-0030;TD;0;2;21-11-2025
ABS000444;STU00093;MAT0010;3;3;15-04-0013;EXAMEN;0;2;21-11-2025
ABS000445;STU00093;MAT0004;3;3;17-03-0034;EXAMEN;1;3;21-11-2025
ABS000446;STU00093;MAT0015;3;3;17-05-0027;TD;0;4;21-11-2025
ABS000447;STU00094;MAT0020;4;3;16-05-0008;COURS;0;3;21-11-2025
ABS000448;STU00094;MAT0027;4;3;15-04-0029;TD;0;1;21-11-2025
ABS000449;STU00094;;4;3;16-03-0008;COURS;1;3;21-11-2025
ABS000450;STU00094;MAT0031;4;3;16-03-0016;TP;1;1;21-11-2025
ABS000451;STU00094;MAT0017;4;3;15-04-0012;EXAMEN;1;3;21-11-2025
ABS000452;STU00094;;4;3;17-03-0010;TD;0;3;21-11-2025
ABS000453;STU00094;MAT0034;4;3;17-05-0031;TP;0;3;21-11-2025
ABS000454;STU00094;MAT0025;4;3;16-03-0025;COURS;1;2;21-11-2025
ABS000455;STU00094;MAT0008;4;3;17-05-0030;COURS;1;2;21-11-2025
ABS000456;STU00094;MAT0029;4;3;16-03-0029;COURS;0;3;21-11-2025
ABS000457;STU00094;MAT0031;4;3;16-04-0030;TD;1;2;21-11-2025
ABS000458;STU00094;MAT0013;4;3;17-03-0011;EXAMEN;1;3;21-11-2025
ABS000459;STU00094;MAT0024;4;3;17-05-0018;EXAMEN;1;1;21-11-2025
ABS000460;STU00094;MAT0031;4;3;15-04-0009;EXAMEN;1;1;21-11-2025
ABS000461;STU00095;MAT0019;5;3;17-05-0011;COURS;1;1;21-11-2025
ABS000462;STU00095;MAT0026;5;3;16-05-0013;EXAMEN;1;1;21-11-2025
ABS000463;STU00095;MAT0033;5;3;16-03-0021;EXAMEN;1;4;21-11-2025
ABS000464;STU00095;MAT0018;5;3;16-04-0026;TD;0;2;21-11-2025
ABS000465;STU00095;;5;3;16-05-0013;EXAMEN;1;3;21-11-2025
ABS000466;STU00095;MAT0015;5;3;16-04-0034;TP;1;1;21-11-2025
ABS000467;STU00095;MAT0003;5;3;17-03-0014;TD;0;2;21-11-2025
ABS000468;STU00095;MAT0018;5;3;16-04-0011;COURS;1;2;21-11-2025
ABS000469;STU00095;MAT0008;5;3;16-03-0024;COURS;1;3;21-11-2025
ABS000470;STU00095;MAT0017;5;3;15-04-0009;TD;1;3;21-11-2025
ABS000471;STU00095;;5;3;15-04-0008;TP;0;3;21-11-2025
ABS000472;STU00095;MAT0002;5;3;17-03-0015;COURS;1;4;21-11-2025
ABS000473;STU00096;MAT0029;6;3;16-05-0013;TD;0;2;21-11-2025
ABS000474;STU00096;MAT0026;6;3;17-05-0027;TD;1;4;21-11-2025
ABS000475;STU00096;MAT0031;6;3;16-04-0011;COURS;1;4;21-11-2025
ABS000476;STU00096;MAT0012;6;3;16-03-0033;TD;1;2;21-11-2025
ABS000477;STU00096;MAT0002;6;3;16-05-0016;TP;0;2;21-11-2025
ABS000478;STU00096;MAT0013;6;3;15-04-0028;COURS;0;4;21-11-2025
ABS000479;STU00096;MAT0026;6;3;16-03-0021;COURS;1;2;21-11-2025
ABS000480;STU00097;MAT0025;7;3;17-03-0019;COURS;0;1;21-11-2025
ABS000481;STU00097;MAT0009;7;3;16-05-0008;TD;1;3;21-11-2025
ABS000482;STU00098;MAT0007;8;3;16-03-0032;TP;1;1;21-11-2025
ABS000483;STU00098;MAT0031;8;3;17-03-0011;EXAMEN;1;3;21-11-2025
ABS000484;STU00098;MAT0010;8;3;16-04-0022;TD;0;3;21-11-2025
ABS000485;STU00098;MAT0008;8;3;16-05-0024;COURS;1;1;21-11-2025
ABS000486;STU00098;MAT0007;8;3;16-05-0016;EXAMEN;0;2;21-11-2025
ABS000487;STU00098;MAT0028;8;3;17-03-0014;EXAMEN;0;3;21-11-2025
ABS000488;STU00098;MAT0025;8;3;16-03-0028;COURS;1;1;21-11-2025
ABS000489;STU00098;MAT0019;8;3;17-03-0010;TP;0;3;21-11-2025
ABS000490;STU00099;MAT0010;9;3;17-03-0026;TD;1;3;21-11-2025
ABS000491;STU00099;MAT0028;9;3;16-05-0012;TD;1;3;21-11-2025
ABS000492;STU00099;MAT0019;9;3;16-05-0033;TP;1;3;21-11-2025
ABS000493;STU00099;MAT0024;9;3;15-04-0028;TP;1;1;21-11-2025
ABS000494;STU00099;MAT0010;9;3;17-03-0034;TD;0;4;21-11-2025
ABS000495;STU00099;MAT0031;9;3;16-04-0030;COURS;0;4;21-11-2025
ABS000496;STU00099;MAT0010;9;3;17-05-0015;COURS;0;2;21-11-2025
ABS000497;STU00099;MAT0025;9;3;17-03-0031;TP;0;4;21-11-2025
ABS000498;STU00099;MAT0027;9;3;15-04-0029;TP;0;2;21-11-2025
ABS000499;STU00100;MAT0035;10;3;17-05-0022;TD;1;4;21-11-2025
ABS000500;STU00100;MAT0015;10;3;16-05-0025;COURS;0;1;21-11-2025
ABS000501;STU00101;MAT0009;1;3;17-05-0022;COURS;0;3;21-11-2025
ABS000502;STU00103;MAT0014;3;3;16-04-0014;TD;0;2;21-11-2025
ABS000503;STU00103;MAT0010;3;3;16-03-0029;EXAMEN;1;4;21-11-2025
ABS000504;STU00103;MAT0007;3;3;15-04-0008;COURS;1;2;21-11-2025
ABS000505;STU00103;MAT0024;3;3;17-03-0011;TD;0;1;21-11-2025
ABS000506;STU00103;MAT0027;3;3;16-03-0025;TD;1;4;21-11-2025
ABS000507;STU00103;MAT0034;3;3;17-05-0011;TP;1;3;21-11-2025
ABS000508;STU00103;;3;3;15-04-0032;TP;0;1;21-11-2025
ABS000509;STU00104;;4;3;16-05-0012;EXAMEN;1;4;21-11-2025
ABS000510;STU00104;MAT0017;4;3;16-05-0029;TP;1;4;21-11-2025
ABS000511;STU00104;MAT0006;4;3;17-03-0015;EXAMEN;1;2;21-11-2025
ABS000512;STU00104;MAT0026;4;3;16-05-0013;COURS;0;2;21-11-2025
ABS000513;STU00105;MAT0030;5;3;16-03-0033;EXAMEN;0;4;21-11-2025
ABS000514;STU00105;MAT0004;5;3;15-04-0012;TP;1;2;21-11-2025
ABS000515;STU00106;MAT0022;6;3;17-05-0031;COURS;0;2;21-11-2025
ABS000516;STU00106;MAT0005;6;3;17-05-0010;TD;1;3;21-11-2025
ABS000517;STU00106;MAT0013;6;3;16-03-0024;COURS;0;1;21-11-2025
ABS000518;STU00106;MAT0003;6;3;16-05-0025;EXAMEN;0;3;21-11-2025
ABS000519;STU00106;;6;3;16-03-0016;TP;1;4;21-11-2025
ABS000520;STU00107;MAT0009;7;3;17-05-0018;COURS;0;1;21-11-2025
ABS000521;STU00107;MAT0010;7;3;16-05-0032;COURS;1;4;21-11-2025
ABS000522;STU00107;MAT0003;7;3;15-04-0025;TP;0;4;21-11-2025
ABS000523;STU00107;MAT0006;7;3;17-03-0027;TD;1;2;21-11-2025
ABS000524;STU00107;MAT0033;7;3;16-05-0012;TP;1;2;21-11-2025
ABS000525;STU00107;MAT0024;7;3;15-04-0016;EXAMEN;0;4;21-11-2025
ABS000526;STU00108;MAT0032;8;3;17-03-0011;COURS;1;2;21-11-2025
ABS000527;STU00108;MAT0006;8;3;15-04-0024;EXAMEN;0;3;21-11-2025
ABS000528;STU00109;MAT0018;9;3;16-03-0009;TP;1;1;21-11-2025
ABS000529;STU00109;MAT0030;9;3;16-03-0029;TP;1;3;21-11-2025
ABS000530;STU00109;MAT0009;9;3;16-04-0027;COURS;1;4;21-11-2025
ABS000531;STU00109;MAT0019;9;3;17-03-0018;EXAMEN;1;2;21-11-2025
ABS000532;STU00109;MAT0033;9;3;16-04-0018;TP;1;4;21-11-2025
ABS000533;STU00109;MAT0017;9;3;16-05-0021;COURS;1;1;21-11-2025
ABS000534;STU00109;MAT0016;9;3;16-05-0032;COURS;0;1;21-11-2025
ABS000535;STU00109;MAT0011;9;3;16-04-0019;EXAMEN;1;2;21-11-2025
ABS000536;STU00109;MAT0030;9;3;16-04-0034;COURS;0;4;21-11-2025
ABS000537;STU00109;MAT0030;9;3;16-05-0024;COURS;0;1;21-11-2025
ABS000538;STU00109;MAT0028;9;3;16-04-0031;TD;1;1;21-11-2025
ABS000539;STU00109;MAT0032;9;3;15-04-0017;TD;1;4;21-11-2025
ABS000540;STU00110;MAT0010;10;3;16-03-0024;EXAMEN;0;2;21-11-2025
ABS000541;STU00110;MAT0003;10;3;15-04-0025;EXAMEN;0;3;21-11-2025
ABS000542;STU00110;MAT0014;10;3;16-04-0022;COURS;0;1;21-11-2025
ABS000543;STU00110;MAT0018;10;3;16-05-0020;TP;1;1;21-11-2025
ABS000544;STU00110;MAT0018;10;3;16-03-0009;EXAMEN;0;4;21-11-2025
ABS000545;STU00110;MAT0014;10;3;16-04-0023;TP;0;1;21-11-2025
ABS000546;STU00110;MAT0022;10;3;16-03-0020;TP;0;3;21-11-2025
ABS000547;STU00110;MAT0031;10;3;16-04-0022;TD;1;4;21-11-2025
ABS000548;STU00110;MAT0025;10;3;15-04-0029;COURS;1;2;21-11-2025
ABS000549;STU00110;MAT0010;10;3;17-03-0030;TP;1;3;21-11-2025
ABS000550;STU00110;MAT0030;10;3;17-03-0011;TD;1;3;21-11-2025
ABS000551;STU00110;MAT0027;10;3;16-03-0032;TP;1;1;21-11-2025
ABS000552;STU00110;MAT0009;10;3;15-04-0033;EXAMEN;1;1;21-11-2025
ABS000553;STU00110;MAT0013;10;3;16-03-0013;EXAMEN;1;2;21-11-2025
ABS000554;STU00110;MAT0014;10;3;17-05-0019;TP;0;2;21-11-2025
ABS000555;STU00112;MAT0008;2;3;16-04-0023;EXAMEN;1;4;21-11-2025
ABS000556;STU00112;MAT0023;2;3;15-04-0020;TP;1;4;21-11-2025
ABS000557;STU00112;MAT0022;2;3;17-05-0031;COURS;1;4;21-11-2025
ABS000558;STU00112;MAT0012;2;3;16-04-0018;TD;1;4;21-11-2025
ABS000559;STU00112;MAT0028;2;3;16-04-0034;TP;1;1;21-11-2025
ABS000560;STU00114;MAT0007;4;3;16-05-0020;EXAMEN;1;1;21-11-2025
ABS000561;STU00114;MAT0033;4;3;16-05-0021;COURS;1;4;21-11-2025
ABS000562;STU00114;MAT0030;4;3;17-03-0014;EXAMEN;0;4;21-11-2025
ABS000563;STU00114;MAT0030;4;3;17-03-0018;EXAMEN;1;4;21-11-2025
ABS000564;STU00114;MAT0015;4;3;17-03-0018;TP;0;3;21-11-2025
ABS000565;STU00114;MAT0027;4;3;15-04-0033;TD;0;4;21-11-2025
ABS000566;STU00114;MAT0002;4;3;17-03-0007;TD;1;3;21-11-2025
ABS000567;STU00114;MAT0028;4;3;15-04-0012;TD;1;4;21-11-2025
ABS000568;STU00115;MAT0028;5;3;16-03-0032;TD;1;4;21-11-2025
ABS000569;STU00115;MAT0026;5;3;16-05-0012;TP;1;4;21-11-2025
ABS000570;STU00115;MAT0009;5;3;17-03-0010;COURS;1;4;21-11-2025
ABS000571;STU00115;MAT0011;5;3;17-05-0015;TP;0;1;21-11-2025
ABS000572;STU00115;;5;3;16-03-0020;TD;0;1;21-11-2025
ABS000573;STU00115;MAT0002;5;3;17-05-0019;TD;1;3;21-11-2025
ABS000574;STU00115;MAT0015;5;3;17-03-0014;TP;0;2;21-11-2025
ABS000575;STU00115;MAT0025;5;3;17-05-0031;TP;1;3;21-11-2025
ABS000576;STU00115;MAT0002;5;3;17-03-0011;COURS;0;1;21-11-2025
ABS000577;STU00115;MAT0019;5;3;17-03-0011;TP;1;1;21-11-2025
ABS000578;STU00115;MAT0024;5;3;17-03-0022;TD;1;4;21-11-2025
ABS000579;STU00115;MAT0005;5;3;16-03-0020;EXAMEN;1;1;21-11-2025
ABS000580;STU00115;MAT0027;5;3;16-03-0028;EXAMEN;1;4;21-11-2025
ABS000581;STU00115;MAT0020;5;3;16-03-0012;COURS;1;1;21-11-2025
ABS000582;STU00116;MAT0035;6;3;16-04-0022;COURS;0;3;21-11-2025
ABS000583;STU00116;MAT0002;6;3;16-03-0013;COURS;1;2;21-11-2025
ABS000584;STU00116;MAT0024;6;3;17-03-0034;COURS;1;1;21-11-2025
ABS000585;STU00116;MAT0015;6;3;16-04-0011;COURS;1;2;21-11-2025
ABS000586;STU00116;MAT0031;6;3;16-04-0015;TD;1;3;21-11-2025
ABS000587;STU00116;MAT0019;6;3;16-05-0024;EXAMEN;1;4;21-11-2025
ABS000588;STU00116;MAT0026;6;3;16-04-0023;TD;0;2;21-11-2025
ABS000589;STU00116;MAT0018;6;3;17-05-0034;EXAMEN;0;3;21-11-2025
ABS000590;STU00116;MAT0014;6;3;16-03-0032;EXAMEN;1;4;21-11-2025
ABS000591;STU00116;MAT0018;6;3;16-04-0026;TP;1;4;21-11-2025
ABS000592;STU00116;MAT0023;6;3;15-04-0013;TP;1;1;21-11-2025
ABS000593;STU00116;MAT0003;6;3;15-04-0012;TP;1;3;21-11-2025
ABS000594;STU00116;MAT0034;6;3;16-05-0033;TP;1;1;21-11-2025
ABS000595;STU00117;MAT0012;7;3;15-04-0032;TP;0;2;21-11-2025
ABS000596;STU00117;MAT0024;7;3;17-05-0018;TD;1;1;21-11-2025
ABS000597;STU00117;;7;3;16-03-0017;TP;0;3;21-11-2025
ABS000598;STU00117;MAT0005;7;3;16-03-0024;EXAMEN;0;2;21-11-2025
ABS000599;STU00117;MAT0007;7;3;16-05-0013;TP;1;1;21-11-2025
ABS000600;STU00117;MAT0027;7;3;17-05-0027;EXAMEN;0;3;21-11-2025
ABS000601;STU00117;MAT0004;7;3;16-03-0013;EXAMEN;1;3;21-11-2025
ABS000602;STU00117;MAT0008;7;3;16-04-0010;EXAMEN;0;3;21-11-2025
ABS000603;STU00117;MAT0016;7;3;17-05-0019;COURS;0;1;21-11-2025
ABS000604;STU00117;MAT0009;7;3;15-04-0016;EXAMEN;0;1;21-11-2025
ABS000605;STU00117;MAT0002;7;3;16-04-0027;COURS;1;4;21-11-2025
ABS000606;STU00117;MAT0018;7;3;16-05-0016;TP;1;4;21-11-2025
ABS000607;STU00117;MAT0021;7;3;16-03-0024;EXAMEN;1;4;21-11-2025
ABS000608;STU00118;MAT0024;8;3;17-05-0010;COURS;0;1;21-11-2025
ABS000609;STU00119;MAT0028;9;3;17-05-0030;TD;0;2;21-11-2025
ABS000610;STU00119;MAT0024;9;3;16-05-0032;COURS;1;1;21-11-2025
ABS000611;STU00119;MAT0003;9;3;15-04-0032;COURS;0;3;21-11-2025
ABS000612;STU00119;MAT0022;9;3;17-03-0015;EXAMEN;0;2;21-11-2025
ABS000613;STU00119;MAT0030;9;3;16-03-0025;COURS;0;2;21-11-2025
ABS000614;STU00120;MAT0008;10;3;16-05-0021;TD;1;4;21-11-2025
ABS000615;STU00121;MAT0017;1;3;16-03-0009;TP;1;3;21-11-2025
ABS000616;STU00121;MAT0016;1;3;16-05-0033;TD;1;1;21-11-2025
ABS000617;STU00121;MAT0014;1;3;15-04-0008;COURS;1;4;21-11-2025
ABS000618;STU00121;MAT0032;1;3;15-04-0013;COURS;0;3;21-11-2025
ABS000619;STU00121;MAT0030;1;3;15-04-0029;TD;1;1;21-11-2025
ABS000620;STU00121;MAT0024;1;3;17-03-0014;EXAMEN;1;2;21-11-2025
ABS000621;STU00122;MAT0020;2;3;15-04-0012;COURS;0;1;21-11-2025
ABS000622;STU00122;MAT0016;2;3;17-05-0010;COURS;1;2;21-11-2025
ABS000623;STU00122;MAT0031;2;3;16-04-0007;EXAMEN;1;1;21-11-2025
ABS000624;STU00122;MAT0023;2;3;16-05-0009;EXAMEN;0;4;21-11-2025
ABS000625;STU00122;MAT0033;2;3;16-05-0020;TP;0;3;21-11-2025
ABS000626;STU00123;MAT0013;3;3;16-05-0020;TP;0;2;21-11-2025
ABS000627;STU00123;MAT0034;3;3;17-05-0015;EXAMEN;1;1;21-11-2025
ABS000628;STU00123;MAT0016;3;3;16-05-0008;COURS;0;1;21-11-2025
ABS000629;STU00123;MAT0018;3;3;16-03-0025;TD;0;1;21-11-2025
ABS000630;STU00123;MAT0026;3;3;16-04-0014;EXAMEN;1;2;21-11-2025
ABS000631;STU00123;MAT0018;3;3;16-05-0033;EXAMEN;0;2;21-11-2025
ABS000632;STU00124;;4;3;16-04-0030;COURS;0;4;21-11-2025
ABS000633;STU00124;MAT0016;4;3;16-05-0016;TD;0;1;21-11-2025
ABS000634;STU00124;MAT0022;4;3;16-03-0012;EXAMEN;0;1;21-11-2025
ABS000635;STU00124;MAT0028;4;3;17-05-0022;TP;0;3;21-11-2025
ABS000636;STU00124;;4;3;16-03-0012;TP;1;1;21-11-2025
ABS000637;STU00124;MAT0016;4;3;16-04-0034;EXAMEN;0;1;21-11-2025
ABS000638;STU00124;MAT0019;4;3;16-05-0028;TD;1;2;21-11-2025
ABS000639;STU00126;MAT0023;6;3;16-04-0030;TP;1;3;21-11-2025
ABS000640;STU00127;MAT0022;7;3;15-04-0029;EXAMEN;0;1;21-11-2025
ABS000641;STU00127;MAT0015;7;3;16-03-0020;TD;1;1;21-11-2025
ABS000642;STU00127;MAT0028;7;3;16-03-0025;TP;0;1;21-11-2025
ABS000643;STU00127;MAT0007;7;3;17-03-0019;TP;1;4;21-11-2025
ABS000644;STU00127;MAT0017;7;3;16-05-0012;TP;1;4;21-11-2025
ABS000645;STU00128;MAT0003;8;3;15-04-0013;TP;1;1;21-11-2025
ABS000646;STU00129;;9;3;16-04-0010;EXAMEN;1;2;21-11-2025
ABS000647;STU00129;MAT0010;9;3;15-04-0028;TP;1;2;21-11-2025
ABS000648;STU00129;MAT0019;9;3;16-04-0022;COURS;1;1;21-11-2025
ABS000649;STU00129;MAT0014;9;3;15-04-0008;TP;1;1;21-11-2025
ABS000650;STU00129;MAT0020;9;3;17-03-0022;COURS;1;1;21-11-2025
ABS000651;STU00130;MAT0033;10;3;15-04-0016;TD;1;3;21-11-2025
ABS000652;STU00130;MAT0013;10;3;17-03-0030;EXAMEN;1;1;21-11-2025
ABS000653;STU00130;MAT0003;10;3;16-04-0014;EXAMEN;1;2;21-11-2025
ABS000654;STU00130;MAT0025;10;3;17-05-0027;EXAMEN;1;1;21-11-2025
ABS000655;STU00130;MAT0020;10;3;15-04-0016;TD;1;3;21-11-2025
ABS000656;STU00130;MAT0013;10;3;17-05-0011;TP;0;2;21-11-2025
ABS000657;STU00130;MAT0006;10;3;15-04-0016;TP;1;4;21-11-2025
ABS000658;STU00130;MAT0025;10;3;16-05-0012;EXAMEN;0;4;21-11-2025
ABS000659;STU00130;MAT0033;10;3;16-05-0017;TP;1;4;21-11-2025
ABS000660;STU00130;MAT0027;10;3;15-04-0020;EXAMEN;0;1;21-11-2025
ABS000661;STU00131;MAT0016;1;3;16-05-0016;TP;0;3;21-11-2025
ABS000662;STU00131;MAT0026;1;3;17-03-0031;TD;1;1;21-11-2025
ABS000663;STU00131;MAT0034;1;3;15-04-0032;EXAMEN;1;1;21-11-2025
ABS000664;STU00131;MAT0007;1;3;17-03-0015;TP;1;3;21-11-2025
ABS000665;STU00133;MAT0034;3;3;16-05-0013;TD;1;4;21-11-2025
ABS000666;STU00133;MAT0010;3;3;17-03-0014;TP;1;1;21-11-2025
ABS000667;STU00133;MAT0013;3;3;16-04-0026;COURS;0;2;21-11-2025
ABS000668;STU00133;MAT0034;3;3;17-05-0010;COURS;0;1;21-11-2025
ABS000669;STU00133;MAT0033;3;3;16-04-0007;EXAMEN;1;1;21-11-2025
ABS000670;STU00133;MAT0031;3;3;16-04-0019;TD;1;3;21-11-2025
ABS000671;STU00133;MAT0029;3;3;16-05-0028;COURS;1;1;21-11-2025
ABS000672;STU00133;MAT0016;3;3;17-03-0011;TD;1;2;21-11-2025
ABS000673;STU00134;MAT0024;4;3;17-05-0022;TP;1;1;21-11-2025
ABS000674;STU00134;MAT0028;4;3;15-04-0020;TD;0;4;21-11-2025
ABS000675;STU00134;MAT0025;4;3;16-03-0025;COURS;1;1;21-11-2025
ABS000676;STU00135;MAT0023;5;3;15-04-0008;TD;1;4;21-11-2025
ABS000677;STU00135;MAT0011;5;3;16-04-0007;TP;1;2;21-11-2025
ABS000678;STU00136;MAT0012;6;3;16-05-0009;TD;1;3;21-11-2025
ABS000679;STU00138;MAT0031;8;3;15-04-0009;EXAMEN;1;2;21-11-2025
ABS000680;STU00139;MAT0009;9;3;17-05-0015;TP;1;3;21-11-2025
ABS000681;STU00139;MAT0026;9;3;17-05-0026;COURS;0;2;21-11-2025
ABS000682;STU00140;MAT0021;10;3;17-05-0022;TD;1;2;21-11-2025
ABS000683;STU00141;MAT0027;1;3;17-05-0019;COURS;0;3;21-11-2025
ABS000684;STU00141;MAT0005;1;3;16-03-0008;EXAMEN;1;1;21-11-2025
ABS000685;STU00141;MAT0007;1;3;16-03-0017;EXAMEN;1;2;21-11-2025
ABS000686;STU00141;MAT0032;1;3;17-03-0015;EXAMEN;1;2;21-11-2025
ABS000687;STU00141;MAT0011;1;3;17-03-0030;EXAMEN;1;2;21-11-2025
ABS000688;STU00141;MAT0002;1;3;16-03-0025;COURS;0;2;21-11-2025
ABS000689;STU00141;MAT0027;1;3;17-03-0018;COURS;0;4;21-11-2025
ABS000690;STU00141;MAT0014;1;3;16-03-0033;EXAMEN;1;3;21-11-2025
ABS000691;STU00141;MAT0009;1;3;16-05-0024;COURS;1;4;21-11-2025
ABS000692;STU00141;MAT0006;1;3;16-03-0025;TD;1;3;21-11-2025
ABS000693;STU00142;MAT0035;2;3;16-03-0008;TP;0;3;21-11-2025
ABS000694;STU00142;MAT0023;2;3;16-04-0019;COURS;1;2;21-11-2025
ABS000695;STU00142;MAT0035;2;3;15-04-0009;TD;1;3;21-11-2025
ABS000696;STU00142;MAT0004;2;3;16-04-0026;COURS;1;3;21-11-2025
ABS000697;STU00142;MAT0003;2;3;17-05-0007;TP;1;2;21-11-2025
ABS000698;STU00142;MAT0004;2;3;16-04-0031;TD;0;3;21-11-2025
ABS000699;STU00142;MAT0016;2;3;16-05-0008;EXAMEN;0;1;21-11-2025
ABS000700;STU00142;MAT0027;2;3;15-04-0009;COURS;1;4;21-11-2025
ABS000701;STU00142;MAT0003;2;3;17-03-0015;COURS;0;2;21-11-2025
ABS000702;STU00142;MAT0028;2;3;17-05-0018;EXAMEN;0;2;21-11-2025
ABS000703;STU00142;MAT0002;2;3;16-03-0008;TD;1;4;21-11-2025
ABS000704;STU00142;MAT0002;2;3;16-05-0028;EXAMEN;0;4;21-11-2025
ABS000705;STU00142;MAT0028;2;3;17-05-0011;EXAMEN;1;1;21-11-2025
ABS000706;STU00142;MAT0024;2;3;16-04-0010;TP;0;4;21-11-2025
ABS000707;STU00142;MAT0015;2;3;17-03-0014;COURS;1;2;21-11-2025
ABS000708;STU00143;;3;3;16-05-0008;TD;1;1;21-11-2025
ABS000709;STU00143;MAT0029;3;3;17-03-0011;TD;0;3;21-11-2025
ABS000710;STU00145;MAT0008;5;3;15-04-0028;COURS;0;2;21-11-2025
ABS000711;STU00145;MAT0023;5;3;15-04-0029;TD;1;3;21-11-2025
ABS000712;STU00145;MAT0019;5;3;16-04-0031;TD;1;3;21-11-2025
ABS000713;STU00145;MAT0035;5;3;15-04-0029;COURS;0;4;21-11-2025
ABS000714;STU00145;MAT0032;5;3;17-05-0026;TP;0;2;21-11-2025
ABS000715;STU00145;MAT0020;5;3;17-05-0014;TD;0;2;21-11-2025
ABS000716;STU00146;MAT0030;6;3;16-05-0021;COURS;0;1;21-11-2025
ABS000717;STU00146;MAT0025;6;3;16-04-0015;TP;1;1;21-11-2025
ABS000718;STU00146;MAT0025;6;3;17-03-0015;EXAMEN;0;4;21-11-2025
ABS000719;STU00146;MAT0003;6;3;15-04-0021;TD;0;2;21-11-2025
ABS000720;STU00146;MAT0035;6;3;16-05-0020;COURS;1;1;21-11-2025
ABS000721;STU00146;MAT0023;6;3;17-05-0031;COURS;1;3;21-11-2025
ABS000722;STU00146;MAT0014;6;3;15-04-0032;COURS;0;4;21-11-2025
ABS000723;STU00146;MAT0004;6;3;15-04-0032;COURS;1;3;21-11-2025
ABS000724;STU00146;MAT0028;6;3;16-05-0021;TP;0;4;21-11-2025
ABS000725;STU00146;MAT0016;6;3;16-04-0030;TD;1;3;21-11-2025
ABS000726;STU00146;MAT0006;6;3;17-05-0015;TD;1;3;21-11-2025
ABS000727;STU00147;MAT0018;7;3;16-04-0018;TP;1;1;21-11-2025
ABS000728;STU00147;MAT0021;7;3;16-03-0016;TP;1;4;21-11-2025
ABS000729;STU00147;MAT0029;7;3;16-04-0007;COURS;1;3;21-11-2025
ABS000730;STU00147;MAT0014;7;3;16-04-0027;EXAMEN;0;1;21-11-2025
ABS000731;STU00147;MAT0021;7;3;16-04-0026;COURS;1;3;21-11-2025
ABS000732;STU00147;MAT0032;7;3;16-04-0015;TD;0;2;21-11-2025
ABS000733;STU00147;MAT0004;7;3;17-03-0034;TD;0;1;21-11-2025
ABS000734;STU00148;MAT0003;8;3;16-05-0017;TD;0;3;21-11-2025
ABS000735;STU00148;MAT0023;8;3;16-04-0007;COURS;1;3;21-11-2025
ABS000736;STU00148;MAT0033;8;3;16-03-0009;EXAMEN;0;1;21-11-2025
ABS000737;STU00148;MAT0021;8;3;16-03-0013;TP;1;4;21-11-2025
ABS000738;STU00148;MAT0028;8;3;17-03-0027;TP;0;3;21-11-2025
ABS000739;STU00148;MAT0024;8;3;16-05-0032;TP;1;3;21-11-2025
ABS000740;STU00148;MAT0002;8;3;15-04-0016;TD;1;3;21-11-2025
ABS000741;STU00148;MAT0002;8;3;16-03-0025;COURS;1;3;21-11-2025
ABS000742;STU00148;MAT0033;8;3;16-05-0029;TP;1;4;21-11-2025
ABS000743;STU00148;MAT0010;8;3;16-05-0008;EXAMEN;1;1;21-11-2025
ABS000744;STU00148;MAT0033;8;3;17-03-0014;EXAMEN;1;1;21-11-2025
ABS000745;STU00148;MAT0004;8;3;16-05-0032;EXAMEN;1;4;21-11-2025
ABS000746;STU00148;MAT0013;8;3;16-04-0015;TP;1;3;21-11-2025
ABS000747;STU00148;MAT0024;8;3;16-03-0032;TD;1;1;21-11-2025
ABS000748;STU00148;MAT0029;8;3;17-05-0014;EXAMEN;1;3;21-11-2025
ABS000749;STU00149;MAT0015;9;3;17-05-0022;EXAMEN;1;2;21-11-2025
ABS000750;STU00149;MAT0009;9;3;16-05-0033;TD;1;4;21-11-2025
ABS000751;STU00149;MAT0009;9;3;16-05-0025;TP;1;3;21-11-2025
ABS000752;STU00149;MAT0006;9;3;16-04-0010;EXAMEN;1;2;21-11-2025
ABS000753;STU00149;MAT0013;9;3;17-05-0022;TD;1;1;21-11-2025
ABS000754;STU00150;MAT0031;10;3;16-04-0031;COURS;0;1;21-11-2025
ABS000755;STU00150;MAT0011;10;3;16-04-0007;COURS;0;4;21-11-2025
ABS000756;STU00150;MAT0009;10;3;16-04-0018;EXAMEN;1;2;21-11-2025
ABS000757;STU00150;MAT0008;10;3;16-05-0016;TP;1;3;21-11-2025
ABS000758;STU00150;MAT0007;10;3;17-05-0026;COURS;0;3;21-11-2025
ABS000759;STU00150;MAT0029;10;3;15-04-0020;EXAMEN;0;4;21-11-2025
ABS000760;STU00150;MAT0012;10;3;17-05-0011;COURS;0;1;21-11-2025
ABS000761;STU00150;MAT0024;10;3;16-05-0025;EXAMEN;1;4;21-11-2025
ABS000762;STU00150;MAT0018;10;3;17-03-0023;COURS;0;4;21-11-2025
ABS000763;STU00150;MAT0034;10;3;15-04-0008;EXAMEN;0;4;21-11-2025
ABS000764;STU00150;MAT0012;10;3;16-04-0031;TD;0;2;21-11-2025
ABS000765;STU00150;MAT0018;10;3;16-04-0023;TP;0;3;21-11-2025
ABS000766;STU00150;MAT0019;10;3;17-03-0010;TP;1;2;21-11-2025
ABS000767;STU00150;MAT0017;10;3;16-03-0016;COURS;1;3;21-11-2025
ABS000768;STU00151;MAT0033;1;3;16-05-0033;TD;0;1;21-11-2025
ABS000769;STU00151;MAT0013;1;3;16-05-0024;COURS;1;1;21-11-2025
ABS000770;STU00151;MAT0019;1;3;15-04-0013;EXAMEN;1;2;21-11-2025
ABS000771;STU00151;MAT0008;1;3;15-04-0016;COURS;1;4;21-11-2025
ABS000772;STU00151;MAT0006;1;3;16-04-0015;TD;1;1;21-11-2025
ABS000773;STU00151;MAT0006;1;3;15-04-0032;TD;1;3;21-11-2025
ABS000774;STU00151;MAT0022;1;3;17-03-0023;TP;1;1;21-11-2025
ABS000775;STU00151;MAT0021;1;3;16-05-0029;COURS;1;3;21-11-2025
ABS000776;STU00151;MAT0003;1;3;16-03-0033;COURS;0;4;21-11-2025
ABS000777;STU00151;MAT0013;1;3;16-03-0028;TP;1;4;21-11-2025
ABS000778;STU00151;MAT0032;1;3;17-03-0030;TP;0;1;21-11-2025
ABS000779;STU00152;MAT0028;2;3;17-03-0007;COURS;1;2;21-11-2025
ABS000780;STU00152;MAT0003;2;3;16-05-0012;EXAMEN;1;4;21-11-2025
ABS000781;STU00153;MAT0012;3;3;16-04-0023;TP;1;3;21-11-2025
ABS000782;STU00153;MAT0032;3;3;17-05-0022;EXAMEN;1;4;21-11-2025
ABS000783;STU00153;MAT0015;3;3;16-04-0010;COURS;1;3;21-11-2025
ABS000784;STU00153;MAT0021;3;3;15-04-0021;TD;1;1;21-11-2025
ABS000785;STU00153;MAT0021;3;3;16-03-0021;COURS;0;4;21-11-2025
ABS000786;STU00154;MAT0027;4;3;16-04-0026;TD;0;3;21-11-2025
ABS000787;STU00155;MAT0021;5;3;16-03-0024;TP;1;4;21-11-2025
ABS000788;STU00156;MAT0018;6;3;15-04-0008;EXAMEN;1;3;21-11-2025
ABS000789;STU00156;MAT0003;6;3;16-05-0033;TP;1;2;21-11-2025
ABS000790;STU00156;MAT0035;6;3;16-05-0012;TD;1;1;21-11-2025
ABS000791;STU00156;MAT0022;6;3;17-05-0026;TD;1;1;21-11-2025
ABS000792;STU00156;MAT0025;6;3;17-05-0007;COURS;1;3;21-11-2025
ABS000793;STU00156;MAT0005;6;3;16-04-0031;COURS;1;3;21-11-2025
ABS000794;STU00157;MAT0015;7;3;16-04-0034;TP;1;3;21-11-2025
ABS000795;STU00157;MAT0014;7;3;15-04-0020;TD;1;1;21-11-2025
ABS000796;STU00158;MAT0026;8;3;17-03-0023;EXAMEN;0;3;21-11-2025
ABS000797;STU00158;MAT0015;8;3;16-04-0007;TD;0;1;21-11-2025
ABS000798;STU00159;MAT0018;9;3;16-03-0033;COURS;0;4;21-11-2025
ABS000799;STU00159;MAT0035;9;3;17-03-0007;TD;0;4;21-11-2025
ABS000800;STU00159;MAT0020;9;3;16-03-0033;TP;1;1;21-11-2025
ABS000801;STU00159;MAT0030;9;3;16-04-0015;TD;0;4;21-11-2025
ABS000802;STU00159;MAT0028;9;3;15-04-0016;COURS;0;4;21-11-2025
ABS000803;STU00159;MAT0031;9;3;17-05-0015;TP;1;2;21-11-2025
ABS000804;STU00160;MAT0035;10;3;16-04-0018;COURS;1;1;21-11-2025
ABS000805;STU00160;MAT0015;10;3;16-04-0031;EXAMEN;1;1;21-11-2025
ABS000806;STU00161;MAT0011;1;3;16-03-0024;TD;1;4;21-11-2025
ABS000807;STU00161;MAT0006;1;3;17-05-0014;TD;1;4;21-11-2025
ABS000808;STU00161;MAT0015;1;3;17-05-0030;COURS;1;3;21-11-2025
ABS000809;STU00163;MAT0014;3;3;17-03-0015;EXAMEN;1;3;21-11-2025
ABS000810;STU00163;MAT0021;3;3;17-05-0014;EXAMEN;1;1;21-11-2025
ABS000811;STU00163;MAT0005;3;3;16-03-0020;EXAMEN;0;1;21-11-2025
ABS000812;STU00163;MAT0008;3;3;17-03-0023;TD;0;1;21-11-2025
ABS000813;STU00163;MAT0032;3;3;16-03-0020;TD;1;4;21-11-2025
ABS000814;STU00163;MAT0027;3;3;17-03-0030;EXAMEN;0;1;21-11-2025
ABS000815;STU00163;MAT0018;3;3;15-04-0016;TP;1;3;21-11-2025
ABS000816;STU00163;MAT0011;3;3;17-05-0027;TD;0;2;21-11-2025
ABS000817;STU00163;MAT0024;3;3;16-05-0029;TP;1;2;21-11-2025
ABS000818;STU00163;MAT0009;3;3;16-04-0030;TD;1;4;21-11-2025
ABS000819;STU00163;MAT0027;3;3;16-03-0017;TD;0;1;21-11-2025
ABS000820;STU00163;MAT0013;3;3;16-03-0016;TD;1;4;21-11-2025
ABS000821;STU00163;MAT0004;3;3;16-04-0010;EXAMEN;1;1;21-11-2025
ABS000822;STU00163;MAT0015;3;3;16-04-0027;TP;1;2;21-11-2025
ABS000823;STU00164;MAT0020;4;3;17-05-0030;TP;1;4;21-11-2025
ABS000824;STU00165;MAT0005;5;3;16-05-0013;TD;0;2;21-11-2025
ABS000825;STU00165;MAT0017;5;3;15-04-0012;COURS;0;4;21-11-2025
ABS000826;STU00166;MAT0031;6;3;17-05-0015;TD;0;2;21-11-2025
ABS000827;STU00166;MAT0010;6;3;16-03-0009;TD;0;1;21-11-2025
ABS000828;STU00168;MAT0031;8;3;15-04-0028;TP;0;1;21-11-2025
ABS000829;STU00168;MAT0026;8;3;16-03-0024;EXAMEN;1;4;21-11-2025
ABS000830;STU00168;MAT0034;8;3;15-04-0016;TP;1;2;21-11-2025
ABS000831;STU00168;MAT0018;8;3;17-03-0027;TD;1;4;21-11-2025
ABS000832;STU00168;MAT0017;8;3;15-04-0029;COURS;1;4;21-11-2025
ABS000833;STU00168;MAT0012;8;3;17-05-0018;COURS;1;4;21-11-2025
ABS000834;STU00168;MAT0028;8;3;17-05-0018;TD;1;2;21-11-2025
ABS000835;STU00168;MAT0012;8;3;16-04-0018;COURS;0;3;21-11-2025
ABS000836;STU00168;;8;3;16-05-0013;TP;0;3;21-11-2025
ABS000837;STU00168;;8;3;16-04-0023;TP;0;3;21-11-2025
ABS000838;STU00168;MAT0026;8;3;17-05-0022;COURS;1;3;21-11-2025
ABS000839;STU00168;MAT0004;8;3;16-04-0027;COURS;1;4;21-11-2025
ABS000840;STU00168;MAT0030;8;3;17-05-0027;EXAMEN;0;1;21-11-2025
ABS000841;STU00168;MAT0002;8;3;17-03-0018;TD;1;2;21-11-2025
ABS000842;STU00168;MAT0027;8;3;16-03-0009;COURS;0;1;21-11-2025
ABS000843;STU00169;MAT0002;9;3;17-03-0027;TP;1;3;21-11-2025
ABS000844;STU00170;MAT0034;10;3;17-05-0018;COURS;1;4;21-11-2025
ABS000845;STU00170;MAT0004;10;3;15-04-0033;COURS;0;2;21-11-2025
ABS000846;STU00170;MAT0006;10;3;17-05-0015;TD;1;3;21-11-2025
ABS000847;STU00170;MAT0033;10;3;16-05-0013;EXAMEN;0;1;21-11-2025
ABS000848;STU00170;MAT0023;10;3;16-04-0015;COURS;0;1;21-11-2025
ABS000849;STU00170;MAT0006;10;3;16-05-0021;COURS;1;2;21-11-2025
ABS000850;STU00170;MAT0012;10;3;16-05-0009;TP;1;1;21-11-2025
ABS000851;STU00172;MAT0013;2;3;15-04-0033;TD;0;4;21-11-2025
ABS000852;STU00172;MAT0012;2;3;16-05-0016;TP;0;3;21-11-2025
ABS000853;STU00172;MAT0013;2;3;16-04-0014;TP;1;2;21-11-2025
ABS000854;STU00172;MAT0029;2;3;16-04-0015;TP;0;3;21-11-2025
ABS000855;STU00173;MAT0011;3;3;15-04-0033;COURS;1;4;21-11-2025
ABS000856;STU00173;MAT0014;3;3;16-03-0024;EXAMEN;0;3;21-11-2025
ABS000857;STU00173;MAT0033;3;3;16-03-0017;TP;0;2;21-11-2025
ABS000858;STU00173;MAT0030;3;3;15-04-0013;TP;0;1;21-11-2025
ABS000859;STU00173;MAT0012;3;3;16-05-0028;EXAMEN;0;3;21-11-2025
ABS000860;STU00173;MAT0025;3;3;15-04-0025;COURS;0;1;21-11-2025
ABS000861;STU00173;;3;3;17-05-0018;TD;1;3;21-11-2025
ABS000862;STU00175;MAT0002;5;3;16-05-0012;EXAMEN;1;4;21-11-2025
ABS000863;STU00175;MAT0028;5;3;16-05-0025;EXAMEN;1;2;21-11-2025
ABS000864;STU00175;MAT0024;5;3;16-04-0030;TP;1;4;21-11-2025
ABS000865;STU00175;MAT0015;5;3;15-04-0008;COURS;1;3;21-11-2025
ABS000866;STU00175;MAT0002;5;3;17-05-0019;TD;1;3;21-11-2025
ABS000867;STU00175;MAT0034;5;3;16-05-0029;TD;1;2;21-11-2025
ABS000868;STU00176;MAT0020;6;3;16-03-0009;TD;1;4;21-11-2025
ABS000869;STU00176;MAT0030;6;3;15-04-0012;COURS;1;2;21-11-2025
ABS000870;STU00176;MAT0020;6;3;16-03-0016;COURS;0;2;21-11-2025
ABS000871;STU00176;MAT0016;6;3;15-04-0009;TD;1;3;21-11-2025
ABS000872;STU00176;MAT0011;6;3;17-03-0022;TP;0;4;21-11-2025
ABS000873;STU00176;MAT0031;6;3;16-05-0013;EXAMEN;1;2;21-11-2025
ABS000874;STU00176;MAT0009;6;3;17-03-0019;TP;1;2;21-11-2025
ABS000875;STU00176;MAT0021;6;3;16-04-0031;TP;1;4;21-11-2025
ABS000876;STU00176;MAT0035;6;3;17-05-0019;COURS;0;1;21-11-2025
ABS000877;STU00176;MAT0012;6;3;17-03-0026;TD;1;3;21-11-2025
ABS000878;STU00176;;6;3;16-05-0033;EXAMEN;1;2;21-11-2025
ABS000879;STU00176;MAT0013;6;3;17-03-0022;COURS;0;4;21-11-2025
ABS000880;STU00176;MAT0025;6;3;16-03-0017;TD;1;3;21-11-2025
ABS000881;STU00177;MAT0027;7;3;17-03-0015;TD;0;1;21-11-2025
ABS000882;STU00178;MAT0026;8;3;17-05-0034;COURS;0;2;21-11-2025
ABS000883;STU00178;MAT0025;8;3;17-05-0023;EXAMEN;0;4;21-11-2025
ABS000884;STU00178;MAT0004;8;3;16-04-0031;TP;1;1;21-11-2025
ABS000885;STU00179;MAT0031;9;3;17-05-0018;TP;1;3;21-11-2025
ABS000886;STU00180;MAT0025;10;3;15-04-0024;COURS;0;3;21-11-2025
ABS000887;STU00180;MAT0017;10;3;16-05-0025;TD;1;4;21-11-2025
ABS000888;STU00180;MAT0030;10;3;15-04-0008;TP;0;4;21-11-2025
ABS000889;STU00180;MAT0004;10;3;16-04-0018;TP;0;3;21-11-2025
ABS000890;STU00180;MAT0002;10;3;16-05-0016;TP;0;3;21-11-2025
ABS000891;STU00180;MAT0029;10;3;16-04-0007;TP;0;1;21-11-2025
ABS000892;STU00180;MAT0023;10;3;17-05-0010;COURS;1;4;21-11-2025
ABS000893;STU00180;MAT0006;10;3;16-03-0012;COURS;0;2;21-11-2025
ABS000894;STU00180;MAT0028;10;3;17-05-0022;TP;0;4;21-11-2025
ABS000895;STU00180;MAT0016;10;3;17-05-0026;EXAMEN;0;3;21-11-2025
ABS000896;STU00181;MAT0006;1;3;16-04-0023;TP;1;3;21-11-2025
ABS000897;STU00181;MAT0002;1;3;16-04-0019;TD;1;3;21-11-2025
ABS000898;STU00181;MAT0006;1;3;17-05-0027;EXAMEN;1;2;21-11-2025
ABS000899;STU00182;MAT0016;2;3;16-05-0024;COURS;1;4;21-11-2025
ABS000900;STU00182;MAT0028;2;3;17-03-0031;TP;1;2;21-11-2025
ABS000901;STU00183;MAT0019;3;3;15-04-0012;TP;0;2;21-11-2025
ABS000902;STU00183;MAT0027;3;3;16-03-0032;TD;0;4;21-11-2025
ABS000903;STU00184;MAT0015;4;3;17-03-0014;COURS;1;2;21-11-2025
ABS000904;STU00185;MAT0030;5;3;16-05-0029;EXAMEN;1;3;21-11-2025
ABS000905;STU00185;MAT0031;5;3;17-05-0019;COURS;0;3;21-11-2025
ABS000906;STU00185;MAT0029;5;3;15-04-0033;TD;1;4;21-11-2025
ABS000907;STU00185;MAT0011;5;3;16-03-0024;EXAMEN;0;1;21-11-2025
ABS000908;STU00185;MAT0006;5;3;17-05-0034;EXAMEN;1;3;21-11-2025
ABS000909;STU00185;MAT0034;5;3;16-03-0013;TP;0;3;21-11-2025
ABS000910;STU00185;MAT0030;5;3;15-04-0028;COURS;0;2;21-11-2025
ABS000911;STU00185;MAT0028;5;3;17-05-0018;EXAMEN;1;1;21-11-2025
ABS000912;STU00185;MAT0032;5;3;15-04-0024;TD;1;2;21-11-2025
ABS000913;STU00185;MAT0008;5;3;16-04-0026;COURS;1;2;21-11-2025
ABS000914;STU00185;MAT0019;5;3;16-03-0025;TD;1;4;21-11-2025
ABS000915;STU00185;MAT0023;5;3;16-05-0020;TD;1;3;21-11-2025
ABS000916;STU00186;MAT0021;6;3;16-05-0028;EXAMEN;0;4;21-11-2025
ABS000917;STU00186;MAT0030;6;3;16-04-0031;TP;1;4;21-11-2025
ABS000918;STU00186;MAT0012;6;3;17-03-0034;EXAMEN;0;3;21-11-2025
ABS000919;STU00187;MAT0027;7;3;17-03-0019;EXAMEN;1;1;21-11-2025
ABS000920;STU00187;MAT0009;7;3;17-05-0014;COURS;1;4;21-11-2025
ABS000921;STU00188;MAT0031;8;3;16-03-0025;COURS;1;1;21-11-2025
ABS000922;STU00188;MAT0025;8;3;17-05-0026;TD;1;2;21-11-2025
ABS000923;STU00188;MAT0016;8;3;16-04-0018;TD;1;2;21-11-2025
ABS000924;STU00188;MAT0019;8;3;16-04-0011;COURS;1;2;21-11-2025
ABS000925;STU00189;MAT0012;9;3;16-04-0014;EXAMEN;1;1;21-11-2025
ABS000926;STU00189;MAT0022;9;3;16-05-0033;TD;0;1;21-11-2025
ABS000927;STU00189;MAT0003;9;3;17-03-0030;EXAMEN;1;4;21-11-2025
ABS000928;STU00189;MAT0027;9;3;15-04-0009;TP;1;1;21-11-2025
ABS000929;STU00189;MAT0035;9;3;17-05-0031;COURS;1;1;21-11-2025
ABS000930;STU00189;MAT0026;9;3;15-04-0032;COURS;1;4;21-11-2025
ABS000931;STU00189;MAT0008;9;3;15-04-0032;COURS;0;3;21-11-2025
ABS000932;STU00191;MAT0031;1;3;17-03-0014;TD;0;3;21-11-2025
ABS000933;STU00191;MAT0005;1;3;16-05-0029;EXAMEN;1;4;21-11-2025
ABS000934;STU00191;MAT0017;1;3;17-03-0031;TP;0;4;21-11-2025
ABS000935;STU00191;MAT0029;1;3;15-04-0032;TP;1;1;21-11-2025
ABS000936;STU00191;MAT0034;1;3;17-03-0011;TP;0;3;21-11-2025
ABS000937;STU00192;MAT0020;2;3;16-05-0012;EXAMEN;1;3;21-11-2025
ABS000938;STU00193;MAT0019;3;3;17-03-0026;EXAMEN;0;2;21-11-2025
ABS000939;STU00193;MAT0014;3;3;17-03-0034;TP;0;1;21-11-2025
ABS000940;STU00193;MAT0033;3;3;16-04-0018;EXAMEN;1;2;21-11-2025
ABS000941;STU00193;MAT0010;3;3;16-04-0027;TP;1;4;21-11-2025
ABS000942;STU00193;MAT0011;3;3;16-04-0027;EXAMEN;0;4;21-11-2025
ABS000943;STU00193;MAT0005;3;3;16-03-0028;TP;0;2;21-11-2025
ABS000944;STU00193;MAT0018;3;3;17-03-0011;COURS;1;3;21-11-2025
ABS000945;STU00193;;3;3;15-04-0021;TD;1;3;21-11-2025
ABS000946;STU00193;MAT0026;3;3;16-05-0008;COURS;1;1;21-11-2025
ABS000947;STU00193;MAT0035;3;3;15-04-0024;COURS;1;1;21-11-2025
ABS000948;STU00195;MAT0016;5;3;17-05-0034;TD;1;4;21-11-2025
ABS000949;STU00195;MAT0018;5;3;16-03-0008;TP;0;2;21-11-2025
ABS000950;STU00197;MAT0031;7;3;16-03-0025;EXAMEN;0;1;21-11-2025
ABS000951;STU00197;MAT0005;7;3;15-04-0032;TD;1;4;21-11-2025
ABS000952;STU00197;MAT0013;7;3;17-03-0022;COURS;1;2;21-11-2025
ABS000953;STU00197;MAT0020;7;3;17-05-0022;COURS;1;1;21-11-2025
ABS000954;STU00198;MAT0030;8;3;16-05-0032;COURS;0;4;21-11-2025
ABS000955;STU00198;MAT0032;8;3;17-05-0015;TD;0;4;21-11-2025
ABS000956;STU00198;MAT0020;8;3;16-05-0016;TP;1;2;21-11-2025
ABS000957;STU00198;MAT0033;8;3;16-04-0015;TP;1;1;21-11-2025
ABS000958;STU00199;MAT0033;9;3;16-03-0017;EXAMEN;1;2;21-11-2025
ABS000959;STU00200;MAT0007;10;3;16-05-0016;EXAMEN;0;2;21-11-2025
ABS000960;STU00200;MAT0007;10;3;17-03-0031;TD;0;3;21-11-2025
ABS000961;STU00200;MAT0034;10;3;16-04-0031;EXAMEN;0;3;21-11-2025
ABS000962;STU00200;MAT0010;10;3;16-05-0013;TP;0;4;21-11-2025
ABS000963;STU00200;MAT0011;10;3;17-03-0034;TD;0;4;21-11-2025
ABS000964;STU00200;MAT0027;10;3;17-05-0026;TP;0;3;21-11-2025
ABS000965;STU00200;MAT0020;10;3;16-04-0034;TP;0;3;21-11-2025
ABS000966;STU00200;MAT0021;10;3;17-05-0018;EXAMEN;0;4;21-11-2025
ABS000967;STU00200;MAT0026;10;3;16-04-0007;COURS;1;3;21-11-2025
ABS000968;STU00200;MAT0009;10;3;16-05-0032;EXAMEN;1;1;21-11-2025
ABS000969;STU00200;MAT0014;10;3;16-05-0013;TP;0;3;21-11-2025
ABS000970;STU00200;MAT0028;10;3;16-03-0017;EXAMEN;0;2;21-11-2025
ABS000971;STU00200;MAT0033;10;3;17-03-0026;EXAMEN;1;1;21-11-2025
ABS000972;STU00200;MAT0011;10;3;17-03-0014;TP;1;4;21-11-2025
ABS000973;STU00201;MAT0032;1;3;15-04-0029;TD;0;4;21-11-2025
ABS000974;STU00201;MAT0004;1;3;17-03-0010;TP;0;3;21-11-2025
ABS000975;STU00202;MAT0005;2;3;17-03-0030;TP;1;4;21-11-2025
ABS000976;STU00202;MAT0010;2;3;17-03-0034;TP;1;1;21-11-2025
ABS000977;STU00202;MAT0021;2;3;16-04-0014;TP;1;3;21-11-2025
ABS000978;STU00202;MAT0009;2;3;17-05-0007;COURS;1;3;21-11-2025
ABS000979;STU00202;MAT0029;2;3;16-04-0031;TD;0;4;21-11-2025
ABS000980;STU00202;MAT0024;2;3;16-03-0021;TP;0;3;21-11-2025
ABS000981;STU00204;MAT0032;4;3;16-04-0019;COURS;1;1;21-11-2025
ABS000982;STU00204;MAT0002;4;3;17-05-0018;EXAMEN;1;3;21-11-2025
ABS000983;STU00204;MAT0019;4;3;17-05-0022;TP;1;1;21-11-2025
ABS000984;STU00204;MAT0008;4;3;16-05-0009;TD;1;1;21-11-2025
ABS000985;STU00204;MAT0013;4;3;16-05-0021;COURS;1;4;21-11-2025
ABS000986;STU00204;MAT0029;4;3;15-04-0021;TD;1;1;21-11-2025
ABS000987;STU00204;MAT0022;4;3;17-03-0027;EXAMEN;1;4;21-11-2025
ABS000988;STU00204;MAT0019;4;3;17-03-0019;COURS;1;4;21-11-2025
ABS000989;STU00204;MAT0015;4;3;17-03-0007;TP;1;3;21-11-2025
ABS000990;STU00204;MAT0021;4;3;16-03-0025;EXAMEN;1;2;21-11-2025
ABS000991;STU00204;MAT0010;4;3;17-05-0018;TD;1;2;21-11-2025
ABS000992;STU00204;MAT0007;4;3;15-04-0012;COURS;1;1;21-11-2025
ABS000993;STU00204;MAT0023;4;3;16-03-0024;COURS;0;3;21-11-2025
ABS000994;STU00204;MAT0014;4;3;16-03-0028;TD;0;4;21-11-2025
ABS000995;STU00205;MAT0009;5;3;16-04-0007;EXAMEN;0;4;21-11-2025
ABS000996;STU00205;MAT0014;5;3;16-03-0021;EXAMEN;0;4;21-11-2025
ABS000997;STU00205;MAT0014;5;3;15-04-0013;EXAMEN;1;1;21-11-2025
ABS000998;STU00205;MAT0033;5;3;16-03-0012;COURS;0;2;21-11-2025
ABS000999;STU00206;MAT0023;6;3;17-05-0026;TP;1;2;21-11-2025
ABS001000;STU00206;MAT0033;6;3;16-03-0032;TP;1;1;21-11-2025
ABS001001;STU00206;;6;3;16-04-0007;EXAMEN;1;4;21-11-2025
ABS001002;STU00206;MAT0024;6;3;17-03-0018;TP;1;4;21-11-2025
ABS001003;STU00206;MAT0015;6;3;16-05-0016;COURS;1;4;21-11-2025
ABS001004;STU00206;MAT0018;6;3;16-04-0007;TP;0;2;21-11-2025
ABS001005;STU00206;;6;3;16-03-0025;TD;1;2;21-11-2025
ABS001006;STU00206;MAT0003;6;3;17-05-0022;COURS;1;2;21-11-2025
ABS001007;STU00206;MAT0019;6;3;16-05-0028;TP;1;2;21-11-2025
ABS001008;STU00206;MAT0012;6;3;15-04-0012;TD;1;2;21-11-2025
ABS001009;STU00206;MAT0011;6;3;16-04-0010;COURS;1;3;21-11-2025
ABS001010;STU00206;MAT0024;6;3;16-04-0027;TP;1;1;21-11-2025
ABS001011;STU00206;MAT0002;6;3;16-03-0017;EXAMEN;0;2;21-11-2025
ABS001012;STU00206;MAT0035;6;3;15-04-0008;EXAMEN;1;2;21-11-2025
ABS001013;STU00206;;6;3;17-03-0010;TP;1;1;21-11-2025
ABS001014;STU00207;MAT0035;7;3;15-04-0020;EXAMEN;0;1;21-11-2025
ABS001015;STU00207;MAT0031;7;3;16-04-0022;TP;0;3;21-11-2025
ABS001016;STU00207;MAT0007;7;3;16-05-0028;EXAMEN;1;2;21-11-2025
ABS001017;STU00207;MAT0033;7;3;17-03-0014;TD;1;2;21-11-2025
ABS001018;STU00207;MAT0006;7;3;16-03-0028;COURS;1;3;21-11-2025
ABS001019;STU00207;MAT0016;7;3;17-05-0010;TD;0;3;21-11-2025
ABS001020;STU00208;MAT0034;8;3;17-05-0023;TP;1;2;21-11-2025
ABS001021;STU00208;MAT0024;8;3;15-04-0020;TD;1;1;21-11-2025
ABS001022;STU00209;MAT0013;9;3;16-03-0032;TD;0;1;21-11-2025
ABS001023;STU00209;MAT0026;9;3;16-03-0012;TP;0;4;21-11-2025
ABS001024;STU00210;MAT0014;10;3;15-04-0021;EXAMEN;1;4;21-11-2025
ABS001025;STU00210;MAT0018;10;3;17-03-0030;TP;0;2;21-11-2025
ABS001026;STU00210;MAT0032;10;3;15-04-0017;EXAMEN;1;3;21-11-2025
ABS001027;STU00210;MAT0005;10;3;17-05-0015;TP;1;1;21-11-2025
ABS001028;STU00210;MAT0007;10;3;17-05-0011;TD;1;1;21-11-2025
ABS001029;STU00210;MAT0019;10;3;16-03-0024;TD;1;3;21-11-2025
ABS001030;STU00210;MAT0006;10;3;15-04-0020;TD;1;2;21-11-2025
ABS001031;STU00211;MAT0023;1;3;16-03-0013;TD;1;1;21-11-2025
ABS001032;STU00211;MAT0035;1;3;17-05-0018;TD;1;2;21-11-2025
ABS001033;STU00211;MAT0007;1;3;15-04-0012;TD;1;2;21-11-2025
ABS001034;STU00211;MAT0035;1;3;17-05-0011;EXAMEN;1;3;21-11-2025
ABS001035;STU00211;MAT0019;1;3;17-03-0019;EXAMEN;1;4;21-11-2025
ABS001036;STU00211;MAT0021;1;3;15-04-0021;TD;1;3;21-11-2025
ABS001037;STU00211;MAT0017;1;3;16-03-0009;TP;0;1;21-11-2025
ABS001038;STU00211;MAT0027;1;3;17-03-0031;TD;0;2;21-11-2025
ABS001039;STU00211;MAT0011;1;3;17-03-0019;EXAMEN;1;2;21-11-2025
ABS001040;STU00211;MAT0023;1;3;16-03-0033;COURS;0;3;21-11-2025
ABS001041;STU00211;MAT0008;1;3;17-03-0019;TD;0;2;21-11-2025
ABS001042;STU00213;MAT0031;3;3;17-03-0031;TD;1;3;21-11-2025
ABS001043;STU00213;MAT0030;3;3;16-03-0024;TD;0;3;21-11-2025
ABS001044;STU00216;MAT0032;6;3;16-05-0029;TP;0;1;21-11-2025
ABS001045;STU00216;MAT0024;6;3;17-03-0030;TD;1;4;21-11-2025
ABS001046;STU00216;MAT0027;6;3;16-05-0020;COURS;1;3;21-11-2025
ABS001047;STU00216;MAT0018;6;3;17-05-0030;TP;1;3;21-11-2025
ABS001048;STU00217;MAT0007;7;3;17-03-0007;EXAMEN;0;4;21-11-2025
ABS001049;STU00218;MAT0032;8;3;17-03-0031;EXAMEN;1;4;21-11-2025
ABS001050;STU00218;MAT0007;8;3;17-03-0026;COURS;1;1;21-11-2025
ABS001051;STU00218;MAT0027;8;3;17-03-0018;EXAMEN;1;1;21-11-2025
ABS001052;STU00218;MAT0029;8;3;16-04-0027;EXAMEN;1;1;21-11-2025
ABS001053;STU00218;MAT0028;8;3;15-04-0033;COURS;0;2;21-11-2025
ABS001054;STU00219;MAT0027;9;3;16-03-0016;COURS;1;3;21-11-2025
ABS001055;STU00219;MAT0023;9;3;15-04-0033;TP;1;2;21-11-2025
ABS001056;STU00219;MAT0004;9;3;15-04-0021;TP;1;3;21-11-2025
ABS001057;STU00219;MAT0021;9;3;16-03-0013;EXAMEN;1;2;21-11-2025
ABS001058;STU00219;MAT0006;9;3;16-04-0034;TP;1;2;21-11-2025
ABS001059;STU00219;MAT0020;9;3;15-04-0033;COURS;1;1;21-11-2025
ABS001060;STU00219;MAT0021;9;3;17-05-0019;EXAMEN;1;4;21-11-2025
ABS001061;STU00219;MAT0032;9;3;17-03-0015;TP;0;4;21-11-2025
ABS001062;STU00219;MAT0011;9;3;16-04-0031;TD;0;1;21-11-2025
ABS001063;STU00219;MAT0020;9;3;16-03-0025;TP;1;2;21-11-2025
ABS001064;STU00219;MAT0005;9;3;16-04-0026;TD;0;4;21-11-2025
ABS001065;STU00219;MAT0022;9;3;16-04-0011;TP;1;4;21-11-2025
ABS001066;STU00219;MAT0019;9;3;17-03-0034;COURS;0;2;21-11-2025
ABS001067;STU00220;MAT0018;10;3;16-03-0028;COURS;1;2;21-11-2025
ABS001068;STU00220;MAT0029;10;3;17-03-0014;TD;0;3;21-11-2025
ABS001069;STU00220;MAT0031;10;3;17-03-0007;EXAMEN;1;2;21-11-2025
ABS001070;STU00220;MAT0034;10;3;15-04-0012;EXAMEN;1;4;21-11-2025
ABS001071;STU00220;MAT0024;10;3;17-05-0015;TP;1;3;21-11-2025
ABS001072;STU00220;MAT0035;10;3;16-03-0017;TP;0;2;21-11-2025
ABS001073;STU00220;MAT0016;10;3;16-04-0034;TD;0;4;21-11-2025
ABS001074;STU00221;MAT0023;1;3;17-03-0030;TD;1;1;21-11-2025
ABS001075;STU00221;MAT0029;1;3;16-04-0026;EXAMEN;1;1;21-11-2025
ABS001076;STU00221;MAT0029;1;3;17-03-0007;COURS;1;4;21-11-2025
ABS001077;STU00221;MAT0005;1;3;17-05-0011;TP;0;3;21-11-2025
ABS001078;STU00221;MAT0002;1;3;17-05-0015;EXAMEN;1;2;21-11-2025
ABS001079;STU00221;MAT0029;1;3;15-04-0013;TP;1;3;21-11-2025
ABS001080;STU00221;MAT0033;1;3;16-04-0014;EXAMEN;0;3;21-11-2025
ABS001081;STU00223;MAT0005;3;3;17-03-0026;EXAMEN;1;2;21-11-2025
ABS001082;STU00223;MAT0012;3;3;17-03-0026;TD;0;4;21-11-2025
ABS001083;STU00223;MAT0022;3;3;17-05-0010;COURS;0;4;21-11-2025
ABS001084;STU00224;MAT0031;4;3;16-04-0019;TD;1;2;21-11-2025
ABS001085;STU00225;MAT0028;5;3;16-03-0029;TP;1;2;21-11-2025
ABS001086;STU00225;MAT0013;5;3;16-04-0019;TD;1;1;21-11-2025
ABS001087;STU00225;MAT0007;5;3;15-04-0021;TP;0;1;21-11-2025
ABS001088;STU00225;MAT0024;5;3;16-05-0008;COURS;0;1;21-11-2025
ABS001089;STU00225;MAT0025;5;3;16-03-0017;TP;0;3;21-11-2025
ABS001090;STU00225;MAT0013;5;3;16-03-0012;EXAMEN;0;2;21-11-2025
ABS001091;STU00225;MAT0010;5;3;16-04-0010;TP;1;4;21-11-2025
ABS001092;STU00225;MAT0012;5;3;17-05-0034;TD;1;4;21-11-2025
ABS001093;STU00225;MAT0003;5;3;17-03-0026;COURS;1;3;21-11-2025
ABS001094;STU00225;MAT0023;5;3;16-04-0010;TD;1;2;21-11-2025
ABS001095;STU00225;MAT0013;5;3;17-03-0022;TD;1;3;21-11-2025
ABS001096;STU00225;MAT0025;5;3;15-04-0028;EXAMEN;1;1;21-11-2025
ABS001097;STU00225;MAT0024;5;3;16-04-0014;TD;0;4;21-11-2025
ABS001098;STU00226;MAT0004;6;3;17-03-0018;EXAMEN;1;1;21-11-2025
ABS001099;STU00226;MAT0021;6;3;16-05-0009;EXAMEN;1;2;21-11-2025
ABS001100;STU00226;MAT0009;6;3;15-04-0017;EXAMEN;1;3;21-11-2025
ABS001101;STU00226;MAT0026;6;3;16-05-0020;EXAMEN;1;4;21-11-2025
ABS001102;STU00226;MAT0007;6;3;17-03-0022;TP;1;4;21-11-2025
ABS001103;STU00226;MAT0019;6;3;16-04-0022;COURS;1;1;21-11-2025
ABS001104;STU00226;MAT0020;6;3;16-03-0009;TD;1;1;21-11-2025
ABS001105;STU00226;MAT0004;6;3;17-05-0007;TP;1;3;21-11-2025
ABS001106;STU00226;MAT0028;6;3;16-05-0008;TD;1;1;21-11-2025
ABS001107;STU00226;MAT0030;6;3;17-03-0010;TD;1;3;21-11-2025
ABS001108;STU00226;MAT0014;6;3;16-03-0029;EXAMEN;0;1;21-11-2025
ABS001109;STU00226;MAT0014;6;3;17-03-0019;COURS;1;1;21-11-2025
ABS001110;STU00226;MAT0022;6;3;16-03-0028;TD;1;2;21-11-2025
ABS001111;STU00226;MAT0026;6;3;15-04-0033;COURS;0;2;21-11-2025
ABS001112;STU00227;MAT0020;7;3;16-05-0025;TD;1;3;21-11-2025
ABS001113;STU00227;;7;3;15-04-0029;EXAMEN;1;4;21-11-2025
ABS001114;STU00227;MAT0013;7;3;15-04-0033;EXAMEN;0;1;21-11-2025
ABS001115;STU00227;MAT0026;7;3;16-05-0029;COURS;1;4;21-11-2025
ABS001116;STU00227;MAT0015;7;3;16-03-0028;COURS;1;1;21-11-2025
ABS001117;STU00227;MAT0032;7;3;16-03-0032;COURS;0;3;21-11-2025
ABS001118;STU00228;MAT0026;8;3;16-05-0029;TP;1;3;21-11-2025
ABS001119;STU00228;MAT0007;8;3;17-05-0015;COURS;1;2;21-11-2025
ABS001120;STU00228;MAT0032;8;3;16-03-0024;TD;0;1;21-11-2025
ABS001121;STU00228;MAT0007;8;3;16-04-0022;COURS;0;4;21-11-2025
ABS001122;STU00228;MAT0005;8;3;16-03-0009;TD;1;3;21-11-2025
ABS001123;STU00228;MAT0010;8;3;16-04-0030;EXAMEN;1;1;21-11-2025
ABS001124;STU00228;MAT0013;8;3;17-05-0023;TD;1;1;21-11-2025
ABS001125;STU00228;MAT0010;8;3;17-05-0007;TP;1;3;21-11-2025
ABS001126;STU00228;MAT0030;8;3;17-03-0018;TD;1;1;21-11-2025
ABS001127;STU00228;MAT0010;8;3;16-04-0019;TP;1;2;21-11-2025
ABS001128;STU00228;MAT0013;8;3;17-03-0027;TP;1;4;21-11-2025
ABS001129;STU00228;MAT0029;8;3;17-03-0034;COURS;1;3;21-11-2025
ABS001130;STU00229;MAT0005;9;3;17-03-0010;EXAMEN;1;1;21-11-2025
ABS001131;STU00229;MAT0011;9;3;17-05-0030;TP;1;2;21-11-2025
ABS001132;STU00229;MAT0015;9;3;16-03-0028;COURS;1;1;21-11-2025
ABS001133;STU00229;MAT0008;9;3;16-04-0031;TD;1;1;21-11-2025
ABS001134;STU00229;MAT0005;9;3;16-05-0024;COURS;1;4;21-11-2025
ABS001135;STU00230;MAT0025;10;3;17-05-0026;EXAMEN;1;2;21-11-2025
ABS001136;STU00231;MAT0031;1;3;16-05-0021;TD;1;3;21-11-2025
ABS001137;STU00232;MAT0011;2;3;16-04-0015;TP;1;4;21-11-2025
ABS001138;STU00232;MAT0003;2;3;16-04-0011;EXAMEN;1;2;21-11-2025
ABS001139;STU00232;MAT0023;2;3;16-04-0011;TD;1;4;21-11-2025
ABS001140;STU00232;MAT0029;2;3;15-04-0021;EXAMEN;1;4;21-11-2025
ABS001141;STU00233;MAT0034;3;3;17-03-0030;TD;0;2;21-11-2025
ABS001142;STU00233;MAT0024;3;3;16-05-0013;EXAMEN;1;4;21-11-2025
ABS001143;STU00233;MAT0020;3;3;16-04-0027;TD;1;4;21-11-2025
ABS001144;STU00233;MAT0029;3;3;16-03-0024;TP;1;4;21-11-2025
ABS001145;STU00233;MAT0014;3;3;16-03-0013;TP;1;2;21-11-2025
ABS001146;STU00233;MAT0034;3;3;17-05-0019;EXAMEN;0;4;21-11-2025
ABS001147;STU00234;MAT0012;4;3;15-04-0025;TP;1;2;21-11-2025
ABS001148;STU00234;MAT0013;4;3;17-05-0019;TD;1;4;21-11-2025
ABS001149;STU00234;MAT0009;4;3;17-03-0034;EXAMEN;0;1;21-11-2025
ABS001150;STU00234;MAT0005;4;3;17-05-0010;COURS;0;1;21-11-2025
ABS001151;STU00234;MAT0006;4;3;16-04-0034;TP;1;3;21-11-2025
ABS001152;STU00234;MAT0010;4;3;17-03-0030;TD;0;1;21-11-2025
ABS001153;STU00234;MAT0021;4;3;16-04-0026;EXAMEN;1;2;21-11-2025
ABS001154;STU00234;MAT0007;4;3;15-04-0016;TD;1;2;21-11-2025
ABS001155;STU00234;MAT0008;4;3;16-03-0020;EXAMEN;0;4;21-11-2025
ABS001156;STU00234;MAT0016;4;3;17-05-0015;COURS;1;2;21-11-2025
ABS001157;STU00234;MAT0003;4;3;16-04-0010;TD;1;4;21-11-2025
ABS001158;STU00235;MAT0024;5;3;16-05-0029;EXAMEN;1;2;21-11-2025
ABS001159;STU00235;MAT0032;5;3;16-04-0007;TP;1;1;21-11-2025
ABS001160;STU00235;MAT0012;5;3;15-04-0009;TD;1;4;21-11-2025
ABS001161;STU00236;MAT0019;6;3;16-05-0017;COURS;1;4;21-11-2025
ABS001162;STU00236;MAT0027;6;3;17-03-0026;TD;1;3;21-11-2025
ABS001163;STU00236;MAT0018;6;3;17-03-0023;COURS;1;2;21-11-2025
ABS001164;STU00236;MAT0016;6;3;17-03-0027;TP;0;4;21-11-2025
ABS001165;STU00237;MAT0022;7;3;16-05-0009;COURS;0;1;21-11-2025
ABS001166;STU00237;MAT0002;7;3;16-05-0025;TP;1;4;21-11-2025
ABS001167;STU00237;MAT0003;7;3;16-04-0019;TP;1;3;21-11-2025
ABS001168;STU00237;MAT0033;7;3;15-04-0032;EXAMEN;1;3;21-11-2025
ABS001169;STU00237;MAT0017;7;3;17-03-0018;TD;1;3;21-11-2025
ABS001170;STU00237;MAT0006;7;3;16-03-0021;TP;1;1;21-11-2025
ABS001171;STU00238;MAT0005;8;3;17-03-0014;TD;1;2;21-11-2025
ABS001172;STU00238;MAT0016;8;3;16-05-0032;COURS;1;1;21-11-2025
ABS001173;STU00238;MAT0022;8;3;17-05-0007;COURS;0;4;21-11-2025
ABS001174;STU00238;MAT0022;8;3;17-05-0034;COURS;1;1;21-11-2025
ABS001175;STU00238;MAT0013;8;3;17-05-0011;COURS;0;1;21-11-2025
ABS001176;STU00238;MAT0015;8;3;16-03-0020;TD;0;1;21-11-2025
ABS001177;STU00238;MAT0034;8;3;15-04-0017;TD;1;2;21-11-2025
ABS001178;STU00238;MAT0012;8;3;17-05-0022;EXAMEN;0;1;21-11-2025
ABS001179;STU00238;MAT0033;8;3;15-04-0012;COURS;0;2;21-11-2025
ABS001180;STU00238;MAT0035;8;3;16-04-0011;TD;1;1;21-11-2025
ABS001181;STU00239;MAT0026;9;3;16-03-0012;TP;1;3;21-11-2025
ABS001182;STU00239;MAT0017;9;3;16-03-0020;TP;1;1;21-11-2025
ABS001183;STU00239;MAT0017;9;3;16-05-0028;TP;1;1;21-11-2025
ABS001184;STU00239;MAT0032;9;3;16-03-0009;TP;1;1;21-11-2025
ABS001185;STU00239;MAT0028;9;3;17-05-0031;COURS;1;4;21-11-2025
ABS001186;STU00239;MAT0006;9;3;17-03-0030;TP;1;3;21-11-2025
ABS001187;STU00239;MAT0005;9;3;16-05-0028;TP;1;3;21-11-2025
ABS001188;STU00239;MAT0031;9;3;16-04-0018;TP;1;4;21-11-2025
ABS001189;STU00239;MAT0013;9;3;15-04-0024;TD;1;1;21-11-2025
ABS001190;STU00239;MAT0027;9;3;17-05-0018;EXAMEN;1;3;21-11-2025
ABS001191;STU00239;MAT0030;9;3;15-04-0021;EXAMEN;0;4;21-11-2025
ABS001192;STU00239;MAT0009;9;3;16-04-0007;TP;1;2;21-11-2025
ABS001193;STU00239;;9;3;16-04-0018;EXAMEN;1;2;21-11-2025
ABS001194;STU00240;MAT0002;10;3;17-03-0010;EXAMEN;1;3;21-11-2025
ABS001195;STU00240;MAT0002;10;3;15-04-0013;EXAMEN;1;3;21-11-2025
ABS001196;STU00240;MAT0015;10;3;17-05-0015;TD;1;4;21-11-2025
ABS001197;STU00240;MAT0011;10;3;15-04-0020;EXAMEN;1;1;21-11-2025
ABS001198;STU00240;MAT0005;10;3;16-04-0010;TP;1;3;21-11-2025
ABS001199;STU00240;MAT0034;10;3;17-03-0014;EXAMEN;1;4;21-11-2025
ABS001200;STU00240;MAT0020;10;3;16-04-0007;TD;0;3;21-11-2025
ABS001201;STU00240;MAT0028;10;3;17-05-0026;COURS;1;3;21-11-2025
ABS001202;STU00240;MAT0024;10;3;16-04-0030;TD;1;4;21-11-2025
ABS001203;STU00240;MAT0029;10;3;17-03-0007;TP;1;2;21-11-2025
ABS001204;STU00241;MAT0018;1;3;17-05-0022;TP;1;3;21-11-2025
ABS001205;STU00242;MAT0015;2;3;16-05-0025;TD;1;2;21-11-2025
ABS001206;STU00243;MAT0007;3;3;16-04-0023;EXAMEN;1;3;21-11-2025
ABS001207;STU00243;MAT0032;3;3;17-03-0023;EXAMEN;1;3;21-11-2025
ABS001208;STU00243;MAT0025;3;3;16-03-0021;TD;1;3;21-11-2025
ABS001209;STU00244;MAT0015;4;3;16-04-0014;COURS;0;4;21-11-2025
ABS001210;STU00244;MAT0018;4;3;17-05-0011;TP;1;3;21-11-2025
ABS001211;STU00244;MAT0013;4;3;16-05-0024;TD;1;1;21-11-2025
ABS001212;STU00245;MAT0033;5;3;16-05-0032;TP;0;4;21-11-2025
ABS001213;STU00245;;5;3;15-04-0029;TP;0;2;21-11-2025
ABS001214;STU00245;MAT0002;5;3;16-04-0007;EXAMEN;0;4;21-11-2025
ABS001215;STU00245;MAT0025;5;3;16-03-0021;TD;1;3;21-11-2025
ABS001216;STU00246;MAT0013;6;3;16-04-0015;EXAMEN;0;2;21-11-2025
ABS001217;STU00246;MAT0008;6;3;16-04-0007;COURS;1;4;21-11-2025
ABS001218;STU00246;MAT0021;6;3;16-04-0011;EXAMEN;1;4;21-11-2025
ABS001219;STU00246;MAT0026;6;3;16-05-0017;TD;0;1;21-11-2025
ABS001220;STU00246;MAT0021;6;3;16-05-0016;COURS;1;1;21-11-2025
ABS001221;STU00246;MAT0009;6;3;16-05-0029;EXAMEN;0;1;21-11-2025
ABS001222;STU00246;MAT0007;6;3;17-03-0011;TD;1;2;21-11-2025
ABS001223;STU00246;MAT0024;6;3;17-03-0031;TP;0;4;21-11-2025
ABS001224;STU00246;MAT0005;6;3;16-04-0031;EXAMEN;1;1;21-11-2025
ABS001225;STU00246;MAT0026;6;3;16-05-0020;TD;1;1;21-11-2025
ABS001226;STU00246;MAT0011;6;3;16-03-0021;COURS;1;3;21-11-2025
ABS001227;STU00246;MAT0004;6;3;17-03-0014;COURS;0;2;21-11-2025
ABS001228;STU00247;MAT0009;7;3;17-03-0034;TP;0;4;21-11-2025
ABS001229;STU00247;MAT0019;7;3;17-03-0023;EXAMEN;0;4;21-11-2025
ABS001230;STU00247;MAT0003;7;3;16-05-0009;TD;1;2;21-11-2025
ABS001231;STU00247;MAT0032;7;3;16-03-0025;COURS;0;1;21-11-2025
ABS001232;STU00248;MAT0010;8;3;15-04-0013;COURS;1;3;21-11-2025
ABS001233;STU00248;MAT0024;8;3;15-04-0024;EXAMEN;0;2;21-11-2025
ABS001234;STU00248;MAT0022;8;3;17-05-0015;TD;0;3;21-11-2025
ABS001235;STU00248;MAT0019;8;3;16-04-0010;EXAMEN;0;4;21-11-2025
ABS001236;STU00249;MAT0014;9;3;17-03-0030;TD;1;3;21-11-2025
ABS001237;STU00249;MAT0014;9;3;16-05-0028;TP;1;1;21-11-2025
ABS001238;STU00249;MAT0015;9;3;17-05-0027;TP;0;1;21-11-2025
ABS001239;STU00249;MAT0014;9;3;16-04-0007;TD;1;2;21-11-2025
ABS001240;STU00249;MAT0025;9;3;16-04-0030;TP;1;4;21-11-2025
ABS001241;STU00249;MAT0011;9;3;17-05-0031;EXAMEN;1;3;21-11-2025
ABS001242;STU00251;MAT0002;1;3;17-03-0034;COURS;1;3;21-11-2025
ABS001243;STU00251;MAT0029;1;3;16-03-0016;EXAMEN;1;2;21-11-2025
ABS001244;STU00251;MAT0024;1;3;16-03-0008;TD;1;4;21-11-2025
ABS001245;STU00251;MAT0005;1;3;17-05-0018;TP;1;1;21-11-2025
ABS001246;STU00251;MAT0003;1;3;16-04-0031;COURS;0;3;21-11-2025
ABS001247;STU00251;MAT0014;1;3;15-04-0032;COURS;1;1;21-11-2025
ABS001248;STU00251;;1;3;15-04-0012;COURS;0;2;21-11-2025
ABS001249;STU00251;MAT0018;1;3;16-04-0034;TP;0;4;21-11-2025
ABS001250;STU00251;MAT0010;1;3;17-03-0030;TD;0;4;21-11-2025
ABS001251;STU00252;MAT0030;2;3;15-04-0033;EXAMEN;0;1;21-11-2025
ABS001252;STU00252;MAT0005;2;3;16-05-0008;TP;1;4;21-11-2025
ABS001253;STU00252;MAT0018;2;3;16-03-0032;COURS;1;2;21-11-2025
ABS001254;STU00252;MAT0029;2;3;16-03-0029;COURS;1;1;21-11-2025
ABS001255;STU00252;MAT0028;2;3;16-05-0033;EXAMEN;1;1;21-11-2025
ABS001256;STU00252;MAT0006;2;3;16-04-0018;TP;1;4;21-11-2025
ABS001257;STU00252;MAT0024;2;3;16-05-0012;TP;1;2;21-11-2025
ABS001258;STU00252;MAT0023;2;3;16-04-0030;EXAMEN;0;4;21-11-2025
ABS001259;STU00252;MAT0023;2;3;15-04-0021;TP;0;4;21-11-2025
ABS001260;STU00252;MAT0027;2;3;16-05-0024;TP;1;1;21-11-2025
ABS001261;STU00252;MAT0009;2;3;17-05-0015;TP;1;4;21-11-2025
ABS001262;STU00252;MAT0035;2;3;16-04-0031;TD;1;3;21-11-2025
ABS001263;STU00252;MAT0010;2;3;17-05-0034;TP;1;2;21-11-2025
ABS001264;STU00252;MAT0014;2;3;17-05-0011;EXAMEN;0;4;21-11-2025
ABS001265;STU00252;MAT0035;2;3;17-03-0023;COURS;1;1;21-11-2025
ABS001266;STU00254;MAT0021;4;3;16-04-0010;TP;1;4;21-11-2025
ABS001267;STU00256;MAT0030;6;3;17-03-0014;TD;1;2;21-11-2025
ABS001268;STU00256;MAT0033;6;3;17-05-0007;COURS;1;1;21-11-2025
ABS001269;STU00257;MAT0014;7;3;15-04-0033;COURS;1;2;21-11-2025
ABS001270;STU00257;MAT0002;7;3;17-03-0007;TP;0;2;21-11-2025
ABS001271;STU00257;MAT0005;7;3;16-05-0009;TP;1;1;21-11-2025
ABS001272;STU00257;MAT0026;7;3;16-04-0018;COURS;1;3;21-11-2025
ABS001273;STU00257;MAT0024;7;3;16-04-0019;TD;0;4;21-11-2025
ABS001274;STU00257;MAT0003;7;3;17-05-0026;EXAMEN;1;4;21-11-2025
ABS001275;STU00258;MAT0035;8;3;16-04-0031;COURS;1;3;21-11-2025
ABS001276;STU00258;MAT0002;8;3;17-05-0022;EXAMEN;0;4;21-11-2025
ABS001277;STU00258;MAT0017;8;3;17-03-0022;COURS;0;1;21-11-2025
ABS001278;STU00258;MAT0022;8;3;16-04-0019;TD;1;4;21-11-2025
ABS001279;STU00258;MAT0020;8;3;16-03-0017;EXAMEN;0;4;21-11-2025
ABS001280;STU00258;MAT0009;8;3;17-03-0007;COURS;1;4;21-11-2025
ABS001281;STU00259;MAT0025;9;3;16-04-0015;COURS;0;1;21-11-2025
ABS001282;STU00259;MAT0032;9;3;17-05-0023;TD;1;3;21-11-2025
ABS001283;STU00259;MAT0019;9;3;16-03-0008;TP;1;2;21-11-2025
ABS001284;STU00259;MAT0031;9;3;16-03-0013;EXAMEN;0;4;21-11-2025
ABS001285;STU00259;MAT0012;9;3;16-05-0032;EXAMEN;0;2;21-11-2025
ABS001286;STU00259;MAT0032;9;3;16-03-0017;TD;1;1;21-11-2025
ABS001287;STU00259;MAT0009;9;3;16-03-0012;TD;1;1;21-11-2025
ABS001288;STU00259;MAT0024;9;3;16-04-0022;EXAMEN;0;3;21-11-2025
ABS001289;STU00259;MAT0007;9;3;16-05-0024;EXAMEN;1;3;21-11-2025
ABS001290;STU00259;MAT0028;9;3;15-04-0024;COURS;0;3;21-11-2025
ABS001291;STU00260;MAT0016;10;3;16-04-0023;TD;0;2;21-11-2025
ABS001292;STU00261;MAT0029;1;3;16-05-0013;TP;1;4;21-11-2025
ABS001293;STU00261;MAT0012;1;3;16-03-0032;EXAMEN;0;1;21-11-2025
ABS001294;STU00261;MAT0010;1;3;16-03-0013;TP;0;4;21-11-2025
ABS001295;STU00261;MAT0004;1;3;17-03-0018;COURS;0;3;21-11-2025
ABS001296;STU00261;;1;3;17-05-0023;TP;1;2;21-11-2025
ABS001297;STU00261;MAT0031;1;3;16-04-0014;TD;0;4;21-11-2025
ABS001298;STU00261;MAT0014;1;3;16-04-0022;COURS;0;1;21-11-2025
ABS001299;STU00261;MAT0009;1;3;16-03-0028;TD;1;1;21-11-2025
ABS001300;STU00261;MAT0005;1;3;16-04-0023;TD;0;4;21-11-2025
ABS001301;STU00261;MAT0015;1;3;17-05-0018;TP;1;4;21-11-2025
ABS001302;STU00262;MAT0013;2;3;16-04-0007;TP;1;2;21-11-2025
ABS001303;STU00262;MAT0031;2;3;17-05-0011;EXAMEN;1;2;21-11-2025
ABS001304;STU00262;MAT0034;2;3;17-03-0026;TP;1;1;21-11-2025
ABS001305;STU00262;MAT0002;2;3;16-04-0026;EXAMEN;0;1;21-11-2025
ABS001306;STU00262;MAT0010;2;3;17-05-0031;COURS;1;4;21-11-2025
ABS001307;STU00262;MAT0022;2;3;15-04-0021;TP;1;3;21-11-2025
ABS001308;STU00262;MAT0031;2;3;16-04-0034;EXAMEN;1;2;21-11-2025
ABS001309;STU00262;MAT0006;2;3;15-04-0017;EXAMEN;1;1;21-11-2025
ABS001310;STU00262;MAT0018;2;3;16-04-0027;TP;1;2;21-11-2025
ABS001311;STU00262;MAT0016;2;3;15-04-0017;TD;0;3;21-11-2025
ABS001312;STU00262;MAT0022;2;3;16-03-0033;EXAMEN;0;4;21-11-2025
ABS001313;STU00262;MAT0013;2;3;16-05-0028;TD;1;3;21-11-2025
ABS001314;STU00262;MAT0024;2;3;16-03-0028;TP;0;4;21-11-2025
ABS001315;STU00263;MAT0014;3;3;17-05-0014;TP;0;4;21-11-2025
ABS001316;STU00263;MAT0026;3;3;16-04-0014;EXAMEN;1;4;21-11-2025
ABS001317;STU00263;MAT0010;3;3;16-05-0017;TP;1;3;21-11-2025
ABS001318;STU00263;MAT0026;3;3;17-03-0019;COURS;0;3;21-11-2025
ABS001319;STU00263;MAT0018;3;3;15-04-0021;EXAMEN;0;1;21-11-2025
ABS001320;STU00264;MAT0031;4;3;17-05-0010;EXAMEN;1;1;21-11-2025
ABS001321;STU00265;MAT0004;5;3;16-04-0031;COURS;1;3;21-11-2025
ABS001322;STU00265;MAT0035;5;3;16-03-0024;TP;0;1;21-11-2025
ABS001323;STU00265;MAT0028;5;3;16-05-0028;TD;0;1;21-11-2025
ABS001324;STU00265;MAT0022;5;3;17-03-0010;TP;0;2;21-11-2025
ABS001325;STU00265;MAT0018;5;3;17-03-0014;TP;1;2;21-11-2025
ABS001326;STU00265;MAT0021;5;3;16-03-0024;TD;0;4;21-11-2025
ABS001327;STU00265;MAT0002;5;3;16-03-0024;TD;0;3;21-11-2025
ABS001328;STU00265;MAT0007;5;3;16-04-0010;TD;1;2;21-11-2025
ABS001329;STU00265;MAT0011;5;3;16-03-0021;TD;1;3;21-11-2025
ABS001330;STU00266;MAT0028;6;3;16-05-0016;EXAMEN;1;2;21-11-2025
ABS001331;STU00266;MAT0006;6;3;17-03-0034;EXAMEN;1;4;21-11-2025
ABS001332;STU00266;MAT0025;6;3;17-03-0030;EXAMEN;0;3;21-11-2025
ABS001333;STU00266;MAT0032;6;3;16-03-0028;EXAMEN;1;3;21-11-2025
ABS001334;STU00266;MAT0032;6;3;16-04-0007;EXAMEN;1;2;21-11-2025
ABS001335;STU00266;MAT0005;6;3;16-04-0011;EXAMEN;0;4;21-11-2025
ABS001336;STU00266;MAT0021;6;3;16-03-0013;TP;1;2;21-11-2025
ABS001337;STU00266;MAT0015;6;3;16-05-0016;EXAMEN;1;4;21-11-2025
ABS001338;STU00266;MAT0016;6;3;16-03-0028;COURS;1;1;21-11-2025
ABS001339;STU00266;MAT0023;6;3;15-04-0025;TP;1;4;21-11-2025
ABS001340;STU00266;MAT0029;6;3;16-04-0030;EXAMEN;0;3;21-11-2025
ABS001341;STU00267;MAT0011;7;3;15-04-0012;TD;1;2;21-11-2025
ABS001342;STU00267;MAT0024;7;3;17-03-0019;COURS;1;1;21-11-2025
ABS001343;STU00267;MAT0006;7;3;16-05-0012;COURS;0;3;21-11-2025
ABS001344;STU00267;MAT0019;7;3;16-04-0011;TD;1;3;21-11-2025
ABS001345;STU00267;MAT0027;7;3;17-03-0014;TP;0;1;21-11-2025
ABS001346;STU00268;MAT0012;8;3;17-05-0027;TP;1;4;21-11-2025
ABS001347;STU00268;MAT0002;8;3;17-03-0014;TD;1;1;21-11-2025
ABS001348;STU00268;MAT0007;8;3;17-03-0031;TP;1;2;21-11-2025
ABS001349;STU00269;MAT0012;9;3;16-04-0030;TD;1;2;21-11-2025
ABS001350;STU00269;;9;3;16-03-0032;TP;1;3;21-11-2025
ABS001351;STU00270;MAT0009;10;3;17-03-0019;TD;0;2;21-11-2025
ABS001352;STU00270;MAT0024;10;3;17-03-0014;TP;1;4;21-11-2025
ABS001353;STU00270;MAT0008;10;3;16-03-0029;TD;0;1;21-11-2025
ABS001354;STU00270;MAT0009;10;3;17-03-0019;COURS;0;4;21-11-2025
ABS001355;STU00270;MAT0026;10;3;17-05-0031;EXAMEN;1;4;21-11-2025
ABS001356;STU00270;MAT0023;10;3;17-05-0023;EXAMEN;1;4;21-11-2025
ABS001357;STU00270;MAT0032;10;3;17-03-0023;TD;1;2;21-11-2025
ABS001358;STU00271;MAT0027;1;3;16-04-0010;EXAMEN;1;3;21-11-2025
ABS001359;STU00271;MAT0032;1;3;16-03-0017;TD;1;2;21-11-2025
ABS001360;STU00271;MAT0010;1;3;16-04-0031;EXAMEN;1;2;21-11-2025
ABS001361;STU00271;MAT0020;1;3;16-05-0032;EXAMEN;0;1;21-11-2025
ABS001362;STU00271;MAT0017;1;3;16-03-0021;EXAMEN;1;4;21-11-2025
ABS001363;STU00271;MAT0030;1;3;15-04-0013;TD;1;1;21-11-2025
ABS001364;STU00271;MAT0007;1;3;17-03-0011;TP;1;3;21-11-2025
ABS001365;STU00271;MAT0028;1;3;16-04-0019;COURS;1;3;21-11-2025
ABS001366;STU00271;MAT0031;1;3;16-05-0024;COURS;1;4;21-11-2025
ABS001367;STU00271;MAT0022;1;3;17-03-0018;TD;0;2;21-11-2025
ABS001368;STU00271;MAT0010;1;3;17-03-0010;TP;0;2;21-11-2025
ABS001369;STU00271;MAT0024;1;3;17-05-0023;COURS;1;3;21-11-2025
ABS001370;STU00271;MAT0023;1;3;16-05-0021;TP;0;1;21-11-2025
ABS001371;STU00272;MAT0033;2;3;15-04-0020;COURS;1;1;21-11-2025
ABS001372;STU00273;MAT0029;3;3;15-04-0028;TP;0;2;21-11-2025
ABS001373;STU00273;MAT0025;3;3;17-03-0026;TP;1;1;21-11-2025
ABS001374;STU00273;;3;3;16-03-0016;TD;0;2;21-11-2025
ABS001375;STU00273;MAT0010;3;3;15-04-0032;EXAMEN;1;3;21-11-2025
ABS001376;STU00273;MAT0005;3;3;17-03-0007;TD;1;3;21-11-2025
ABS001377;STU00273;MAT0005;3;3;17-05-0022;TD;1;2;21-11-2025
ABS001378;STU00274;MAT0022;4;3;16-05-0021;TP;1;3;21-11-2025
ABS001379;STU00274;MAT0022;4;3;16-05-0024;TP;1;3;21-11-2025
ABS001380;STU00274;MAT0016;4;3;17-05-0031;TD;1;4;21-11-2025
ABS001381;STU00275;MAT0026;5;3;16-04-0022;COURS;1;3;21-11-2025
ABS001382;STU00275;MAT0010;5;3;16-04-0010;TD;1;2;21-11-2025
ABS001383;STU00275;MAT0010;5;3;16-03-0021;COURS;1;3;21-11-2025
ABS001384;STU00275;MAT0026;5;3;16-04-0030;EXAMEN;1;3;21-11-2025
ABS001385;STU00275;MAT0011;5;3;17-03-0014;EXAMEN;1;1;21-11-2025
ABS001386;STU00275;MAT0028;5;3;15-04-0008;EXAMEN;1;2;21-11-2025
ABS001387;STU00275;MAT0002;5;3;16-04-0022;TP;1;1;21-11-2025
ABS001388;STU00276;MAT0014;6;3;15-04-0025;EXAMEN;1;2;21-11-2025
ABS001389;STU00276;MAT0011;6;3;16-04-0014;TP;0;3;21-11-2025
ABS001390;STU00276;MAT0006;6;3;17-05-0019;COURS;0;1;21-11-2025
ABS001391;STU00276;MAT0028;6;3;16-03-0024;EXAMEN;1;2;21-11-2025
ABS001392;STU00276;MAT0031;6;3;17-03-0007;TD;0;3;21-11-2025
ABS001393;STU00276;MAT0023;6;3;15-04-0028;COURS;0;3;21-11-2025
ABS001394;STU00277;;7;3;16-03-0008;TD;1;4;21-11-2025
ABS001395;STU00277;MAT0018;7;3;16-04-0010;TP;1;1;21-11-2025
ABS001396;STU00277;MAT0009;7;3;16-05-0016;COURS;1;3;21-11-2025
ABS001397;STU00277;MAT0033;7;3;17-03-0027;COURS;1;2;21-11-2025
ABS001398;STU00277;MAT0003;7;3;16-05-0016;EXAMEN;1;2;21-11-2025
ABS001399;STU00277;MAT0029;7;3;17-05-0022;TP;1;3;21-11-2025
ABS001400;STU00277;MAT0026;7;3;16-04-0027;EXAMEN;1;2;21-11-2025
ABS001401;STU00278;MAT0016;8;3;15-04-0013;EXAMEN;0;2;21-11-2025
ABS001402;STU00278;MAT0004;8;3;16-03-0009;COURS;0;4;21-11-2025
ABS001403;STU00279;MAT0022;9;3;16-04-0031;TP;1;4;21-11-2025
ABS001404;STU00279;MAT0008;9;3;15-04-0020;TP;1;2;21-11-2025
ABS001405;STU00279;MAT0003;9;3;16-04-0027;TP;0;2;21-11-2025
ABS001406;STU00279;MAT0004;9;3;15-04-0009;COURS;1;3;21-11-2025
ABS001407;STU00279;MAT0032;9;3;15-04-0012;EXAMEN;1;4;21-11-2025
ABS001408;STU00279;MAT0021;9;3;17-05-0034;EXAMEN;0;3;21-11-2025
ABS001409;STU00279;MAT0028;9;3;16-05-0029;TP;1;2;21-11-2025
ABS001410;STU00279;MAT0011;9;3;17-03-0034;TP;1;4;21-11-2025
ABS001411;STU00279;MAT0003;9;3;16-04-0011;TD;0;4;21-11-2025
ABS001412;STU00280;MAT0003;10;3;16-03-0020;COURS;1;3;21-11-2025
ABS001413;STU00280;MAT0022;10;3;17-05-0018;COURS;0;2;21-11-2025
ABS001414;STU00281;MAT0026;1;3;16-04-0023;TD;1;1;21-11-2025
ABS001415;STU00281;MAT0019;1;3;16-04-0030;EXAMEN;0;3;21-11-2025
ABS001416;STU00281;MAT0005;1;3;16-03-0020;EXAMEN;1;4;21-11-2025
ABS001417;STU00281;MAT0015;1;3;16-04-0026;TP;1;2;21-11-2025
ABS001418;STU00281;MAT0020;1;3;16-04-0015;COURS;1;3;21-11-2025
ABS001419;STU00281;;1;3;16-04-0015;TD;0;4;21-11-2025
ABS001420;STU00281;;1;3;17-03-0019;EXAMEN;0;1;21-11-2025
ABS001421;STU00282;MAT0033;2;3;16-04-0007;TP;1;1;21-11-2025
ABS001422;STU00282;MAT0014;2;3;15-04-0025;TP;1;2;21-11-2025
ABS001423;STU00282;MAT0022;2;3;15-04-0024;TD;1;2;21-11-2025
ABS001424;STU00282;MAT0028;2;3;16-03-0028;COURS;0;2;21-11-2025
ABS001425;STU00282;MAT0007;2;3;16-04-0007;TD;1;3;21-11-2025
ABS001426;STU00282;MAT0019;2;3;16-03-0028;TP;1;4;21-11-2025
ABS001427;STU00282;MAT0011;2;3;17-03-0030;TP;0;3;21-11-2025
ABS001428;STU00283;MAT0005;3;3;16-05-0009;TD;1;1;21-11-2025
ABS001429;STU00283;MAT0018;3;3;16-03-0009;TD;0;4;21-11-2025
ABS001430;STU00284;MAT0008;4;3;16-04-0023;EXAMEN;1;3;21-11-2025
ABS001431;STU00284;MAT0006;4;3;17-03-0018;TP;0;2;21-11-2025
ABS001432;STU00285;MAT0006;5;3;16-05-0032;COURS;0;3;21-11-2025
ABS001433;STU00285;MAT0035;5;3;17-03-0023;TD;1;3;21-11-2025
ABS001434;STU00285;MAT0025;5;3;16-03-0017;EXAMEN;0;4;21-11-2025
ABS001435;STU00286;MAT0005;6;3;17-05-0030;TD;1;4;21-11-2025
ABS001436;STU00286;MAT0030;6;3;17-05-0031;EXAMEN;0;3;21-11-2025
ABS001437;STU00286;MAT0003;6;3;16-03-0008;EXAMEN;0;3;21-11-2025
ABS001438;STU00286;MAT0024;6;3;16-03-0028;TP;1;1;21-11-2025
ABS001439;STU00286;MAT0030;6;3;16-04-0034;COURS;0;1;21-11-2025
ABS001440;STU00286;MAT0008;6;3;17-05-0023;TD;1;3;21-11-2025
ABS001441;STU00287;MAT0016;7;3;16-05-0017;TP;1;4;21-11-2025
ABS001442;STU00287;MAT0007;7;3;15-04-0008;COURS;1;2;21-11-2025
ABS001443;STU00287;MAT0025;7;3;17-05-0015;TD;0;4;21-11-2025
ABS001444;STU00287;MAT0024;7;3;17-03-0023;COURS;1;3;21-11-2025
ABS001445;STU00287;MAT0002;7;3;16-04-0007;TP;0;1;21-11-2025
ABS001446;STU00287;MAT0007;7;3;17-03-0023;TP;0;3;21-11-2025
ABS001447;STU00287;MAT0008;7;3;15-04-0017;TD;1;1;21-11-2025
ABS001448;STU00287;MAT0018;7;3;16-03-0008;TP;1;1;21-11-2025
ABS001449;STU00288;MAT0020;8;3;16-05-0024;TP;0;4;21-11-2025
ABS001450;STU00288;MAT0027;8;3;16-03-0016;COURS;1;3;21-11-2025
ABS001451;STU00289;MAT0007;9;3;17-05-0007;EXAMEN;0;3;21-11-2025
ABS001452;STU00289;MAT0007;9;3;15-04-0024;TP;0;2;21-11-2025
ABS001453;STU00289;MAT0011;9;3;16-03-0017;TD;1;1;21-11-2025
ABS001454;STU00290;MAT0009;10;3;16-05-0029;TD;1;2;21-11-2025
ABS001455;STU00290;MAT0034;10;3;16-04-0007;TP;1;2;21-11-2025
ABS001456;STU00290;MAT0016;10;3;15-04-0024;COURS;1;4;21-11-2025
ABS001457;STU00290;MAT0034;10;3;16-03-0033;TP;0;4;21-11-2025
ABS001458;STU00291;MAT0016;1;3;16-04-0015;COURS;1;3;21-11-2025
ABS001459;STU00291;MAT0032;1;3;17-05-0026;COURS;1;4;21-11-2025
ABS001460;STU00291;MAT0017;1;3;16-05-0013;TD;1;1;21-11-2025
ABS001461;STU00291;MAT0009;1;3;17-05-0014;COURS;0;2;21-11-2025
ABS001462;STU00291;MAT0005;1;3;16-05-0008;EXAMEN;0;2;21-11-2025
ABS001463;STU00291;;1;3;16-04-0010;TD;1;1;21-11-2025
ABS001464;STU00291;MAT0022;1;3;16-04-0010;TD;1;2;21-11-2025
ABS001465;STU00292;MAT0025;2;3;15-04-0020;TP;1;2;21-11-2025
ABS001466;STU00293;MAT0016;3;3;15-04-0013;EXAMEN;1;3;21-11-2025
ABS001467;STU00293;MAT0017;3;3;15-04-0008;COURS;1;2;21-11-2025
ABS001468;STU00293;MAT0004;3;3;16-03-0032;EXAMEN;1;2;21-11-2025
ABS001469;STU00293;MAT0019;3;3;16-04-0010;TD;0;2;21-11-2025
ABS001470;STU00293;;3;3;16-04-0031;EXAMEN;1;1;21-11-2025
ABS001471;STU00293;MAT0023;3;3;16-05-0021;TP;1;4;21-11-2025
ABS001472;STU00294;MAT0011;4;3;16-04-0015;EXAMEN;0;2;21-11-2025
ABS001473;STU00295;MAT0025;5;3;17-05-0022;TD;1;2;21-11-2025
ABS001474;STU00295;MAT0024;5;3;17-03-0015;TP;1;3;21-11-2025
ABS001475;STU00295;MAT0020;5;3;17-05-0023;EXAMEN;0;1;21-11-2025
ABS001476;STU00295;MAT0017;5;3;16-03-0016;TD;1;2;21-11-2025
ABS001477;STU00295;MAT0034;5;3;17-05-0022;COURS;0;1;21-11-2025
ABS001478;STU00295;MAT0027;5;3;16-04-0031;TP;0;2;21-11-2025
ABS001479;STU00295;MAT0020;5;3;17-03-0010;EXAMEN;0;3;21-11-2025
ABS001480;STU00295;MAT0026;5;3;16-05-0013;TP;0;4;21-11-2025
ABS001481;STU00295;MAT0016;5;3;16-05-0013;TP;0;3;21-11-2025
ABS001482;STU00295;MAT0016;5;3;16-04-0022;TP;1;4;21-11-2025
ABS001483;STU00295;MAT0005;5;3;17-05-0007;COURS;1;2;21-11-2025
ABS001484;STU00297;MAT0029;7;3;17-03-0010;TD;0;2;21-11-2025
ABS001485;STU00297;MAT0007;7;3;17-03-0018;COURS;0;4;21-11-2025
ABS001486;STU00298;MAT0029;8;3;16-05-0025;TD;0;2;21-11-2025
ABS001487;STU00298;MAT0006;8;3;17-05-0010;TP;1;2;21-11-2025
ABS001488;STU00298;MAT0018;8;3;17-03-0022;TD;1;1;21-11-2025
ABS001489;STU00298;MAT0014;8;3;15-04-0033;EXAMEN;1;1;21-11-2025
ABS001490;STU00298;MAT0015;8;3;17-03-0023;TP;0;3;21-11-2025
ABS001491;STU00298;MAT0029;8;3;16-04-0031;TD;0;1;21-11-2025
ABS001492;STU00298;MAT0002;8;3;16-05-0025;TP;0;2;21-11-2025
ABS001493;STU00298;MAT0003;8;3;17-03-0030;TD;0;2;21-11-2025
ABS001494;STU00298;MAT0019;8;3;17-03-0011;EXAMEN;0;4;21-11-2025
ABS001495;STU00298;MAT0009;8;3;17-03-0026;COURS;0;2;21-11-2025
ABS001496;STU00298;MAT0020;8;3;16-04-0027;EXAMEN;0;1;21-11-2025
ABS001497;STU00298;MAT0025;8;3;17-03-0022;COURS;0;1;21-11-2025
ABS001498;STU00299;MAT0011;9;3;16-03-0009;TD;0;4;21-11-2025
ABS001499;STU00300;MAT0011;10;3;16-05-0033;TP;1;3;21-11-2025
ABS001500;STU00300;MAT0035;10;3;15-04-0012;TD;1;4;21-11-2025
ABS001501;STU00300;MAT0029;10;3;17-03-0026;TP;0;2;21-11-2025
ABS001502;STU00300;MAT0002;10;3;16-05-0032;TD;1;4;21-11-2025
ABS001503;STU00300;MAT0006;10;3;16-05-0021;COURS;1;2;21-11-2025
ABS001504;STU00300;MAT0035;10;3;17-03-0014;COURS;1;4;21-11-2025
ABS001505;STU00300;MAT0009;10;3;16-05-0025;COURS;1;2;21-11-2025
ABS001506;STU00300;MAT0004;10;3;17-03-0014;COURS;0;1;21-11-2025
ABS001507;STU00300;MAT0035;10;3;16-04-0023;COURS;0;3;21-11-2025
ABS001508;STU00300;MAT0012;10;3;17-05-0011;COURS;1;2;21-11-2025
ABS001509;STU00300;MAT0015;10;3;16-03-0032;COURS;1;4;21-11-2025
ABS001510;STU00301;MAT0021;11;3;17-05-0031;EXAMEN;0;3;21-11-2025
ABS001511;STU00301;MAT0003;11;3;16-04-0007;COURS;1;1;21-11-2025
ABS001512;STU00301;MAT0006;11;3;17-05-0007;TP;0;1;21-11-2025
ABS001513;STU00301;MAT0013;11;3;16-03-0029;EXAMEN;1;1;21-11-2025
ABS001514;STU00301;MAT0035;11;3;15-04-0032;TP;0;1;21-11-2025
ABS001515;STU00301;MAT0023;11;3;17-05-0011;TP;1;1;21-11-2025
ABS001516;STU00301;MAT0019;11;3;17-05-0027;TP;0;1;21-11-2025
ABS001517;STU00301;MAT0010;11;3;16-05-0033;EXAMEN;0;1;21-11-2025
ABS001518;STU00301;MAT0019;11;3;16-03-0012;COURS;0;4;21-11-2025
ABS001519;STU00302;MAT0003;12;3;16-04-0007;COURS;0;3;21-11-2025
ABS001520;STU00302;MAT0023;12;3;17-03-0019;TP;0;3;21-11-2025
ABS001521;STU00302;MAT0026;12;3;17-05-0011;EXAMEN;1;2;21-11-2025
ABS001522;STU00302;MAT0018;12;3;16-04-0011;TD;1;3;21-11-2025
ABS001523;STU00302;MAT0024;12;3;16-05-0008;TP;1;4;21-11-2025
ABS001524;STU00302;MAT0003;12;3;16-05-0008;EXAMEN;0;2;21-11-2025
ABS001525;STU00302;MAT0030;12;3;16-03-0020;TP;1;1;21-11-2025
ABS001526;STU00302;MAT0034;12;3;17-05-0031;TD;0;1;21-11-2025
ABS001527;STU00302;MAT0004;12;3;15-04-0032;COURS;1;3;21-11-2025
ABS001528;STU00302;MAT0034;12;3;17-05-0010;COURS;0;3;21-11-2025
ABS001529;STU00302;MAT0031;12;3;16-05-0012;EXAMEN;1;2;21-11-2025
ABS001530;STU00302;MAT0025;12;3;16-05-0013;TD;1;1;21-11-2025
ABS001531;STU00302;MAT0016;12;3;16-04-0015;TD;1;2;21-11-2025
ABS001532;STU00302;MAT0019;12;3;17-05-0019;TD;1;3;21-11-2025
ABS001533;STU00303;MAT0009;13;3;16-04-0031;TP;1;4;21-11-2025
ABS001534;STU00303;MAT0020;13;3;17-03-0010;TP;0;1;21-11-2025
ABS001535;STU00303;MAT0025;13;3;15-04-0016;TD;1;3;21-11-2025
ABS001536;STU00303;MAT0003;13;3;16-04-0034;TD;1;2;21-11-2025
ABS001537;STU00304;MAT0019;14;3;16-05-0012;TD;1;1;21-11-2025
ABS001538;STU00304;MAT0031;14;3;16-05-0009;EXAMEN;0;3;21-11-2025
ABS001539;STU00304;MAT0034;14;3;16-04-0023;COURS;1;1;21-11-2025
ABS001540;STU00304;MAT0033;14;3;16-04-0014;TD;1;3;21-11-2025
ABS001541;STU00304;MAT0009;14;3;16-04-0030;EXAMEN;1;1;21-11-2025
ABS001542;STU00304;MAT0022;14;3;16-05-0029;COURS;0;1;21-11-2025
ABS001543;STU00304;MAT0014;14;3;16-04-0014;TD;0;3;21-11-2025
ABS001544;STU00305;MAT0008;15;3;16-05-0017;EXAMEN;1;2;21-11-2025
ABS001545;STU00305;MAT0007;15;3;16-03-0009;EXAMEN;1;1;21-11-2025
ABS001546;STU00305;MAT0013;15;3;16-05-0008;TD;1;2;21-11-2025
ABS001547;STU00305;MAT0009;15;3;15-04-0013;EXAMEN;1;2;21-11-2025
ABS001548;STU00305;MAT0003;15;3;16-03-0020;COURS;1;4;21-11-2025
ABS001549;STU00305;MAT0007;15;3;16-04-0019;EXAMEN;1;4;21-11-2025
ABS001550;STU00305;MAT0034;15;3;17-05-0030;COURS;0;2;21-11-2025
ABS001551;STU00305;MAT0002;15;3;16-03-0033;COURS;1;3;21-11-2025
ABS001552;STU00305;MAT0009;15;3;16-04-0010;COURS;0;4;21-11-2025
ABS001553;STU00305;MAT0032;15;3;16-04-0022;TP;1;1;21-11-2025
ABS001554;STU00305;;15;3;16-05-0020;TD;1;3;21-11-2025
ABS001555;STU00305;MAT0005;15;3;16-03-0008;TP;1;1;21-11-2025
ABS001556;STU00306;MAT0035;16;3;16-04-0010;TP;0;4;21-11-2025
ABS001557;STU00306;MAT0022;16;3;17-05-0022;COURS;1;4;21-11-2025
ABS001558;STU00307;MAT0033;17;3;17-03-0026;TD;0;4;21-11-2025
ABS001559;STU00307;MAT0022;17;3;15-04-0017;EXAMEN;0;3;21-11-2025
ABS001560;STU00307;MAT0019;17;3;16-03-0029;TD;1;4;21-11-2025
ABS001561;STU00307;MAT0024;17;3;16-05-0008;COURS;1;3;21-11-2025
ABS001562;STU00307;MAT0026;17;3;17-03-0022;EXAMEN;1;1;21-11-2025
ABS001563;STU00307;MAT0007;17;3;16-05-0029;COURS;1;4;21-11-2025
ABS001564;STU00307;MAT0013;17;3;16-03-0008;COURS;1;2;21-11-2025
ABS001565;STU00307;MAT0026;17;3;16-04-0019;COURS;1;1;21-11-2025
ABS001566;STU00307;MAT0030;17;3;16-04-0011;COURS;0;2;21-11-2025
ABS001567;STU00307;MAT0014;17;3;16-03-0012;TP;1;3;21-11-2025
ABS001568;STU00308;MAT0012;18;3;16-05-0024;EXAMEN;1;4;21-11-2025
ABS001569;STU00308;MAT0032;18;3;17-05-0034;EXAMEN;1;2;21-11-2025
ABS001570;STU00308;MAT0034;18;3;16-05-0013;TP;0;1;21-11-2025
ABS001571;STU00308;MAT0020;18;3;17-03-0014;COURS;1;4;21-11-2025
ABS001572;STU00308;MAT0020;18;3;16-03-0017;TD;1;2;21-11-2025
ABS001573;STU00308;MAT0014;18;3;15-04-0008;TD;1;1;21-11-2025
ABS001574;STU00308;MAT0024;18;3;17-03-0010;EXAMEN;1;1;21-11-2025
ABS001575;STU00308;MAT0004;18;3;16-05-0033;TP;1;1;21-11-2025
ABS001576;STU00308;MAT0012;18;3;15-04-0016;COURS;1;4;21-11-2025
ABS001577;STU00308;MAT0011;18;3;15-04-0025;EXAMEN;1;4;21-11-2025
ABS001578;STU00308;MAT0025;18;3;16-05-0025;TP;1;4;21-11-2025
ABS001579;STU00308;MAT0019;18;3;17-03-0023;TD;1;3;21-11-2025
ABS001580;STU00308;MAT0016;18;3;17-05-0019;TD;0;1;21-11-2025
ABS001581;STU00308;MAT0033;18;3;16-04-0007;TP;1;2;21-11-2025
ABS001582;STU00310;MAT0010;20;3;16-04-0031;EXAMEN;1;1;21-11-2025
ABS001583;STU00310;MAT0002;20;3;16-04-0026;EXAMEN;0;1;21-11-2025
ABS001584;STU00310;MAT0027;20;3;16-04-0031;COURS;1;2;21-11-2025
ABS001585;STU00310;MAT0020;20;3;16-05-0013;TD;1;2;21-11-2025
ABS001586;STU00310;MAT0024;20;3;15-04-0028;TD;1;2;21-11-2025
ABS001587;STU00310;MAT0002;20;3;16-05-0024;TP;1;3;21-11-2025
ABS001588;STU00310;MAT0008;20;3;15-04-0028;TD;1;4;21-11-2025
ABS001589;STU00310;MAT0010;20;3;16-04-0007;EXAMEN;1;3;21-11-2025
ABS001590;STU00310;MAT0010;20;3;16-05-0028;EXAMEN;1;1;21-11-2025
ABS001591;STU00310;MAT0025;20;3;17-05-0019;TP;1;1;21-11-2025
ABS001592;STU00310;MAT0031;20;3;17-03-0007;EXAMEN;0;2;21-11-2025
ABS001593;STU00311;MAT0008;11;3;16-05-0017;TP;1;3;21-11-2025
ABS001594;STU00312;MAT0033;12;3;16-04-0034;TP;1;1;21-11-2025
ABS001595;STU00312;MAT0011;12;3;16-03-0033;EXAMEN;1;1;21-11-2025
ABS001596;STU00312;MAT0033;12;3;16-03-0028;EXAMEN;1;4;21-11-2025
ABS001597;STU00312;MAT0008;12;3;16-03-0008;EXAMEN;1;1;21-11-2025
ABS001598;STU00312;MAT0013;12;3;16-03-0028;TP;1;1;21-11-2025
ABS001599;STU00312;MAT0025;12;3;16-03-0009;COURS;1;3;21-11-2025
ABS001600;STU00312;MAT0005;12;3;16-03-0016;TP;0;4;21-11-2025
ABS001601;STU00313;MAT0029;13;3;17-03-0034;EXAMEN;1;1;21-11-2025
ABS001602;STU00313;MAT0015;13;3;17-05-0018;TP;0;4;21-11-2025
ABS001603;STU00314;MAT0029;14;3;16-03-0008;TD;1;4;21-11-2025
ABS001604;STU00315;MAT0006;15;3;16-03-0024;EXAMEN;1;4;21-11-2025
ABS001605;STU00318;MAT0035;18;3;16-05-0028;TP;0;2;21-11-2025
ABS001606;STU00318;MAT0030;18;3;16-03-0013;TD;0;2;21-11-2025
ABS001607;STU00318;MAT0011;18;3;16-04-0018;TD;0;4;21-11-2025
ABS001608;STU00318;MAT0035;18;3;16-03-0021;COURS;1;2;21-11-2025
ABS001609;STU00318;MAT0007;18;3;16-03-0028;COURS;1;1;21-11-2025
ABS001610;STU00318;MAT0015;18;3;16-04-0010;EXAMEN;0;3;21-11-2025
ABS001611;STU00319;MAT0023;19;3;16-05-0025;EXAMEN;0;2;21-11-2025
ABS001612;STU00319;MAT0035;19;3;15-04-0009;TP;0;1;21-11-2025
ABS001613;STU00319;MAT0021;19;3;16-05-0012;COURS;0;4;21-11-2025
ABS001614;STU00319;MAT0003;19;3;16-04-0023;COURS;1;3;21-11-2025
ABS001615;STU00319;MAT0029;19;3;17-03-0014;TD;1;1;21-11-2025
ABS001616;STU00319;MAT0035;19;3;16-04-0022;COURS;1;4;21-11-2025
ABS001617;STU00319;MAT0032;19;3;16-05-0032;TD;1;1;21-11-2025
ABS001618;STU00319;MAT0011;19;3;16-03-0033;COURS;1;2;21-11-2025
ABS001619;STU00319;MAT0013;19;3;17-03-0027;TP;1;4;21-11-2025
ABS001620;STU00319;MAT0035;19;3;16-03-0025;TP;1;4;21-11-2025
ABS001621;STU00319;MAT0029;19;3;16-05-0028;TD;1;2;21-11-2025
ABS001622;STU00319;MAT0008;19;3;17-05-0014;TD;1;3;21-11-2025
ABS001623;STU00319;MAT0022;19;3;16-04-0007;TD;1;4;21-11-2025
ABS001624;STU00319;MAT0032;19;3;17-05-0007;EXAMEN;1;1;21-11-2025
ABS001625;STU00319;MAT0004;19;3;16-04-0022;EXAMEN;1;4;21-11-2025
ABS001626;STU00320;;20;3;17-03-0018;EXAMEN;1;1;21-11-2025
ABS001627;STU00320;MAT0011;20;3;16-05-0033;TD;0;3;21-11-2025
ABS001628;STU00320;MAT0011;20;3;15-04-0028;COURS;1;3;21-11-2025
ABS001629;STU00320;MAT0022;20;3;17-03-0031;EXAMEN;1;3;21-11-2025
ABS001630;STU00321;MAT0012;11;3;17-05-0027;COURS;1;2;21-11-2025
ABS001631;STU00321;MAT0026;11;3;15-04-0025;EXAMEN;1;1;21-11-2025
ABS001632;STU00321;MAT0035;11;3;16-05-0025;TP;0;3;21-11-2025
ABS001633;STU00323;MAT0003;13;3;15-04-0032;TD;1;4;21-11-2025
ABS001634;STU00323;MAT0017;13;3;17-05-0026;TP;1;3;21-11-2025
ABS001635;STU00323;MAT0033;13;3;16-05-0017;COURS;1;3;21-11-2025
ABS001636;STU00323;MAT0035;13;3;15-04-0021;EXAMEN;1;1;21-11-2025
ABS001637;STU00323;MAT0029;13;3;17-05-0027;COURS;1;2;21-11-2025
ABS001638;STU00323;MAT0026;13;3;16-03-0024;EXAMEN;1;2;21-11-2025
ABS001639;STU00323;MAT0012;13;3;17-05-0031;COURS;1;4;21-11-2025
ABS001640;STU00323;MAT0005;13;3;16-04-0019;COURS;1;4;21-11-2025
ABS001641;STU00324;MAT0028;14;3;17-05-0011;EXAMEN;1;2;21-11-2025
ABS001642;STU00325;MAT0032;15;3;16-05-0013;COURS;1;3;21-11-2025
ABS001643;STU00325;;15;3;17-05-0023;EXAMEN;1;2;21-11-2025
ABS001644;STU00325;MAT0018;15;3;15-04-0008;COURS;1;3;21-11-2025
ABS001645;STU00325;MAT0022;15;3;16-04-0019;EXAMEN;1;1;21-11-2025
ABS001646;STU00325;MAT0011;15;3;17-05-0010;TP;1;2;21-11-2025
ABS001647;STU00325;MAT0024;15;3;16-05-0017;TP;0;4;21-11-2025
ABS001648;STU00325;MAT0026;15;3;15-04-0025;TD;0;3;21-11-2025
ABS001649;STU00326;MAT0035;16;3;17-05-0011;TP;1;2;21-11-2025
ABS001650;STU00326;MAT0007;16;3;16-03-0024;TP;1;3;21-11-2025
ABS001651;STU00326;MAT0021;16;3;16-03-0028;TD;1;3;21-11-2025
ABS001652;STU00326;MAT0012;16;3;17-05-0022;TP;1;2;21-11-2025
ABS001653;STU00326;MAT0015;16;3;15-04-0025;TD;0;3;21-11-2025
ABS001654;STU00326;MAT0033;16;3;17-03-0014;COURS;1;4;21-11-2025
ABS001655;STU00326;MAT0002;16;3;16-04-0018;EXAMEN;1;4;21-11-2025
ABS001656;STU00326;MAT0002;16;3;16-05-0017;TP;1;3;21-11-2025
ABS001657;STU00326;;16;3;16-04-0014;TD;0;1;21-11-2025
ABS001658;STU00326;MAT0005;16;3;17-05-0023;COURS;1;4;21-11-2025
ABS001659;STU00326;MAT0013;16;3;16-03-0008;TP;1;3;21-11-2025
ABS001660;STU00327;MAT0020;17;3;17-03-0019;COURS;0;4;21-11-2025
ABS001661;STU00327;MAT0021;17;3;16-03-0017;TD;0;2;21-11-2025
ABS001662;STU00327;MAT0014;17;3;16-04-0026;EXAMEN;1;1;21-11-2025
ABS001663;STU00327;MAT0028;17;3;16-03-0032;EXAMEN;1;1;21-11-2025
ABS001664;STU00327;MAT0018;17;3;17-03-0026;TD;1;1;21-11-2025
ABS001665;STU00329;MAT0025;19;3;16-03-0021;COURS;1;4;21-11-2025
ABS001666;STU00329;MAT0009;19;3;16-05-0008;EXAMEN;0;3;21-11-2025
ABS001667;STU00329;MAT0033;19;3;17-03-0014;TP;1;2;21-11-2025
ABS001668;STU00329;MAT0028;19;3;15-04-0024;EXAMEN;0;3;21-11-2025
ABS001669;STU00329;MAT0027;19;3;17-05-0023;EXAMEN;1;3;21-11-2025
ABS001670;STU00329;MAT0011;19;3;16-04-0034;TD;1;3;21-11-2025
ABS001671;STU00329;MAT0018;19;3;16-05-0017;TP;1;4;21-11-2025
ABS001672;STU00329;MAT0021;19;3;15-04-0032;TP;0;2;21-11-2025
ABS001673;STU00329;MAT0008;19;3;16-04-0026;COURS;1;4;21-11-2025
ABS001674;STU00329;MAT0009;19;3;16-04-0007;COURS;1;1;21-11-2025
ABS001675;STU00329;MAT0020;19;3;16-03-0032;TP;1;2;21-11-2025
ABS001676;STU00329;MAT0009;19;3;17-03-0014;COURS;1;3;21-11-2025
ABS001677;STU00329;;19;3;16-03-0013;TP;0;1;21-11-2025
ABS001678;STU00330;MAT0012;20;3;17-05-0030;COURS;0;3;21-11-2025
ABS001679;STU00331;MAT0032;11;3;15-04-0025;TD;1;2;21-11-2025
ABS001680;STU00332;MAT0027;12;3;16-05-0016;TD;1;2;21-11-2025
ABS001681;STU00333;MAT0024;13;3;16-05-0012;TP;0;1;21-11-2025
ABS001682;STU00333;MAT0012;13;3;16-05-0013;COURS;1;2;21-11-2025
ABS001683;STU00334;;14;3;16-03-0033;TP;1;1;21-11-2025
ABS001684;STU00334;;14;3;16-04-0030;COURS;1;4;21-11-2025
ABS001685;STU00334;MAT0011;14;3;16-04-0022;TD;1;4;21-11-2025
ABS001686;STU00334;MAT0035;14;3;16-04-0007;TD;1;4;21-11-2025
ABS001687;STU00334;MAT0006;14;3;16-05-0029;EXAMEN;0;2;21-11-2025
ABS001688;STU00334;MAT0030;14;3;16-04-0022;TP;0;3;21-11-2025
ABS001689;STU00334;MAT0018;14;3;17-05-0027;EXAMEN;0;2;21-11-2025
ABS001690;STU00335;MAT0006;15;3;17-03-0026;EXAMEN;1;2;21-11-2025
ABS001691;STU00336;MAT0029;16;3;16-03-0029;COURS;1;2;21-11-2025
ABS001692;STU00336;MAT0014;16;3;16-03-0021;TD;1;2;21-11-2025
ABS001693;STU00336;MAT0012;16;3;17-05-0027;COURS;0;2;21-11-2025
ABS001694;STU00336;MAT0014;16;3;16-03-0025;EXAMEN;1;1;21-11-2025
ABS001695;STU00336;MAT0021;16;3;16-05-0020;COURS;1;2;21-11-2025
ABS001696;STU00336;MAT0010;16;3;16-05-0024;TD;1;3;21-11-2025
ABS001697;STU00336;MAT0016;16;3;17-05-0018;TD;0;3;21-11-2025
ABS001698;STU00337;MAT0032;17;3;17-05-0030;TD;0;4;21-11-2025
ABS001699;STU00337;MAT0002;17;3;16-04-0014;TP;0;3;21-11-2025
ABS001700;STU00337;MAT0032;17;3;16-05-0032;COURS;0;4;21-11-2025
ABS001701;STU00337;MAT0029;17;3;16-05-0033;COURS;0;2;21-11-2025
ABS001702;STU00337;MAT0011;17;3;15-04-0009;COURS;0;4;21-11-2025
ABS001703;STU00337;MAT0008;17;3;17-05-0022;TD;1;3;21-11-2025
ABS001704;STU00338;MAT0002;18;3;17-03-0011;COURS;0;3;21-11-2025
ABS001705;STU00338;MAT0004;18;3;16-04-0030;TD;0;1;21-11-2025
ABS001706;STU00338;MAT0032;18;3;16-04-0031;EXAMEN;1;4;21-11-2025
ABS001707;STU00338;MAT0014;18;3;15-04-0028;TP;1;3;21-11-2025
ABS001708;STU00338;MAT0035;18;3;17-03-0014;EXAMEN;1;1;21-11-2025
ABS001709;STU00338;MAT0018;18;3;17-03-0007;TP;0;4;21-11-2025
ABS001710;STU00338;MAT0021;18;3;16-05-0009;COURS;1;3;21-11-2025
ABS001711;STU00338;MAT0006;18;3;16-03-0013;COURS;1;2;21-11-2025
ABS001712;STU00338;MAT0023;18;3;16-05-0025;COURS;0;2;21-11-2025
ABS001713;STU00338;MAT0033;18;3;16-04-0015;TD;0;2;21-11-2025
ABS001714;STU00338;MAT0027;18;3;16-03-0025;EXAMEN;0;4;21-11-2025
ABS001715;STU00339;MAT0004;19;3;17-03-0019;TD;1;1;21-11-2025
ABS001716;STU00339;MAT0008;19;3;16-03-0012;EXAMEN;1;2;21-11-2025
ABS001717;STU00339;MAT0006;19;3;17-03-0010;COURS;0;4;21-11-2025
ABS001718;STU00339;MAT0012;19;3;17-03-0011;COURS;0;1;21-11-2025
ABS001719;STU00339;MAT0022;19;3;16-04-0011;EXAMEN;1;2;21-11-2025
ABS001720;STU00339;MAT0014;19;3;17-05-0030;COURS;0;2;21-11-2025
ABS001721;STU00339;MAT0022;19;3;16-04-0019;TD;1;2;21-11-2025
ABS001722;STU00339;MAT0020;19;3;16-04-0027;COURS;0;3;21-11-2025
ABS001723;STU00339;MAT0006;19;3;17-03-0010;TP;0;4;21-11-2025
ABS001724;STU00340;MAT0021;20;3;16-03-0025;TD;0;3;21-11-2025
ABS001725;STU00340;MAT0002;20;3;16-04-0011;TD;1;3;21-11-2025
ABS001726;STU00340;MAT0025;20;3;16-04-0030;COURS;1;1;21-11-2025
ABS001727;STU00340;MAT0023;20;3;16-03-0029;TD;1;4;21-11-2025
ABS001728;STU00340;MAT0007;20;3;17-03-0031;TD;1;1;21-11-2025
ABS001729;STU00341;MAT0021;11;3;16-04-0018;TP;1;2;21-11-2025
ABS001730;STU00341;MAT0002;11;3;17-03-0034;TP;1;2;21-11-2025
ABS001731;STU00341;MAT0031;11;3;17-03-0011;COURS;1;3;21-11-2025
ABS001732;STU00341;MAT0031;11;3;16-05-0012;TD;1;3;21-11-2025
ABS001733;STU00341;MAT0004;11;3;16-03-0012;EXAMEN;1;1;21-11-2025
ABS001734;STU00341;MAT0002;11;3;15-04-0020;EXAMEN;0;2;21-11-2025
ABS001735;STU00341;MAT0007;11;3;16-04-0023;TP;0;2;21-11-2025
ABS001736;STU00341;;11;3;17-05-0027;TD;1;3;21-11-2025
ABS001737;STU00341;MAT0004;11;3;17-03-0014;COURS;0;3;21-11-2025
ABS001738;STU00341;MAT0029;11;3;16-04-0022;TP;1;3;21-11-2025
ABS001739;STU00341;MAT0024;11;3;16-05-0009;EXAMEN;1;3;21-11-2025
ABS001740;STU00342;MAT0031;12;3;17-03-0015;COURS;0;3;21-11-2025
ABS001741;STU00342;;12;3;15-04-0020;COURS;0;1;21-11-2025
ABS001742;STU00342;MAT0033;12;3;16-03-0032;COURS;0;1;21-11-2025
ABS001743;STU00342;MAT0027;12;3;16-05-0032;TD;0;4;21-11-2025
ABS001744;STU00343;MAT0034;13;3;16-03-0020;COURS;1;1;21-11-2025
ABS001745;STU00344;MAT0002;14;3;17-03-0011;COURS;1;1;21-11-2025
ABS001746;STU00345;MAT0007;15;3;15-04-0021;TD;0;2;21-11-2025
ABS001747;STU00345;MAT0004;15;3;15-04-0009;TP;1;3;21-11-2025
ABS001748;STU00345;MAT0013;15;3;15-04-0016;EXAMEN;0;2;21-11-2025
ABS001749;STU00346;MAT0035;16;3;17-03-0018;TP;1;4;21-11-2025
ABS001750;STU00346;MAT0032;16;3;17-05-0015;COURS;0;1;21-11-2025
ABS001751;STU00346;MAT0013;16;3;15-04-0013;EXAMEN;0;4;21-11-2025
ABS001752;STU00346;MAT0028;16;3;15-04-0033;EXAMEN;1;2;21-11-2025
ABS001753;STU00346;MAT0005;16;3;17-03-0018;TD;1;4;21-11-2025
ABS001754;STU00346;MAT0004;16;3;16-03-0008;TP;1;4;21-11-2025
ABS001755;STU00346;MAT0022;16;3;16-03-0016;COURS;1;1;21-11-2025
ABS001756;STU00346;MAT0032;16;3;16-03-0021;EXAMEN;0;3;21-11-2025
ABS001757;STU00346;MAT0017;16;3;17-03-0007;TD;1;1;21-11-2025
ABS001758;STU00346;MAT0018;16;3;16-05-0025;COURS;0;1;21-11-2025
ABS001759;STU00346;MAT0012;16;3;15-04-0032;COURS;0;1;21-11-2025
ABS001760;STU00346;MAT0032;16;3;16-05-0016;EXAMEN;1;4;21-11-2025
ABS001761;STU00346;MAT0005;16;3;17-05-0014;TD;1;4;21-11-2025
ABS001762;STU00346;MAT0027;16;3;17-05-0010;EXAMEN;1;3;21-11-2025
ABS001763;STU00347;MAT0014;17;3;17-03-0011;EXAMEN;0;1;21-11-2025
ABS001764;STU00347;MAT0018;17;3;16-04-0022;TD;0;2;21-11-2025
ABS001765;STU00347;MAT0012;17;3;15-04-0020;TD;1;3;21-11-2025
ABS001766;STU00347;MAT0008;17;3;16-05-0025;EXAMEN;1;1;21-11-2025
ABS001767;STU00347;MAT0017;17;3;16-05-0033;TD;1;2;21-11-2025
ABS001768;STU00347;MAT0030;17;3;16-03-0013;COURS;1;2;21-11-2025
ABS001769;STU00347;MAT0027;17;3;16-03-0009;COURS;1;1;21-11-2025
ABS001770;STU00347;MAT0017;17;3;16-05-0032;COURS;1;1;21-11-2025
ABS001771;STU00347;MAT0033;17;3;17-03-0018;EXAMEN;1;1;21-11-2025
ABS001772;STU00347;MAT0002;17;3;16-03-0021;TP;1;1;21-11-2025
ABS001773;STU00347;MAT0026;17;3;16-03-0024;TP;0;2;21-11-2025
ABS001774;STU00347;MAT0008;17;3;17-03-0031;EXAMEN;1;3;21-11-2025
ABS001775;STU00347;MAT0015;17;3;17-05-0023;EXAMEN;1;3;21-11-2025
ABS001776;STU00347;MAT0035;17;3;16-04-0007;TD;0;1;21-11-2025
ABS001777;STU00348;MAT0006;18;3;16-04-0022;TD;1;4;21-11-2025
ABS001778;STU00348;MAT0020;18;3;16-05-0009;EXAMEN;0;1;21-11-2025
ABS001779;STU00348;MAT0032;18;3;17-03-0023;TP;1;4;21-11-2025
ABS001780;STU00348;MAT0010;18;3;17-05-0023;EXAMEN;1;4;21-11-2025
ABS001781;STU00348;MAT0031;18;3;16-05-0028;COURS;0;3;21-11-2025
ABS001782;STU00348;MAT0008;18;3;16-03-0029;TP;1;1;21-11-2025
ABS001783;STU00349;MAT0032;19;3;15-04-0008;TD;0;3;21-11-2025
ABS001784;STU00349;MAT0015;19;3;16-05-0032;TP;1;3;21-11-2025
ABS001785;STU00349;MAT0030;19;3;17-03-0031;EXAMEN;0;1;21-11-2025
ABS001786;STU00349;MAT0019;19;3;16-05-0020;EXAMEN;1;2;21-11-2025
ABS001787;STU00349;MAT0028;19;3;17-05-0015;COURS;0;3;21-11-2025
ABS001788;STU00350;MAT0022;20;3;17-03-0011;COURS;1;2;21-11-2025
ABS001789;STU00350;MAT0016;20;3;15-04-0025;EXAMEN;0;2;21-11-2025
ABS001790;STU00350;MAT0015;20;3;17-03-0023;TP;1;2;21-11-2025
ABS001791;STU00350;MAT0028;20;3;16-05-0008;TD;1;4;21-11-2025
ABS001792;STU00350;MAT0034;20;3;16-04-0011;EXAMEN;1;1;21-11-2025
ABS001793;STU00350;MAT0005;20;3;16-04-0007;COURS;0;2;21-11-2025
ABS001794;STU00350;MAT0016;20;3;16-03-0025;TP;1;2;21-11-2025
ABS001795;STU00350;MAT0027;20;3;16-03-0029;COURS;0;4;21-11-2025
ABS001796;STU00350;;20;3;16-05-0020;TP;0;2;21-11-2025
ABS001797;STU00350;MAT0021;20;3;17-03-0015;COURS;1;1;21-11-2025
ABS001798;STU00350;MAT0018;20;3;17-03-0018;TP;1;3;21-11-2025
ABS001799;STU00350;MAT0007;20;3;17-03-0026;EXAMEN;0;1;21-11-2025
ABS001800;STU00350;MAT0019;20;3;16-03-0029;TP;0;4;21-11-2025
ABS001801;STU00350;MAT0005;20;3;16-04-0034;EXAMEN;1;4;21-11-2025
ABS001802;STU00350;MAT0034;20;3;16-05-0009;TD;1;1;21-11-2025
ABS001803;STU00351;MAT0026;11;3;17-03-0034;EXAMEN;1;2;21-11-2025
ABS001804;STU00351;MAT0006;11;3;17-03-0015;EXAMEN;0;1;21-11-2025
ABS001805;STU00352;MAT0025;12;3;17-03-0019;TP;1;2;21-11-2025
ABS001806;STU00352;MAT0026;12;3;16-05-0025;EXAMEN;0;4;21-11-2025
ABS001807;STU00354;MAT0008;14;3;16-05-0008;COURS;1;2;21-11-2025
ABS001808;STU00355;MAT0025;15;3;16-04-0014;COURS;1;1;21-11-2025
ABS001809;STU00355;MAT0028;15;3;15-04-0009;COURS;0;4;21-11-2025
ABS001810;STU00355;MAT0021;15;3;16-03-0020;TD;1;2;21-11-2025
ABS001811;STU00355;MAT0017;15;3;17-03-0023;TP;1;1;21-11-2025
ABS001812;STU00355;;15;3;16-04-0022;COURS;0;3;21-11-2025
ABS001813;STU00355;MAT0034;15;3;16-03-0016;TP;0;3;21-11-2025
ABS001814;STU00355;MAT0018;15;3;16-04-0019;EXAMEN;1;4;21-11-2025
ABS001815;STU00355;MAT0028;15;3;16-03-0017;TP;0;3;21-11-2025
ABS001816;STU00355;MAT0024;15;3;15-04-0020;EXAMEN;1;3;21-11-2025
ABS001817;STU00355;MAT0029;15;3;17-05-0007;TP;1;2;21-11-2025
ABS001818;STU00355;MAT0033;15;3;16-03-0032;COURS;1;2;21-11-2025
ABS001819;STU00355;MAT0026;15;3;16-04-0015;EXAMEN;1;2;21-11-2025
ABS001820;STU00355;MAT0019;15;3;15-04-0017;COURS;0;3;21-11-2025
ABS001821;STU00355;MAT0023;15;3;17-05-0026;TD;1;1;21-11-2025
ABS001822;STU00355;MAT0028;15;3;16-05-0028;TD;1;1;21-11-2025
ABS001823;STU00356;MAT0029;16;3;17-03-0031;EXAMEN;1;4;21-11-2025
ABS001824;STU00356;MAT0031;16;3;16-05-0028;TP;1;3;21-11-2025
ABS001825;STU00356;MAT0025;16;3;16-05-0009;COURS;0;2;21-11-2025
ABS001826;STU00356;MAT0007;16;3;15-04-0029;COURS;1;3;21-11-2025
ABS001827;STU00356;MAT0034;16;3;16-05-0032;EXAMEN;1;1;21-11-2025
ABS001828;STU00356;MAT0007;16;3;17-05-0007;EXAMEN;1;4;21-11-2025
ABS001829;STU00356;MAT0032;16;3;15-04-0029;TD;0;1;21-11-2025
ABS001830;STU00356;MAT0023;16;3;16-03-0025;EXAMEN;1;1;21-11-2025
ABS001831;STU00356;MAT0009;16;3;15-04-0021;EXAMEN;1;2;21-11-2025
ABS001832;STU00356;MAT0028;16;3;16-05-0032;COURS;0;1;21-11-2025
ABS001833;STU00356;MAT0014;16;3;16-03-0008;TP;0;4;21-11-2025
ABS001834;STU00356;MAT0028;16;3;16-04-0014;TP;1;4;21-11-2025
ABS001835;STU00357;MAT0011;17;3;17-05-0018;TP;1;2;21-11-2025
ABS001836;STU00358;MAT0015;18;3;17-05-0031;TP;1;3;21-11-2025
ABS001837;STU00358;MAT0003;18;3;15-04-0008;EXAMEN;0;3;21-11-2025
ABS001838;STU00358;MAT0030;18;3;16-04-0027;TP;1;2;21-11-2025
ABS001839;STU00358;MAT0009;18;3;17-03-0010;TD;0;4;21-11-2025
ABS001840;STU00358;MAT0035;18;3;16-04-0031;EXAMEN;1;1;21-11-2025
ABS001841;STU00358;MAT0026;18;3;15-04-0021;TD;0;3;21-11-2025
ABS001842;STU00358;MAT0011;18;3;17-05-0027;EXAMEN;0;2;21-11-2025
ABS001843;STU00359;MAT0005;19;3;16-05-0012;EXAMEN;1;1;21-11-2025
ABS001844;STU00360;MAT0025;20;3;16-05-0032;TD;1;3;21-11-2025
ABS001845;STU00360;MAT0013;20;3;15-04-0029;COURS;1;2;21-11-2025
ABS001846;STU00360;MAT0035;20;3;16-04-0030;TD;0;2;21-11-2025
ABS001847;STU00361;MAT0007;11;3;16-03-0008;COURS;1;4;21-11-2025
ABS001848;STU00361;MAT0033;11;3;16-04-0022;TP;1;1;21-11-2025
ABS001849;STU00361;MAT0012;11;3;16-04-0018;TP;0;3;21-11-2025
ABS001850;STU00361;MAT0028;11;3;16-04-0015;COURS;1;2;21-11-2025
ABS001851;STU00361;MAT0005;11;3;17-05-0018;EXAMEN;1;2;21-11-2025
ABS001852;STU00363;MAT0008;13;3;17-03-0027;TD;1;3;21-11-2025
ABS001853;STU00363;MAT0025;13;3;17-05-0030;EXAMEN;1;2;21-11-2025
ABS001854;STU00363;MAT0004;13;3;17-05-0026;TP;1;3;21-11-2025
ABS001855;STU00363;MAT0009;13;3;15-04-0025;EXAMEN;0;4;21-11-2025
ABS001856;STU00363;MAT0017;13;3;17-05-0011;EXAMEN;0;1;21-11-2025
ABS001857;STU00363;MAT0035;13;3;17-05-0026;EXAMEN;1;2;21-11-2025
ABS001858;STU00363;MAT0014;13;3;16-04-0011;TD;1;2;21-11-2025
ABS001859;STU00363;MAT0016;13;3;17-05-0014;COURS;0;1;21-11-2025
ABS001860;STU00363;MAT0032;13;3;16-05-0028;COURS;1;2;21-11-2025
ABS001861;STU00363;MAT0012;13;3;16-05-0013;COURS;1;2;21-11-2025
ABS001862;STU00363;MAT0008;13;3;17-03-0011;COURS;1;1;21-11-2025
ABS001863;STU00363;MAT0012;13;3;17-03-0014;COURS;0;4;21-11-2025
ABS001864;STU00363;MAT0025;13;3;15-04-0020;COURS;0;1;21-11-2025
ABS001865;STU00364;MAT0031;14;3;16-05-0032;EXAMEN;0;1;21-11-2025
ABS001866;STU00364;MAT0024;14;3;15-04-0013;EXAMEN;1;3;21-11-2025
ABS001867;STU00365;MAT0021;15;3;16-05-0016;TD;1;1;21-11-2025
ABS001868;STU00365;MAT0004;15;3;17-05-0023;EXAMEN;0;2;21-11-2025
ABS001869;STU00365;MAT0020;15;3;16-03-0017;EXAMEN;1;3;21-11-2025
ABS001870;STU00365;MAT0007;15;3;16-05-0032;COURS;0;1;21-11-2025
ABS001871;STU00365;MAT0026;15;3;15-04-0033;TD;0;3;21-11-2025
ABS001872;STU00365;MAT0025;15;3;16-04-0030;EXAMEN;1;3;21-11-2025
ABS001873;STU00365;MAT0003;15;3;16-03-0029;EXAMEN;1;4;21-11-2025
ABS001874;STU00365;MAT0006;15;3;16-04-0015;COURS;0;4;21-11-2025
ABS001875;STU00365;MAT0006;15;3;15-04-0016;COURS;1;2;21-11-2025
ABS001876;STU00365;MAT0029;15;3;16-04-0007;TP;0;3;21-11-2025
ABS001877;STU00365;MAT0003;15;3;17-05-0022;COURS;1;2;21-11-2025
ABS001878;STU00366;MAT0025;16;3;17-05-0011;EXAMEN;0;4;21-11-2025
ABS001879;STU00367;MAT0034;17;3;15-04-0024;COURS;1;4;21-11-2025
ABS001880;STU00367;MAT0024;17;3;16-05-0009;COURS;1;4;21-11-2025
ABS001881;STU00368;MAT0030;18;3;16-03-0025;EXAMEN;0;2;21-11-2025
ABS001882;STU00368;MAT0006;18;3;17-03-0007;TD;1;3;21-11-2025
ABS001883;STU00368;MAT0034;18;3;16-04-0034;TD;1;3;21-11-2025
ABS001884;STU00368;;18;3;16-03-0024;TP;1;1;21-11-2025
ABS001885;STU00368;MAT0022;18;3;16-04-0018;TP;1;1;21-11-2025
ABS001886;STU00368;MAT0030;18;3;16-04-0022;TP;1;2;21-11-2025
ABS001887;STU00368;MAT0025;18;3;15-04-0016;TD;1;1;21-11-2025
ABS001888;STU00368;MAT0010;18;3;16-05-0028;TP;0;4;21-11-2025
ABS001889;STU00368;MAT0018;18;3;16-03-0020;TD;0;4;21-11-2025
ABS001890;STU00368;MAT0005;18;3;16-04-0023;EXAMEN;0;3;21-11-2025
ABS001891;STU00368;MAT0024;18;3;17-05-0030;TP;1;1;21-11-2025
ABS001892;STU00368;MAT0019;18;3;17-05-0018;TP;1;1;21-11-2025
ABS001893;STU00368;MAT0033;18;3;15-04-0020;TD;0;2;21-11-2025
ABS001894;STU00368;MAT0024;18;3;17-03-0034;EXAMEN;1;1;21-11-2025
ABS001895;STU00368;MAT0005;18;3;16-05-0008;EXAMEN;0;3;21-11-2025
ABS001896;STU00369;MAT0009;19;3;16-03-0013;TP;1;4;21-11-2025
ABS001897;STU00370;MAT0018;20;3;16-05-0017;COURS;0;4;21-11-2025
ABS001898;STU00370;MAT0034;20;3;17-05-0027;TD;0;3;21-11-2025
ABS001899;STU00371;MAT0025;11;3;15-04-0009;TP;0;1;21-11-2025
ABS001900;STU00371;MAT0023;11;3;16-03-0032;COURS;0;3;21-11-2025
ABS001901;STU00371;MAT0012;11;3;17-03-0026;EXAMEN;1;1;21-11-2025
ABS001902;STU00371;MAT0021;11;3;16-05-0009;TD;1;1;21-11-2025
ABS001903;STU00372;MAT0009;12;3;16-03-0033;TD;0;4;21-11-2025
ABS001904;STU00372;MAT0028;12;3;16-03-0032;TP;1;1;21-11-2025
ABS001905;STU00372;MAT0006;12;3;16-04-0015;TP;1;3;21-11-2025
ABS001906;STU00372;MAT0015;12;3;16-05-0016;TD;1;4;21-11-2025
ABS001907;STU00372;MAT0014;12;3;15-04-0025;EXAMEN;0;3;21-11-2025
ABS001908;STU00372;MAT0008;12;3;16-04-0022;EXAMEN;1;1;21-11-2025
ABS001909;STU00373;MAT0013;13;3;17-03-0022;TP;1;1;21-11-2025
ABS001910;STU00373;MAT0005;13;3;17-03-0031;COURS;0;1;21-11-2025
ABS001911;STU00374;MAT0012;14;3;16-03-0028;COURS;1;3;21-11-2025
ABS001912;STU00374;MAT0024;14;3;16-03-0032;EXAMEN;0;2;21-11-2025
ABS001913;STU00374;MAT0010;14;3;16-04-0034;EXAMEN;1;4;21-11-2025
ABS001914;STU00374;MAT0028;14;3;15-04-0024;COURS;1;4;21-11-2025
ABS001915;STU00374;MAT0015;14;3;16-03-0025;TP;1;2;21-11-2025
ABS001916;STU00374;MAT0012;14;3;16-05-0016;TP;1;4;21-11-2025
ABS001917;STU00374;MAT0020;14;3;17-05-0034;EXAMEN;1;1;21-11-2025
ABS001918;STU00374;MAT0004;14;3;15-04-0017;EXAMEN;1;3;21-11-2025
ABS001919;STU00374;MAT0026;14;3;16-05-0008;TP;1;3;21-11-2025
ABS001920;STU00374;MAT0024;14;3;15-04-0009;EXAMEN;0;2;21-11-2025
ABS001921;STU00374;;14;3;16-05-0033;COURS;1;3;21-11-2025
ABS001922;STU00374;MAT0003;14;3;16-04-0010;EXAMEN;1;3;21-11-2025
ABS001923;STU00374;MAT0007;14;3;17-05-0007;TD;0;1;21-11-2025
ABS001924;STU00374;MAT0033;14;3;16-03-0021;EXAMEN;0;1;21-11-2025
ABS001925;STU00375;MAT0025;15;3;16-05-0021;COURS;1;2;21-11-2025
ABS001926;STU00375;MAT0002;15;3;17-03-0027;EXAMEN;1;3;21-11-2025
ABS001927;STU00375;MAT0018;15;3;16-03-0017;COURS;1;1;21-11-2025
ABS001928;STU00375;MAT0009;15;3;16-03-0028;TD;1;3;21-11-2025
ABS001929;STU00375;MAT0004;15;3;17-05-0018;COURS;0;4;21-11-2025
ABS001930;STU00375;MAT0006;15;3;16-05-0008;TP;0;2;21-11-2025
ABS001931;STU00375;MAT0023;15;3;16-05-0012;TP;1;3;21-11-2025
ABS001932;STU00375;MAT0019;15;3;16-03-0021;COURS;1;4;21-11-2025
ABS001933;STU00375;MAT0029;15;3;17-03-0031;TD;1;4;21-11-2025
ABS001934;STU00375;MAT0004;15;3;16-05-0024;TP;1;3;21-11-2025
ABS001935;STU00375;MAT0015;15;3;17-05-0007;COURS;0;4;21-11-2025
ABS001936;STU00375;MAT0014;15;3;15-04-0028;TP;1;1;21-11-2025
ABS001937;STU00377;MAT0014;17;3;16-03-0008;EXAMEN;0;3;21-11-2025
ABS001938;STU00377;MAT0035;17;3;16-03-0009;TP;1;1;21-11-2025
ABS001939;STU00377;MAT0022;17;3;17-03-0027;TD;1;3;21-11-2025
ABS001940;STU00377;MAT0016;17;3;16-04-0031;TP;1;3;21-11-2025
ABS001941;STU00377;MAT0024;17;3;16-03-0008;EXAMEN;0;1;21-11-2025
ABS001942;STU00377;;17;3;16-04-0022;COURS;1;4;21-11-2025
ABS001943;STU00377;MAT0005;17;3;16-05-0008;EXAMEN;1;4;21-11-2025
ABS001944;STU00377;MAT0016;17;3;15-04-0008;EXAMEN;1;2;21-11-2025
ABS001945;STU00377;MAT0013;17;3;16-05-0013;TP;0;3;21-11-2025
ABS001946;STU00377;;17;3;17-03-0007;EXAMEN;1;4;21-11-2025
ABS001947;STU00377;MAT0021;17;3;16-03-0017;COURS;0;3;21-11-2025
ABS001948;STU00377;MAT0032;17;3;16-03-0009;TD;1;3;21-11-2025
ABS001949;STU00377;MAT0026;17;3;16-04-0011;TD;0;4;21-11-2025
ABS001950;STU00378;MAT0010;18;3;16-05-0012;TD;1;3;21-11-2025
ABS001951;STU00378;MAT0007;18;3;16-04-0034;COURS;0;1;21-11-2025
ABS001952;STU00378;MAT0027;18;3;16-05-0008;COURS;1;1;21-11-2025
ABS001953;STU00379;MAT0017;19;3;16-04-0023;TD;0;1;21-11-2025
ABS001954;STU00379;MAT0026;19;3;17-03-0019;EXAMEN;0;2;21-11-2025
ABS001955;STU00380;MAT0035;20;3;15-04-0017;EXAMEN;0;2;21-11-2025
ABS001956;STU00380;MAT0028;20;3;16-03-0012;TP;0;1;21-11-2025
ABS001957;STU00380;MAT0016;20;3;16-03-0033;EXAMEN;1;2;21-11-2025
ABS001958;STU00380;MAT0010;20;3;16-03-0029;EXAMEN;1;2;21-11-2025
ABS001959;STU00380;MAT0030;20;3;17-03-0015;EXAMEN;1;2;21-11-2025
ABS001960;STU00381;MAT0023;11;3;16-03-0009;TD;0;1;21-11-2025
ABS001961;STU00381;MAT0028;11;3;16-03-0013;TD;0;2;21-11-2025
ABS001962;STU00381;MAT0034;11;3;17-03-0018;COURS;1;4;21-11-2025
ABS001963;STU00381;MAT0024;11;3;17-05-0007;COURS;1;1;21-11-2025
ABS001964;STU00381;MAT0014;11;3;16-05-0020;TP;0;1;21-11-2025
ABS001965;STU00381;MAT0021;11;3;16-05-0025;EXAMEN;1;4;21-11-2025
ABS001966;STU00381;MAT0007;11;3;16-03-0029;EXAMEN;1;1;21-11-2025
ABS001967;STU00381;MAT0022;11;3;16-05-0008;TD;1;2;21-11-2025
ABS001968;STU00381;MAT0025;11;3;16-03-0024;TD;1;4;21-11-2025
ABS001969;STU00381;MAT0033;11;3;16-03-0032;TP;0;3;21-11-2025
ABS001970;STU00381;MAT0007;11;3;16-03-0028;TD;0;4;21-11-2025
ABS001971;STU00381;MAT0004;11;3;17-03-0007;TD;1;3;21-11-2025
ABS001972;STU00381;MAT0015;11;3;17-05-0011;TD;1;2;21-11-2025
ABS001973;STU00381;MAT0006;11;3;17-03-0015;TP;0;3;21-11-2025
ABS001974;STU00381;MAT0009;11;3;16-05-0013;COURS;0;3;21-11-2025
ABS001975;STU00382;MAT0009;12;3;16-03-0028;COURS;0;2;21-11-2025
ABS001976;STU00382;MAT0010;12;3;17-03-0015;TD;1;2;21-11-2025
ABS001977;STU00383;MAT0016;13;3;17-05-0010;TP;1;1;21-11-2025
ABS001978;STU00383;MAT0006;13;3;17-03-0023;EXAMEN;0;1;21-11-2025
ABS001979;STU00383;MAT0026;13;3;16-04-0015;TD;0;1;21-11-2025
ABS001980;STU00383;MAT0015;13;3;15-04-0029;EXAMEN;1;3;21-11-2025
ABS001981;STU00384;MAT0009;14;3;17-05-0014;COURS;1;2;21-11-2025
ABS001982;STU00384;MAT0027;14;3;16-05-0009;COURS;1;4;21-11-2025
ABS001983;STU00385;MAT0034;15;3;17-05-0030;TD;0;1;21-11-2025
ABS001984;STU00385;MAT0035;15;3;16-04-0014;TP;0;4;21-11-2025
ABS001985;STU00385;MAT0010;15;3;15-04-0012;COURS;1;2;21-11-2025
ABS001986;STU00385;MAT0032;15;3;16-03-0020;COURS;1;3;21-11-2025
ABS001987;STU00386;MAT0003;16;3;15-04-0021;EXAMEN;0;4;21-11-2025
ABS001988;STU00387;MAT0024;17;3;16-04-0018;COURS;0;3;21-11-2025
ABS001989;STU00387;MAT0003;17;3;15-04-0016;EXAMEN;1;4;21-11-2025
ABS001990;STU00387;MAT0020;17;3;16-03-0028;TD;1;4;21-11-2025
ABS001991;STU00387;MAT0020;17;3;16-04-0007;EXAMEN;0;2;21-11-2025
ABS001992;STU00387;MAT0011;17;3;17-03-0034;EXAMEN;0;1;21-11-2025
ABS001993;STU00387;MAT0010;17;3;16-03-0016;TP;0;4;21-11-2025
ABS001994;STU00387;MAT0022;17;3;17-05-0011;TP;0;2;21-11-2025
ABS001995;STU00388;MAT0032;18;3;17-05-0030;COURS;1;4;21-11-2025
ABS001996;STU00388;MAT0016;18;3;17-03-0027;TP;1;1;21-11-2025
ABS001997;STU00388;MAT0025;18;3;17-05-0026;TP;0;3;21-11-2025
ABS001998;STU00388;MAT0019;18;3;17-03-0011;EXAMEN;1;2;21-11-2025
ABS001999;STU00388;MAT0004;18;3;15-04-0028;TP;1;2;21-11-2025
ABS002000;STU00388;MAT0013;18;3;17-03-0015;COURS;1;2;21-11-2025
ABS002001;STU00388;MAT0024;18;3;16-03-0009;EXAMEN;1;3;21-11-2025
ABS002002;STU00388;MAT0024;18;3;17-05-0015;EXAMEN;1;4;21-11-2025
ABS002003;STU00389;MAT0030;19;3;15-04-0017;EXAMEN;1;3;21-11-2025
ABS002004;STU00390;MAT0024;20;3;15-04-0013;TD;1;4;21-11-2025
ABS002005;STU00390;MAT0025;20;3;16-04-0019;EXAMEN;1;1;21-11-2025
ABS002006;STU00392;MAT0002;12;3;16-04-0018;COURS;1;3;21-11-2025
ABS002007;STU00392;MAT0022;12;3;16-05-0009;TD;1;2;21-11-2025
ABS002008;STU00392;MAT0024;12;3;15-04-0032;EXAMEN;1;4;21-11-2025
ABS002009;STU00392;MAT0016;12;3;17-03-0010;COURS;1;3;21-11-2025
ABS002010;STU00392;MAT0024;12;3;17-03-0014;COURS;0;4;21-11-2025
ABS002011;STU00392;MAT0019;12;3;16-03-0033;COURS;1;3;21-11-2025
ABS002012;STU00392;MAT0013;12;3;16-05-0024;TD;1;2;21-11-2025
ABS002013;STU00392;MAT0008;12;3;15-04-0033;TP;1;3;21-11-2025
ABS002014;STU00392;MAT0004;12;3;16-03-0029;EXAMEN;1;2;21-11-2025
ABS002015;STU00392;MAT0030;12;3;17-05-0031;TD;0;1;21-11-2025
ABS002016;STU00392;MAT0008;12;3;16-03-0024;EXAMEN;1;3;21-11-2025
ABS002017;STU00392;MAT0008;12;3;17-03-0011;COURS;1;4;21-11-2025
ABS002018;STU00392;MAT0018;12;3;16-03-0024;TP;0;3;21-11-2025
ABS002019;STU00393;MAT0033;13;3;16-03-0020;EXAMEN;0;4;21-11-2025
ABS002020;STU00393;MAT0032;13;3;17-03-0010;TD;1;2;21-11-2025
ABS002021;STU00394;MAT0034;14;3;16-03-0029;EXAMEN;1;2;21-11-2025
ABS002022;STU00394;MAT0030;14;3;16-03-0021;EXAMEN;0;4;21-11-2025
ABS002023;STU00395;;15;3;16-03-0021;COURS;0;1;21-11-2025
ABS002024;STU00395;MAT0003;15;3;16-05-0033;TP;1;4;21-11-2025
ABS002025;STU00395;MAT0002;15;3;16-05-0009;TP;0;1;21-11-2025
ABS002026;STU00395;MAT0010;15;3;17-03-0007;EXAMEN;1;2;21-11-2025
ABS002027;STU00396;MAT0013;16;3;15-04-0021;COURS;1;3;21-11-2025
ABS002028;STU00396;MAT0008;16;3;16-03-0025;TD;1;1;21-11-2025
ABS002029;STU00396;MAT0003;16;3;15-04-0012;TD;0;4;21-11-2025
ABS002030;STU00396;MAT0023;16;3;17-05-0018;TD;1;4;21-11-2025
ABS002031;STU00397;MAT0012;17;3;17-05-0027;EXAMEN;1;3;21-11-2025
ABS002032;STU00397;MAT0024;17;3;17-03-0030;TP;1;2;21-11-2025
ABS002033;STU00397;MAT0011;17;3;17-03-0011;TD;1;4;21-11-2025
ABS002034;STU00397;MAT0013;17;3;16-03-0029;TD;0;3;21-11-2025
ABS002035;STU00397;MAT0015;17;3;15-04-0029;TP;0;2;21-11-2025
ABS002036;STU00397;MAT0006;17;3;15-04-0020;TP;1;4;21-11-2025
ABS002037;STU00397;MAT0004;17;3;15-04-0009;EXAMEN;0;2;21-11-2025
ABS002038;STU00397;MAT0032;17;3;16-04-0026;COURS;1;2;21-11-2025
ABS002039;STU00398;MAT0032;18;3;17-03-0007;COURS;0;1;21-11-2025
ABS002040;STU00398;MAT0015;18;3;16-04-0027;TD;1;4;21-11-2025
ABS002041;STU00398;MAT0028;18;3;16-05-0032;TP;1;3;21-11-2025
ABS002042;STU00399;MAT0017;19;3;16-04-0031;TD;0;2;21-11-2025
ABS002043;STU00399;MAT0010;19;3;17-05-0011;TD;1;1;21-11-2025
ABS002044;STU00399;MAT0019;19;3;17-05-0010;TP;1;3;21-11-2025
ABS002045;STU00399;MAT0010;19;3;16-05-0028;TD;0;3;21-11-2025
ABS002046;STU00399;MAT0025;19;3;15-04-0008;TD;1;3;21-11-2025
ABS002047;STU00400;MAT0031;20;3;16-03-0033;TD;0;1;21-11-2025
ABS002048;STU00401;MAT0016;11;3;16-04-0010;COURS;1;3;21-11-2025
ABS002049;STU00401;MAT0020;11;3;17-03-0034;COURS;1;3;21-11-2025
ABS002050;STU00401;MAT0005;11;3;17-03-0007;TD;1;2;21-11-2025
ABS002051;STU00401;MAT0004;11;3;15-04-0028;TP;1;2;21-11-2025
ABS002052;STU00401;MAT0031;11;3;16-05-0033;TP;1;3;21-11-2025
ABS002053;STU00401;MAT0031;11;3;17-05-0015;COURS;1;3;21-11-2025
ABS002054;STU00402;MAT0024;12;3;16-05-0009;COURS;1;3;21-11-2025
ABS002055;STU00402;MAT0022;12;3;16-03-0009;TP;1;1;21-11-2025
ABS002056;STU00403;MAT0014;13;3;17-05-0019;TP;1;4;21-11-2025
ABS002057;STU00403;MAT0012;13;3;15-04-0032;COURS;1;1;21-11-2025
ABS002058;STU00404;;14;3;15-04-0012;COURS;1;4;21-11-2025
ABS002059;STU00404;MAT0006;14;3;17-03-0011;TD;0;2;21-11-2025
ABS002060;STU00404;MAT0028;14;3;17-05-0014;EXAMEN;1;4;21-11-2025
ABS002061;STU00404;MAT0034;14;3;15-04-0008;EXAMEN;0;2;21-11-2025
ABS002062;STU00406;MAT0025;16;3;16-03-0021;COURS;1;3;21-11-2025
ABS002063;STU00406;MAT0034;16;3;16-05-0025;EXAMEN;1;4;21-11-2025
ABS002064;STU00406;MAT0014;16;3;16-04-0014;TP;0;1;21-11-2025
ABS002065;STU00406;MAT0025;16;3;17-05-0031;TP;0;1;21-11-2025
ABS002066;STU00406;MAT0022;16;3;16-05-0028;TD;0;2;21-11-2025
ABS002067;STU00406;MAT0008;16;3;16-03-0012;COURS;1;1;21-11-2025
ABS002068;STU00406;MAT0025;16;3;16-04-0022;TP;1;4;21-11-2025
ABS002069;STU00406;;16;3;16-04-0022;COURS;0;4;21-11-2025
ABS002070;STU00406;MAT0026;16;3;16-05-0021;TP;0;4;21-11-2025
ABS002071;STU00406;MAT0020;16;3;16-04-0019;EXAMEN;1;3;21-11-2025
ABS002072;STU00407;MAT0028;17;3;16-04-0018;COURS;0;3;21-11-2025
ABS002073;STU00407;MAT0027;17;3;17-03-0007;TD;1;2;21-11-2025
ABS002074;STU00407;MAT0003;17;3;15-04-0013;EXAMEN;1;4;21-11-2025
ABS002075;STU00407;MAT0030;17;3;16-05-0012;EXAMEN;0;3;21-11-2025
ABS002076;STU00408;MAT0014;18;3;16-03-0017;COURS;1;4;21-11-2025
ABS002077;STU00408;MAT0012;18;3;17-05-0007;TP;0;2;21-11-2025
ABS002078;STU00408;MAT0030;18;3;16-05-0012;EXAMEN;1;4;21-11-2025
ABS002079;STU00408;MAT0006;18;3;16-04-0014;TP;1;3;21-11-2025
ABS002080;STU00408;MAT0023;18;3;17-05-0019;TP;1;4;21-11-2025
ABS002081;STU00408;MAT0022;18;3;16-03-0016;TP;1;3;21-11-2025
ABS002082;STU00408;MAT0020;18;3;17-05-0014;TP;1;3;21-11-2025
ABS002083;STU00408;MAT0026;18;3;17-05-0010;TD;1;2;21-11-2025
ABS002084;STU00408;MAT0017;18;3;17-05-0034;TP;1;3;21-11-2025
ABS002085;STU00408;MAT0018;18;3;16-03-0025;EXAMEN;0;2;21-11-2025
ABS002086;STU00408;MAT0004;18;3;17-03-0014;TP;1;2;21-11-2025
ABS002087;STU00408;MAT0031;18;3;17-05-0030;TD;1;3;21-11-2025
ABS002088;STU00408;MAT0011;18;3;17-03-0014;COURS;1;4;21-11-2025
ABS002089;STU00408;MAT0012;18;3;16-03-0008;COURS;1;1;21-11-2025
ABS002090;STU00409;MAT0019;19;3;15-04-0013;EXAMEN;1;4;21-11-2025
ABS002091;STU00409;MAT0009;19;3;17-05-0011;COURS;0;1;21-11-2025
ABS002092;STU00409;MAT0028;19;3;16-04-0015;TP;1;1;21-11-2025
ABS002093;STU00409;MAT0015;19;3;17-03-0030;COURS;1;2;21-11-2025
ABS002094;STU00409;MAT0023;19;3;17-05-0034;COURS;0;1;21-11-2025
ABS002095;STU00409;MAT0030;19;3;17-03-0030;TP;1;3;21-11-2025
ABS002096;STU00409;MAT0026;19;3;16-05-0029;TD;0;3;21-11-2025
ABS002097;STU00411;MAT0014;11;3;17-05-0026;COURS;0;3;21-11-2025
ABS002098;STU00411;MAT0013;11;3;16-05-0016;TP;1;4;21-11-2025
ABS002099;STU00411;MAT0006;11;3;16-04-0014;COURS;0;3;21-11-2025
ABS002100;STU00412;MAT0013;12;3;15-04-0012;EXAMEN;0;2;21-11-2025
ABS002101;STU00412;MAT0016;12;3;17-03-0034;TD;0;3;21-11-2025
ABS002102;STU00412;MAT0027;12;3;17-03-0015;TD;1;1;21-11-2025
ABS002103;STU00412;MAT0029;12;3;16-04-0014;EXAMEN;1;4;21-11-2025
ABS002104;STU00412;MAT0002;12;3;16-05-0033;COURS;1;3;21-11-2025
ABS002105;STU00412;MAT0010;12;3;16-05-0029;TP;1;1;21-11-2025
ABS002106;STU00412;MAT0006;12;3;16-03-0032;EXAMEN;1;3;21-11-2025
ABS002107;STU00412;MAT0017;12;3;16-03-0021;TD;1;3;21-11-2025
ABS002108;STU00412;MAT0021;12;3;16-03-0033;COURS;0;3;21-11-2025
ABS002109;STU00412;MAT0011;12;3;16-03-0012;TP;1;3;21-11-2025
ABS002110;STU00412;MAT0022;12;3;16-03-0021;TD;0;2;21-11-2025
ABS002111;STU00413;MAT0002;13;3;17-03-0011;TD;0;1;21-11-2025
ABS002112;STU00413;;13;3;16-03-0013;TD;0;2;21-11-2025
ABS002113;STU00413;MAT0030;13;3;15-04-0020;EXAMEN;0;1;21-11-2025
ABS002114;STU00413;MAT0030;13;3;16-05-0020;TP;1;1;21-11-2025
ABS002115;STU00414;MAT0023;14;3;17-05-0026;TP;0;1;21-11-2025
ABS002116;STU00414;MAT0024;14;3;17-03-0015;TD;0;2;21-11-2025
ABS002117;STU00414;MAT0017;14;3;17-03-0030;EXAMEN;0;1;21-11-2025
ABS002118;STU00414;MAT0009;14;3;17-03-0015;COURS;0;3;21-11-2025
ABS002119;STU00414;MAT0002;14;3;15-04-0009;COURS;1;2;21-11-2025
ABS002120;STU00414;MAT0009;14;3;16-03-0028;TP;0;3;21-11-2025
ABS002121;STU00415;MAT0035;15;3;15-04-0028;EXAMEN;1;1;21-11-2025
ABS002122;STU00415;MAT0032;15;3;16-04-0027;TP;1;4;21-11-2025
ABS002123;STU00415;MAT0012;15;3;17-03-0026;TP;0;3;21-11-2025
ABS002124;STU00415;MAT0015;15;3;16-05-0024;EXAMEN;0;4;21-11-2025
ABS002125;STU00415;MAT0022;15;3;17-05-0011;COURS;0;3;21-11-2025
ABS002126;STU00415;MAT0022;15;3;16-05-0008;EXAMEN;1;3;21-11-2025
ABS002127;STU00415;MAT0033;15;3;17-05-0015;TD;1;4;21-11-2025
ABS002128;STU00415;MAT0013;15;3;17-03-0027;EXAMEN;1;1;21-11-2025
ABS002129;STU00415;MAT0009;15;3;17-03-0010;COURS;0;1;21-11-2025
ABS002130;STU00415;MAT0030;15;3;17-03-0023;COURS;0;3;21-11-2025
ABS002131;STU00415;MAT0027;15;3;16-05-0024;COURS;1;1;21-11-2025
ABS002132;STU00415;MAT0004;15;3;16-04-0034;EXAMEN;0;1;21-11-2025
ABS002133;STU00415;MAT0010;15;3;17-05-0014;TP;0;3;21-11-2025
ABS002134;STU00415;MAT0012;15;3;17-05-0018;TP;1;1;21-11-2025
ABS002135;STU00416;MAT0017;16;3;16-04-0019;TD;0;4;21-11-2025
ABS002136;STU00416;MAT0002;16;3;16-03-0012;TP;1;2;21-11-2025
ABS002137;STU00416;MAT0025;16;3;17-03-0010;TD;1;3;21-11-2025
ABS002138;STU00416;MAT0017;16;3;16-05-0032;EXAMEN;1;2;21-11-2025
ABS002139;STU00419;MAT0033;19;3;16-03-0016;EXAMEN;1;3;21-11-2025
ABS002140;STU00419;MAT0030;19;3;17-03-0015;COURS;1;1;21-11-2025
ABS002141;STU00419;MAT0025;19;3;16-04-0026;TP;0;3;21-11-2025
ABS002142;STU00419;MAT0029;19;3;16-03-0032;EXAMEN;0;2;21-11-2025
ABS002143;STU00419;MAT0014;19;3;15-04-0020;TD;1;3;21-11-2025
ABS002144;STU00419;MAT0018;19;3;16-04-0014;TD;1;4;21-11-2025
ABS002145;STU00422;MAT0010;12;3;16-05-0009;TD;0;3;21-11-2025
ABS002146;STU00424;MAT0003;14;3;15-04-0013;TD;1;3;21-11-2025
ABS002147;STU00424;MAT0026;14;3;16-05-0029;TD;1;4;21-11-2025
ABS002148;STU00424;MAT0010;14;3;17-05-0030;EXAMEN;0;3;21-11-2025
ABS002149;STU00424;MAT0012;14;3;17-05-0031;COURS;1;1;21-11-2025
ABS002150;STU00424;MAT0017;14;3;15-04-0028;COURS;1;3;21-11-2025
ABS002151;STU00425;MAT0015;15;3;17-05-0010;COURS;0;2;21-11-2025
ABS002152;STU00425;MAT0011;15;3;17-05-0034;COURS;1;1;21-11-2025
ABS002153;STU00425;MAT0010;15;3;17-03-0034;COURS;1;2;21-11-2025
ABS002154;STU00425;MAT0019;15;3;17-03-0018;COURS;1;2;21-11-2025
ABS002155;STU00425;MAT0027;15;3;15-04-0024;EXAMEN;1;3;21-11-2025
ABS002156;STU00425;MAT0008;15;3;17-03-0010;TP;0;1;21-11-2025
ABS002157;STU00425;MAT0020;15;3;15-04-0016;TD;1;1;21-11-2025
ABS002158;STU00425;MAT0025;15;3;16-03-0032;TD;1;4;21-11-2025
ABS002159;STU00425;MAT0034;15;3;16-04-0027;EXAMEN;0;3;21-11-2025
ABS002160;STU00425;MAT0025;15;3;16-05-0017;EXAMEN;0;4;21-11-2025
ABS002161;STU00425;MAT0008;15;3;16-05-0016;EXAMEN;1;2;21-11-2025
ABS002162;STU00426;MAT0028;16;3;16-03-0029;TD;0;2;21-11-2025
ABS002163;STU00426;MAT0020;16;3;17-03-0007;COURS;0;2;21-11-2025
ABS002164;STU00426;MAT0035;16;3;17-05-0015;TD;1;1;21-11-2025
ABS002165;STU00426;MAT0032;16;3;16-04-0030;COURS;0;4;21-11-2025
ABS002166;STU00426;MAT0027;16;3;16-03-0033;TP;1;1;21-11-2025
ABS002167;STU00426;MAT0033;16;3;16-05-0012;TD;0;1;21-11-2025
ABS002168;STU00426;MAT0028;16;3;17-03-0014;EXAMEN;1;2;21-11-2025
ABS002169;STU00427;MAT0011;17;3;17-03-0030;TP;0;4;21-11-2025
ABS002170;STU00427;MAT0007;17;3;17-03-0034;COURS;0;1;21-11-2025
ABS002171;STU00427;MAT0012;17;3;15-04-0032;TP;0;2;21-11-2025
ABS002172;STU00427;;17;3;16-05-0029;TP;1;2;21-11-2025
ABS002173;STU00427;MAT0011;17;3;15-04-0033;COURS;0;4;21-11-2025
ABS002174;STU00428;MAT0015;18;3;16-04-0014;TD;1;2;21-11-2025
ABS002175;STU00428;MAT0025;18;3;17-05-0026;TD;0;4;21-11-2025
ABS002176;STU00428;MAT0006;18;3;16-04-0030;TP;1;4;21-11-2025
ABS002177;STU00428;MAT0030;18;3;17-03-0019;COURS;0;3;21-11-2025
ABS002178;STU00428;MAT0005;18;3;17-03-0007;TD;0;2;21-11-2025
ABS002179;STU00428;MAT0010;18;3;17-03-0014;COURS;1;2;21-11-2025
ABS002180;STU00429;MAT0005;19;3;17-05-0034;EXAMEN;0;1;21-11-2025
ABS002181;STU00429;MAT0032;19;3;16-04-0022;EXAMEN;0;1;21-11-2025
ABS002182;STU00429;MAT0024;19;3;16-04-0031;TD;0;1;21-11-2025
ABS002183;STU00429;MAT0018;19;3;16-05-0033;TD;1;2;21-11-2025
ABS002184;STU00429;MAT0029;19;3;16-04-0026;EXAMEN;0;1;21-11-2025
ABS002185;STU00429;MAT0027;19;3;15-04-0025;TD;1;3;21-11-2025
ABS002186;STU00429;MAT0032;19;3;15-04-0028;TD;1;1;21-11-2025
ABS002187;STU00431;MAT0011;11;3;17-05-0019;TP;1;1;21-11-2025
ABS002188;STU00431;MAT0029;11;3;16-03-0017;TD;0;2;21-11-2025
ABS002189;STU00431;MAT0015;11;3;15-04-0017;TP;1;1;21-11-2025
ABS002190;STU00431;MAT0020;11;3;16-04-0030;TD;1;1;21-11-2025
ABS002191;STU00431;MAT0031;11;3;16-04-0015;TD;1;4;21-11-2025
ABS002192;STU00431;MAT0020;11;3;15-04-0025;COURS;1;4;21-11-2025
ABS002193;STU00432;MAT0020;12;3;16-05-0021;EXAMEN;0;3;21-11-2025
ABS002194;STU00432;MAT0019;12;3;17-05-0026;EXAMEN;0;2;21-11-2025
ABS002195;STU00433;MAT0030;13;3;16-03-0020;TD;0;4;21-11-2025
ABS002196;STU00435;MAT0019;15;3;17-03-0019;COURS;0;3;21-11-2025
ABS002197;STU00435;MAT0011;15;3;16-03-0032;EXAMEN;1;3;21-11-2025
ABS002198;STU00436;MAT0009;16;3;17-03-0019;EXAMEN;0;4;21-11-2025
ABS002199;STU00436;MAT0004;16;3;15-04-0024;COURS;1;2;21-11-2025
ABS002200;STU00436;MAT0017;16;3;15-04-0024;TP;1;2;21-11-2025
ABS002201;STU00437;MAT0003;17;3;16-05-0032;TP;1;2;21-11-2025
ABS002202;STU00437;MAT0031;17;3;17-05-0026;TP;1;1;21-11-2025
ABS002203;STU00437;MAT0027;17;3;17-05-0018;TD;0;4;21-11-2025
ABS002204;STU00437;MAT0004;17;3;16-04-0007;COURS;0;3;21-11-2025
ABS002205;STU00437;MAT0026;17;3;17-05-0019;COURS;1;3;21-11-2025
ABS002206;STU00437;MAT0002;17;3;16-05-0013;TP;1;1;21-11-2025
ABS002207;STU00437;MAT0013;17;3;17-05-0015;EXAMEN;1;3;21-11-2025
ABS002208;STU00437;MAT0004;17;3;15-04-0021;EXAMEN;1;1;21-11-2025
ABS002209;STU00437;MAT0034;17;3;17-05-0010;EXAMEN;0;1;21-11-2025
ABS002210;STU00437;MAT0014;17;3;17-03-0010;EXAMEN;1;1;21-11-2025
ABS002211;STU00437;MAT0018;17;3;17-03-0014;TP;0;3;21-11-2025
ABS002212;STU00438;MAT0018;18;3;16-04-0022;TP;1;4;21-11-2025
ABS002213;STU00438;MAT0020;18;3;15-04-0012;COURS;1;2;21-11-2025
ABS002214;STU00438;MAT0023;18;3;16-03-0017;EXAMEN;1;2;21-11-2025
ABS002215;STU00438;MAT0012;18;3;15-04-0020;TD;1;2;21-11-2025
ABS002216;STU00438;;18;3;17-03-0026;TP;0;3;21-11-2025
ABS002217;STU00438;MAT0002;18;3;15-04-0032;TP;1;4;21-11-2025
ABS002218;STU00438;MAT0035;18;3;15-04-0016;TP;1;3;21-11-2025
ABS002219;STU00438;MAT0015;18;3;16-04-0026;EXAMEN;0;1;21-11-2025
ABS002220;STU00439;;19;3;16-03-0017;EXAMEN;1;2;21-11-2025
ABS002221;STU00439;MAT0023;19;3;15-04-0017;TD;0;1;21-11-2025
ABS002222;STU00440;MAT0012;20;3;16-04-0011;COURS;1;1;21-11-2025
ABS002223;STU00440;MAT0031;20;3;17-05-0031;TD;1;2;21-11-2025
ABS002224;STU00440;MAT0032;20;3;16-05-0021;TD;1;3;21-11-2025
ABS002225;STU00440;MAT0035;20;3;17-05-0027;TD;1;3;21-11-2025
ABS002226;STU00440;MAT0021;20;3;16-05-0028;TP;0;3;21-11-2025
ABS002227;STU00440;MAT0023;20;3;16-03-0028;TD;1;3;21-11-2025
ABS002228;STU00440;MAT0008;20;3;17-03-0019;TP;1;1;21-11-2025
ABS002229;STU00440;MAT0004;20;3;15-04-0009;TP;1;1;21-11-2025
ABS002230;STU00440;MAT0006;20;3;15-04-0016;TP;1;3;21-11-2025
ABS002231;STU00440;MAT0015;20;3;16-04-0022;TP;1;3;21-11-2025
ABS002232;STU00440;MAT0029;20;3;16-03-0016;TP;0;4;21-11-2025
ABS002233;STU00441;MAT0030;11;3;16-05-0032;TD;0;2;21-11-2025
ABS002234;STU00441;MAT0015;11;3;16-03-0017;EXAMEN;1;1;21-11-2025
ABS002235;STU00441;MAT0008;11;3;16-03-0013;TD;1;1;21-11-2025
ABS002236;STU00441;MAT0016;11;3;16-05-0013;TD;1;1;21-11-2025
ABS002237;STU00441;MAT0033;11;3;17-05-0022;TD;1;1;21-11-2025
ABS002238;STU00441;MAT0012;11;3;15-04-0032;EXAMEN;1;2;21-11-2025
ABS002239;STU00441;MAT0028;11;3;16-03-0016;TD;0;1;21-11-2025
ABS002240;STU00441;MAT0008;11;3;15-04-0012;EXAMEN;1;4;21-11-2025
ABS002241;STU00441;MAT0014;11;3;15-04-0033;TP;1;4;21-11-2025
ABS002242;STU00441;MAT0007;11;3;16-05-0008;COURS;1;4;21-11-2025
ABS002243;STU00441;MAT0018;11;3;16-03-0016;EXAMEN;1;4;21-11-2025
ABS002244;STU00441;MAT0025;11;3;16-04-0030;TD;1;4;21-11-2025
ABS002245;STU00442;MAT0026;12;3;16-03-0013;TD;1;3;21-11-2025
ABS002246;STU00442;MAT0028;12;3;16-04-0027;TP;1;3;21-11-2025
ABS002247;STU00442;MAT0002;12;3;17-03-0026;COURS;0;3;21-11-2025
ABS002248;STU00442;MAT0002;12;3;16-04-0014;TD;1;3;21-11-2025
ABS002249;STU00442;MAT0006;12;3;17-03-0010;EXAMEN;1;3;21-11-2025
ABS002250;STU00443;MAT0033;13;3;16-04-0015;TP;1;4;21-11-2025
ABS002251;STU00443;MAT0029;13;3;17-05-0018;TD;1;3;21-11-2025
ABS002252;STU00443;MAT0023;13;3;15-04-0017;TD;1;1;21-11-2025
ABS002253;STU00443;MAT0012;13;3;16-05-0008;TD;0;4;21-11-2025
ABS002254;STU00443;MAT0005;13;3;16-05-0024;TD;0;2;21-11-2025
ABS002255;STU00444;;14;3;16-03-0021;TP;1;3;21-11-2025
ABS002256;STU00445;MAT0018;15;3;16-03-0032;TD;1;2;21-11-2025
ABS002257;STU00445;MAT0034;15;3;17-05-0019;COURS;0;2;21-11-2025
ABS002258;STU00445;MAT0014;15;3;17-05-0007;TP;1;1;21-11-2025
ABS002259;STU00445;MAT0016;15;3;16-03-0025;EXAMEN;1;1;21-11-2025
ABS002260;STU00445;;15;3;15-04-0017;COURS;1;2;21-11-2025
ABS002261;STU00446;MAT0021;16;3;17-03-0018;TD;1;4;21-11-2025
ABS002262;STU00446;MAT0014;16;3;15-04-0025;TD;1;3;21-11-2025
ABS002263;STU00446;MAT0021;16;3;17-03-0027;COURS;1;4;21-11-2025
ABS002264;STU00446;MAT0021;16;3;17-05-0007;TD;0;4;21-11-2025
ABS002265;STU00446;MAT0008;16;3;17-03-0030;COURS;1;1;21-11-2025
ABS002266;STU00446;MAT0035;16;3;17-03-0014;TD;1;4;21-11-2025
ABS002267;STU00446;MAT0021;16;3;16-04-0011;TP;0;4;21-11-2025
ABS002268;STU00447;MAT0021;17;3;17-05-0023;COURS;1;1;21-11-2025
ABS002269;STU00447;MAT0021;17;3;16-03-0016;COURS;1;3;21-11-2025
ABS002270;STU00447;MAT0030;17;3;16-03-0029;TD;1;3;21-11-2025
ABS002271;STU00447;MAT0034;17;3;16-05-0032;EXAMEN;0;4;21-11-2025
ABS002272;STU00447;MAT0006;17;3;16-03-0021;TD;1;4;21-11-2025
ABS002273;STU00447;MAT0014;17;3;17-05-0014;TP;0;1;21-11-2025
ABS002274;STU00447;MAT0022;17;3;17-05-0007;TP;1;4;21-11-2025
ABS002275;STU00447;MAT0019;17;3;17-03-0018;EXAMEN;1;1;21-11-2025
ABS002276;STU00448;MAT0032;18;3;16-03-0025;TD;1;1;21-11-2025
ABS002277;STU00449;MAT0003;19;3;17-03-0019;TD;1;2;21-11-2025
ABS002278;STU00449;MAT0012;19;3;16-04-0022;EXAMEN;0;2;21-11-2025
ABS002279;STU00449;MAT0027;19;3;17-05-0026;EXAMEN;1;3;21-11-2025
ABS002280;STU00449;MAT0012;19;3;16-03-0016;COURS;1;3;21-11-2025
ABS002281;STU00449;MAT0027;19;3;15-04-0009;COURS;0;1;21-11-2025
ABS002282;STU00449;MAT0030;19;3;16-05-0029;TP;1;2;21-11-2025
ABS002283;STU00449;MAT0020;19;3;15-04-0024;EXAMEN;1;1;21-11-2025
ABS002284;STU00449;MAT0003;19;3;16-04-0010;TD;1;1;21-11-2025
ABS002285;STU00449;MAT0014;19;3;17-03-0022;COURS;0;4;21-11-2025
ABS002286;STU00449;MAT0028;19;3;15-04-0013;TD;1;1;21-11-2025
ABS002287;STU00449;MAT0017;19;3;16-04-0027;TP;1;2;21-11-2025
ABS002288;STU00449;MAT0014;19;3;16-05-0017;COURS;1;1;21-11-2025
ABS002289;STU00450;;20;3;16-05-0029;TD;0;3;21-11-2025
ABS002290;STU00450;MAT0030;20;3;17-05-0023;TP;1;3;21-11-2025
ABS002291;STU00450;MAT0016;20;3;17-03-0034;TP;1;4;21-11-2025
ABS002292;STU00450;MAT0032;20;3;17-03-0034;COURS;1;2;21-11-2025
ABS002293;STU00450;MAT0028;20;3;17-03-0027;COURS;1;4;21-11-2025
ABS002294;STU00450;MAT0003;20;3;16-04-0031;TD;0;2;21-11-2025
ABS002295;STU00450;MAT0034;20;3;17-05-0023;COURS;1;2;21-11-2025
ABS002296;STU00451;MAT0015;11;3;17-05-0014;TD;1;4;21-11-2025
ABS002297;STU00451;MAT0017;11;3;16-04-0007;COURS;0;1;21-11-2025
ABS002298;STU00451;MAT0008;11;3;17-05-0007;TP;0;4;21-11-2025
ABS002299;STU00451;MAT0035;11;3;16-03-0012;TD;1;3;21-11-2025
ABS002300;STU00451;MAT0011;11;3;15-04-0032;COURS;1;1;21-11-2025
ABS002301;STU00452;MAT0003;12;3;17-03-0026;TP;1;2;21-11-2025
ABS002302;STU00452;MAT0018;12;3;17-03-0015;COURS;0;4;21-11-2025
ABS002303;STU00452;MAT0018;12;3;16-05-0025;COURS;1;2;21-11-2025
ABS002304;STU00452;MAT0016;12;3;16-04-0018;COURS;0;4;21-11-2025
ABS002305;STU00453;MAT0018;13;3;17-03-0031;EXAMEN;0;4;21-11-2025
ABS002306;STU00453;MAT0025;13;3;17-03-0030;TP;1;4;21-11-2025
ABS002307;STU00453;MAT0012;13;3;16-03-0012;TP;0;4;21-11-2025
ABS002308;STU00453;MAT0010;13;3;15-04-0032;TD;0;3;21-11-2025
ABS002309;STU00454;MAT0027;14;3;16-03-0012;COURS;0;1;21-11-2025
ABS002310;STU00454;MAT0020;14;3;16-03-0013;EXAMEN;1;1;21-11-2025
ABS002311;STU00455;MAT0035;15;3;17-03-0011;EXAMEN;1;2;21-11-2025
ABS002312;STU00455;MAT0003;15;3;17-03-0011;COURS;1;2;21-11-2025
ABS002313;STU00455;MAT0027;15;3;15-04-0032;TD;0;3;21-11-2025
ABS002314;STU00455;MAT0035;15;3;16-03-0020;COURS;0;4;21-11-2025
ABS002315;STU00455;MAT0021;15;3;16-04-0026;COURS;0;4;21-11-2025
ABS002316;STU00455;MAT0022;15;3;17-03-0011;COURS;0;4;21-11-2025
ABS002317;STU00456;MAT0029;16;3;17-03-0027;TD;0;1;21-11-2025
ABS002318;STU00456;MAT0025;16;3;16-03-0024;COURS;1;4;21-11-2025
ABS002319;STU00456;MAT0025;16;3;17-03-0027;EXAMEN;0;1;21-11-2025
ABS002320;STU00456;MAT0017;16;3;16-03-0032;TP;1;3;21-11-2025
ABS002321;STU00457;MAT0011;17;3;16-03-0025;COURS;1;1;21-11-2025
ABS002322;STU00458;MAT0015;18;3;17-03-0011;TP;0;2;21-11-2025
ABS002323;STU00458;MAT0010;18;3;17-03-0018;COURS;1;1;21-11-2025
ABS002324;STU00458;MAT0012;18;3;16-03-0017;TD;1;3;21-11-2025
ABS002325;STU00458;MAT0002;18;3;17-03-0011;TP;0;4;21-11-2025
ABS002326;STU00458;MAT0025;18;3;15-04-0012;COURS;0;2;21-11-2025
ABS002327;STU00458;MAT0023;18;3;16-04-0027;TP;0;2;21-11-2025
ABS002328;STU00459;MAT0020;19;3;16-05-0033;COURS;1;2;21-11-2025
ABS002329;STU00459;MAT0023;19;3;16-04-0018;TP;0;1;21-11-2025
ABS002330;STU00459;MAT0007;19;3;17-03-0010;COURS;0;1;21-11-2025
ABS002331;STU00459;MAT0028;19;3;16-03-0032;EXAMEN;1;3;21-11-2025
ABS002332;STU00459;MAT0035;19;3;17-05-0026;EXAMEN;0;4;21-11-2025
ABS002333;STU00459;MAT0027;19;3;16-05-0028;TD;0;4;21-11-2025
ABS002334;STU00460;MAT0020;20;3;17-05-0015;EXAMEN;0;2;21-11-2025
ABS002335;STU00460;MAT0006;20;3;15-04-0033;COURS;1;4;21-11-2025
ABS002336;STU00462;MAT0026;12;3;16-03-0008;TD;1;2;21-11-2025
ABS002337;STU00462;MAT0021;12;3;16-03-0032;TD;0;3;21-11-2025
ABS002338;STU00462;MAT0018;12;3;16-05-0020;EXAMEN;1;1;21-11-2025
ABS002339;STU00462;MAT0008;12;3;16-05-0012;TD;1;4;21-11-2025
ABS002340;STU00462;MAT0028;12;3;16-04-0015;TD;0;1;21-11-2025
ABS002341;STU00462;MAT0011;12;3;16-03-0009;TD;1;4;21-11-2025
ABS002342;STU00462;MAT0010;12;3;17-05-0030;COURS;1;3;21-11-2025
ABS002343;STU00462;MAT0014;12;3;16-03-0013;COURS;0;1;21-11-2025
ABS002344;STU00462;MAT0025;12;3;17-05-0023;TD;1;4;21-11-2025
ABS002345;STU00462;MAT0008;12;3;16-04-0014;COURS;0;1;21-11-2025
ABS002346;STU00462;MAT0008;12;3;17-03-0015;EXAMEN;1;1;21-11-2025
ABS002347;STU00462;MAT0006;12;3;17-05-0034;EXAMEN;1;2;21-11-2025
ABS002348;STU00463;MAT0035;13;3;16-03-0021;EXAMEN;1;1;21-11-2025
ABS002349;STU00463;MAT0035;13;3;16-04-0007;TP;0;1;21-11-2025
ABS002350;STU00463;MAT0031;13;3;16-05-0020;TP;1;1;21-11-2025
ABS002351;STU00463;MAT0033;13;3;17-03-0007;TP;1;2;21-11-2025
ABS002352;STU00463;MAT0007;13;3;16-04-0010;TD;1;1;21-11-2025
ABS002353;STU00463;MAT0006;13;3;17-03-0023;TP;0;3;21-11-2025
ABS002354;STU00464;MAT0020;14;3;16-05-0032;TD;1;2;21-11-2025
ABS002355;STU00464;;14;3;17-05-0015;COURS;1;3;21-11-2025
ABS002356;STU00464;MAT0027;14;3;17-03-0015;EXAMEN;0;3;21-11-2025
ABS002357;STU00464;MAT0017;14;3;15-04-0025;TP;1;3;21-11-2025
ABS002358;STU00465;MAT0007;15;3;16-05-0008;COURS;1;3;21-11-2025
ABS002359;STU00465;MAT0002;15;3;17-05-0030;TD;1;1;21-11-2025
ABS002360;STU00465;MAT0010;15;3;17-05-0023;TD;1;4;21-11-2025
ABS002361;STU00465;MAT0019;15;3;17-05-0031;COURS;0;4;21-11-2025
ABS002362;STU00466;MAT0032;16;3;16-05-0009;TP;1;2;21-11-2025
ABS002363;STU00466;MAT0023;16;3;16-04-0014;TD;1;2;21-11-2025
ABS002364;STU00466;MAT0030;16;3;17-03-0018;COURS;0;1;21-11-2025
ABS002365;STU00466;MAT0007;16;3;17-03-0026;TD;1;3;21-11-2025
ABS002366;STU00466;MAT0008;16;3;16-03-0024;EXAMEN;1;2;21-11-2025
ABS002367;STU00466;MAT0023;16;3;16-05-0017;COURS;0;4;21-11-2025
ABS002368;STU00466;MAT0004;16;3;16-03-0008;EXAMEN;1;2;21-11-2025
ABS002369;STU00466;MAT0028;16;3;17-03-0015;EXAMEN;0;1;21-11-2025
ABS002370;STU00466;MAT0016;16;3;16-03-0024;TD;1;1;21-11-2025
ABS002371;STU00466;MAT0012;16;3;17-03-0030;TD;1;2;21-11-2025
ABS002372;STU00466;MAT0028;16;3;17-05-0030;COURS;1;2;21-11-2025
ABS002373;STU00466;MAT0017;16;3;17-03-0027;TP;0;4;21-11-2025
ABS002374;STU00466;MAT0021;16;3;16-04-0031;TD;1;3;21-11-2025
ABS002375;STU00467;MAT0010;17;3;16-05-0012;EXAMEN;1;2;21-11-2025
ABS002376;STU00468;MAT0006;18;3;17-03-0026;TP;0;3;21-11-2025
ABS002377;STU00468;MAT0014;18;3;16-04-0030;TP;1;2;21-11-2025
ABS002378;STU00468;MAT0023;18;3;16-04-0014;EXAMEN;0;4;21-11-2025
ABS002379;STU00469;MAT0009;19;3;17-03-0030;EXAMEN;1;2;21-11-2025
ABS002380;STU00469;;19;3;15-04-0021;EXAMEN;1;4;21-11-2025
ABS002381;STU00469;MAT0026;19;3;15-04-0029;TD;1;3;21-11-2025
ABS002382;STU00469;MAT0029;19;3;17-03-0026;EXAMEN;1;4;21-11-2025
ABS002383;STU00469;MAT0018;19;3;17-05-0034;TP;1;1;21-11-2025
ABS002384;STU00470;;20;3;17-03-0018;COURS;1;1;21-11-2025
ABS002385;STU00470;MAT0033;20;3;16-05-0016;EXAMEN;1;2;21-11-2025
ABS002386;STU00471;MAT0014;11;3;15-04-0032;TP;0;4;21-11-2025
ABS002387;STU00471;MAT0025;11;3;17-05-0031;TD;1;2;21-11-2025
ABS002388;STU00471;MAT0028;11;3;16-03-0017;TP;1;3;21-11-2025
ABS002389;STU00471;MAT0017;11;3;17-03-0018;TD;0;4;21-11-2025
ABS002390;STU00471;MAT0018;11;3;16-05-0029;TP;1;1;21-11-2025
ABS002391;STU00471;MAT0032;11;3;17-03-0010;TD;1;1;21-11-2025
ABS002392;STU00471;MAT0030;11;3;17-05-0011;TD;0;4;21-11-2025
ABS002393;STU00471;MAT0015;11;3;16-03-0016;TP;1;3;21-11-2025
ABS002394;STU00471;MAT0033;11;3;17-05-0034;TD;1;3;21-11-2025
ABS002395;STU00471;MAT0027;11;3;16-05-0032;COURS;1;4;21-11-2025
ABS002396;STU00471;MAT0002;11;3;16-04-0034;TP;1;1;21-11-2025
ABS002397;STU00471;MAT0006;11;3;16-03-0012;TD;1;3;21-11-2025
ABS002398;STU00471;MAT0018;11;3;15-04-0013;COURS;1;2;21-11-2025
ABS002399;STU00472;MAT0034;12;3;16-03-0016;EXAMEN;0;2;21-11-2025
ABS002400;STU00472;MAT0007;12;3;16-04-0011;EXAMEN;0;1;21-11-2025
ABS002401;STU00472;MAT0004;12;3;16-03-0012;TD;0;4;21-11-2025
ABS002402;STU00472;MAT0004;12;3;16-05-0033;COURS;0;3;21-11-2025
ABS002403;STU00472;MAT0014;12;3;17-03-0007;TP;1;4;21-11-2025
ABS002404;STU00472;MAT0007;12;3;17-03-0014;EXAMEN;1;4;21-11-2025
ABS002405;STU00474;MAT0023;14;3;17-03-0031;COURS;1;3;21-11-2025
ABS002406;STU00474;MAT0019;14;3;16-03-0025;EXAMEN;1;3;21-11-2025
ABS002407;STU00474;MAT0008;14;3;16-04-0007;COURS;0;4;21-11-2025
ABS002408;STU00474;MAT0022;14;3;16-04-0014;TD;1;1;21-11-2025
ABS002409;STU00474;MAT0034;14;3;15-04-0012;EXAMEN;1;1;21-11-2025
ABS002410;STU00474;MAT0030;14;3;16-04-0011;COURS;1;4;21-11-2025
ABS002411;STU00475;MAT0002;15;3;16-03-0020;COURS;1;4;21-11-2025
ABS002412;STU00475;MAT0013;15;3;17-03-0011;EXAMEN;0;4;21-11-2025
ABS002413;STU00475;MAT0013;15;3;16-03-0024;EXAMEN;0;2;21-11-2025
ABS002414;STU00475;MAT0027;15;3;16-03-0021;COURS;1;1;21-11-2025
ABS002415;STU00475;MAT0019;15;3;16-03-0032;COURS;1;3;21-11-2025
ABS002416;STU00475;MAT0033;15;3;15-04-0021;COURS;0;3;21-11-2025
ABS002417;STU00475;MAT0019;15;3;17-05-0034;TD;1;2;21-11-2025
ABS002418;STU00475;MAT0012;15;3;17-03-0019;TD;1;1;21-11-2025
ABS002419;STU00475;MAT0003;15;3;15-04-0025;EXAMEN;1;4;21-11-2025
ABS002420;STU00475;MAT0030;15;3;17-05-0018;TP;1;4;21-11-2025
ABS002421;STU00475;MAT0029;15;3;17-03-0019;TP;0;1;21-11-2025
ABS002422;STU00475;MAT0024;15;3;16-03-0025;TD;0;1;21-11-2025
ABS002423;STU00475;MAT0027;15;3;17-05-0010;TP;1;4;21-11-2025
ABS002424;STU00475;MAT0031;15;3;17-03-0007;COURS;0;3;21-11-2025
ABS002425;STU00476;MAT0014;16;3;16-03-0016;COURS;1;2;21-11-2025
ABS002426;STU00476;MAT0019;16;3;17-05-0011;TP;1;2;21-11-2025
ABS002427;STU00476;MAT0020;16;3;17-03-0007;COURS;1;1;21-11-2025
ABS002428;STU00476;MAT0015;16;3;16-03-0017;COURS;0;3;21-11-2025
ABS002429;STU00476;MAT0031;16;3;17-03-0019;TP;1;4;21-11-2025
ABS002430;STU00476;MAT0026;16;3;16-05-0016;TD;0;3;21-11-2025
ABS002431;STU00476;MAT0006;16;3;16-03-0016;COURS;0;1;21-11-2025
ABS002432;STU00476;MAT0018;16;3;17-03-0031;EXAMEN;1;2;21-11-2025
ABS002433;STU00476;MAT0028;16;3;16-04-0023;COURS;0;2;21-11-2025
ABS002434;STU00476;MAT0021;16;3;16-05-0017;COURS;0;1;21-11-2025
ABS002435;STU00476;MAT0022;16;3;16-04-0022;COURS;0;3;21-11-2025
ABS002436;STU00476;MAT0033;16;3;17-05-0022;COURS;0;3;21-11-2025
ABS002437;STU00477;MAT0030;17;3;16-05-0032;TD;0;4;21-11-2025
ABS002438;STU00477;MAT0019;17;3;17-03-0011;TP;1;3;21-11-2025
ABS002439;STU00477;MAT0030;17;3;15-04-0020;EXAMEN;0;3;21-11-2025
ABS002440;STU00477;MAT0007;17;3;16-03-0021;COURS;1;1;21-11-2025
ABS002441;STU00477;MAT0008;17;3;16-05-0021;TP;1;3;21-11-2025
ABS002442;STU00477;MAT0035;17;3;17-05-0022;TD;1;1;21-11-2025
ABS002443;STU00477;MAT0032;17;3;17-03-0010;TP;0;2;21-11-2025
ABS002444;STU00477;MAT0012;17;3;17-05-0007;EXAMEN;0;1;21-11-2025
ABS002445;STU00478;MAT0012;18;3;16-05-0021;EXAMEN;0;2;21-11-2025
ABS002446;STU00479;MAT0026;19;3;17-05-0023;TD;1;2;21-11-2025
ABS002447;STU00481;MAT0025;11;3;16-03-0021;TD;0;1;21-11-2025
ABS002448;STU00481;MAT0022;11;3;16-05-0013;TD;1;4;21-11-2025
ABS002449;STU00481;MAT0009;11;3;15-04-0020;TP;1;2;21-11-2025
ABS002450;STU00481;MAT0033;11;3;16-05-0020;EXAMEN;1;4;21-11-2025
ABS002451;STU00482;MAT0026;12;3;17-05-0023;TD;0;3;21-11-2025
ABS002452;STU00483;MAT0002;13;3;17-03-0018;TD;1;4;21-11-2025
ABS002453;STU00484;MAT0029;14;3;17-05-0034;EXAMEN;1;1;21-11-2025
ABS002454;STU00485;MAT0029;15;3;15-04-0020;COURS;1;4;21-11-2025
ABS002455;STU00485;MAT0022;15;3;15-04-0029;TP;0;4;21-11-2025
ABS002456;STU00487;MAT0012;17;3;17-03-0034;EXAMEN;0;4;21-11-2025
ABS002457;STU00488;MAT0012;18;3;16-03-0008;TD;1;2;21-11-2025
ABS002458;STU00488;MAT0007;18;3;16-04-0010;COURS;1;3;21-11-2025
ABS002459;STU00488;MAT0028;18;3;17-05-0022;COURS;1;1;21-11-2025
ABS002460;STU00488;MAT0004;18;3;15-04-0012;TP;0;3;21-11-2025
ABS002461;STU00489;MAT0015;19;3;17-05-0019;COURS;1;1;21-11-2025
ABS002462;STU00489;;19;3;15-04-0025;TD;1;2;21-11-2025
ABS002463;STU00489;MAT0012;19;3;17-03-0007;EXAMEN;1;1;21-11-2025
ABS002464;STU00489;MAT0012;19;3;17-03-0015;EXAMEN;0;1;21-11-2025
ABS002465;STU00489;MAT0035;19;3;16-03-0020;COURS;1;4;21-11-2025
ABS002466;STU00489;MAT0002;19;3;16-04-0031;TD;1;1;21-11-2025
ABS002467;STU00489;MAT0029;19;3;15-04-0013;COURS;1;1;21-11-2025
ABS002468;STU00489;MAT0013;19;3;16-03-0016;TD;0;4;21-11-2025
ABS002469;STU00489;MAT0018;19;3;17-03-0015;EXAMEN;1;1;21-11-2025
ABS002470;STU00489;MAT0018;19;3;15-04-0012;EXAMEN;1;2;21-11-2025
ABS002471;STU00489;MAT0035;19;3;17-05-0007;TD;1;1;21-11-2025
ABS002472;STU00489;MAT0021;19;3;17-05-0019;TP;0;3;21-11-2025
ABS002473;STU00490;MAT0015;20;3;16-04-0010;TD;0;2;21-11-2025
ABS002474;STU00490;MAT0035;20;3;15-04-0012;COURS;0;1;21-11-2025
ABS002475;STU00491;MAT0028;11;3;16-04-0031;COURS;0;4;21-11-2025
ABS002476;STU00491;MAT0029;11;3;16-05-0020;EXAMEN;1;2;21-11-2025
ABS002477;STU00491;MAT0011;11;3;16-04-0034;TP;1;2;21-11-2025
ABS002478;STU00492;MAT0029;12;3;16-04-0007;COURS;1;4;21-11-2025
ABS002479;STU00492;;12;3;15-04-0033;EXAMEN;1;3;21-11-2025
ABS002480;STU00492;MAT0002;12;3;16-04-0034;TD;0;1;21-11-2025
ABS002481;STU00492;MAT0007;12;3;16-05-0029;TD;1;2;21-11-2025
ABS002482;STU00492;MAT0005;12;3;17-03-0031;TP;1;3;21-11-2025
ABS002483;STU00492;MAT0003;12;3;17-03-0026;TP;0;1;21-11-2025
ABS002484;STU00492;MAT0012;12;3;17-05-0014;TD;0;2;21-11-2025
ABS002485;STU00493;MAT0005;13;3;17-03-0018;COURS;0;3;21-11-2025
ABS002486;STU00493;MAT0022;13;3;16-05-0032;TP;1;1;21-11-2025
ABS002487;STU00493;MAT0015;13;3;17-03-0026;TP;0;1;21-11-2025
ABS002488;STU00493;MAT0026;13;3;17-03-0034;TP;1;2;21-11-2025
ABS002489;STU00495;MAT0016;15;3;16-04-0034;EXAMEN;1;4;21-11-2025
ABS002490;STU00495;MAT0035;15;3;17-03-0007;COURS;0;2;21-11-2025
ABS002491;STU00495;MAT0018;15;3;17-03-0011;TP;0;1;21-11-2025
ABS002492;STU00495;MAT0022;15;3;16-04-0031;EXAMEN;0;2;21-11-2025
ABS002493;STU00495;MAT0010;15;3;17-03-0010;TD;1;4;21-11-2025
ABS002494;STU00495;MAT0031;15;3;16-03-0009;EXAMEN;0;3;21-11-2025
ABS002495;STU00495;MAT0005;15;3;15-04-0012;COURS;1;3;21-11-2025
ABS002496;STU00495;MAT0014;15;3;16-05-0009;EXAMEN;0;1;21-11-2025
ABS002497;STU00495;MAT0012;15;3;17-05-0011;EXAMEN;1;2;21-11-2025
ABS002498;STU00495;MAT0024;15;3;17-03-0022;TD;1;2;21-11-2025
ABS002499;STU00496;MAT0010;16;3;15-04-0017;EXAMEN;0;1;21-11-2025
ABS002500;STU00497;MAT0008;17;3;16-05-0020;EXAMEN;1;2;21-11-2025
ABS002501;STU00497;MAT0011;17;3;17-03-0007;TP;0;2;21-11-2025
ABS002502;STU00497;MAT0013;17;3;15-04-0008;TD;1;1;21-11-2025
ABS002503;STU00498;MAT0021;18;3;16-04-0007;COURS;0;2;21-11-2025
ABS002504;STU00498;MAT0007;18;3;16-03-0025;TP;0;1;21-11-2025
ABS002505;STU00498;MAT0029;18;3;17-05-0034;EXAMEN;1;4;21-11-2025
ABS002506;STU00498;MAT0017;18;3;17-05-0011;EXAMEN;1;2;21-11-2025
ABS002507;STU00498;MAT0017;18;3;15-04-0029;TD;0;1;21-11-2025
ABS002508;STU00499;MAT0021;19;3;16-05-0032;COURS;1;1;21-11-2025
ABS002509;STU00499;MAT0035;19;3;16-04-0031;EXAMEN;1;4;21-11-2025
ABS002510;STU00499;MAT0025;19;3;16-04-0027;TD;1;2;21-11-2025
ABS002511;STU00499;MAT0028;19;3;16-03-0025;TP;0;1;21-11-2025
ABS002512;STU00499;MAT0030;19;3;16-03-0017;TP;1;3;21-11-2025
ABS002513;STU00500;MAT0023;20;3;17-05-0023;TD;1;2;21-11-2025
ABS002514;STU00500;MAT0028;20;3;15-04-0029;EXAMEN;0;2;21-11-2025
ABS002515;STU00500;MAT0033;20;3;17-03-0030;TP;1;2;21-11-2025
ABS002516;STU00500;MAT0011;20;3;16-05-0025;TP;0;2;21-11-2025
ABS002517;STU00500;MAT0021;20;3;17-05-0034;TP;0;4;21-11-2025
ABS002518;STU00500;MAT0011;20;3;16-03-0024;TD;0;3;21-11-2025
ABS002519;STU00500;MAT0007;20;3;17-03-0031;TD;1;4;21-11-2025
ABS002520;STU00500;MAT0020;20;3;17-03-0031;EXAMEN;0;4;21-11-2025
ABS002521;STU00500;MAT0017;20;3;16-03-0025;TD;1;1;21-11-2025
ABS002522;STU00500;MAT0011;20;3;16-03-0032;TD;1;1;21-11-2025
ABS002523;STU00500;MAT0012;20;3;15-04-0025;COURS;1;4;21-11-2025
ABS002524;STU00500;MAT0029;20;3;15-04-0012;COURS;0;4;21-11-2025
ABS002525;STU00500;MAT0022;20;3;17-03-0015;COURS;1;3;21-11-2025
ABS002526;STU00501;MAT0003;11;3;16-04-0027;COURS;1;1;21-11-2025
ABS002527;STU00501;MAT0006;11;3;17-03-0030;TD;0;2;21-11-2025
ABS002528;STU00501;MAT0012;11;3;17-05-0026;TD;0;4;21-11-2025
ABS002529;STU00501;MAT0015;11;3;16-03-0009;EXAMEN;1;1;21-11-2025
ABS002530;STU00501;MAT0034;11;3;16-04-0007;TD;1;1;21-11-2025
ABS002531;STU00501;MAT0018;11;3;16-04-0019;EXAMEN;0;4;21-11-2025
ABS002532;STU00502;MAT0019;12;3;17-03-0019;TD;1;3;21-11-2025
ABS002533;STU00502;MAT0021;12;3;17-03-0007;TD;1;2;21-11-2025
ABS002534;STU00502;MAT0006;12;3;15-04-0020;EXAMEN;1;2;21-11-2025
ABS002535;STU00502;MAT0008;12;3;16-03-0028;TD;1;2;21-11-2025
ABS002536;STU00502;;12;3;16-04-0010;TP;0;1;21-11-2025
ABS002537;STU00502;MAT0009;12;3;15-04-0016;TD;1;4;21-11-2025
ABS002538;STU00503;MAT0013;13;3;17-03-0030;EXAMEN;0;4;21-11-2025
ABS002539;STU00504;MAT0003;14;3;15-04-0020;EXAMEN;1;2;21-11-2025
ABS002540;STU00504;MAT0019;14;3;16-04-0026;TD;1;1;21-11-2025
ABS002541;STU00504;MAT0005;14;3;15-04-0020;EXAMEN;0;3;21-11-2025
ABS002542;STU00504;MAT0029;14;3;17-03-0023;COURS;1;4;21-11-2025
ABS002543;STU00504;MAT0013;14;3;17-05-0026;TD;0;2;21-11-2025
ABS002544;STU00505;MAT0015;15;3;15-04-0024;EXAMEN;0;3;21-11-2025
ABS002545;STU00505;MAT0032;15;3;17-03-0031;TD;0;3;21-11-2025
ABS002546;STU00505;MAT0022;15;3;16-04-0031;TD;1;4;21-11-2025
ABS002547;STU00505;MAT0029;15;3;17-05-0015;COURS;0;3;21-11-2025
ABS002548;STU00505;MAT0015;15;3;17-05-0018;EXAMEN;1;2;21-11-2025
ABS002549;STU00505;MAT0003;15;3;15-04-0024;TP;1;2;21-11-2025
ABS002550;STU00505;MAT0028;15;3;17-03-0023;TP;0;1;21-11-2025
ABS002551;STU00505;MAT0022;15;3;17-03-0026;TD;1;3;21-11-2025
ABS002552;STU00505;MAT0031;15;3;16-05-0017;TP;0;4;21-11-2025
ABS002553;STU00505;MAT0016;15;3;17-05-0015;TP;1;1;21-11-2025
ABS002554;STU00506;MAT0005;16;3;15-04-0024;TP;1;1;21-11-2025
ABS002555;STU00506;MAT0027;16;3;16-04-0022;COURS;0;4;21-11-2025
ABS002556;STU00506;MAT0017;16;3;17-05-0023;TP;0;1;21-11-2025
ABS002557;STU00506;MAT0025;16;3;16-04-0030;COURS;1;4;21-11-2025
ABS002558;STU00507;MAT0027;17;3;16-04-0015;EXAMEN;0;4;21-11-2025
ABS002559;STU00508;MAT0020;18;3;15-04-0028;COURS;1;1;21-11-2025
ABS002560;STU00508;MAT0029;18;3;17-03-0011;EXAMEN;1;2;21-11-2025
ABS002561;STU00508;MAT0008;18;3;16-05-0033;COURS;1;3;21-11-2025
ABS002562;STU00509;MAT0002;19;3;17-05-0019;TP;1;3;21-11-2025
ABS002563;STU00509;MAT0028;19;3;16-04-0031;COURS;0;1;21-11-2025
ABS002564;STU00510;MAT0033;20;3;15-04-0025;TD;0;4;21-11-2025
ABS002565;STU00510;MAT0029;20;3;16-04-0027;TD;0;4;21-11-2025
ABS002566;STU00510;MAT0008;20;3;15-04-0029;TD;0;2;21-11-2025
ABS002567;STU00510;MAT0031;20;3;15-04-0020;TP;1;1;21-11-2025
ABS002568;STU00510;MAT0033;20;3;16-05-0021;EXAMEN;0;3;21-11-2025
ABS002569;STU00512;MAT0020;12;3;15-04-0013;TD;1;4;21-11-2025
ABS002570;STU00512;MAT0021;12;3;16-04-0007;TP;1;3;21-11-2025
ABS002571;STU00513;MAT0004;13;3;16-05-0021;TP;1;4;21-11-2025
ABS002572;STU00513;MAT0005;13;3;17-05-0031;EXAMEN;1;4;21-11-2025
ABS002573;STU00513;MAT0026;13;3;16-03-0020;TD;0;1;21-11-2025
ABS002574;STU00514;;14;3;16-05-0028;EXAMEN;0;2;21-11-2025
ABS002575;STU00514;MAT0006;14;3;16-05-0033;TD;1;2;21-11-2025
ABS002576;STU00514;MAT0021;14;3;15-04-0029;TD;1;2;21-11-2025
ABS002577;STU00514;MAT0030;14;3;15-04-0009;COURS;1;3;21-11-2025
ABS002578;STU00515;MAT0002;15;3;15-04-0012;TD;1;2;21-11-2025
ABS002579;STU00515;MAT0016;15;3;16-03-0028;TP;0;1;21-11-2025
ABS002580;STU00515;MAT0023;15;3;16-03-0016;EXAMEN;1;4;21-11-2025
ABS002581;STU00515;MAT0005;15;3;16-05-0012;TP;1;4;21-11-2025
ABS002582;STU00515;MAT0024;15;3;17-03-0007;TP;1;2;21-11-2025
ABS002583;STU00515;MAT0033;15;3;16-04-0014;TP;1;2;21-11-2025
ABS002584;STU00515;MAT0010;15;3;16-03-0029;COURS;1;1;21-11-2025
ABS002585;STU00517;MAT0008;17;3;17-05-0014;TP;1;1;21-11-2025
ABS002586;STU00517;MAT0017;17;3;17-03-0019;TD;1;1;21-11-2025
ABS002587;STU00517;MAT0013;17;3;16-04-0007;EXAMEN;1;1;21-11-2025
ABS002588;STU00517;MAT0010;17;3;15-04-0008;EXAMEN;1;1;21-11-2025
ABS002589;STU00517;MAT0014;17;3;15-04-0008;COURS;1;1;21-11-2025
ABS002590;STU00519;MAT0027;19;3;17-03-0026;TD;1;3;21-11-2025
ABS002591;STU00519;MAT0034;19;3;15-04-0033;TP;1;1;21-11-2025
ABS002592;STU00519;MAT0002;19;3;17-05-0034;EXAMEN;0;3;21-11-2025
ABS002593;STU00519;MAT0030;19;3;16-05-0012;TP;0;4;21-11-2025
ABS002594;STU00519;MAT0028;19;3;17-05-0007;COURS;1;4;21-11-2025
ABS002595;STU00519;MAT0031;19;3;16-03-0012;EXAMEN;1;1;21-11-2025
ABS002596;STU00519;MAT0034;19;3;16-05-0008;TD;1;2;21-11-2025
ABS002597;STU00520;MAT0017;20;3;15-04-0013;TP;0;3;21-11-2025
ABS002598;STU00520;MAT0012;20;3;17-05-0019;TP;0;4;21-11-2025
ABS002599;STU00520;MAT0012;20;3;16-03-0009;COURS;1;3;21-11-2025
ABS002600;STU00520;MAT0010;20;3;16-05-0028;TP;0;3;21-11-2025
ABS002601;STU00521;MAT0015;11;3;17-03-0011;EXAMEN;1;1;21-11-2025
ABS002602;STU00521;MAT0018;11;3;16-03-0024;EXAMEN;1;1;21-11-2025
ABS002603;STU00522;MAT0019;12;3;17-03-0011;TD;1;2;21-11-2025
ABS002604;STU00522;MAT0003;12;3;16-05-0016;TP;1;4;21-11-2025
ABS002605;STU00522;MAT0006;12;3;16-04-0023;EXAMEN;1;3;21-11-2025
ABS002606;STU00522;MAT0016;12;3;17-05-0007;EXAMEN;1;3;21-11-2025
ABS002607;STU00522;MAT0010;12;3;16-05-0024;COURS;1;4;21-11-2025
ABS002608;STU00522;MAT0034;12;3;16-04-0014;TP;0;4;21-11-2025
ABS002609;STU00524;MAT0034;14;3;16-04-0026;EXAMEN;0;1;21-11-2025
ABS002610;STU00524;MAT0020;14;3;17-03-0018;EXAMEN;1;2;21-11-2025
ABS002611;STU00524;MAT0004;14;3;17-03-0030;TP;0;4;21-11-2025
ABS002612;STU00524;MAT0027;14;3;16-03-0012;TD;0;4;21-11-2025
ABS002613;STU00524;MAT0030;14;3;15-04-0009;EXAMEN;0;3;21-11-2025
ABS002614;STU00524;MAT0010;14;3;16-04-0026;TD;0;4;21-11-2025
ABS002615;STU00525;MAT0032;15;3;15-04-0029;EXAMEN;1;3;21-11-2025
ABS002616;STU00525;MAT0020;15;3;16-04-0007;COURS;0;2;21-11-2025
ABS002617;STU00525;MAT0017;15;3;17-03-0023;TD;0;2;21-11-2025
ABS002618;STU00525;MAT0013;15;3;17-05-0023;COURS;0;2;21-11-2025
ABS002619;STU00525;MAT0002;15;3;16-04-0007;COURS;1;3;21-11-2025
ABS002620;STU00525;MAT0030;15;3;15-04-0008;EXAMEN;0;1;21-11-2025
ABS002621;STU00525;MAT0015;15;3;16-04-0030;COURS;1;1;21-11-2025
ABS002622;STU00526;MAT0032;16;3;16-05-0032;TP;0;4;21-11-2025
ABS002623;STU00526;MAT0035;16;3;16-03-0008;EXAMEN;1;4;21-11-2025
ABS002624;STU00526;MAT0009;16;3;15-04-0012;TP;1;3;21-11-2025
ABS002625;STU00526;MAT0010;16;3;16-05-0029;COURS;1;2;21-11-2025
ABS002626;STU00527;MAT0028;17;3;15-04-0020;COURS;1;3;21-11-2025
ABS002627;STU00527;MAT0026;17;3;17-05-0026;TD;1;1;21-11-2025
ABS002628;STU00527;MAT0024;17;3;17-05-0034;EXAMEN;1;1;21-11-2025
ABS002629;STU00527;MAT0024;17;3;17-03-0022;TD;1;1;21-11-2025
ABS002630;STU00527;MAT0027;17;3;16-04-0026;EXAMEN;0;4;21-11-2025
ABS002631;STU00527;MAT0031;17;3;16-05-0017;TD;1;3;21-11-2025
ABS002632;STU00527;MAT0016;17;3;16-03-0016;TP;1;1;21-11-2025
ABS002633;STU00528;MAT0031;18;3;16-05-0013;TP;1;1;21-11-2025
ABS002634;STU00528;MAT0032;18;3;16-03-0008;EXAMEN;1;2;21-11-2025
ABS002635;STU00528;MAT0023;18;3;17-03-0022;COURS;0;1;21-11-2025
ABS002636;STU00530;MAT0005;20;3;17-05-0030;TD;1;2;21-11-2025
ABS002637;STU00530;MAT0003;20;3;16-03-0021;TD;0;2;21-11-2025
ABS002638;STU00530;MAT0020;20;3;16-04-0034;TP;1;3;21-11-2025
ABS002639;STU00530;;20;3;17-05-0026;TP;1;1;21-11-2025
ABS002640;STU00530;MAT0035;20;3;16-04-0030;EXAMEN;1;2;21-11-2025
ABS002641;STU00531;MAT0031;11;3;16-05-0033;EXAMEN;0;1;21-11-2025
ABS002642;STU00531;MAT0003;11;3;16-04-0027;TP;0;2;21-11-2025
ABS002643;STU00531;MAT0035;11;3;16-05-0012;TP;0;3;21-11-2025
ABS002644;STU00533;MAT0023;13;3;17-05-0007;TP;1;1;21-11-2025
ABS002645;STU00533;MAT0007;13;3;17-05-0030;TP;1;4;21-11-2025
ABS002646;STU00533;MAT0026;13;3;16-04-0015;TP;0;1;21-11-2025
ABS002647;STU00533;MAT0032;13;3;15-04-0008;EXAMEN;0;3;21-11-2025
ABS002648;STU00533;MAT0016;13;3;16-03-0025;COURS;1;3;21-11-2025
ABS002649;STU00534;MAT0016;14;3;17-03-0031;TD;0;1;21-11-2025
ABS002650;STU00534;MAT0025;14;3;16-05-0013;EXAMEN;1;1;21-11-2025
ABS002651;STU00534;MAT0024;14;3;17-03-0023;EXAMEN;1;3;21-11-2025
ABS002652;STU00534;MAT0002;14;3;16-05-0029;EXAMEN;1;1;21-11-2025
ABS002653;STU00534;MAT0021;14;3;17-03-0019;TD;1;3;21-11-2025
ABS002654;STU00535;MAT0028;15;3;15-04-0029;TD;1;2;21-11-2025
ABS002655;STU00535;MAT0027;15;3;16-04-0030;TD;0;2;21-11-2025
ABS002656;STU00535;MAT0020;15;3;16-05-0021;TP;1;1;21-11-2025
ABS002657;STU00535;MAT0003;15;3;16-04-0022;EXAMEN;1;1;21-11-2025
ABS002658;STU00535;MAT0003;15;3;16-05-0012;COURS;1;1;21-11-2025
ABS002659;STU00535;MAT0019;15;3;16-05-0033;TD;0;2;21-11-2025
ABS002660;STU00535;MAT0010;15;3;17-05-0034;EXAMEN;1;1;21-11-2025
ABS002661;STU00535;MAT0018;15;3;15-04-0024;TP;1;3;21-11-2025
ABS002662;STU00535;MAT0026;15;3;16-03-0032;TD;0;1;21-11-2025
ABS002663;STU00535;MAT0026;15;3;17-03-0026;COURS;0;4;21-11-2025
ABS002664;STU00535;MAT0011;15;3;16-05-0028;TD;0;2;21-11-2025
ABS002665;STU00535;;15;3;17-05-0022;EXAMEN;1;3;21-11-2025
ABS002666;STU00535;MAT0018;15;3;15-04-0029;TP;1;1;21-11-2025
ABS002667;STU00535;MAT0009;15;3;16-05-0028;TD;0;1;21-11-2025
ABS002668;STU00536;MAT0016;16;3;16-05-0017;TP;1;4;21-11-2025
ABS002669;STU00536;MAT0009;16;3;15-04-0020;EXAMEN;0;3;21-11-2025
ABS002670;STU00539;MAT0009;19;3;16-04-0007;TP;1;4;21-11-2025
ABS002671;STU00539;MAT0025;19;3;16-03-0013;EXAMEN;0;1;21-11-2025
ABS002672;STU00539;MAT0003;19;3;16-04-0014;EXAMEN;1;4;21-11-2025
ABS002673;STU00539;MAT0003;19;3;17-03-0018;TD;1;1;21-11-2025
ABS002674;STU00539;MAT0028;19;3;17-05-0027;TP;1;1;21-11-2025
ABS002675;STU00539;MAT0014;19;3;17-03-0034;COURS;1;2;21-11-2025
ABS002676;STU00539;MAT0016;19;3;16-03-0032;COURS;0;2;21-11-2025
ABS002677;STU00540;MAT0013;20;3;15-04-0012;EXAMEN;1;4;21-11-2025
ABS002678;STU00540;MAT0024;20;3;17-05-0026;TD;1;2;21-11-2025
ABS002679;STU00540;MAT0004;20;3;15-04-0008;EXAMEN;0;4;21-11-2025
ABS002680;STU00540;MAT0032;20;3;15-04-0033;TP;1;3;21-11-2025
ABS002681;STU00540;MAT0009;20;3;16-04-0027;COURS;0;3;21-11-2025
ABS002682;STU00540;MAT0022;20;3;16-05-0016;TD;1;1;21-11-2025
ABS002683;STU00540;MAT0008;20;3;17-05-0007;EXAMEN;0;3;21-11-2025
ABS002684;STU00540;MAT0019;20;3;16-05-0013;TP;1;4;21-11-2025
ABS002685;STU00540;MAT0011;20;3;15-04-0012;TP;0;4;21-11-2025
ABS002686;STU00540;MAT0004;20;3;17-05-0022;TP;1;4;21-11-2025
ABS002687;STU00540;MAT0027;20;3;17-03-0014;COURS;1;2;21-11-2025
ABS002688;STU00540;MAT0028;20;3;15-04-0024;COURS;1;3;21-11-2025
ABS002689;STU00541;MAT0009;11;3;16-04-0007;TD;1;1;21-11-2025
ABS002690;STU00542;;12;3;15-04-0013;COURS;1;1;21-11-2025
ABS002691;STU00542;MAT0007;12;3;16-04-0022;TP;1;3;21-11-2025
ABS002692;STU00542;MAT0004;12;3;16-05-0021;TP;0;3;21-11-2025
ABS002693;STU00543;MAT0029;13;3;15-04-0016;TP;0;4;21-11-2025
ABS002694;STU00543;MAT0024;13;3;16-04-0030;TD;0;3;21-11-2025
ABS002695;STU00543;MAT0004;13;3;16-05-0021;TP;1;1;21-11-2025
ABS002696;STU00543;MAT0006;13;3;17-05-0030;EXAMEN;1;3;21-11-2025
ABS002697;STU00543;MAT0014;13;3;17-05-0019;EXAMEN;0;1;21-11-2025
ABS002698;STU00543;MAT0013;13;3;17-05-0014;TP;1;4;21-11-2025
ABS002699;STU00543;MAT0030;13;3;16-04-0027;EXAMEN;1;1;21-11-2025
ABS002700;STU00544;MAT0031;14;3;17-03-0030;EXAMEN;1;1;21-11-2025
ABS002701;STU00544;MAT0016;14;3;17-05-0015;COURS;1;1;21-11-2025
ABS002702;STU00544;MAT0011;14;3;16-05-0012;COURS;1;4;21-11-2025
ABS002703;STU00544;MAT0014;14;3;16-04-0014;TD;1;2;21-11-2025
ABS002704;STU00545;MAT0009;15;3;16-03-0032;TD;1;4;21-11-2025
ABS002705;STU00546;MAT0016;16;3;16-03-0017;TD;1;4;21-11-2025
ABS002706;STU00546;MAT0012;16;3;16-04-0026;TP;0;4;21-11-2025
ABS002707;STU00546;MAT0011;16;3;17-03-0026;TD;1;3;21-11-2025
ABS002708;STU00546;MAT0003;16;3;17-05-0011;TD;0;2;21-11-2025
ABS002709;STU00546;MAT0007;16;3;16-03-0025;TP;1;1;21-11-2025
ABS002710;STU00546;MAT0013;16;3;16-03-0020;TD;1;2;21-11-2025
ABS002711;STU00546;MAT0019;16;3;17-05-0015;TD;0;3;21-11-2025
ABS002712;STU00547;;17;3;17-05-0011;EXAMEN;0;3;21-11-2025
ABS002713;STU00547;MAT0018;17;3;16-03-0017;TP;0;4;21-11-2025
ABS002714;STU00547;MAT0021;17;3;16-03-0021;EXAMEN;1;1;21-11-2025
ABS002715;STU00547;MAT0015;17;3;16-03-0024;COURS;0;4;21-11-2025
ABS002716;STU00547;MAT0014;17;3;16-04-0014;TD;0;4;21-11-2025
ABS002717;STU00547;MAT0010;17;3;17-05-0030;TD;1;4;21-11-2025
ABS002718;STU00547;MAT0014;17;3;15-04-0013;COURS;1;1;21-11-2025
ABS002719;STU00548;MAT0002;18;3;17-05-0022;EXAMEN;0;3;21-11-2025
ABS002720;STU00548;MAT0025;18;3;17-03-0014;COURS;0;3;21-11-2025
ABS002721;STU00548;MAT0033;18;3;17-03-0026;TP;0;3;21-11-2025
ABS002722;STU00548;MAT0003;18;3;17-03-0030;EXAMEN;1;3;21-11-2025
ABS002723;STU00548;MAT0009;18;3;16-05-0008;EXAMEN;0;4;21-11-2025
ABS002724;STU00549;MAT0030;19;3;16-03-0020;EXAMEN;0;1;21-11-2025
ABS002725;STU00549;MAT0011;19;3;15-04-0033;COURS;1;2;21-11-2025
ABS002726;STU00550;MAT0026;20;3;17-05-0018;TP;1;1;21-11-2025
ABS002727;STU00550;MAT0029;20;3;15-04-0025;TP;0;4;21-11-2025
ABS002728;STU00550;MAT0014;20;3;16-05-0025;COURS;1;2;21-11-2025
ABS002729;STU00550;MAT0032;20;3;16-05-0029;TP;1;1;21-11-2025
ABS002730;STU00550;MAT0033;20;3;16-04-0026;EXAMEN;0;3;21-11-2025
ABS002731;STU00550;MAT0019;20;3;16-04-0007;TD;0;4;21-11-2025
ABS002732;STU00550;MAT0014;20;3;15-04-0016;TD;0;2;21-11-2025
ABS002733;STU00551;MAT0007;11;3;17-03-0011;TD;1;1;21-11-2025
ABS002734;STU00551;MAT0007;11;3;17-05-0034;TP;1;3;21-11-2025
ABS002735;STU00551;MAT0002;11;3;17-03-0015;COURS;1;2;21-11-2025
ABS002736;STU00551;MAT0028;11;3;16-05-0021;TD;0;2;21-11-2025
ABS002737;STU00551;MAT0020;11;3;17-05-0023;EXAMEN;0;2;21-11-2025
ABS002738;STU00551;MAT0030;11;3;16-04-0019;EXAMEN;0;2;21-11-2025
ABS002739;STU00552;MAT0035;12;3;17-05-0027;EXAMEN;0;3;21-11-2025
ABS002740;STU00552;MAT0034;12;3;17-03-0019;COURS;1;1;21-11-2025
ABS002741;STU00552;MAT0017;12;3;16-05-0013;TP;1;4;21-11-2025
ABS002742;STU00552;MAT0035;12;3;16-05-0025;TP;1;3;21-11-2025
ABS002743;STU00552;MAT0029;12;3;16-05-0020;TP;1;4;21-11-2025
ABS002744;STU00552;MAT0035;12;3;16-03-0028;TD;1;4;21-11-2025
ABS002745;STU00553;MAT0035;13;3;16-03-0008;COURS;1;2;21-11-2025
ABS002746;STU00553;MAT0025;13;3;15-04-0009;EXAMEN;0;1;21-11-2025
ABS002747;STU00553;MAT0023;13;3;15-04-0017;TP;1;4;21-11-2025
ABS002748;STU00553;MAT0032;13;3;15-04-0017;EXAMEN;0;3;21-11-2025
ABS002749;STU00553;MAT0007;13;3;16-04-0018;TD;0;4;21-11-2025
ABS002750;STU00553;;13;3;16-04-0007;COURS;1;4;21-11-2025
ABS002751;STU00553;MAT0027;13;3;16-04-0023;TD;0;1;21-11-2025
ABS002752;STU00553;MAT0027;13;3;15-04-0009;EXAMEN;1;3;21-11-2025
ABS002753;STU00553;MAT0012;13;3;17-03-0011;TP;1;3;21-11-2025
ABS002754;STU00553;MAT0033;13;3;17-03-0031;EXAMEN;1;1;21-11-2025
ABS002755;STU00553;MAT0013;13;3;16-03-0032;TD;1;4;21-11-2025
ABS002756;STU00553;MAT0015;13;3;17-03-0023;TP;1;1;21-11-2025
ABS002757;STU00553;MAT0029;13;3;16-05-0009;COURS;1;4;21-11-2025
ABS002758;STU00553;MAT0020;13;3;16-03-0008;TP;0;2;21-11-2025
ABS002759;STU00554;MAT0022;14;3;16-03-0032;COURS;1;2;21-11-2025
ABS002760;STU00554;MAT0018;14;3;17-03-0026;COURS;0;1;21-11-2025
ABS002761;STU00554;MAT0028;14;3;17-05-0031;COURS;1;4;21-11-2025
ABS002762;STU00554;MAT0032;14;3;17-05-0022;TD;1;3;21-11-2025
ABS002763;STU00556;MAT0020;16;3;17-05-0007;TP;1;4;21-11-2025
ABS002764;STU00556;MAT0025;16;3;17-03-0018;EXAMEN;0;1;21-11-2025
ABS002765;STU00556;MAT0032;16;3;16-05-0017;TD;1;1;21-11-2025
ABS002766;STU00556;MAT0003;16;3;15-04-0025;TD;1;4;21-11-2025
ABS002767;STU00556;MAT0017;16;3;16-03-0012;TP;0;1;21-11-2025
ABS002768;STU00557;MAT0009;17;3;17-05-0026;TP;1;1;21-11-2025
ABS002769;STU00559;MAT0029;19;3;17-05-0030;EXAMEN;1;4;21-11-2025
ABS002770;STU00559;MAT0024;19;3;16-04-0018;COURS;1;1;21-11-2025
ABS002771;STU00559;MAT0018;19;3;16-05-0020;TD;0;2;21-11-2025
ABS002772;STU00559;MAT0034;19;3;16-05-0017;EXAMEN;1;3;21-11-2025
ABS002773;STU00559;MAT0027;19;3;16-03-0025;TD;0;2;21-11-2025
ABS002774;STU00559;MAT0002;19;3;16-03-0020;TP;1;4;21-11-2025
ABS002775;STU00559;MAT0018;19;3;17-05-0026;TD;1;4;21-11-2025
ABS002776;STU00559;MAT0014;19;3;16-04-0023;COURS;1;4;21-11-2025
ABS002777;STU00559;;19;3;16-03-0029;EXAMEN;1;2;21-11-2025
ABS002778;STU00560;MAT0006;20;3;17-03-0018;COURS;1;2;21-11-2025
ABS002779;STU00560;MAT0010;20;3;16-04-0031;EXAMEN;1;3;21-11-2025
ABS002780;STU00561;MAT0002;11;3;16-05-0033;EXAMEN;1;2;21-11-2025
ABS002781;STU00561;MAT0010;11;3;16-03-0021;TD;1;1;21-11-2025
ABS002782;STU00561;MAT0033;11;3;16-04-0026;COURS;1;2;21-11-2025
ABS002783;STU00561;MAT0004;11;3;17-03-0022;COURS;1;4;21-11-2025
ABS002784;STU00561;MAT0018;11;3;15-04-0033;EXAMEN;0;3;21-11-2025
ABS002785;STU00561;MAT0021;11;3;15-04-0021;TP;0;4;21-11-2025
ABS002786;STU00561;MAT0021;11;3;16-04-0022;TP;0;1;21-11-2025
ABS002787;STU00562;MAT0003;12;3;17-05-0026;EXAMEN;1;4;21-11-2025
ABS002788;STU00562;MAT0023;12;3;16-05-0009;COURS;0;1;21-11-2025
ABS002789;STU00563;MAT0025;13;3;17-05-0031;TD;1;2;21-11-2025
ABS002790;STU00563;MAT0033;13;3;17-05-0015;EXAMEN;1;1;21-11-2025
ABS002791;STU00563;MAT0031;13;3;17-03-0007;EXAMEN;0;2;21-11-2025
ABS002792;STU00563;MAT0007;13;3;17-05-0019;TD;0;1;21-11-2025
ABS002793;STU00563;MAT0022;13;3;17-05-0034;COURS;1;1;21-11-2025
ABS002794;STU00563;MAT0035;13;3;16-03-0025;EXAMEN;1;1;21-11-2025
ABS002795;STU00563;MAT0009;13;3;17-05-0031;COURS;1;4;21-11-2025
ABS002796;STU00564;MAT0003;14;3;15-04-0029;COURS;0;2;21-11-2025
ABS002797;STU00564;MAT0010;14;3;17-03-0022;TD;1;2;21-11-2025
ABS002798;STU00564;MAT0033;14;3;17-03-0015;EXAMEN;1;4;21-11-2025
ABS002799;STU00564;MAT0021;14;3;17-03-0014;COURS;1;3;21-11-2025
ABS002800;STU00564;MAT0027;14;3;16-04-0023;TD;1;2;21-11-2025
ABS002801;STU00564;MAT0029;14;3;16-04-0018;COURS;1;4;21-11-2025
ABS002802;STU00564;MAT0007;14;3;17-03-0030;TD;1;2;21-11-2025
ABS002803;STU00564;MAT0022;14;3;16-03-0017;TP;1;3;21-11-2025
ABS002804;STU00564;MAT0003;14;3;15-04-0028;TP;0;1;21-11-2025
ABS002805;STU00564;MAT0015;14;3;17-05-0022;TP;1;3;21-11-2025
ABS002806;STU00564;MAT0020;14;3;15-04-0008;TP;1;2;21-11-2025
ABS002807;STU00564;MAT0020;14;3;16-03-0009;COURS;0;4;21-11-2025
ABS002808;STU00564;MAT0007;14;3;17-03-0027;TD;1;3;21-11-2025
ABS002809;STU00564;MAT0026;14;3;16-03-0013;EXAMEN;0;4;21-11-2025
ABS002810;STU00565;MAT0003;15;3;17-03-0030;EXAMEN;1;4;21-11-2025
ABS002811;STU00565;MAT0035;15;3;16-05-0021;COURS;1;2;21-11-2025
ABS002812;STU00566;MAT0028;16;3;16-04-0018;TP;0;4;21-11-2025
ABS002813;STU00566;MAT0019;16;3;16-05-0032;COURS;1;2;21-11-2025
ABS002814;STU00567;MAT0002;17;3;15-04-0033;COURS;1;2;21-11-2025
ABS002815;STU00567;MAT0031;17;3;16-05-0017;TD;1;2;21-11-2025
ABS002816;STU00567;MAT0032;17;3;17-03-0018;TP;1;2;21-11-2025
ABS002817;STU00567;MAT0010;17;3;16-05-0029;EXAMEN;0;4;21-11-2025
ABS002818;STU00567;MAT0014;17;3;17-05-0031;COURS;0;1;21-11-2025
ABS002819;STU00567;MAT0024;17;3;15-04-0024;TP;1;2;21-11-2025
ABS002820;STU00568;MAT0005;18;3;17-05-0018;TP;1;3;21-11-2025
ABS002821;STU00568;MAT0028;18;3;17-05-0014;EXAMEN;0;4;21-11-2025
ABS002822;STU00568;MAT0019;18;3;16-03-0016;EXAMEN;1;3;21-11-2025
ABS002823;STU00568;MAT0008;18;3;15-04-0012;TP;1;3;21-11-2025
ABS002824;STU00568;MAT0006;18;3;16-05-0016;EXAMEN;0;1;21-11-2025
ABS002825;STU00568;MAT0029;18;3;15-04-0009;COURS;0;2;21-11-2025
ABS002826;STU00569;MAT0005;19;3;15-04-0025;TP;1;1;21-11-2025
ABS002827;STU00569;MAT0020;19;3;16-03-0032;TP;1;4;21-11-2025
ABS002828;STU00569;MAT0017;19;3;16-05-0008;TD;1;4;21-11-2025
ABS002829;STU00572;MAT0002;12;3;17-03-0031;TD;1;3;21-11-2025
ABS002830;STU00572;MAT0025;12;3;17-05-0007;TD;0;2;21-11-2025
ABS002831;STU00572;MAT0029;12;3;16-04-0019;EXAMEN;0;4;21-11-2025
ABS002832;STU00572;MAT0028;12;3;15-04-0020;COURS;0;3;21-11-2025
ABS002833;STU00573;MAT0003;13;3;16-03-0032;TD;1;2;21-11-2025
ABS002834;STU00574;MAT0035;14;3;16-04-0026;COURS;0;2;21-11-2025
ABS002835;STU00574;MAT0028;14;3;16-05-0021;TD;1;4;21-11-2025
ABS002836;STU00574;MAT0002;14;3;16-04-0026;COURS;1;4;21-11-2025
ABS002837;STU00574;MAT0021;14;3;16-05-0009;TD;1;3;21-11-2025
ABS002838;STU00574;MAT0018;14;3;16-04-0010;TP;0;2;21-11-2025
ABS002839;STU00574;MAT0023;14;3;17-03-0014;COURS;1;4;21-11-2025
ABS002840;STU00574;MAT0020;14;3;15-04-0020;TD;1;4;21-11-2025
ABS002841;STU00574;MAT0025;14;3;17-03-0010;TD;1;2;21-11-2025
ABS002842;STU00574;MAT0005;14;3;15-04-0013;TP;1;4;21-11-2025
ABS002843;STU00574;MAT0022;14;3;17-05-0027;TP;1;2;21-11-2025
ABS002844;STU00574;MAT0032;14;3;16-05-0012;EXAMEN;1;3;21-11-2025
ABS002845;STU00575;MAT0021;15;3;16-03-0013;COURS;1;3;21-11-2025
ABS002846;STU00575;MAT0014;15;3;15-04-0009;TP;1;3;21-11-2025
ABS002847;STU00575;MAT0031;15;3;17-05-0019;TD;0;2;21-11-2025
ABS002848;STU00576;MAT0017;16;3;16-03-0009;TP;0;1;21-11-2025
ABS002849;STU00576;MAT0031;16;3;15-04-0028;TP;1;2;21-11-2025
ABS002850;STU00576;MAT0006;16;3;17-03-0018;COURS;0;4;21-11-2025
ABS002851;STU00576;MAT0030;16;3;17-05-0023;TP;0;2;21-11-2025
ABS002852;STU00577;MAT0019;17;3;16-05-0017;TD;1;4;21-11-2025
ABS002853;STU00577;MAT0033;17;3;16-04-0010;TD;0;3;21-11-2025
ABS002854;STU00577;MAT0004;17;3;16-05-0008;COURS;1;4;21-11-2025
ABS002855;STU00578;MAT0021;18;3;16-05-0009;COURS;1;3;21-11-2025
ABS002856;STU00578;MAT0031;18;3;16-03-0020;EXAMEN;0;1;21-11-2025
ABS002857;STU00578;MAT0005;18;3;17-03-0022;EXAMEN;0;4;21-11-2025
ABS002858;STU00578;MAT0021;18;3;17-05-0023;EXAMEN;0;3;21-11-2025
ABS002859;STU00579;;19;3;16-05-0024;TD;1;2;21-11-2025
ABS002860;STU00581;MAT0003;11;3;17-03-0019;COURS;0;1;21-11-2025
ABS002861;STU00581;MAT0028;11;3;17-03-0023;TP;1;3;21-11-2025
ABS002862;STU00581;MAT0021;11;3;17-05-0007;TD;0;1;21-11-2025
ABS002863;STU00581;MAT0010;11;3;16-03-0016;COURS;1;4;21-11-2025
ABS002864;STU00582;MAT0021;12;3;17-03-0015;TD;0;4;21-11-2025
ABS002865;STU00582;MAT0014;12;3;16-04-0014;TD;0;2;21-11-2025
ABS002866;STU00582;MAT0003;12;3;15-04-0008;TP;0;2;21-11-2025
ABS002867;STU00582;MAT0012;12;3;16-03-0028;COURS;1;2;21-11-2025
ABS002868;STU00582;MAT0007;12;3;17-05-0007;COURS;1;1;21-11-2025
ABS002869;STU00582;MAT0035;12;3;17-03-0015;TP;0;1;21-11-2025
ABS002870;STU00582;MAT0012;12;3;17-03-0014;TP;0;4;21-11-2025
ABS002871;STU00582;MAT0014;12;3;16-03-0032;TD;0;3;21-11-2025
ABS002872;STU00582;MAT0027;12;3;15-04-0033;TP;0;2;21-11-2025
ABS002873;STU00582;MAT0033;12;3;15-04-0012;EXAMEN;0;3;21-11-2025
ABS002874;STU00582;MAT0028;12;3;16-05-0021;COURS;0;4;21-11-2025
ABS002875;STU00582;MAT0018;12;3;15-04-0013;TD;1;3;21-11-2025
ABS002876;STU00582;MAT0030;12;3;16-03-0020;EXAMEN;1;2;21-11-2025
ABS002877;STU00583;MAT0012;13;3;17-05-0018;EXAMEN;1;3;21-11-2025
ABS002878;STU00583;MAT0006;13;3;15-04-0033;TP;1;4;21-11-2025
ABS002879;STU00584;MAT0005;14;3;17-05-0034;TP;1;4;21-11-2025
ABS002880;STU00584;MAT0016;14;3;17-03-0018;COURS;1;4;21-11-2025
ABS002881;STU00584;MAT0007;14;3;15-04-0016;TP;1;3;21-11-2025
ABS002882;STU00584;MAT0026;14;3;17-03-0014;TP;0;4;21-11-2025
ABS002883;STU00584;MAT0026;14;3;16-04-0031;EXAMEN;1;2;21-11-2025
ABS002884;STU00585;MAT0027;15;3;16-05-0029;TD;1;3;21-11-2025
ABS002885;STU00585;MAT0010;15;3;17-05-0014;TP;0;4;21-11-2025
ABS002886;STU00586;MAT0031;16;3;16-03-0017;COURS;0;4;21-11-2025
ABS002887;STU00587;MAT0015;17;3;17-03-0030;TP;0;3;21-11-2025
ABS002888;STU00588;MAT0002;18;3;16-03-0028;EXAMEN;1;4;21-11-2025
ABS002889;STU00588;MAT0010;18;3;16-05-0024;TP;1;2;21-11-2025
ABS002890;STU00588;MAT0035;18;3;17-05-0026;COURS;1;3;21-11-2025
ABS002891;STU00588;MAT0033;18;3;16-03-0028;COURS;0;2;21-11-2025
ABS002892;STU00588;MAT0006;18;3;16-05-0021;COURS;0;4;21-11-2025
ABS002893;STU00588;MAT0009;18;3;17-03-0022;EXAMEN;0;2;21-11-2025
ABS002894;STU00590;MAT0002;20;3;16-05-0029;TD;1;3;21-11-2025
ABS002895;STU00591;MAT0013;11;3;16-04-0019;TP;1;4;21-11-2025
ABS002896;STU00591;MAT0021;11;3;15-04-0012;TP;1;2;21-11-2025
ABS002897;STU00591;MAT0019;11;3;15-04-0033;TP;1;2;21-11-2025
ABS002898;STU00592;MAT0020;12;3;16-04-0011;COURS;0;3;21-11-2025
ABS002899;STU00592;MAT0006;12;3;17-05-0034;COURS;0;4;21-11-2025
ABS002900;STU00592;MAT0019;12;3;17-05-0019;EXAMEN;0;4;21-11-2025
ABS002901;STU00593;MAT0015;13;3;16-05-0024;TD;0;1;21-11-2025
ABS002902;STU00594;MAT0023;14;3;16-03-0012;COURS;0;2;21-11-2025
ABS002903;STU00594;MAT0018;14;3;17-05-0026;COURS;1;1;21-11-2025
ABS002904;STU00594;MAT0015;14;3;17-03-0014;TP;1;2;21-11-2025
ABS002905;STU00594;MAT0027;14;3;15-04-0028;EXAMEN;1;2;21-11-2025
ABS002906;STU00594;MAT0035;14;3;17-05-0015;COURS;0;3;21-11-2025
ABS002907;STU00594;MAT0004;14;3;17-03-0030;COURS;1;4;21-11-2025
ABS002908;STU00594;MAT0003;14;3;16-05-0013;COURS;1;1;21-11-2025
ABS002909;STU00594;;14;3;17-03-0019;TP;1;1;21-11-2025
ABS002910;STU00594;MAT0020;14;3;16-03-0008;TD;1;1;21-11-2025
ABS002911;STU00594;MAT0027;14;3;17-03-0023;EXAMEN;1;4;21-11-2025
ABS002912;STU00594;MAT0005;14;3;16-05-0008;COURS;0;2;21-11-2025
ABS002913;STU00594;MAT0013;14;3;17-03-0034;TP;1;3;21-11-2025
ABS002914;STU00594;MAT0017;14;3;15-04-0024;TD;1;2;21-11-2025
ABS002915;STU00594;MAT0005;14;3;15-04-0013;EXAMEN;0;4;21-11-2025
ABS002916;STU00595;MAT0014;15;3;17-05-0010;EXAMEN;0;3;21-11-2025
ABS002917;STU00596;MAT0014;16;3;16-04-0010;TD;1;1;21-11-2025
ABS002918;STU00596;MAT0020;16;3;16-05-0028;COURS;1;3;21-11-2025
ABS002919;STU00596;;16;3;15-04-0028;TD;1;1;21-11-2025
ABS002920;STU00597;MAT0020;17;3;16-04-0034;TP;0;4;21-11-2025
ABS002921;STU00597;MAT0014;17;3;16-05-0009;EXAMEN;1;3;21-11-2025
ABS002922;STU00597;MAT0019;17;3;16-04-0019;EXAMEN;0;1;21-11-2025
ABS002923;STU00597;MAT0006;17;3;16-03-0024;COURS;1;4;21-11-2025
ABS002924;STU00597;MAT0008;17;3;16-04-0026;EXAMEN;0;3;21-11-2025
ABS002925;STU00597;MAT0010;17;3;17-03-0014;COURS;0;1;21-11-2025
ABS002926;STU00597;MAT0016;17;3;16-03-0029;COURS;1;2;21-11-2025
ABS002927;STU00598;MAT0025;18;3;16-05-0012;COURS;1;3;21-11-2025
ABS002928;STU00598;MAT0011;18;3;15-04-0017;TP;0;4;21-11-2025
ABS002929;STU00598;MAT0005;18;3;16-05-0016;COURS;0;3;21-11-2025
ABS002930;STU00598;MAT0005;18;3;16-04-0022;EXAMEN;1;3;21-11-2025
ABS002931;STU00598;MAT0023;18;3;17-05-0023;EXAMEN;1;3;21-11-2025
ABS002932;STU00598;MAT0015;18;3;16-05-0025;COURS;0;1;21-11-2025
ABS002933;STU00599;MAT0029;19;3;15-04-0020;TP;1;4;21-11-2025
ABS002934;STU00599;MAT0024;19;3;17-03-0018;TP;1;2;21-11-2025
ABS002935;STU00600;MAT0026;20;3;17-03-0019;TD;1;3;21-11-2025
ABS002936;STU00601;MAT0002;21;3;17-03-0022;COURS;0;3;21-11-2025
ABS002937;STU00601;MAT0015;21;3;16-03-0033;COURS;1;4;21-11-2025
ABS002938;STU00601;MAT0027;21;3;17-05-0027;TD;0;4;21-11-2025
ABS002939;STU00601;;21;3;17-03-0007;EXAMEN;1;1;21-11-2025
ABS002940;STU00601;MAT0007;21;3;17-05-0015;EXAMEN;0;2;21-11-2025
ABS002941;STU00601;MAT0027;21;3;17-03-0022;TD;0;1;21-11-2025
ABS002942;STU00602;MAT0010;22;3;17-03-0014;TD;0;2;21-11-2025
ABS002943;STU00602;MAT0035;22;3;16-04-0007;TP;1;2;21-11-2025
ABS002944;STU00602;MAT0023;22;3;16-05-0013;TP;0;3;21-11-2025
ABS002945;STU00602;MAT0018;22;3;16-03-0008;EXAMEN;1;1;21-11-2025
ABS002946;STU00602;MAT0007;22;3;17-03-0018;COURS;1;3;21-11-2025
ABS002947;STU00602;MAT0021;22;3;17-05-0007;TD;0;4;21-11-2025
ABS002948;STU00602;MAT0034;22;3;16-03-0012;TD;1;1;21-11-2025
ABS002949;STU00602;MAT0008;22;3;15-04-0016;TP;1;1;21-11-2025
ABS002950;STU00602;MAT0030;22;3;17-05-0031;TD;0;1;21-11-2025
ABS002951;STU00602;MAT0020;22;3;17-03-0007;COURS;1;3;21-11-2025
ABS002952;STU00603;MAT0033;21;3;16-03-0032;COURS;1;3;21-11-2025
ABS002953;STU00603;MAT0027;21;3;16-04-0022;EXAMEN;0;2;21-11-2025
ABS002954;STU00603;MAT0012;21;3;16-05-0008;COURS;1;2;21-11-2025
ABS002955;STU00603;MAT0015;21;3;17-03-0019;TP;1;1;21-11-2025
ABS002956;STU00603;MAT0030;21;3;17-05-0014;COURS;1;1;21-11-2025
ABS002957;STU00604;MAT0017;22;3;16-05-0021;TD;1;4;21-11-2025
ABS002958;STU00604;;22;3;16-05-0025;TP;1;3;21-11-2025
ABS002959;STU00605;MAT0020;21;3;16-05-0025;COURS;1;3;21-11-2025
ABS002960;STU00606;MAT0028;22;3;16-04-0026;COURS;1;3;21-11-2025
ABS002961;STU00606;MAT0035;22;3;17-03-0023;EXAMEN;0;1;21-11-2025
ABS002962;STU00606;MAT0025;22;3;16-05-0008;TP;1;2;21-11-2025
ABS002963;STU00606;MAT0018;22;3;16-03-0021;TP;1;1;21-11-2025
ABS002964;STU00606;MAT0021;22;3;17-03-0019;TD;1;1;21-11-2025
ABS002965;STU00606;MAT0005;22;3;16-03-0020;TP;1;1;21-11-2025
ABS002966;STU00606;MAT0015;22;3;17-03-0018;COURS;1;2;21-11-2025
ABS002967;STU00606;MAT0026;22;3;16-04-0030;TD;1;4;21-11-2025
ABS002968;STU00607;;21;3;16-03-0017;TP;1;2;21-11-2025
ABS002969;STU00607;MAT0017;21;3;17-05-0011;TD;0;1;21-11-2025
ABS002970;STU00607;MAT0006;21;3;17-03-0015;EXAMEN;1;3;21-11-2025
ABS002971;STU00607;MAT0022;21;3;17-03-0030;TP;0;4;21-11-2025
ABS002972;STU00607;MAT0021;21;3;17-05-0010;TP;0;3;21-11-2025
ABS002973;STU00607;MAT0025;21;3;17-05-0007;TD;1;4;21-11-2025
ABS002974;STU00608;MAT0029;22;3;17-03-0018;COURS;0;2;21-11-2025
ABS002975;STU00608;MAT0010;22;3;16-03-0028;TP;1;3;21-11-2025
ABS002976;STU00608;MAT0015;22;3;15-04-0012;COURS;0;2;21-11-2025
ABS002977;STU00608;MAT0015;22;3;17-05-0019;COURS;0;2;21-11-2025
ABS002978;STU00608;MAT0026;22;3;16-05-0020;TD;1;1;21-11-2025
ABS002979;STU00608;MAT0007;22;3;15-04-0012;EXAMEN;0;2;21-11-2025
ABS002980;STU00608;MAT0009;22;3;17-05-0011;COURS;0;4;21-11-2025
ABS002981;STU00608;MAT0012;22;3;15-04-0024;COURS;1;2;21-11-2025
ABS002982;STU00608;MAT0026;22;3;16-05-0012;EXAMEN;1;4;21-11-2025
ABS002983;STU00608;MAT0015;22;3;17-03-0019;TD;1;1;21-11-2025
ABS002984;STU00608;MAT0015;22;3;17-03-0010;TD;1;3;21-11-2025
ABS002985;STU00608;MAT0023;22;3;17-05-0031;COURS;0;1;21-11-2025
ABS002986;STU00610;MAT0014;22;3;17-05-0014;TP;1;4;21-11-2025
ABS002987;STU00610;MAT0006;22;3;17-05-0022;COURS;0;1;21-11-2025
ABS002988;STU00610;MAT0022;22;3;16-03-0029;EXAMEN;0;2;21-11-2025
ABS002989;STU00610;MAT0022;22;3;16-03-0033;EXAMEN;1;3;21-11-2025
ABS002990;STU00610;MAT0005;22;3;17-05-0022;TP;1;3;21-11-2025
ABS002991;STU00610;MAT0029;22;3;17-03-0030;TD;0;3;21-11-2025
ABS002992;STU00610;MAT0014;22;3;16-04-0030;TD;1;1;21-11-2025
ABS002993;STU00610;MAT0030;22;3;16-04-0027;EXAMEN;1;1;21-11-2025
ABS002994;STU00610;MAT0025;22;3;15-04-0017;TP;1;3;21-11-2025
ABS002995;STU00610;;22;3;16-03-0021;COURS;1;3;21-11-2025
ABS002996;STU00610;MAT0007;22;3;16-03-0028;COURS;1;4;21-11-2025
ABS002997;STU00611;MAT0023;21;3;15-04-0008;TD;1;4;21-11-2025
ABS002998;STU00611;MAT0002;21;3;17-03-0011;TD;1;3;21-11-2025
ABS002999;STU00611;MAT0004;21;3;15-04-0024;EXAMEN;1;1;21-11-2025
ABS003000;STU00611;MAT0016;21;3;17-03-0011;COURS;1;4;21-11-2025
ABS003001;STU00611;MAT0029;21;3;16-04-0027;COURS;1;4;21-11-2025
ABS003002;STU00611;MAT0014;21;3;16-05-0020;TP;0;2;21-11-2025
ABS003003;STU00612;MAT0023;22;3;16-03-0024;TD;0;2;21-11-2025
ABS003004;STU00612;MAT0034;22;3;15-04-0033;TP;1;3;21-11-2025
ABS003005;STU00612;MAT0032;22;3;16-04-0014;COURS;0;2;21-11-2025
ABS003006;STU00612;MAT0013;22;3;16-05-0016;COURS;0;2;21-11-2025
ABS003007;STU00612;MAT0022;22;3;15-04-0033;TD;1;2;21-11-2025
ABS003008;STU00612;MAT0005;22;3;16-03-0029;TD;0;4;21-11-2025
ABS003009;STU00612;MAT0033;22;3;16-04-0026;EXAMEN;1;2;21-11-2025
ABS003010;STU00612;MAT0035;22;3;17-03-0022;TP;0;2;21-11-2025
ABS003011;STU00612;MAT0027;22;3;17-05-0022;TP;1;3;21-11-2025
ABS003012;STU00612;MAT0009;22;3;17-03-0023;COURS;0;3;21-11-2025
ABS003013;STU00612;MAT0002;22;3;17-05-0034;EXAMEN;1;2;21-11-2025
ABS003014;STU00612;MAT0026;22;3;16-05-0020;TP;0;4;21-11-2025
ABS003015;STU00612;MAT0024;22;3;17-03-0034;COURS;1;4;21-11-2025
ABS003016;STU00612;MAT0021;22;3;17-03-0015;TP;0;2;21-11-2025
ABS003017;STU00612;MAT0024;22;3;15-04-0033;EXAMEN;0;4;21-11-2025
ABS003018;STU00613;MAT0033;21;3;16-05-0021;TP;1;2;21-11-2025
ABS003019;STU00614;MAT0008;22;3;17-05-0018;COURS;0;2;21-11-2025
ABS003020;STU00614;MAT0027;22;3;16-04-0007;TD;1;4;21-11-2025
ABS003021;STU00614;MAT0035;22;3;16-04-0019;TP;1;2;21-11-2025
ABS003022;STU00614;MAT0027;22;3;16-05-0008;TD;1;4;21-11-2025
ABS003023;STU00614;MAT0012;22;3;17-05-0022;TD;1;1;21-11-2025
ABS003024;STU00614;MAT0014;22;3;16-05-0021;TP;1;3;21-11-2025
ABS003025;STU00614;MAT0009;22;3;16-03-0009;COURS;0;3;21-11-2025
ABS003026;STU00614;MAT0010;22;3;16-03-0012;TD;0;4;21-11-2025
ABS003027;STU00614;;22;3;15-04-0024;TP;1;4;21-11-2025
ABS003028;STU00614;MAT0030;22;3;16-05-0025;TD;1;3;21-11-2025
ABS003029;STU00614;MAT0004;22;3;17-05-0027;EXAMEN;0;2;21-11-2025
ABS003030;STU00614;MAT0034;22;3;17-05-0026;TD;0;4;21-11-2025
ABS003031;STU00616;MAT0018;22;3;16-05-0008;TP;0;4;21-11-2025
ABS003032;STU00616;MAT0029;22;3;16-04-0019;COURS;1;4;21-11-2025
ABS003033;STU00616;MAT0009;22;3;17-05-0014;EXAMEN;0;1;21-11-2025
ABS003034;STU00616;MAT0010;22;3;17-03-0011;COURS;1;1;21-11-2025
ABS003035;STU00617;MAT0018;21;3;16-04-0023;TD;1;3;21-11-2025
ABS003036;STU00617;MAT0014;21;3;16-05-0013;TD;1;4;21-11-2025
ABS003037;STU00618;MAT0035;22;3;16-03-0029;EXAMEN;1;1;21-11-2025
ABS003038;STU00618;MAT0025;22;3;16-05-0013;COURS;1;3;21-11-2025
ABS003039;STU00618;MAT0028;22;3;16-05-0016;TD;0;3;21-11-2025
ABS003040;STU00618;MAT0004;22;3;16-04-0015;COURS;1;2;21-11-2025
ABS003041;STU00618;MAT0024;22;3;16-04-0026;COURS;1;2;21-11-2025
ABS003042;STU00618;;22;3;15-04-0008;COURS;0;3;21-11-2025
ABS003043;STU00618;MAT0008;22;3;16-04-0019;EXAMEN;0;1;21-11-2025
ABS003044;STU00619;MAT0003;21;3;17-05-0023;TP;0;1;21-11-2025
ABS003045;STU00619;MAT0004;21;3;16-03-0016;TP;0;3;21-11-2025
ABS003046;STU00619;MAT0033;21;3;16-04-0019;TP;0;2;21-11-2025
ABS003047;STU00619;MAT0034;21;3;15-04-0013;COURS;0;2;21-11-2025
ABS003048;STU00619;MAT0030;21;3;15-04-0016;TP;1;1;21-11-2025
ABS003049;STU00619;;21;3;16-03-0008;COURS;1;3;21-11-2025
ABS003050;STU00619;MAT0029;21;3;15-04-0016;COURS;1;4;21-11-2025
ABS003051;STU00620;MAT0030;22;3;17-03-0011;COURS;1;2;21-11-2025
ABS003052;STU00620;MAT0007;22;3;15-04-0029;EXAMEN;0;3;21-11-2025
ABS003053;STU00620;MAT0028;22;3;17-05-0019;EXAMEN;0;4;21-11-2025
ABS003054;STU00620;MAT0023;22;3;15-04-0021;TD;1;2;21-11-2025
ABS003055;STU00620;MAT0031;22;3;15-04-0009;COURS;1;1;21-11-2025
ABS003056;STU00620;MAT0014;22;3;15-04-0024;TP;0;3;21-11-2025
ABS003057;STU00620;MAT0005;22;3;16-05-0024;TP;1;4;21-11-2025
ABS003058;STU00622;MAT0033;22;3;17-05-0027;TD;0;4;21-11-2025
ABS003059;STU00622;MAT0010;22;3;15-04-0028;COURS;1;4;21-11-2025
ABS003060;STU00622;MAT0003;22;3;15-04-0024;COURS;1;3;21-11-2025
ABS003061;STU00622;MAT0032;22;3;15-04-0020;TD;0;2;21-11-2025
ABS003062;STU00623;MAT0030;21;3;16-03-0012;TD;1;4;21-11-2025
ABS003063;STU00623;MAT0015;21;3;15-04-0025;TP;0;3;21-11-2025
ABS003064;STU00623;MAT0004;21;3;16-05-0029;TD;0;3;21-11-2025
ABS003065;STU00623;MAT0007;21;3;15-04-0020;TD;0;4;21-11-2025
ABS003066;STU00623;MAT0035;21;3;17-03-0007;EXAMEN;0;1;21-11-2025
ABS003067;STU00623;MAT0015;21;3;16-05-0021;TD;1;4;21-11-2025
ABS003068;STU00623;MAT0008;21;3;15-04-0021;COURS;1;3;21-11-2025
ABS003069;STU00623;MAT0009;21;3;16-03-0017;EXAMEN;1;4;21-11-2025
ABS003070;STU00623;MAT0004;21;3;17-03-0007;COURS;1;1;21-11-2025
ABS003071;STU00623;MAT0004;21;3;16-03-0009;TD;1;3;21-11-2025
ABS003072;STU00623;MAT0019;21;3;16-03-0013;TP;1;1;21-11-2025
ABS003073;STU00623;MAT0031;21;3;16-04-0030;EXAMEN;1;1;21-11-2025
ABS003074;STU00623;MAT0028;21;3;16-05-0033;COURS;1;4;21-11-2025
ABS003075;STU00624;MAT0028;22;3;17-05-0026;TP;1;4;21-11-2025
ABS003076;STU00624;MAT0019;22;3;15-04-0020;COURS;1;4;21-11-2025
ABS003077;STU00624;MAT0016;22;3;17-05-0034;TD;0;3;21-11-2025
ABS003078;STU00624;MAT0024;22;3;17-03-0007;TD;0;3;21-11-2025
ABS003079;STU00624;MAT0025;22;3;16-03-0028;TP;0;4;21-11-2025
ABS003080;STU00624;MAT0012;22;3;16-05-0013;TD;1;1;21-11-2025
ABS003081;STU00624;;22;3;16-04-0014;EXAMEN;0;3;21-11-2025
ABS003082;STU00624;MAT0016;22;3;15-04-0028;EXAMEN;0;1;21-11-2025
ABS003083;STU00624;MAT0008;22;3;16-04-0022;COURS;1;3;21-11-2025
ABS003084;STU00624;MAT0007;22;3;17-03-0030;COURS;0;2;21-11-2025
ABS003085;STU00624;MAT0002;22;3;16-04-0007;COURS;0;3;21-11-2025
ABS003086;STU00624;MAT0014;22;3;16-05-0025;TP;1;3;21-11-2025
ABS003087;STU00624;MAT0014;22;3;16-05-0021;TD;0;2;21-11-2025
ABS003088;STU00625;MAT0019;21;3;17-03-0010;EXAMEN;1;1;21-11-2025
ABS003089;STU00625;MAT0016;21;3;16-04-0019;EXAMEN;1;4;21-11-2025
ABS003090;STU00627;MAT0009;21;3;17-03-0022;EXAMEN;1;2;21-11-2025
ABS003091;STU00627;MAT0020;21;3;17-05-0011;EXAMEN;1;3;21-11-2025
ABS003092;STU00627;MAT0032;21;3;16-05-0012;TD;0;1;21-11-2025
ABS003093;STU00627;MAT0010;21;3;16-03-0029;COURS;1;1;21-11-2025
ABS003094;STU00628;MAT0006;22;3;16-03-0017;COURS;1;3;21-11-2025
ABS003095;STU00628;MAT0010;22;3;15-04-0013;EXAMEN;1;4;21-11-2025
ABS003096;STU00628;MAT0004;22;3;16-05-0013;TD;1;3;21-11-2025
ABS003097;STU00628;MAT0014;22;3;16-04-0034;EXAMEN;1;2;21-11-2025
ABS003098;STU00628;MAT0004;22;3;16-03-0009;COURS;1;1;21-11-2025
ABS003099;STU00628;MAT0016;22;3;16-05-0033;COURS;1;1;21-11-2025
ABS003100;STU00628;MAT0020;22;3;17-05-0007;COURS;0;2;21-11-2025
ABS003101;STU00628;MAT0018;22;3;15-04-0029;COURS;0;2;21-11-2025
ABS003102;STU00628;MAT0004;22;3;16-05-0028;TD;0;3;21-11-2025
ABS003103;STU00628;MAT0029;22;3;17-05-0014;EXAMEN;1;2;21-11-2025
ABS003104;STU00628;MAT0011;22;3;16-04-0019;COURS;1;1;21-11-2025
ABS003105;STU00628;MAT0028;22;3;17-03-0011;COURS;0;3;21-11-2025
ABS003106;STU00628;MAT0017;22;3;15-04-0029;EXAMEN;1;3;21-11-2025
ABS003107;STU00628;MAT0005;22;3;17-05-0014;COURS;0;3;21-11-2025
ABS003108;STU00629;;21;3;17-05-0014;EXAMEN;1;2;21-11-2025
ABS003109;STU00629;MAT0033;21;3;16-05-0021;TP;1;1;21-11-2025
ABS003110;STU00630;MAT0028;22;3;16-04-0011;TD;1;4;21-11-2025
ABS003111;STU00630;MAT0023;22;3;17-05-0034;COURS;1;1;21-11-2025
ABS003112;STU00631;MAT0007;21;3;17-05-0034;EXAMEN;1;2;21-11-2025
ABS003113;STU00631;MAT0035;21;3;17-05-0023;TD;1;2;21-11-2025
ABS003114;STU00631;MAT0034;21;3;15-04-0024;TP;0;4;21-11-2025
ABS003115;STU00631;MAT0030;21;3;16-05-0012;EXAMEN;0;2;21-11-2025
ABS003116;STU00631;MAT0028;21;3;16-03-0020;EXAMEN;1;1;21-11-2025
ABS003117;STU00631;MAT0013;21;3;16-05-0029;EXAMEN;1;1;21-11-2025
ABS003118;STU00632;MAT0035;22;3;16-03-0012;COURS;1;2;21-11-2025
ABS003119;STU00634;MAT0031;22;3;17-05-0022;EXAMEN;0;3;21-11-2025
ABS003120;STU00634;MAT0032;22;3;16-05-0033;EXAMEN;0;2;21-11-2025
ABS003121;STU00634;MAT0035;22;3;17-05-0018;COURS;0;1;21-11-2025
ABS003122;STU00634;MAT0008;22;3;16-05-0016;EXAMEN;0;4;21-11-2025
ABS003123;STU00634;MAT0013;22;3;16-04-0022;COURS;1;2;21-11-2025
ABS003124;STU00634;MAT0023;22;3;17-05-0034;EXAMEN;1;1;21-11-2025
ABS003125;STU00634;MAT0029;22;3;16-05-0024;COURS;1;3;21-11-2025
ABS003126;STU00634;MAT0003;22;3;16-05-0020;COURS;1;3;21-11-2025
ABS003127;STU00634;MAT0012;22;3;17-03-0007;TP;0;2;21-11-2025
ABS003128;STU00634;MAT0032;22;3;16-05-0021;TP;1;1;21-11-2025
ABS003129;STU00634;MAT0002;22;3;17-05-0014;TD;1;1;21-11-2025
ABS003130;STU00634;MAT0010;22;3;17-03-0010;TP;1;1;21-11-2025
ABS003131;STU00634;MAT0026;22;3;17-05-0023;COURS;1;2;21-11-2025
ABS003132;STU00635;MAT0023;21;3;17-05-0027;TD;1;2;21-11-2025
ABS003133;STU00636;MAT0008;22;3;16-03-0033;COURS;1;1;21-11-2025
ABS003134;STU00636;MAT0032;22;3;16-03-0032;TD;0;2;21-11-2025
ABS003135;STU00636;MAT0012;22;3;15-04-0032;EXAMEN;1;4;21-11-2025
ABS003136;STU00636;MAT0029;22;3;17-03-0015;TP;0;3;21-11-2025
ABS003137;STU00636;MAT0021;22;3;16-03-0029;EXAMEN;1;1;21-11-2025
ABS003138;STU00636;MAT0018;22;3;17-05-0031;TP;1;3;21-11-2025
ABS003139;STU00636;MAT0032;22;3;15-04-0028;TP;0;4;21-11-2025
ABS003140;STU00637;MAT0020;21;3;16-04-0027;TP;1;2;21-11-2025
ABS003141;STU00637;MAT0005;21;3;15-04-0017;TP;1;4;21-11-2025
ABS003142;STU00637;MAT0027;21;3;16-05-0024;TP;1;2;21-11-2025
ABS003143;STU00637;MAT0018;21;3;17-05-0030;TD;1;2;21-11-2025
ABS003144;STU00638;MAT0011;22;3;16-05-0020;EXAMEN;1;2;21-11-2025
ABS003145;STU00638;MAT0020;22;3;16-04-0019;TP;0;1;21-11-2025
ABS003146;STU00639;MAT0031;21;3;16-04-0023;COURS;1;3;21-11-2025
ABS003147;STU00640;MAT0014;22;3;16-04-0031;TP;0;4;21-11-2025
ABS003148;STU00640;MAT0022;22;3;16-05-0029;COURS;1;3;21-11-2025
ABS003149;STU00641;MAT0035;21;3;16-05-0012;TP;1;2;21-11-2025
ABS003150;STU00641;;21;3;16-05-0033;COURS;1;3;21-11-2025
ABS003151;STU00641;MAT0013;21;3;17-03-0031;COURS;1;4;21-11-2025
ABS003152;STU00643;MAT0023;21;3;16-05-0032;COURS;0;1;21-11-2025
ABS003153;STU00644;MAT0023;22;3;15-04-0024;COURS;1;2;21-11-2025
ABS003154;STU00644;;22;3;16-05-0029;TP;1;1;21-11-2025
ABS003155;STU00644;MAT0007;22;3;16-05-0012;TP;0;2;21-11-2025
ABS003156;STU00644;MAT0030;22;3;17-03-0011;TP;1;2;21-11-2025
ABS003157;STU00644;MAT0032;22;3;17-03-0031;TP;0;1;21-11-2025
ABS003158;STU00644;MAT0016;22;3;17-03-0011;TP;1;3;21-11-2025
ABS003159;STU00644;MAT0023;22;3;17-03-0019;TD;1;3;21-11-2025
ABS003160;STU00644;MAT0028;22;3;16-03-0024;EXAMEN;1;3;21-11-2025
ABS003161;STU00644;MAT0004;22;3;16-03-0029;TP;1;2;21-11-2025
ABS003162;STU00644;MAT0023;22;3;16-05-0029;TP;0;1;21-11-2025
ABS003163;STU00646;MAT0015;22;3;16-03-0025;TP;0;4;21-11-2025
ABS003164;STU00646;MAT0023;22;3;16-05-0016;TP;0;2;21-11-2025
ABS003165;STU00647;MAT0012;21;3;17-03-0022;COURS;1;2;21-11-2025
ABS003166;STU00648;MAT0006;22;3;17-03-0034;TP;1;3;21-11-2025
ABS003167;STU00648;MAT0011;22;3;16-04-0030;EXAMEN;0;1;21-11-2025
ABS003168;STU00648;MAT0028;22;3;17-03-0031;COURS;1;1;21-11-2025
ABS003169;STU00649;;21;3;15-04-0012;COURS;1;2;21-11-2025
ABS003170;STU00650;MAT0016;22;3;17-03-0007;TP;1;4;21-11-2025
ABS003171;STU00650;MAT0004;22;3;17-05-0022;TP;0;3;21-11-2025
ABS003172;STU00650;MAT0035;22;3;17-05-0026;TD;1;2;21-11-2025
ABS003173;STU00650;MAT0027;22;3;16-05-0029;EXAMEN;0;1;21-11-2025
ABS003174;STU00650;MAT0014;22;3;17-03-0031;TP;1;1;21-11-2025
ABS003175;STU00650;MAT0023;22;3;16-04-0023;COURS;1;2;21-11-2025
ABS003176;STU00650;MAT0024;22;3;17-03-0011;TD;1;3;21-11-2025
ABS003177;STU00650;MAT0010;22;3;17-03-0034;TD;1;2;21-11-2025
ABS003178;STU00650;MAT0017;22;3;17-03-0014;TD;1;3;21-11-2025
ABS003179;STU00650;MAT0030;22;3;16-04-0019;TD;1;1;21-11-2025
ABS003180;STU00650;MAT0022;22;3;16-03-0029;TP;1;3;21-11-2025
ABS003181;STU00650;MAT0013;22;3;17-05-0015;COURS;1;2;21-11-2025
ABS003182;STU00650;MAT0016;22;3;16-05-0016;EXAMEN;1;3;21-11-2025
ABS003183;STU00650;MAT0006;22;3;16-03-0032;COURS;1;2;21-11-2025
ABS003184;STU00651;MAT0007;21;3;16-03-0028;TP;0;2;21-11-2025
ABS003185;STU00652;MAT0025;22;3;17-05-0011;TP;1;4;21-11-2025
ABS003186;STU00652;MAT0011;22;3;17-03-0034;COURS;1;2;21-11-2025
ABS003187;STU00652;MAT0006;22;3;17-05-0026;COURS;1;4;21-11-2025
ABS003188;STU00652;MAT0010;22;3;16-03-0033;TD;0;2;21-11-2025
ABS003189;STU00652;MAT0005;22;3;15-04-0025;TP;1;4;21-11-2025
ABS003190;STU00652;MAT0031;22;3;16-04-0031;COURS;1;3;21-11-2025
ABS003191;STU00653;MAT0029;21;3;16-04-0007;TP;0;1;21-11-2025
ABS003192;STU00653;MAT0013;21;3;16-04-0034;COURS;0;3;21-11-2025
ABS003193;STU00653;MAT0012;21;3;17-03-0007;COURS;0;4;21-11-2025
ABS003194;STU00653;MAT0034;21;3;16-05-0032;TD;1;1;21-11-2025
ABS003195;STU00653;MAT0020;21;3;17-03-0030;TP;1;2;21-11-2025
ABS003196;STU00653;MAT0033;21;3;16-05-0017;EXAMEN;1;4;21-11-2025
ABS003197;STU00653;MAT0004;21;3;17-03-0014;TP;0;2;21-11-2025
ABS003198;STU00653;MAT0030;21;3;15-04-0020;TP;0;1;21-11-2025
ABS003199;STU00653;MAT0010;21;3;16-05-0029;TD;1;1;21-11-2025
ABS003200;STU00653;MAT0016;21;3;16-03-0009;TD;1;1;21-11-2025
ABS003201;STU00653;MAT0021;21;3;17-03-0034;COURS;0;3;21-11-2025
ABS003202;STU00653;MAT0007;21;3;15-04-0008;TP;0;1;21-11-2025
ABS003203;STU00653;MAT0035;21;3;17-03-0014;TD;1;2;21-11-2025
ABS003204;STU00653;MAT0013;21;3;16-03-0008;COURS;1;4;21-11-2025
ABS003205;STU00653;MAT0027;21;3;17-05-0010;TD;1;1;21-11-2025
ABS003206;STU00654;MAT0031;22;3;16-05-0009;TD;1;1;21-11-2025
ABS003207;STU00654;MAT0033;22;3;16-04-0030;TP;1;4;21-11-2025
ABS003208;STU00655;MAT0006;21;3;16-04-0011;TP;1;1;21-11-2025
ABS003209;STU00655;;21;3;17-03-0022;EXAMEN;0;2;21-11-2025
ABS003210;STU00655;MAT0024;21;3;15-04-0024;COURS;1;3;21-11-2025
ABS003211;STU00656;MAT0034;22;3;16-04-0007;TP;0;1;21-11-2025
ABS003212;STU00656;MAT0006;22;3;17-05-0031;TP;1;3;21-11-2025
ABS003213;STU00656;MAT0024;22;3;16-04-0015;EXAMEN;1;2;21-11-2025
ABS003214;STU00656;MAT0023;22;3;17-05-0019;TP;1;1;21-11-2025
ABS003215;STU00656;MAT0030;22;3;16-05-0012;EXAMEN;1;2;21-11-2025
ABS003216;STU00656;MAT0008;22;3;15-04-0021;EXAMEN;1;4;21-11-2025
ABS003217;STU00656;MAT0023;22;3;16-03-0025;EXAMEN;0;4;21-11-2025
ABS003218;STU00656;MAT0029;22;3;16-04-0031;TD;1;3;21-11-2025
ABS003219;STU00656;MAT0014;22;3;16-04-0022;EXAMEN;0;4;21-11-2025
ABS003220;STU00656;MAT0003;22;3;16-05-0016;TD;1;2;21-11-2025
ABS003221;STU00656;MAT0019;22;3;17-05-0027;EXAMEN;1;3;21-11-2025
ABS003222;STU00657;MAT0028;21;3;17-03-0022;TD;1;1;21-11-2025
ABS003223;STU00657;MAT0008;21;3;15-04-0028;COURS;1;4;21-11-2025
ABS003224;STU00657;MAT0020;21;3;16-03-0028;TD;1;1;21-11-2025
ABS003225;STU00657;MAT0019;21;3;15-04-0012;TD;0;4;21-11-2025
ABS003226;STU00657;MAT0027;21;3;17-05-0030;TD;1;4;21-11-2025
ABS003227;STU00657;MAT0002;21;3;16-04-0022;TP;1;4;21-11-2025
ABS003228;STU00658;MAT0002;22;3;17-05-0022;TD;1;2;21-11-2025
ABS003229;STU00658;MAT0018;22;3;17-03-0007;TD;1;2;21-11-2025
ABS003230;STU00659;MAT0012;21;3;15-04-0025;TD;1;1;21-11-2025
ABS003231;STU00659;MAT0011;21;3;17-05-0027;EXAMEN;1;4;21-11-2025
ABS003232;STU00659;MAT0015;21;3;16-04-0026;TP;0;3;21-11-2025
ABS003233;STU00660;MAT0006;22;3;17-05-0010;EXAMEN;0;2;21-11-2025
ABS003234;STU00660;MAT0008;22;3;16-04-0022;TD;0;1;21-11-2025
ABS003235;STU00660;MAT0026;22;3;15-04-0029;COURS;1;4;21-11-2025
ABS003236;STU00660;MAT0029;22;3;15-04-0028;TP;1;4;21-11-2025
ABS003237;STU00660;MAT0029;22;3;15-04-0025;COURS;0;2;21-11-2025
ABS003238;STU00660;MAT0008;22;3;17-03-0022;COURS;0;4;21-11-2025
ABS003239;STU00660;MAT0023;22;3;15-04-0020;COURS;1;1;21-11-2025
ABS003240;STU00660;MAT0005;22;3;16-03-0020;EXAMEN;0;3;21-11-2025
ABS003241;STU00660;MAT0016;22;3;16-04-0034;COURS;1;2;21-11-2025
ABS003242;STU00660;MAT0030;22;3;16-03-0012;TP;1;4;21-11-2025
ABS003243;STU00661;MAT0020;27;3;16-03-0020;EXAMEN;0;1;21-11-2025
ABS003244;STU00662;MAT0004;28;3;17-05-0034;EXAMEN;1;2;21-11-2025
ABS003245;STU00662;MAT0008;28;3;16-05-0008;TD;1;1;21-11-2025
ABS003246;STU00662;MAT0028;28;3;15-04-0009;EXAMEN;0;2;21-11-2025
ABS003247;STU00662;MAT0015;28;3;17-03-0019;TD;1;1;21-11-2025
ABS003248;STU00662;MAT0031;28;3;16-03-0009;TP;0;1;21-11-2025
ABS003249;STU00662;MAT0004;28;3;16-03-0016;TD;1;2;21-11-2025
ABS003250;STU00662;MAT0019;28;3;17-05-0018;TP;1;3;21-11-2025
ABS003251;STU00662;MAT0022;28;3;17-05-0014;EXAMEN;1;2;21-11-2025
ABS003252;STU00662;MAT0008;28;3;17-05-0026;TD;1;3;21-11-2025
ABS003253;STU00662;MAT0010;28;3;16-05-0013;TD;1;3;21-11-2025
ABS003254;STU00662;MAT0018;28;3;16-03-0021;COURS;1;2;21-11-2025
ABS003255;STU00664;MAT0027;28;3;16-04-0034;TD;1;1;21-11-2025
ABS003256;STU00665;MAT0003;27;3;17-03-0019;COURS;1;4;21-11-2025
ABS003257;STU00665;MAT0017;27;3;16-03-0025;TP;0;2;21-11-2025
ABS003258;STU00666;MAT0021;28;3;17-03-0010;EXAMEN;0;1;21-11-2025
ABS003259;STU00667;MAT0034;27;3;17-05-0019;TP;1;1;21-11-2025
ABS003260;STU00667;MAT0028;27;3;16-05-0025;TP;1;4;21-11-2025
ABS003261;STU00667;MAT0018;27;3;17-03-0027;COURS;1;2;21-11-2025
ABS003262;STU00667;MAT0030;27;3;17-05-0010;EXAMEN;1;2;21-11-2025
ABS003263;STU00667;MAT0006;27;3;16-04-0027;EXAMEN;1;1;21-11-2025
ABS003264;STU00667;MAT0014;27;3;16-03-0013;EXAMEN;0;4;21-11-2025
ABS003265;STU00668;MAT0015;28;3;17-03-0022;TP;1;2;21-11-2025
ABS003266;STU00668;MAT0011;28;3;16-04-0011;TD;1;3;21-11-2025
ABS003267;STU00668;MAT0034;28;3;16-03-0029;TD;1;1;21-11-2025
ABS003268;STU00668;MAT0016;28;3;15-04-0028;TD;1;4;21-11-2025
ABS003269;STU00670;MAT0011;28;3;16-04-0015;TP;1;3;21-11-2025
ABS003270;STU00670;MAT0002;28;3;16-03-0028;TD;1;2;21-11-2025
ABS003271;STU00670;MAT0020;28;3;16-04-0007;EXAMEN;1;1;21-11-2025
ABS003272;STU00670;MAT0033;28;3;16-03-0028;EXAMEN;1;3;21-11-2025
ABS003273;STU00670;;28;3;16-04-0015;TP;0;4;21-11-2025
ABS003274;STU00671;MAT0013;27;3;16-05-0009;EXAMEN;0;3;21-11-2025
ABS003275;STU00671;MAT0020;27;3;17-05-0011;TP;1;1;21-11-2025
ABS003276;STU00672;MAT0005;28;3;16-03-0028;COURS;1;3;21-11-2025
ABS003277;STU00675;MAT0025;27;3;17-03-0022;EXAMEN;1;4;21-11-2025
ABS003278;STU00675;MAT0011;27;3;16-05-0012;TP;0;4;21-11-2025
ABS003279;STU00675;MAT0017;27;3;16-03-0025;COURS;1;2;21-11-2025
ABS003280;STU00675;MAT0002;27;3;16-05-0028;TD;1;3;21-11-2025
ABS003281;STU00675;MAT0010;27;3;17-03-0015;TP;0;4;21-11-2025
ABS003282;STU00675;MAT0033;27;3;16-05-0012;TD;0;2;21-11-2025
ABS003283;STU00675;MAT0020;27;3;16-03-0032;TD;1;3;21-11-2025
ABS003284;STU00675;MAT0024;27;3;17-03-0022;COURS;1;4;21-11-2025
ABS003285;STU00675;MAT0017;27;3;16-04-0026;COURS;1;3;21-11-2025
ABS003286;STU00675;MAT0019;27;3;15-04-0012;TD;1;2;21-11-2025
ABS003287;STU00677;MAT0022;27;3;15-04-0013;COURS;1;3;21-11-2025
ABS003288;STU00677;MAT0034;27;3;17-03-0031;TP;1;4;21-11-2025
ABS003289;STU00677;;27;3;17-05-0034;TD;1;4;21-11-2025
ABS003290;STU00677;MAT0014;27;3;15-04-0017;TP;1;4;21-11-2025
ABS003291;STU00677;MAT0003;27;3;15-04-0017;TP;1;2;21-11-2025
ABS003292;STU00677;MAT0022;27;3;16-03-0008;TP;0;4;21-11-2025
ABS003293;STU00678;MAT0026;28;3;17-05-0030;EXAMEN;1;4;21-11-2025
ABS003294;STU00678;MAT0035;28;3;15-04-0021;TP;1;4;21-11-2025
ABS003295;STU00678;MAT0030;28;3;17-05-0010;COURS;1;4;21-11-2025
ABS003296;STU00678;MAT0006;28;3;16-05-0008;TP;1;1;21-11-2025
ABS003297;STU00678;MAT0014;28;3;17-03-0007;TP;1;4;21-11-2025
ABS003298;STU00679;MAT0023;27;3;15-04-0033;EXAMEN;1;3;21-11-2025
ABS003299;STU00679;MAT0022;27;3;17-03-0027;COURS;1;4;21-11-2025
ABS003300;STU00679;MAT0007;27;3;16-03-0028;EXAMEN;1;3;21-11-2025
ABS003301;STU00679;MAT0012;27;3;15-04-0025;TD;0;2;21-11-2025
ABS003302;STU00679;MAT0028;27;3;16-04-0026;TP;0;3;21-11-2025
ABS003303;STU00679;MAT0002;27;3;16-04-0031;TP;1;4;21-11-2025
ABS003304;STU00679;MAT0015;27;3;16-05-0025;EXAMEN;0;1;21-11-2025
ABS003305;STU00679;MAT0017;27;3;16-03-0033;TD;1;4;21-11-2025
ABS003306;STU00679;MAT0035;27;3;17-03-0022;TD;1;4;21-11-2025
ABS003307;STU00679;MAT0003;27;3;16-03-0016;TD;0;2;21-11-2025
ABS003308;STU00679;MAT0032;27;3;16-05-0017;EXAMEN;1;4;21-11-2025
ABS003309;STU00679;MAT0005;27;3;16-04-0023;EXAMEN;1;2;21-11-2025
ABS003310;STU00679;MAT0019;27;3;17-05-0027;TD;1;4;21-11-2025
ABS003311;STU00679;MAT0004;27;3;17-05-0034;EXAMEN;0;3;21-11-2025
ABS003312;STU00681;MAT0025;27;3;16-03-0021;TP;0;2;21-11-2025
ABS003313;STU00681;MAT0019;27;3;17-03-0031;TP;0;4;21-11-2025
ABS003314;STU00681;MAT0034;27;3;16-04-0018;EXAMEN;1;1;21-11-2025
ABS003315;STU00681;MAT0021;27;3;17-03-0019;EXAMEN;0;2;21-11-2025
ABS003316;STU00681;MAT0014;27;3;16-05-0020;TP;0;3;21-11-2025
ABS003317;STU00681;MAT0017;27;3;17-03-0027;EXAMEN;1;4;21-11-2025
ABS003318;STU00681;MAT0016;27;3;17-05-0030;TD;0;1;21-11-2025
ABS003319;STU00681;MAT0013;27;3;17-05-0011;TD;1;4;21-11-2025
ABS003320;STU00681;MAT0004;27;3;17-03-0022;EXAMEN;1;1;21-11-2025
ABS003321;STU00682;MAT0028;28;3;15-04-0021;TD;1;2;21-11-2025
ABS003322;STU00682;MAT0026;28;3;16-04-0014;EXAMEN;1;1;21-11-2025
ABS003323;STU00682;MAT0032;28;3;17-05-0026;EXAMEN;0;4;21-11-2025
ABS003324;STU00682;MAT0018;28;3;16-04-0026;TP;1;3;21-11-2025
ABS003325;STU00682;MAT0022;28;3;16-05-0029;TD;1;2;21-11-2025
ABS003326;STU00683;MAT0016;27;3;17-03-0031;EXAMEN;1;4;21-11-2025
ABS003327;STU00683;MAT0019;27;3;17-05-0022;COURS;0;2;21-11-2025
ABS003328;STU00683;MAT0031;27;3;17-03-0034;EXAMEN;1;1;21-11-2025
ABS003329;STU00683;MAT0029;27;3;16-04-0026;TP;0;1;21-11-2025
ABS003330;STU00683;MAT0031;27;3;16-03-0017;TD;1;2;21-11-2025
ABS003331;STU00684;MAT0003;28;3;17-03-0027;TP;1;4;21-11-2025
ABS003332;STU00684;MAT0023;28;3;16-04-0019;TD;0;3;21-11-2025
ABS003333;STU00684;MAT0022;28;3;17-05-0015;TD;1;3;21-11-2025
ABS003334;STU00684;MAT0028;28;3;16-05-0028;TP;0;2;21-11-2025
ABS003335;STU00684;MAT0009;28;3;17-03-0034;EXAMEN;1;1;21-11-2025
ABS003336;STU00684;;28;3;16-05-0028;COURS;0;1;21-11-2025
ABS003337;STU00684;MAT0006;28;3;17-05-0030;COURS;0;2;21-11-2025
ABS003338;STU00684;MAT0024;28;3;15-04-0025;EXAMEN;0;4;21-11-2025
ABS003339;STU00686;MAT0029;28;3;16-05-0013;TP;1;1;21-11-2025
ABS003340;STU00687;MAT0033;27;3;15-04-0009;EXAMEN;1;1;21-11-2025
ABS003341;STU00687;MAT0030;27;3;16-04-0030;EXAMEN;1;4;21-11-2025
ABS003342;STU00687;MAT0002;27;3;17-05-0011;TP;1;3;21-11-2025
ABS003343;STU00687;MAT0024;27;3;15-04-0017;COURS;1;1;21-11-2025
ABS003344;STU00687;MAT0011;27;3;15-04-0029;TD;1;1;21-11-2025
ABS003345;STU00687;MAT0012;27;3;16-05-0012;EXAMEN;1;3;21-11-2025
ABS003346;STU00688;MAT0035;28;3;17-05-0014;EXAMEN;0;2;21-11-2025
ABS003347;STU00688;MAT0004;28;3;17-03-0015;TP;0;1;21-11-2025
ABS003348;STU00688;MAT0025;28;3;17-05-0019;COURS;0;3;21-11-2025
ABS003349;STU00688;MAT0016;28;3;16-04-0034;TD;1;1;21-11-2025
ABS003350;STU00688;MAT0033;28;3;15-04-0021;TP;0;4;21-11-2025
ABS003351;STU00688;MAT0020;28;3;16-04-0034;TD;0;3;21-11-2025
ABS003352;STU00689;MAT0011;27;3;17-05-0034;TD;1;4;21-11-2025
ABS003353;STU00689;MAT0023;27;3;17-05-0014;COURS;1;4;21-11-2025
ABS003354;STU00689;MAT0032;27;3;15-04-0016;EXAMEN;0;2;21-11-2025
ABS003355;STU00690;MAT0033;28;3;15-04-0009;TD;0;3;21-11-2025
ABS003356;STU00690;MAT0013;28;3;17-05-0018;TP;1;4;21-11-2025
ABS003357;STU00690;MAT0006;28;3;15-04-0024;TP;0;3;21-11-2025
ABS003358;STU00690;MAT0008;28;3;16-05-0012;EXAMEN;1;3;21-11-2025
ABS003359;STU00690;MAT0004;28;3;16-04-0026;TP;1;1;21-11-2025
ABS003360;STU00690;MAT0025;28;3;16-03-0024;TP;1;1;21-11-2025
ABS003361;STU00690;MAT0023;28;3;15-04-0021;TD;0;2;21-11-2025
ABS003362;STU00690;MAT0015;28;3;16-03-0025;TP;1;1;21-11-2025
ABS003363;STU00690;MAT0003;28;3;16-05-0029;COURS;1;1;21-11-2025
ABS003364;STU00690;MAT0025;28;3;16-04-0034;TD;0;2;21-11-2025
ABS003365;STU00690;MAT0007;28;3;15-04-0012;TP;1;2;21-11-2025
ABS003366;STU00691;MAT0012;27;3;17-05-0010;COURS;1;2;21-11-2025
ABS003367;STU00691;MAT0019;27;3;15-04-0013;COURS;1;3;21-11-2025
ABS003368;STU00692;MAT0023;28;3;16-03-0017;TP;0;1;21-11-2025
ABS003369;STU00692;MAT0015;28;3;16-03-0017;COURS;0;3;21-11-2025
ABS003370;STU00692;MAT0029;28;3;16-04-0007;EXAMEN;1;1;21-11-2025
ABS003371;STU00692;MAT0027;28;3;17-03-0026;TP;1;3;21-11-2025
ABS003372;STU00693;MAT0028;27;3;16-04-0030;TD;1;3;21-11-2025
ABS003373;STU00693;MAT0008;27;3;15-04-0016;TD;1;1;21-11-2025
ABS003374;STU00693;MAT0018;27;3;16-03-0020;TP;0;4;21-11-2025
ABS003375;STU00693;MAT0006;27;3;15-04-0028;COURS;0;1;21-11-2025
ABS003376;STU00693;MAT0025;27;3;17-05-0030;EXAMEN;1;1;21-11-2025
ABS003377;STU00693;MAT0034;27;3;16-03-0008;TD;0;3;21-11-2025
ABS003378;STU00694;MAT0010;28;3;15-04-0024;EXAMEN;1;2;21-11-2025
ABS003379;STU00694;MAT0006;28;3;16-03-0028;EXAMEN;1;4;21-11-2025
ABS003380;STU00694;MAT0025;28;3;17-03-0027;EXAMEN;1;1;21-11-2025
ABS003381;STU00694;MAT0018;28;3;16-05-0013;EXAMEN;1;1;21-11-2025
ABS003382;STU00694;;28;3;17-05-0007;TP;1;2;21-11-2025
ABS003383;STU00694;MAT0023;28;3;16-05-0032;EXAMEN;0;2;21-11-2025
ABS003384;STU00694;MAT0030;28;3;17-05-0027;COURS;1;2;21-11-2025
ABS003385;STU00694;MAT0003;28;3;17-03-0007;EXAMEN;1;3;21-11-2025
ABS003386;STU00694;MAT0032;28;3;16-05-0017;TD;0;2;21-11-2025
ABS003387;STU00696;MAT0003;28;3;16-03-0029;TP;1;1;21-11-2025
ABS003388;STU00696;MAT0034;28;3;17-05-0011;EXAMEN;0;4;21-11-2025
ABS003389;STU00696;MAT0002;28;3;16-03-0016;TD;1;2;21-11-2025
ABS003390;STU00696;MAT0027;28;3;16-04-0007;TP;1;4;21-11-2025
ABS003391;STU00696;MAT0026;28;3;15-04-0021;TP;0;1;21-11-2025
ABS003392;STU00697;MAT0033;27;3;16-05-0025;TP;1;3;21-11-2025
ABS003393;STU00697;MAT0007;27;3;16-03-0008;EXAMEN;0;3;21-11-2025
ABS003394;STU00697;MAT0009;27;3;15-04-0032;TD;1;4;21-11-2025
ABS003395;STU00697;MAT0033;27;3;17-05-0023;EXAMEN;1;4;21-11-2025
ABS003396;STU00697;MAT0016;27;3;15-04-0020;COURS;0;1;21-11-2025
ABS003397;STU00697;MAT0009;27;3;16-04-0027;TD;1;1;21-11-2025
ABS003398;STU00697;MAT0013;27;3;17-03-0010;EXAMEN;0;3;21-11-2025
ABS003399;STU00698;;28;3;15-04-0009;TD;1;2;21-11-2025
ABS003400;STU00698;MAT0017;28;3;16-04-0010;TP;1;2;21-11-2025
ABS003401;STU00699;MAT0008;27;3;16-03-0025;TP;1;1;21-11-2025
ABS003402;STU00700;MAT0016;28;3;16-03-0024;TP;1;4;21-11-2025
ABS003403;STU00700;MAT0004;28;3;15-04-0013;TP;1;2;21-11-2025
ABS003404;STU00700;MAT0026;28;3;17-05-0030;EXAMEN;0;3;21-11-2025
ABS003405;STU00700;MAT0034;28;3;17-05-0031;EXAMEN;1;4;21-11-2025
ABS003406;STU00700;MAT0010;28;3;16-04-0019;TD;1;2;21-11-2025
ABS003407;STU00700;MAT0011;28;3;17-03-0023;COURS;1;1;21-11-2025
ABS003408;STU00701;MAT0028;27;3;16-03-0008;TP;1;3;21-11-2025
ABS003409;STU00701;MAT0028;27;3;16-05-0033;EXAMEN;1;4;21-11-2025
ABS003410;STU00701;MAT0026;27;3;17-05-0007;TP;0;2;21-11-2025
ABS003411;STU00701;MAT0018;27;3;16-04-0015;TP;1;4;21-11-2025
ABS003412;STU00701;MAT0006;27;3;16-04-0011;TD;1;2;21-11-2025
ABS003413;STU00702;MAT0022;28;3;16-04-0018;TD;1;4;21-11-2025
ABS003414;STU00702;MAT0030;28;3;15-04-0024;TP;0;1;21-11-2025
ABS003415;STU00702;MAT0019;28;3;17-05-0027;EXAMEN;1;2;21-11-2025
ABS003416;STU00702;MAT0021;28;3;15-04-0021;COURS;1;1;21-11-2025
ABS003417;STU00702;MAT0032;28;3;17-05-0026;EXAMEN;0;2;21-11-2025
ABS003418;STU00702;MAT0027;28;3;16-04-0026;TP;1;1;21-11-2025
ABS003419;STU00702;MAT0028;28;3;16-04-0031;TP;1;4;21-11-2025
ABS003420;STU00702;MAT0028;28;3;16-04-0023;TD;1;1;21-11-2025
ABS003421;STU00702;MAT0014;28;3;16-03-0025;TP;1;2;21-11-2025
ABS003422;STU00702;MAT0008;28;3;16-03-0033;EXAMEN;1;1;21-11-2025
ABS003423;STU00702;MAT0021;28;3;17-03-0031;EXAMEN;1;2;21-11-2025
ABS003424;STU00702;MAT0010;28;3;17-03-0015;TD;1;2;21-11-2025
ABS003425;STU00702;MAT0011;28;3;16-04-0031;EXAMEN;1;1;21-11-2025
ABS003426;STU00702;MAT0034;28;3;17-05-0027;TP;1;1;21-11-2025
ABS003427;STU00702;MAT0033;28;3;16-03-0032;COURS;0;2;21-11-2025
ABS003428;STU00703;MAT0005;27;3;17-05-0007;TP;1;4;21-11-2025
ABS003429;STU00703;MAT0024;27;3;17-05-0014;EXAMEN;1;4;21-11-2025
ABS003430;STU00703;MAT0021;27;3;17-03-0018;TP;0;1;21-11-2025
ABS003431;STU00703;MAT0010;27;3;16-04-0014;EXAMEN;0;4;21-11-2025
ABS003432;STU00703;MAT0018;27;3;16-04-0034;EXAMEN;1;2;21-11-2025
ABS003433;STU00703;MAT0004;27;3;16-04-0011;TP;1;4;21-11-2025
ABS003434;STU00703;MAT0020;27;3;17-05-0034;COURS;0;2;21-11-2025
ABS003435;STU00703;MAT0023;27;3;17-05-0023;EXAMEN;1;2;21-11-2025
ABS003436;STU00703;MAT0003;27;3;17-05-0018;TD;1;3;21-11-2025
ABS003437;STU00703;MAT0014;27;3;16-04-0030;TD;1;4;21-11-2025
ABS003438;STU00703;MAT0021;27;3;15-04-0017;TD;0;2;21-11-2025
ABS003439;STU00703;MAT0027;27;3;15-04-0012;TP;0;3;21-11-2025
ABS003440;STU00704;MAT0026;28;3;16-04-0030;COURS;1;1;21-11-2025
ABS003441;STU00706;MAT0033;28;3;17-05-0010;COURS;1;3;21-11-2025
ABS003442;STU00706;MAT0010;28;3;15-04-0009;TP;0;3;21-11-2025
ABS003443;STU00707;MAT0028;27;3;17-05-0010;TP;1;2;21-11-2025
ABS003444;STU00707;MAT0016;27;3;17-05-0031;TP;1;4;21-11-2025
ABS003445;STU00707;MAT0029;27;3;15-04-0021;EXAMEN;1;3;21-11-2025
ABS003446;STU00707;MAT0031;27;3;16-05-0008;COURS;1;3;21-11-2025
ABS003447;STU00708;MAT0020;28;3;16-05-0033;TD;1;4;21-11-2025
ABS003448;STU00708;MAT0032;28;3;17-05-0022;COURS;0;4;21-11-2025
ABS003449;STU00708;MAT0010;28;3;16-05-0012;COURS;1;3;21-11-2025
ABS003450;STU00708;MAT0004;28;3;17-05-0034;EXAMEN;1;2;21-11-2025
ABS003451;STU00709;MAT0030;27;3;15-04-0025;EXAMEN;0;1;21-11-2025
ABS003452;STU00709;MAT0008;27;3;16-05-0008;COURS;1;3;21-11-2025
ABS003453;STU00709;MAT0015;27;3;15-04-0021;TP;1;3;21-11-2025
ABS003454;STU00709;MAT0005;27;3;16-03-0028;TP;1;4;21-11-2025
ABS003455;STU00710;MAT0033;28;3;15-04-0021;TP;1;1;21-11-2025
ABS003456;STU00710;MAT0018;28;3;16-03-0017;EXAMEN;0;4;21-11-2025
ABS003457;STU00710;MAT0024;28;3;16-05-0017;EXAMEN;0;3;21-11-2025
ABS003458;STU00710;MAT0010;28;3;17-03-0014;TP;1;3;21-11-2025
ABS003459;STU00710;MAT0023;28;3;17-05-0007;EXAMEN;1;3;21-11-2025
ABS003460;STU00710;MAT0033;28;3;16-04-0018;COURS;1;4;21-11-2025
ABS003461;STU00710;MAT0034;28;3;17-03-0011;TP;1;1;21-11-2025
ABS003462;STU00710;MAT0011;28;3;16-03-0020;TD;0;3;21-11-2025
ABS003463;STU00710;MAT0020;28;3;16-04-0007;COURS;1;3;21-11-2025
ABS003464;STU00710;MAT0029;28;3;15-04-0032;COURS;0;4;21-11-2025
ABS003465;STU00710;MAT0032;28;3;16-05-0025;TD;1;1;21-11-2025
ABS003466;STU00710;MAT0021;28;3;17-05-0018;TP;1;2;21-11-2025
ABS003467;STU00710;MAT0024;28;3;15-04-0016;EXAMEN;0;4;21-11-2025
ABS003468;STU00711;MAT0005;27;3;17-03-0007;EXAMEN;0;1;21-11-2025
ABS003469;STU00711;MAT0003;27;3;17-05-0034;COURS;1;1;21-11-2025
ABS003470;STU00711;MAT0018;27;3;15-04-0021;COURS;1;4;21-11-2025
ABS003471;STU00711;MAT0012;27;3;17-05-0026;TP;0;1;21-11-2025
ABS003472;STU00711;MAT0010;27;3;15-04-0029;COURS;1;3;21-11-2025
ABS003473;STU00711;MAT0016;27;3;16-05-0032;EXAMEN;1;2;21-11-2025
ABS003474;STU00711;MAT0028;27;3;15-04-0013;EXAMEN;1;3;21-11-2025
ABS003475;STU00711;MAT0023;27;3;16-05-0032;EXAMEN;0;1;21-11-2025
ABS003476;STU00711;MAT0009;27;3;16-04-0011;TD;0;1;21-11-2025
ABS003477;STU00711;MAT0023;27;3;17-03-0014;COURS;1;1;21-11-2025
ABS003478;STU00711;MAT0013;27;3;17-03-0015;COURS;1;3;21-11-2025
ABS003479;STU00711;MAT0020;27;3;17-03-0022;TD;1;2;21-11-2025
ABS003480;STU00711;MAT0027;27;3;16-04-0022;EXAMEN;1;1;21-11-2025
ABS003481;STU00711;MAT0034;27;3;17-05-0015;COURS;0;1;21-11-2025
ABS003482;STU00712;MAT0024;28;3;17-05-0014;EXAMEN;1;2;21-11-2025
ABS003483;STU00712;MAT0002;28;3;15-04-0033;TD;1;3;21-11-2025
ABS003484;STU00713;MAT0031;27;3;17-03-0030;TP;1;1;21-11-2025
ABS003485;STU00713;MAT0034;27;3;17-03-0023;EXAMEN;1;1;21-11-2025
ABS003486;STU00713;MAT0009;27;3;16-03-0032;TD;1;2;21-11-2025
ABS003487;STU00713;MAT0011;27;3;17-03-0015;TP;1;4;21-11-2025
ABS003488;STU00713;MAT0032;27;3;17-03-0010;TD;1;3;21-11-2025
ABS003489;STU00713;MAT0021;27;3;16-04-0031;EXAMEN;1;3;21-11-2025
ABS003490;STU00713;MAT0014;27;3;16-04-0018;TD;1;3;21-11-2025
ABS003491;STU00713;MAT0005;27;3;15-04-0016;COURS;1;3;21-11-2025
ABS003492;STU00713;MAT0025;27;3;16-03-0013;EXAMEN;0;1;21-11-2025
ABS003493;STU00713;MAT0010;27;3;16-05-0017;COURS;0;1;21-11-2025
ABS003494;STU00713;MAT0014;27;3;16-05-0025;EXAMEN;1;4;21-11-2025
ABS003495;STU00713;MAT0007;27;3;16-05-0016;TP;1;1;21-11-2025
ABS003496;STU00713;MAT0009;27;3;16-04-0019;TD;0;1;21-11-2025
ABS003497;STU00713;MAT0034;27;3;15-04-0028;TD;0;3;21-11-2025
ABS003498;STU00714;MAT0029;28;3;16-03-0012;TD;1;4;21-11-2025
ABS003499;STU00714;;28;3;16-03-0013;EXAMEN;1;4;21-11-2025
ABS003500;STU00714;MAT0031;28;3;15-04-0021;COURS;1;1;21-11-2025
ABS003501;STU00715;MAT0035;27;3;16-04-0010;TD;1;4;21-11-2025
ABS003502;STU00716;MAT0027;28;3;17-03-0022;EXAMEN;1;1;21-11-2025
ABS003503;STU00716;MAT0012;28;3;16-05-0020;COURS;1;1;21-11-2025
ABS003504;STU00716;MAT0034;28;3;15-04-0024;EXAMEN;1;3;21-11-2025
ABS003505;STU00716;MAT0025;28;3;17-03-0023;TD;0;2;21-11-2025
ABS003506;STU00716;MAT0020;28;3;16-04-0034;TP;1;3;21-11-2025
ABS003507;STU00716;MAT0030;28;3;16-05-0020;TP;0;1;21-11-2025
ABS003508;STU00716;MAT0021;28;3;15-04-0008;TD;1;1;21-11-2025
ABS003509;STU00716;MAT0017;28;3;15-04-0032;COURS;1;4;21-11-2025
ABS003510;STU00716;MAT0015;28;3;17-05-0007;TP;0;1;21-11-2025
ABS003511;STU00716;MAT0029;28;3;17-05-0026;COURS;0;1;21-11-2025
ABS003512;STU00716;MAT0024;28;3;17-05-0034;COURS;0;2;21-11-2025
ABS003513;STU00716;MAT0030;28;3;17-05-0019;COURS;1;2;21-11-2025
ABS003514;STU00716;MAT0016;28;3;16-03-0017;COURS;1;4;21-11-2025
ABS003515;STU00717;;27;3;17-03-0019;TD;0;4;21-11-2025
ABS003516;STU00719;;27;3;16-04-0023;TD;1;2;21-11-2025
ABS003517;STU00720;MAT0033;28;3;17-05-0014;TP;0;1;21-11-2025
ABS003518;STU00720;MAT0024;28;3;16-03-0020;EXAMEN;0;3;21-11-2025
ABS003519;STU00720;MAT0020;28;3;17-03-0022;TP;1;4;21-11-2025
ABS003520;STU00720;MAT0023;28;3;16-05-0013;COURS;0;2;21-11-2025
ABS003521;STU00720;MAT0020;28;3;16-05-0009;COURS;1;1;21-11-2025
ABS003522;STU00720;MAT0016;28;3;16-03-0024;TD;0;3;21-11-2025
ABS003523;STU00720;MAT0031;28;3;16-04-0023;COURS;1;3;21-11-2025
ABS003524;STU00720;MAT0007;28;3;16-05-0021;EXAMEN;1;1;21-11-2025
ABS003525;STU00720;MAT0002;28;3;15-04-0029;TD;0;4;21-11-2025
ABS003526;STU00720;MAT0004;28;3;16-05-0021;TP;0;3;21-11-2025
ABS003527;STU00720;;28;3;17-05-0019;TP;0;4;21-11-2025
ABS003528;STU00720;MAT0015;28;3;15-04-0024;TP;0;4;21-11-2025
ABS003529;STU00720;MAT0017;28;3;15-04-0024;COURS;1;4;21-11-2025
ABS003530;STU00721;MAT0004;33;3;16-05-0020;COURS;1;2;21-11-2025
ABS003531;STU00721;MAT0030;33;3;15-04-0017;TD;1;4;21-11-2025
ABS003532;STU00721;MAT0015;33;3;16-03-0008;TD;0;4;21-11-2025
ABS003533;STU00721;MAT0029;33;3;16-05-0033;TP;1;4;21-11-2025
ABS003534;STU00721;MAT0022;33;3;16-04-0034;COURS;1;3;21-11-2025
ABS003535;STU00721;MAT0035;33;3;17-05-0015;COURS;1;4;21-11-2025
ABS003536;STU00722;MAT0023;34;3;16-05-0009;EXAMEN;0;3;21-11-2025
ABS003537;STU00722;MAT0031;34;3;15-04-0012;COURS;1;3;21-11-2025
ABS003538;STU00722;MAT0020;34;3;16-05-0029;EXAMEN;1;1;21-11-2025
ABS003539;STU00723;MAT0031;33;3;15-04-0025;EXAMEN;0;4;21-11-2025
ABS003540;STU00723;MAT0023;33;3;15-04-0016;EXAMEN;0;2;21-11-2025
ABS003541;STU00723;MAT0030;33;3;16-05-0025;TD;0;2;21-11-2025
ABS003542;STU00723;MAT0022;33;3;16-04-0023;TP;1;1;21-11-2025
ABS003543;STU00723;;33;3;16-03-0025;TP;1;4;21-11-2025
ABS003544;STU00723;MAT0023;33;3;17-05-0034;EXAMEN;0;4;21-11-2025
ABS003545;STU00723;MAT0012;33;3;16-04-0030;EXAMEN;0;2;21-11-2025
ABS003546;STU00723;MAT0031;33;3;15-04-0032;COURS;1;4;21-11-2025
ABS003547;STU00724;MAT0030;34;3;17-05-0018;COURS;1;2;21-11-2025
ABS003548;STU00725;MAT0015;33;3;17-03-0019;EXAMEN;1;2;21-11-2025
ABS003549;STU00726;MAT0006;34;3;16-03-0028;COURS;1;2;21-11-2025
ABS003550;STU00727;MAT0012;33;3;16-05-0020;TD;1;1;21-11-2025
ABS003551;STU00727;MAT0011;33;3;15-04-0024;TP;0;2;21-11-2025
ABS003552;STU00727;MAT0016;33;3;16-03-0028;COURS;1;2;21-11-2025
ABS003553;STU00727;MAT0015;33;3;16-05-0025;TP;0;1;21-11-2025
ABS003554;STU00727;MAT0002;33;3;15-04-0033;EXAMEN;1;3;21-11-2025
ABS003555;STU00727;;33;3;17-05-0014;EXAMEN;1;2;21-11-2025
ABS003556;STU00727;MAT0029;33;3;16-03-0017;EXAMEN;0;2;21-11-2025
ABS003557;STU00728;MAT0031;34;3;16-04-0014;COURS;0;4;21-11-2025
ABS003558;STU00728;MAT0034;34;3;16-04-0015;TP;0;4;21-11-2025
ABS003559;STU00728;MAT0007;34;3;16-04-0014;COURS;1;1;21-11-2025
ABS003560;STU00728;MAT0024;34;3;15-04-0012;TP;1;2;21-11-2025
ABS003561;STU00728;;34;3;16-05-0032;TP;0;4;21-11-2025
ABS003562;STU00728;MAT0020;34;3;16-04-0031;TD;1;1;21-11-2025
ABS003563;STU00728;MAT0028;34;3;15-04-0024;EXAMEN;1;1;21-11-2025
ABS003564;STU00729;MAT0008;33;3;16-03-0012;TD;1;4;21-11-2025
ABS003565;STU00729;MAT0021;33;3;16-03-0009;EXAMEN;1;2;21-11-2025
ABS003566;STU00729;MAT0009;33;3;17-05-0031;EXAMEN;1;4;21-11-2025
ABS003567;STU00729;MAT0032;33;3;17-03-0023;TD;1;1;21-11-2025
ABS003568;STU00729;MAT0011;33;3;15-04-0032;TP;1;4;21-11-2025
ABS003569;STU00729;MAT0008;33;3;16-03-0025;EXAMEN;1;4;21-11-2025
ABS003570;STU00729;MAT0008;33;3;15-04-0016;EXAMEN;0;2;21-11-2025
ABS003571;STU00730;;34;3;17-03-0022;COURS;0;1;21-11-2025
ABS003572;STU00730;MAT0032;34;3;17-03-0023;TP;0;1;21-11-2025
ABS003573;STU00731;MAT0011;33;3;16-03-0028;COURS;0;4;21-11-2025
ABS003574;STU00731;MAT0024;33;3;15-04-0016;TP;0;3;21-11-2025
ABS003575;STU00731;MAT0009;33;3;17-05-0022;COURS;0;3;21-11-2025
ABS003576;STU00731;MAT0009;33;3;15-04-0020;EXAMEN;0;1;21-11-2025
ABS003577;STU00731;MAT0011;33;3;17-03-0018;EXAMEN;1;4;21-11-2025
ABS003578;STU00731;MAT0011;33;3;16-04-0015;COURS;0;4;21-11-2025
ABS003579;STU00731;MAT0035;33;3;17-03-0022;TP;0;2;21-11-2025
ABS003580;STU00731;MAT0024;33;3;17-03-0007;EXAMEN;0;2;21-11-2025
ABS003581;STU00732;;34;3;17-05-0027;EXAMEN;0;1;21-11-2025
ABS003582;STU00732;MAT0029;34;3;15-04-0017;TD;0;4;21-11-2025
ABS003583;STU00732;MAT0018;34;3;15-04-0009;TP;1;1;21-11-2025
ABS003584;STU00732;MAT0030;34;3;17-05-0027;COURS;0;1;21-11-2025
ABS003585;STU00732;MAT0028;34;3;17-05-0010;EXAMEN;1;4;21-11-2025
ABS003586;STU00732;MAT0002;34;3;17-05-0011;TD;1;2;21-11-2025
ABS003587;STU00732;MAT0010;34;3;17-03-0010;TP;0;2;21-11-2025
ABS003588;STU00733;MAT0018;33;3;16-03-0033;TD;1;3;21-11-2025
ABS003589;STU00735;MAT0008;33;3;15-04-0017;COURS;1;2;21-11-2025
ABS003590;STU00735;MAT0029;33;3;17-05-0027;COURS;0;2;21-11-2025
ABS003591;STU00736;MAT0030;34;3;15-04-0033;TP;1;1;21-11-2025
ABS003592;STU00739;MAT0006;33;3;16-04-0026;TD;1;2;21-11-2025
ABS003593;STU00739;MAT0031;33;3;16-04-0027;EXAMEN;0;4;21-11-2025
ABS003594;STU00739;MAT0030;33;3;16-05-0032;EXAMEN;0;3;21-11-2025
ABS003595;STU00739;MAT0020;33;3;15-04-0013;TD;1;3;21-11-2025
ABS003596;STU00740;MAT0011;34;3;17-05-0022;EXAMEN;1;1;21-11-2025
ABS003597;STU00741;MAT0003;33;3;17-03-0023;TD;1;1;21-11-2025
ABS003598;STU00741;MAT0035;33;3;17-03-0015;COURS;1;2;21-11-2025
ABS003599;STU00741;MAT0027;33;3;16-04-0022;COURS;1;1;21-11-2025
ABS003600;STU00741;;33;3;16-05-0016;COURS;1;3;21-11-2025
ABS003601;STU00741;MAT0031;33;3;16-04-0014;EXAMEN;0;2;21-11-2025
ABS003602;STU00742;MAT0024;34;3;17-03-0011;TP;1;1;21-11-2025
ABS003603;STU00742;MAT0015;34;3;16-03-0020;COURS;1;1;21-11-2025
ABS003604;STU00743;MAT0022;33;3;16-03-0028;TD;1;1;21-11-2025
ABS003605;STU00743;MAT0030;33;3;17-05-0010;TD;1;4;21-11-2025
ABS003606;STU00743;MAT0017;33;3;15-04-0009;EXAMEN;1;3;21-11-2025
ABS003607;STU00745;MAT0015;33;3;16-04-0011;TD;1;3;21-11-2025
ABS003608;STU00745;MAT0020;33;3;15-04-0032;TD;0;2;21-11-2025
ABS003609;STU00746;MAT0027;34;3;16-04-0026;EXAMEN;1;4;21-11-2025
ABS003610;STU00746;MAT0006;34;3;15-04-0032;TP;0;1;21-11-2025
ABS003611;STU00747;MAT0030;33;3;16-05-0016;TD;1;1;21-11-2025
ABS003612;STU00747;MAT0013;33;3;17-03-0030;TD;1;1;21-11-2025
ABS003613;STU00747;MAT0004;33;3;16-05-0008;EXAMEN;0;4;21-11-2025
ABS003614;STU00747;MAT0020;33;3;15-04-0009;TP;0;4;21-11-2025
ABS003615;STU00748;MAT0004;34;3;16-04-0015;TP;0;2;21-11-2025
ABS003616;STU00749;MAT0004;33;3;17-05-0011;EXAMEN;1;3;21-11-2025
ABS003617;STU00749;MAT0015;33;3;15-04-0025;TD;0;2;21-11-2025
ABS003618;STU00749;MAT0026;33;3;16-05-0025;COURS;0;2;21-11-2025
ABS003619;STU00749;MAT0012;33;3;17-05-0031;TP;0;4;21-11-2025
ABS003620;STU00749;MAT0015;33;3;16-05-0029;TP;1;2;21-11-2025
ABS003621;STU00749;MAT0015;33;3;17-05-0010;TD;0;4;21-11-2025
ABS003622;STU00749;MAT0022;33;3;17-03-0015;TD;1;2;21-11-2025
ABS003623;STU00749;MAT0015;33;3;16-03-0012;EXAMEN;0;2;21-11-2025
ABS003624;STU00749;MAT0031;33;3;16-03-0016;TP;0;3;21-11-2025
ABS003625;STU00749;MAT0030;33;3;16-03-0029;TD;0;2;21-11-2025
ABS003626;STU00749;MAT0021;33;3;15-04-0008;COURS;1;2;21-11-2025
ABS003627;STU00749;MAT0009;33;3;16-03-0033;TP;0;1;21-11-2025
ABS003628;STU00749;MAT0006;33;3;15-04-0029;TP;1;3;21-11-2025
ABS003629;STU00749;MAT0032;33;3;17-05-0034;COURS;1;3;21-11-2025
ABS003630;STU00749;MAT0004;33;3;16-05-0029;TP;0;3;21-11-2025
ABS003631;STU00750;MAT0011;34;3;16-03-0025;TP;1;1;21-11-2025
ABS003632;STU00750;MAT0015;34;3;16-03-0017;COURS;1;1;21-11-2025
ABS003633;STU00750;MAT0016;34;3;16-05-0009;TP;1;3;21-11-2025
ABS003634;STU00751;MAT0005;33;3;17-05-0015;EXAMEN;0;4;21-11-2025
ABS003635;STU00751;MAT0032;33;3;16-04-0018;COURS;1;4;21-11-2025
ABS003636;STU00751;MAT0015;33;3;15-04-0032;TD;1;2;21-11-2025
ABS003637;STU00751;MAT0016;33;3;15-04-0020;COURS;1;4;21-11-2025
ABS003638;STU00751;MAT0027;33;3;17-03-0030;TD;1;1;21-11-2025
ABS003639;STU00752;MAT0028;34;3;15-04-0029;TD;0;1;21-11-2025
ABS003640;STU00752;MAT0028;34;3;16-03-0021;COURS;0;3;21-11-2025
ABS003641;STU00753;MAT0025;33;3;16-05-0024;TP;1;4;21-11-2025
ABS003642;STU00753;MAT0030;33;3;16-05-0021;COURS;0;2;21-11-2025
ABS003643;STU00753;MAT0002;33;3;16-05-0020;COURS;1;1;21-11-2025
ABS003644;STU00753;MAT0006;33;3;16-03-0008;TP;1;4;21-11-2025
ABS003645;STU00753;MAT0004;33;3;17-05-0010;TD;1;4;21-11-2025
ABS003646;STU00753;MAT0033;33;3;17-05-0023;COURS;1;2;21-11-2025
ABS003647;STU00753;MAT0026;33;3;17-03-0015;COURS;1;2;21-11-2025
ABS003648;STU00753;MAT0008;33;3;17-05-0023;EXAMEN;1;4;21-11-2025
ABS003649;STU00753;MAT0023;33;3;16-05-0024;COURS;1;3;21-11-2025
ABS003650;STU00753;MAT0003;33;3;16-04-0026;TP;1;4;21-11-2025
ABS003651;STU00753;MAT0035;33;3;16-04-0019;TD;1;2;21-11-2025
ABS003652;STU00753;;33;3;16-05-0008;EXAMEN;1;4;21-11-2025
ABS003653;STU00753;;33;3;16-03-0033;COURS;1;3;21-11-2025
ABS003654;STU00754;MAT0027;34;3;17-03-0018;TP;0;2;21-11-2025
ABS003655;STU00756;MAT0034;34;3;16-05-0021;TP;0;3;21-11-2025
ABS003656;STU00756;MAT0014;34;3;15-04-0016;EXAMEN;1;1;21-11-2025
ABS003657;STU00756;MAT0031;34;3;16-04-0019;TP;1;4;21-11-2025
ABS003658;STU00756;MAT0033;34;3;16-04-0023;EXAMEN;1;1;21-11-2025
ABS003659;STU00756;MAT0032;34;3;16-05-0017;COURS;0;3;21-11-2025
ABS003660;STU00756;MAT0003;34;3;15-04-0020;TP;1;3;21-11-2025
ABS003661;STU00757;MAT0006;33;3;17-03-0031;COURS;1;4;21-11-2025
ABS003662;STU00757;MAT0010;33;3;16-03-0025;COURS;1;2;21-11-2025
ABS003663;STU00757;MAT0023;33;3;16-04-0023;EXAMEN;0;2;21-11-2025
ABS003664;STU00757;MAT0031;33;3;17-03-0031;EXAMEN;1;2;21-11-2025
ABS003665;STU00757;MAT0013;33;3;16-03-0028;COURS;1;4;21-11-2025
ABS003666;STU00758;MAT0024;34;3;16-04-0010;TP;1;2;21-11-2025
ABS003667;STU00758;MAT0007;34;3;17-03-0034;TD;0;1;21-11-2025
ABS003668;STU00758;MAT0019;34;3;17-03-0018;TP;0;1;21-11-2025
ABS003669;STU00758;MAT0003;34;3;15-04-0016;COURS;1;2;21-11-2025
ABS003670;STU00758;MAT0032;34;3;17-05-0034;EXAMEN;1;2;21-11-2025
ABS003671;STU00758;MAT0031;34;3;17-05-0023;TD;0;1;21-11-2025
ABS003672;STU00758;;34;3;15-04-0013;TD;1;3;21-11-2025
ABS003673;STU00758;MAT0015;34;3;17-03-0023;COURS;0;1;21-11-2025
ABS003674;STU00758;MAT0021;34;3;16-04-0014;TD;1;2;21-11-2025
ABS003675;STU00758;MAT0018;34;3;17-03-0022;COURS;1;4;21-11-2025
ABS003676;STU00759;MAT0032;33;3;17-03-0023;TD;1;4;21-11-2025
ABS003677;STU00759;MAT0022;33;3;17-03-0011;TD;1;3;21-11-2025
ABS003678;STU00759;MAT0004;33;3;17-05-0019;COURS;0;2;21-11-2025
ABS003679;STU00759;MAT0015;33;3;17-03-0011;TP;0;4;21-11-2025
ABS003680;STU00759;MAT0029;33;3;16-05-0021;COURS;0;1;21-11-2025
ABS003681;STU00759;MAT0034;33;3;17-05-0018;COURS;1;1;21-11-2025
ABS003682;STU00762;MAT0035;34;3;16-03-0029;COURS;1;2;21-11-2025
ABS003683;STU00762;MAT0032;34;3;17-05-0011;TP;1;4;21-11-2025
ABS003684;STU00762;MAT0003;34;3;17-05-0026;EXAMEN;1;4;21-11-2025
ABS003685;STU00762;MAT0009;34;3;16-03-0017;EXAMEN;1;3;21-11-2025
ABS003686;STU00762;MAT0019;34;3;16-05-0032;TP;0;1;21-11-2025
ABS003687;STU00762;MAT0017;34;3;16-03-0012;TD;0;4;21-11-2025
ABS003688;STU00763;MAT0030;33;3;17-03-0034;TD;1;3;21-11-2025
ABS003689;STU00763;MAT0015;33;3;15-04-0008;COURS;1;1;21-11-2025
ABS003690;STU00763;MAT0010;33;3;16-05-0008;EXAMEN;1;1;21-11-2025
ABS003691;STU00763;MAT0008;33;3;15-04-0032;TD;1;4;21-11-2025
ABS003692;STU00763;MAT0006;33;3;17-03-0019;COURS;0;1;21-11-2025
ABS003693;STU00763;MAT0008;33;3;16-05-0025;COURS;1;2;21-11-2025
ABS003694;STU00763;MAT0025;33;3;16-05-0017;TD;1;4;21-11-2025
ABS003695;STU00763;MAT0014;33;3;15-04-0024;TP;0;1;21-11-2025
ABS003696;STU00763;MAT0006;33;3;17-03-0015;TP;0;1;21-11-2025
ABS003697;STU00764;MAT0020;34;3;17-05-0010;COURS;1;3;21-11-2025
ABS003698;STU00764;MAT0015;34;3;16-03-0029;TD;0;1;21-11-2025
ABS003699;STU00764;;34;3;16-04-0034;TP;0;1;21-11-2025
ABS003700;STU00764;MAT0027;34;3;17-05-0018;COURS;1;3;21-11-2025
ABS003701;STU00764;MAT0025;34;3;16-03-0032;EXAMEN;0;4;21-11-2025
ABS003702;STU00764;MAT0005;34;3;16-05-0013;COURS;0;3;21-11-2025
ABS003703;STU00764;MAT0025;34;3;16-04-0031;TP;0;2;21-11-2025
ABS003704;STU00765;MAT0018;33;3;17-05-0022;COURS;1;3;21-11-2025
ABS003705;STU00765;MAT0014;33;3;17-03-0014;EXAMEN;0;4;21-11-2025
ABS003706;STU00765;MAT0015;33;3;17-03-0026;TD;1;2;21-11-2025
ABS003707;STU00765;MAT0019;33;3;16-04-0030;COURS;0;4;21-11-2025
ABS003708;STU00765;;33;3;15-04-0009;EXAMEN;0;2;21-11-2025
ABS003709;STU00766;MAT0003;34;3;16-03-0009;TP;1;4;21-11-2025
ABS003710;STU00768;MAT0019;34;3;16-05-0017;EXAMEN;1;2;21-11-2025
ABS003711;STU00768;MAT0026;34;3;16-04-0014;COURS;1;3;21-11-2025
ABS003712;STU00768;MAT0018;34;3;16-03-0008;EXAMEN;0;4;21-11-2025
ABS003713;STU00768;MAT0020;34;3;16-04-0026;EXAMEN;1;3;21-11-2025
ABS003714;STU00768;MAT0034;34;3;17-05-0015;COURS;1;2;21-11-2025
ABS003715;STU00768;MAT0007;34;3;15-04-0032;COURS;1;4;21-11-2025
ABS003716;STU00768;MAT0005;34;3;16-04-0007;EXAMEN;1;2;21-11-2025
ABS003717;STU00768;MAT0021;34;3;17-05-0022;TP;1;2;21-11-2025
ABS003718;STU00768;MAT0034;34;3;16-03-0021;COURS;0;1;21-11-2025
ABS003719;STU00768;MAT0028;34;3;16-04-0010;COURS;1;3;21-11-2025
ABS003720;STU00768;MAT0011;34;3;17-05-0007;COURS;0;3;21-11-2025
ABS003721;STU00768;MAT0023;34;3;16-03-0032;TP;1;4;21-11-2025
ABS003722;STU00768;MAT0015;34;3;16-04-0015;TD;0;3;21-11-2025
ABS003723;STU00768;MAT0027;34;3;16-05-0025;TP;1;2;21-11-2025
ABS003724;STU00769;MAT0014;33;3;17-05-0007;TD;1;1;21-11-2025
ABS003725;STU00770;MAT0012;34;3;16-05-0029;EXAMEN;1;3;21-11-2025
ABS003726;STU00771;MAT0031;33;3;17-05-0026;EXAMEN;0;4;21-11-2025
ABS003727;STU00771;MAT0020;33;3;16-03-0025;EXAMEN;1;2;21-11-2025
ABS003728;STU00771;MAT0032;33;3;16-04-0023;TD;1;2;21-11-2025
ABS003729;STU00772;MAT0022;34;3;17-05-0019;TD;1;2;21-11-2025
ABS003730;STU00773;MAT0006;33;3;16-05-0021;TP;1;2;21-11-2025
ABS003731;STU00774;MAT0025;34;3;16-04-0026;EXAMEN;1;4;21-11-2025
ABS003732;STU00774;MAT0024;34;3;17-03-0018;COURS;1;2;21-11-2025
ABS003733;STU00774;MAT0009;34;3;15-04-0021;COURS;1;1;21-11-2025
ABS003734;STU00775;MAT0013;33;3;16-05-0032;TP;1;4;21-11-2025
ABS003735;STU00775;MAT0014;33;3;16-04-0019;EXAMEN;0;3;21-11-2025
ABS003736;STU00775;MAT0021;33;3;17-05-0027;TP;1;2;21-11-2025
ABS003737;STU00775;MAT0016;33;3;16-05-0029;TP;1;4;21-11-2025
ABS003738;STU00775;MAT0007;33;3;16-05-0033;EXAMEN;1;2;21-11-2025
ABS003739;STU00775;MAT0009;33;3;15-04-0017;COURS;0;2;21-11-2025
ABS003740;STU00776;MAT0008;34;3;16-05-0009;COURS;0;3;21-11-2025
ABS003741;STU00776;MAT0027;34;3;15-04-0009;COURS;1;4;21-11-2025
ABS003742;STU00776;MAT0017;34;3;16-03-0024;TP;1;1;21-11-2025
ABS003743;STU00777;MAT0004;33;3;17-03-0007;TD;1;2;21-11-2025
ABS003744;STU00777;MAT0020;33;3;17-05-0034;EXAMEN;1;1;21-11-2025
ABS003745;STU00777;MAT0026;33;3;16-05-0028;EXAMEN;0;2;21-11-2025
ABS003746;STU00777;MAT0017;33;3;16-03-0008;TP;1;4;21-11-2025
ABS003747;STU00777;MAT0016;33;3;16-05-0021;EXAMEN;1;3;21-11-2025
ABS003748;STU00777;MAT0027;33;3;16-04-0030;COURS;1;2;21-11-2025
ABS003749;STU00777;MAT0034;33;3;17-03-0031;TD;1;1;21-11-2025
ABS003750;STU00777;MAT0006;33;3;15-04-0013;EXAMEN;1;1;21-11-2025
ABS003751;STU00777;MAT0005;33;3;16-04-0019;TD;1;2;21-11-2025
ABS003752;STU00778;MAT0028;34;3;16-03-0029;TD;1;2;21-11-2025
ABS003753;STU00778;MAT0005;34;3;16-04-0027;EXAMEN;1;4;21-11-2025
ABS003754;STU00778;MAT0016;34;3;16-04-0007;TD;0;1;21-11-2025
ABS003755;STU00778;MAT0015;34;3;16-05-0025;TD;1;2;21-11-2025
ABS003756;STU00778;MAT0026;34;3;17-05-0011;EXAMEN;1;2;21-11-2025
ABS003757;STU00778;MAT0016;34;3;16-04-0026;EXAMEN;1;3;21-11-2025
ABS003758;STU00778;MAT0021;34;3;16-03-0012;TD;1;4;21-11-2025
ABS003759;STU00778;MAT0020;34;3;16-04-0015;TP;1;2;21-11-2025
ABS003760;STU00778;MAT0028;34;3;17-05-0027;EXAMEN;1;1;21-11-2025
ABS003761;STU00778;MAT0015;34;3;16-03-0016;TD;0;3;21-11-2025
ABS003762;STU00778;MAT0034;34;3;17-03-0026;COURS;0;4;21-11-2025
ABS003763;STU00778;MAT0022;34;3;15-04-0009;TP;1;1;21-11-2025
ABS003764;STU00779;MAT0031;33;3;17-03-0031;EXAMEN;1;1;21-11-2025
ABS003765;STU00779;MAT0007;33;3;17-03-0018;TD;0;3;21-11-2025
ABS003766;STU00780;MAT0027;34;3;17-03-0010;TD;1;4;21-11-2025
ABS003767;STU00781;MAT0033;39;3;16-03-0017;TP;0;1;21-11-2025
ABS003768;STU00781;MAT0021;39;3;17-03-0026;TP;1;4;21-11-2025
ABS003769;STU00781;MAT0015;39;3;16-04-0031;EXAMEN;1;2;21-11-2025
ABS003770;STU00781;MAT0023;39;3;16-05-0033;EXAMEN;1;3;21-11-2025
ABS003771;STU00782;MAT0029;40;3;16-04-0030;TP;1;1;21-11-2025
ABS003772;STU00782;MAT0014;40;3;17-03-0022;EXAMEN;1;4;21-11-2025
ABS003773;STU00782;MAT0034;40;3;16-03-0013;EXAMEN;0;3;21-11-2025
ABS003774;STU00782;MAT0030;40;3;16-04-0027;EXAMEN;0;2;21-11-2025
ABS003775;STU00783;MAT0014;39;3;16-03-0013;COURS;1;1;21-11-2025
ABS003776;STU00783;MAT0016;39;3;16-04-0019;COURS;1;2;21-11-2025
ABS003777;STU00784;MAT0009;40;3;16-05-0024;EXAMEN;0;2;21-11-2025
ABS003778;STU00784;MAT0031;40;3;16-03-0008;TD;0;4;21-11-2025
ABS003779;STU00784;MAT0028;40;3;16-03-0029;TP;1;3;21-11-2025
ABS003780;STU00784;MAT0010;40;3;17-05-0018;TD;0;2;21-11-2025
ABS003781;STU00784;MAT0029;40;3;16-03-0009;COURS;1;2;21-11-2025
ABS003782;STU00785;MAT0011;39;3;15-04-0028;EXAMEN;1;4;21-11-2025
ABS003783;STU00785;MAT0026;39;3;17-03-0027;TP;0;3;21-11-2025
ABS003784;STU00785;MAT0006;39;3;15-04-0017;COURS;0;3;21-11-2025
ABS003785;STU00786;MAT0035;40;3;16-05-0016;TP;1;2;21-11-2025
ABS003786;STU00786;MAT0014;40;3;15-04-0012;COURS;0;4;21-11-2025
ABS003787;STU00786;MAT0009;40;3;16-03-0021;TD;0;1;21-11-2025
ABS003788;STU00787;MAT0013;39;3;16-03-0029;TP;1;3;21-11-2025
ABS003789;STU00787;MAT0022;39;3;16-03-0021;TD;1;4;21-11-2025
ABS003790;STU00787;MAT0002;39;3;17-05-0011;COURS;1;4;21-11-2025
ABS003791;STU00787;MAT0028;39;3;17-03-0010;EXAMEN;1;4;21-11-2025
ABS003792;STU00787;MAT0020;39;3;16-05-0028;COURS;0;1;21-11-2025
ABS003793;STU00787;MAT0018;39;3;16-04-0018;TP;0;1;21-11-2025
ABS003794;STU00787;MAT0028;39;3;16-04-0010;EXAMEN;0;4;21-11-2025
ABS003795;STU00787;MAT0035;39;3;17-03-0007;TP;0;3;21-11-2025
ABS003796;STU00787;MAT0007;39;3;17-05-0007;TP;1;1;21-11-2025
ABS003797;STU00787;MAT0020;39;3;15-04-0020;TD;1;4;21-11-2025
ABS003798;STU00787;MAT0034;39;3;16-05-0012;COURS;1;3;21-11-2025
ABS003799;STU00788;MAT0002;40;3;16-03-0017;EXAMEN;1;4;21-11-2025
ABS003800;STU00788;MAT0013;40;3;17-03-0030;COURS;0;2;21-11-2025
ABS003801;STU00788;MAT0024;40;3;16-05-0017;TD;1;2;21-11-2025
ABS003802;STU00788;MAT0004;40;3;16-03-0028;TP;1;2;21-11-2025
ABS003803;STU00788;MAT0029;40;3;16-04-0027;TP;0;3;21-11-2025
ABS003804;STU00788;MAT0020;40;3;16-05-0008;EXAMEN;1;2;21-11-2025
ABS003805;STU00788;MAT0013;40;3;16-04-0030;TP;0;1;21-11-2025
ABS003806;STU00788;MAT0022;40;3;17-03-0010;TD;1;3;21-11-2025
ABS003807;STU00788;MAT0028;40;3;16-05-0028;TD;1;2;21-11-2025
ABS003808;STU00788;MAT0015;40;3;15-04-0008;COURS;1;3;21-11-2025
ABS003809;STU00788;MAT0002;40;3;16-05-0025;TD;0;3;21-11-2025
ABS003810;STU00788;MAT0033;40;3;16-05-0032;COURS;1;4;21-11-2025
ABS003811;STU00788;MAT0035;40;3;16-03-0033;EXAMEN;0;3;21-11-2025
ABS003812;STU00789;MAT0022;39;3;17-03-0018;TP;1;3;21-11-2025
ABS003813;STU00789;MAT0003;39;3;16-05-0012;TP;1;3;21-11-2025
ABS003814;STU00789;MAT0029;39;3;16-05-0020;TP;1;1;21-11-2025
ABS003815;STU00789;MAT0013;39;3;16-03-0028;EXAMEN;1;2;21-11-2025
ABS003816;STU00789;MAT0020;39;3;16-03-0029;TP;1;2;21-11-2025
ABS003817;STU00789;MAT0017;39;3;16-04-0034;TP;1;1;21-11-2025
ABS003818;STU00789;;39;3;17-03-0019;TP;1;4;21-11-2025
ABS003819;STU00790;MAT0011;40;3;15-04-0028;TD;0;2;21-11-2025
ABS003820;STU00790;MAT0034;40;3;17-03-0019;EXAMEN;0;2;21-11-2025
ABS003821;STU00790;MAT0028;40;3;15-04-0021;COURS;0;2;21-11-2025
ABS003822;STU00791;MAT0007;39;3;16-04-0019;COURS;1;4;21-11-2025
ABS003823;STU00791;MAT0009;39;3;17-05-0034;EXAMEN;0;3;21-11-2025
ABS003824;STU00791;MAT0004;39;3;17-05-0019;TD;0;4;21-11-2025
ABS003825;STU00791;MAT0034;39;3;16-05-0024;TP;1;2;21-11-2025
ABS003826;STU00791;MAT0033;39;3;17-05-0018;EXAMEN;1;1;21-11-2025
ABS003827;STU00791;MAT0017;39;3;17-05-0031;TD;1;4;21-11-2025
ABS003828;STU00791;MAT0016;39;3;15-04-0029;COURS;1;1;21-11-2025
ABS003829;STU00791;MAT0031;39;3;17-05-0007;TD;1;3;21-11-2025
ABS003830;STU00791;MAT0020;39;3;16-05-0025;TP;0;3;21-11-2025
ABS003831;STU00791;MAT0008;39;3;16-04-0015;COURS;1;2;21-11-2025
ABS003832;STU00791;MAT0009;39;3;16-05-0020;EXAMEN;1;3;21-11-2025
ABS003833;STU00791;MAT0015;39;3;16-04-0027;TP;1;3;21-11-2025
ABS003834;STU00791;MAT0026;39;3;17-05-0010;COURS;1;3;21-11-2025
ABS003835;STU00791;MAT0033;39;3;16-03-0017;TD;1;3;21-11-2025
ABS003836;STU00791;MAT0004;39;3;17-05-0027;EXAMEN;1;4;21-11-2025
ABS003837;STU00792;MAT0015;40;3;17-05-0031;EXAMEN;0;1;21-11-2025
ABS003838;STU00794;MAT0004;40;3;16-05-0013;EXAMEN;1;1;21-11-2025
ABS003839;STU00795;MAT0013;39;3;16-04-0010;TP;1;1;21-11-2025
ABS003840;STU00796;MAT0010;40;3;16-05-0012;TD;0;3;21-11-2025
ABS003841;STU00797;MAT0022;39;3;15-04-0025;TD;1;3;21-11-2025
ABS003842;STU00797;MAT0003;39;3;17-05-0031;TD;0;2;21-11-2025
ABS003843;STU00797;MAT0026;39;3;16-05-0032;TP;0;4;21-11-2025
ABS003844;STU00797;MAT0022;39;3;16-03-0017;COURS;0;4;21-11-2025
ABS003845;STU00798;MAT0009;40;3;17-03-0011;TD;0;4;21-11-2025
ABS003846;STU00798;MAT0028;40;3;16-03-0016;TP;1;2;21-11-2025
ABS003847;STU00798;MAT0021;40;3;17-05-0018;TP;0;4;21-11-2025
ABS003848;STU00798;MAT0003;40;3;17-03-0011;COURS;1;4;21-11-2025
ABS003849;STU00798;MAT0013;40;3;15-04-0009;EXAMEN;1;3;21-11-2025
ABS003850;STU00798;MAT0018;40;3;15-04-0025;EXAMEN;1;1;21-11-2025
ABS003851;STU00798;MAT0016;40;3;17-03-0010;COURS;1;2;21-11-2025
ABS003852;STU00798;;40;3;15-04-0028;EXAMEN;0;4;21-11-2025
ABS003853;STU00799;MAT0010;39;3;17-03-0034;TD;1;1;21-11-2025
ABS003854;STU00799;MAT0019;39;3;16-04-0019;TP;1;3;21-11-2025
ABS003855;STU00799;;39;3;16-03-0028;TP;1;3;21-11-2025
ABS003856;STU00799;MAT0022;39;3;15-04-0025;COURS;0;4;21-11-2025
ABS003857;STU00800;MAT0032;40;3;16-04-0022;TP;1;2;21-11-2025
ABS003858;STU00800;MAT0009;40;3;17-03-0027;EXAMEN;1;2;21-11-2025
ABS003859;STU00800;MAT0004;40;3;17-05-0030;TP;1;4;21-11-2025
ABS003860;STU00801;MAT0016;39;3;17-05-0030;EXAMEN;1;2;21-11-2025
ABS003861;STU00801;MAT0002;39;3;15-04-0025;TD;1;2;21-11-2025
ABS003862;STU00801;MAT0029;39;3;16-03-0008;TP;1;1;21-11-2025
ABS003863;STU00801;MAT0030;39;3;16-04-0010;COURS;1;4;21-11-2025
ABS003864;STU00801;MAT0005;39;3;17-03-0030;TP;1;2;21-11-2025
ABS003865;STU00801;MAT0014;39;3;16-03-0008;TD;0;1;21-11-2025
ABS003866;STU00801;MAT0031;39;3;15-04-0020;TD;1;4;21-11-2025
ABS003867;STU00801;MAT0005;39;3;17-03-0030;TD;1;2;21-11-2025
ABS003868;STU00801;MAT0005;39;3;17-05-0030;TD;1;4;21-11-2025
ABS003869;STU00801;MAT0010;39;3;17-05-0026;COURS;0;3;21-11-2025
ABS003870;STU00802;MAT0003;40;3;16-03-0020;COURS;1;2;21-11-2025
ABS003871;STU00802;MAT0015;40;3;17-03-0023;EXAMEN;1;3;21-11-2025
ABS003872;STU00802;MAT0004;40;3;16-03-0021;TP;0;3;21-11-2025
ABS003873;STU00802;MAT0035;40;3;16-04-0030;EXAMEN;1;2;21-11-2025
ABS003874;STU00803;MAT0034;39;3;16-03-0012;COURS;1;2;21-11-2025
ABS003875;STU00803;MAT0004;39;3;15-04-0025;TP;0;4;21-11-2025
ABS003876;STU00803;MAT0021;39;3;16-04-0023;TD;1;3;21-11-2025
ABS003877;STU00803;;39;3;15-04-0020;EXAMEN;1;1;21-11-2025
ABS003878;STU00803;MAT0017;39;3;16-05-0020;EXAMEN;0;3;21-11-2025
ABS003879;STU00803;MAT0024;39;3;15-04-0012;EXAMEN;0;4;21-11-2025
ABS003880;STU00803;MAT0031;39;3;17-05-0015;EXAMEN;1;3;21-11-2025
ABS003881;STU00803;;39;3;16-03-0021;TP;1;4;21-11-2025
ABS003882;STU00803;MAT0004;39;3;15-04-0021;EXAMEN;0;4;21-11-2025
ABS003883;STU00803;MAT0020;39;3;16-03-0024;TD;1;1;21-11-2025
ABS003884;STU00803;MAT0033;39;3;17-05-0011;TD;1;1;21-11-2025
ABS003885;STU00804;MAT0002;40;3;16-03-0021;COURS;0;4;21-11-2025
ABS003886;STU00805;MAT0025;39;3;16-03-0017;EXAMEN;1;1;21-11-2025
ABS003887;STU00805;MAT0026;39;3;16-03-0009;EXAMEN;0;4;21-11-2025
ABS003888;STU00805;MAT0024;39;3;16-05-0033;COURS;0;2;21-11-2025
ABS003889;STU00805;MAT0017;39;3;16-03-0012;TD;1;3;21-11-2025
ABS003890;STU00805;MAT0018;39;3;17-03-0018;COURS;1;1;21-11-2025
ABS003891;STU00805;MAT0006;39;3;16-03-0025;TP;1;4;21-11-2025
ABS003892;STU00805;MAT0008;39;3;16-03-0029;EXAMEN;0;4;21-11-2025
ABS003893;STU00805;MAT0007;39;3;16-04-0034;TP;0;4;21-11-2025
ABS003894;STU00805;MAT0007;39;3;16-04-0027;COURS;1;3;21-11-2025
ABS003895;STU00805;MAT0015;39;3;16-03-0016;TD;1;3;21-11-2025
ABS003896;STU00805;MAT0025;39;3;16-05-0021;EXAMEN;1;3;21-11-2025
ABS003897;STU00805;MAT0004;39;3;15-04-0009;TP;1;1;21-11-2025
ABS003898;STU00805;;39;3;16-03-0033;COURS;1;1;21-11-2025
ABS003899;STU00805;MAT0024;39;3;17-03-0022;COURS;1;1;21-11-2025
ABS003900;STU00806;MAT0011;40;3;17-05-0022;TD;1;2;21-11-2025
ABS003901;STU00806;;40;3;16-03-0009;TD;1;4;21-11-2025
ABS003902;STU00806;MAT0031;40;3;16-04-0026;TP;1;3;21-11-2025
ABS003903;STU00806;MAT0028;40;3;17-05-0014;TP;1;4;21-11-2025
ABS003904;STU00806;MAT0017;40;3;16-05-0016;TD;0;4;21-11-2025
ABS003905;STU00807;MAT0011;39;3;15-04-0028;COURS;0;4;21-11-2025
ABS003906;STU00807;MAT0023;39;3;16-04-0010;TD;1;1;21-11-2025
ABS003907;STU00808;MAT0016;40;3;16-03-0013;EXAMEN;1;2;21-11-2025
ABS003908;STU00809;MAT0029;39;3;16-05-0025;EXAMEN;1;4;21-11-2025
ABS003909;STU00810;MAT0032;40;3;15-04-0017;COURS;1;4;21-11-2025
ABS003910;STU00810;MAT0003;40;3;16-04-0026;TP;1;4;21-11-2025
ABS003911;STU00810;MAT0006;40;3;17-05-0023;TP;0;1;21-11-2025
ABS003912;STU00810;MAT0014;40;3;16-05-0008;TP;1;2;21-11-2025
ABS003913;STU00810;MAT0003;40;3;16-04-0030;TP;1;3;21-11-2025
ABS003914;STU00810;MAT0028;40;3;16-04-0007;TD;0;3;21-11-2025
ABS003915;STU00810;MAT0010;40;3;16-03-0017;EXAMEN;1;1;21-11-2025
ABS003916;STU00811;MAT0004;39;3;16-03-0029;TP;1;1;21-11-2025
ABS003917;STU00811;MAT0027;39;3;17-05-0015;EXAMEN;1;3;21-11-2025
ABS003918;STU00811;MAT0011;39;3;17-05-0014;COURS;0;4;21-11-2025
ABS003919;STU00811;MAT0014;39;3;17-03-0023;COURS;1;4;21-11-2025
ABS003920;STU00811;MAT0013;39;3;16-05-0029;TP;1;1;21-11-2025
ABS003921;STU00811;MAT0010;39;3;17-03-0011;EXAMEN;0;3;21-11-2025
ABS003922;STU00811;MAT0009;39;3;17-05-0022;COURS;0;3;21-11-2025
ABS003923;STU00811;MAT0011;39;3;15-04-0024;EXAMEN;1;1;21-11-2025
ABS003924;STU00811;MAT0010;39;3;17-05-0026;COURS;1;3;21-11-2025
ABS003925;STU00812;MAT0018;40;3;16-05-0024;EXAMEN;0;1;21-11-2025
ABS003926;STU00812;MAT0016;40;3;15-04-0012;EXAMEN;1;4;21-11-2025
ABS003927;STU00813;MAT0012;39;3;15-04-0032;COURS;0;1;21-11-2025
ABS003928;STU00813;MAT0032;39;3;15-04-0012;TP;1;3;21-11-2025
ABS003929;STU00814;MAT0028;40;3;15-04-0021;EXAMEN;1;4;21-11-2025
ABS003930;STU00814;MAT0019;40;3;15-04-0017;TP;0;3;21-11-2025
ABS003931;STU00814;MAT0019;40;3;16-04-0031;COURS;0;1;21-11-2025
ABS003932;STU00814;MAT0009;40;3;17-03-0026;TD;1;1;21-11-2025
ABS003933;STU00815;MAT0030;39;3;16-03-0029;TP;1;1;21-11-2025
ABS003934;STU00816;MAT0034;40;3;16-04-0014;COURS;0;3;21-11-2025
ABS003935;STU00817;MAT0016;39;3;16-04-0026;EXAMEN;1;3;21-11-2025
ABS003936;STU00819;MAT0009;39;3;16-03-0029;TD;1;1;21-11-2025
ABS003937;STU00819;MAT0027;39;3;16-04-0007;TP;1;1;21-11-2025
ABS003938;STU00819;MAT0007;39;3;16-04-0014;EXAMEN;0;2;21-11-2025
ABS003939;STU00819;MAT0020;39;3;16-04-0027;TD;0;2;21-11-2025
ABS003940;STU00819;MAT0012;39;3;15-04-0028;EXAMEN;0;4;21-11-2025
ABS003941;STU00819;MAT0011;39;3;17-05-0027;TP;0;3;21-11-2025
ABS003942;STU00821;;39;3;16-03-0024;EXAMEN;1;2;21-11-2025
ABS003943;STU00821;MAT0035;39;3;17-05-0022;COURS;1;4;21-11-2025
ABS003944;STU00821;MAT0020;39;3;16-03-0017;TP;1;3;21-11-2025
ABS003945;STU00821;MAT0025;39;3;17-05-0019;TD;1;3;21-11-2025
ABS003946;STU00821;MAT0019;39;3;16-05-0033;COURS;1;1;21-11-2025
ABS003947;STU00821;MAT0034;39;3;17-03-0027;TD;0;1;21-11-2025
ABS003948;STU00821;MAT0034;39;3;16-03-0028;EXAMEN;1;1;21-11-2025
ABS003949;STU00821;MAT0018;39;3;15-04-0033;EXAMEN;1;3;21-11-2025
ABS003950;STU00821;MAT0033;39;3;16-03-0024;TD;1;3;21-11-2025
ABS003951;STU00822;MAT0006;40;3;17-03-0014;TD;1;2;21-11-2025
ABS003952;STU00822;MAT0030;40;3;16-05-0024;COURS;1;2;21-11-2025
ABS003953;STU00822;MAT0011;40;3;17-03-0030;COURS;0;4;21-11-2025
ABS003954;STU00822;MAT0028;40;3;16-04-0023;TP;0;4;21-11-2025
ABS003955;STU00823;MAT0028;39;3;16-04-0011;TP;0;2;21-11-2025
ABS003956;STU00823;MAT0025;39;3;16-05-0021;COURS;1;2;21-11-2025
ABS003957;STU00824;MAT0015;40;3;15-04-0024;TP;1;1;21-11-2025
ABS003958;STU00824;MAT0027;40;3;17-05-0007;TD;1;2;21-11-2025
ABS003959;STU00824;MAT0023;40;3;17-03-0015;TP;1;3;21-11-2025
ABS003960;STU00824;MAT0013;40;3;15-04-0012;TD;1;4;21-11-2025
ABS003961;STU00824;MAT0003;40;3;16-04-0027;COURS;0;2;21-11-2025
ABS003962;STU00824;MAT0023;40;3;16-04-0023;EXAMEN;0;2;21-11-2025
ABS003963;STU00824;MAT0009;40;3;16-04-0014;TD;1;4;21-11-2025
ABS003964;STU00824;MAT0011;40;3;16-03-0016;TP;0;2;21-11-2025
ABS003965;STU00824;MAT0022;40;3;15-04-0017;TP;1;2;21-11-2025
ABS003966;STU00824;MAT0029;40;3;16-05-0032;EXAMEN;1;3;21-11-2025
ABS003967;STU00824;MAT0027;40;3;17-03-0010;EXAMEN;1;1;21-11-2025
ABS003968;STU00824;MAT0027;40;3;15-04-0032;TP;1;4;21-11-2025
ABS003969;STU00824;MAT0026;40;3;17-03-0023;TP;1;1;21-11-2025
ABS003970;STU00824;MAT0033;40;3;16-04-0015;TP;1;4;21-11-2025
ABS003971;STU00824;MAT0015;40;3;16-04-0030;TD;0;2;21-11-2025
ABS003972;STU00825;MAT0022;39;3;15-04-0024;TP;1;4;21-11-2025
ABS003973;STU00825;MAT0028;39;3;17-03-0007;TD;0;3;21-11-2025
ABS003974;STU00825;MAT0018;39;3;15-04-0025;TD;1;1;21-11-2025
ABS003975;STU00825;MAT0002;39;3;15-04-0020;TP;0;1;21-11-2025
ABS003976;STU00826;MAT0016;40;3;17-03-0034;COURS;1;2;21-11-2025
ABS003977;STU00826;MAT0032;40;3;17-05-0023;COURS;1;4;21-11-2025
ABS003978;STU00826;MAT0015;40;3;16-03-0024;TD;1;1;21-11-2025
ABS003979;STU00826;MAT0005;40;3;15-04-0024;COURS;1;1;21-11-2025
ABS003980;STU00826;MAT0014;40;3;17-03-0018;TD;1;2;21-11-2025
ABS003981;STU00826;MAT0030;40;3;16-04-0019;COURS;0;4;21-11-2025
ABS003982;STU00826;MAT0033;40;3;15-04-0012;EXAMEN;0;3;21-11-2025
ABS003983;STU00826;MAT0028;40;3;16-04-0018;TP;1;3;21-11-2025
ABS003984;STU00827;MAT0024;39;3;16-04-0026;TP;0;3;21-11-2025
ABS003985;STU00827;MAT0016;39;3;16-04-0027;EXAMEN;0;1;21-11-2025
ABS003986;STU00827;MAT0020;39;3;16-04-0010;TP;1;3;21-11-2025
ABS003987;STU00827;MAT0015;39;3;16-03-0024;TP;1;3;21-11-2025
ABS003988;STU00827;MAT0024;39;3;17-03-0030;TD;1;1;21-11-2025
ABS003989;STU00827;MAT0034;39;3;15-04-0028;TD;1;1;21-11-2025
ABS003990;STU00827;MAT0021;39;3;16-04-0027;COURS;1;2;21-11-2025
ABS003991;STU00828;MAT0019;40;3;15-04-0016;TP;0;2;21-11-2025
ABS003992;STU00828;MAT0009;40;3;16-03-0032;EXAMEN;1;3;21-11-2025
ABS003993;STU00828;MAT0002;40;3;15-04-0013;TD;0;1;21-11-2025
ABS003994;STU00828;MAT0024;40;3;16-03-0033;TD;0;1;21-11-2025
ABS003995;STU00828;MAT0019;40;3;17-03-0030;TP;0;2;21-11-2025
ABS003996;STU00828;MAT0028;40;3;16-05-0013;TD;0;1;21-11-2025
ABS003997;STU00828;MAT0006;40;3;17-05-0015;TD;1;1;21-11-2025
ABS003998;STU00828;MAT0024;40;3;16-05-0008;TD;1;3;21-11-2025
ABS003999;STU00828;MAT0004;40;3;16-05-0025;COURS;0;4;21-11-2025
ABS004000;STU00828;MAT0006;40;3;17-05-0015;TD;1;2;21-11-2025
ABS004001;STU00828;MAT0020;40;3;16-03-0017;EXAMEN;0;1;21-11-2025
ABS004002;STU00828;MAT0020;40;3;16-03-0013;TD;0;3;21-11-2025
ABS004003;STU00828;MAT0013;40;3;15-04-0009;TD;1;4;21-11-2025
ABS004004;STU00829;MAT0006;39;3;16-05-0020;TD;1;3;21-11-2025
ABS004005;STU00830;MAT0011;40;3;17-03-0007;COURS;1;2;21-11-2025
ABS004006;STU00830;MAT0015;40;3;16-05-0009;COURS;0;3;21-11-2025
ABS004007;STU00830;MAT0011;40;3;16-05-0008;COURS;1;1;21-11-2025
ABS004008;STU00831;MAT0013;39;3;15-04-0012;COURS;1;1;21-11-2025
ABS004009;STU00833;MAT0026;39;3;16-03-0017;TD;0;2;21-11-2025
ABS004010;STU00833;MAT0028;39;3;17-03-0031;EXAMEN;1;3;21-11-2025
ABS004011;STU00833;MAT0005;39;3;16-05-0029;EXAMEN;0;2;21-11-2025
ABS004012;STU00833;MAT0006;39;3;16-05-0024;COURS;1;4;21-11-2025
ABS004013;STU00834;MAT0014;40;3;17-03-0014;TD;0;2;21-11-2025
ABS004014;STU00834;MAT0017;40;3;15-04-0032;TP;1;4;21-11-2025
ABS004015;STU00834;MAT0034;40;3;17-03-0015;EXAMEN;1;3;21-11-2025
ABS004016;STU00835;MAT0010;39;3;16-04-0018;TP;1;4;21-11-2025
ABS004017;STU00835;MAT0005;39;3;17-03-0014;EXAMEN;1;2;21-11-2025
ABS004018;STU00835;MAT0002;39;3;17-03-0019;TD;1;1;21-11-2025
ABS004019;STU00835;MAT0004;39;3;17-03-0027;TP;1;4;21-11-2025
ABS004020;STU00835;MAT0025;39;3;16-03-0013;TD;0;4;21-11-2025
ABS004021;STU00835;;39;3;16-04-0007;TP;1;3;21-11-2025
ABS004022;STU00835;MAT0026;39;3;16-04-0026;EXAMEN;1;2;21-11-2025
ABS004023;STU00835;MAT0016;39;3;17-05-0011;TD;1;1;21-11-2025
ABS004024;STU00835;MAT0007;39;3;17-03-0022;TP;1;1;21-11-2025
ABS004025;STU00835;MAT0032;39;3;16-03-0025;COURS;0;1;21-11-2025
ABS004026;STU00835;MAT0013;39;3;16-05-0020;TD;0;3;21-11-2025
ABS004027;STU00835;MAT0002;39;3;17-03-0034;EXAMEN;0;4;21-11-2025
ABS004028;STU00835;MAT0035;39;3;15-04-0016;TD;1;2;21-11-2025
ABS004029;STU00835;MAT0022;39;3;16-03-0021;COURS;1;4;21-11-2025
ABS004030;STU00835;MAT0034;39;3;17-03-0011;TP;1;2;21-11-2025
ABS004031;STU00836;MAT0023;40;3;17-05-0015;TP;1;1;21-11-2025
ABS004032;STU00837;MAT0002;39;3;15-04-0032;TD;1;2;21-11-2025
ABS004033;STU00837;MAT0032;39;3;16-03-0020;TD;1;4;21-11-2025
ABS004034;STU00838;MAT0035;40;3;17-03-0014;COURS;0;2;21-11-2025
ABS004035;STU00838;MAT0029;40;3;16-04-0015;TP;1;4;21-11-2025
ABS004036;STU00838;MAT0018;40;3;15-04-0032;EXAMEN;1;3;21-11-2025
ABS004037;STU00838;MAT0015;40;3;17-03-0019;EXAMEN;1;2;21-11-2025
ABS004038;STU00838;MAT0015;40;3;17-03-0019;COURS;1;3;21-11-2025
ABS004039;STU00838;MAT0029;40;3;16-03-0025;EXAMEN;1;1;21-11-2025
ABS004040;STU00838;MAT0033;40;3;16-04-0018;TP;0;1;21-11-2025
ABS004041;STU00838;MAT0018;40;3;17-03-0030;TP;1;3;21-11-2025
ABS004042;STU00838;MAT0035;40;3;15-04-0012;COURS;1;2;21-11-2025
ABS004043;STU00838;MAT0005;40;3;17-05-0019;COURS;1;4;21-11-2025
ABS004044;STU00838;MAT0020;40;3;17-03-0010;EXAMEN;1;2;21-11-2025
ABS004045;STU00839;MAT0026;39;3;16-05-0012;COURS;1;3;21-11-2025
ABS004046;STU00839;MAT0018;39;3;15-04-0029;EXAMEN;1;3;21-11-2025
ABS004047;STU00839;MAT0026;39;3;17-03-0030;TD;1;3;21-11-2025
ABS004048;STU00839;MAT0029;39;3;17-03-0022;COURS;1;1;21-11-2025
ABS004049;STU00839;MAT0018;39;3;16-03-0016;TP;0;3;21-11-2025
ABS004050;STU00839;MAT0027;39;3;17-05-0018;EXAMEN;0;2;21-11-2025
ABS004051;STU00839;MAT0006;39;3;17-03-0034;COURS;1;4;21-11-2025
ABS004052;STU00840;MAT0034;40;3;17-03-0014;EXAMEN;1;4;21-11-2025
ABS004053;STU00840;MAT0009;40;3;15-04-0028;COURS;1;4;21-11-2025
ABS004054;STU00840;MAT0014;40;3;17-05-0034;EXAMEN;1;2;21-11-2025
ABS004055;STU00840;MAT0004;40;3;17-05-0018;TP;1;4;21-11-2025
ABS004056;STU00840;MAT0013;40;3;16-03-0032;TP;0;1;21-11-2025
ABS004057;STU00840;MAT0024;40;3;15-04-0028;COURS;1;1;21-11-2025
ABS004058;STU00841;MAT0018;45;3;17-03-0014;TP;1;2;21-11-2025
ABS004059;STU00841;MAT0030;45;3;17-05-0022;COURS;0;4;21-11-2025
ABS004060;STU00841;MAT0032;45;3;16-03-0032;TP;1;3;21-11-2025
ABS004061;STU00841;MAT0020;45;3;17-05-0010;TD;1;3;21-11-2025
ABS004062;STU00841;MAT0025;45;3;15-04-0016;EXAMEN;1;3;21-11-2025
ABS004063;STU00841;MAT0006;45;3;16-03-0033;EXAMEN;1;3;21-11-2025
ABS004064;STU00841;MAT0031;45;3;16-04-0011;TP;0;1;21-11-2025
ABS004065;STU00841;MAT0027;45;3;17-03-0010;COURS;1;4;21-11-2025
ABS004066;STU00841;MAT0020;45;3;17-03-0015;EXAMEN;1;3;21-11-2025
ABS004067;STU00841;MAT0021;45;3;17-05-0031;TD;0;1;21-11-2025
ABS004068;STU00841;MAT0014;45;3;15-04-0029;TD;1;4;21-11-2025
ABS004069;STU00841;MAT0033;45;3;16-04-0030;EXAMEN;1;1;21-11-2025
ABS004070;STU00842;MAT0007;46;3;16-03-0021;TD;1;3;21-11-2025
ABS004071;STU00842;MAT0022;46;3;17-05-0027;EXAMEN;1;1;21-11-2025
ABS004072;STU00842;MAT0016;46;3;17-05-0030;COURS;1;3;21-11-2025
ABS004073;STU00842;MAT0006;46;3;16-05-0016;TP;0;2;21-11-2025
ABS004074;STU00842;MAT0023;46;3;15-04-0029;TD;1;2;21-11-2025
ABS004075;STU00842;MAT0031;46;3;16-05-0013;TD;1;4;21-11-2025
ABS004076;STU00842;MAT0026;46;3;17-05-0018;EXAMEN;1;1;21-11-2025
ABS004077;STU00842;MAT0004;46;3;16-05-0013;TD;1;3;21-11-2025
ABS004078;STU00842;MAT0030;46;3;16-04-0015;EXAMEN;0;1;21-11-2025
ABS004079;STU00842;MAT0009;46;3;16-04-0023;COURS;1;4;21-11-2025
ABS004080;STU00842;MAT0034;46;3;16-03-0028;TP;0;1;21-11-2025
ABS004081;STU00842;MAT0008;46;3;16-04-0030;COURS;1;1;21-11-2025
ABS004082;STU00842;MAT0026;46;3;16-03-0016;TP;0;1;21-11-2025
ABS004083;STU00842;MAT0033;46;3;16-03-0025;TD;0;4;21-11-2025
ABS004084;STU00842;MAT0020;46;3;15-04-0032;TD;1;3;21-11-2025
ABS004085;STU00843;MAT0022;45;3;17-05-0034;TD;0;4;21-11-2025
ABS004086;STU00843;MAT0032;45;3;15-04-0024;EXAMEN;0;4;21-11-2025
ABS004087;STU00843;MAT0008;45;3;16-05-0024;TD;0;2;21-11-2025
ABS004088;STU00843;MAT0011;45;3;16-04-0010;COURS;1;1;21-11-2025
ABS004089;STU00843;MAT0011;45;3;16-05-0012;EXAMEN;1;1;21-11-2025
ABS004090;STU00843;MAT0026;45;3;16-05-0020;EXAMEN;1;2;21-11-2025
ABS004091;STU00843;MAT0024;45;3;16-05-0020;TD;1;2;21-11-2025
ABS004092;STU00844;MAT0027;46;3;15-04-0009;TP;1;2;21-11-2025
ABS004093;STU00846;MAT0002;46;3;16-03-0033;EXAMEN;0;2;21-11-2025
ABS004094;STU00846;MAT0004;46;3;16-04-0023;EXAMEN;1;4;21-11-2025
ABS004095;STU00846;MAT0011;46;3;17-05-0014;COURS;1;1;21-11-2025
ABS004096;STU00846;MAT0016;46;3;17-05-0023;TP;1;2;21-11-2025
ABS004097;STU00846;MAT0028;46;3;16-05-0029;EXAMEN;1;4;21-11-2025
ABS004098;STU00846;MAT0012;46;3;15-04-0028;EXAMEN;0;4;21-11-2025
ABS004099;STU00847;MAT0021;45;3;16-04-0019;EXAMEN;0;4;21-11-2025
ABS004100;STU00849;MAT0018;45;3;16-03-0021;EXAMEN;1;3;21-11-2025
ABS004101;STU00849;MAT0003;45;3;17-03-0034;TD;0;2;21-11-2025
ABS004102;STU00850;MAT0015;46;3;17-03-0019;COURS;0;4;21-11-2025
ABS004103;STU00850;MAT0023;46;3;17-05-0015;TD;1;3;21-11-2025
ABS004104;STU00850;MAT0016;46;3;16-04-0014;COURS;1;1;21-11-2025
ABS004105;STU00850;MAT0017;46;3;16-04-0031;COURS;1;2;21-11-2025
ABS004106;STU00850;MAT0028;46;3;15-04-0009;TP;0;2;21-11-2025
ABS004107;STU00850;MAT0026;46;3;15-04-0021;EXAMEN;1;2;21-11-2025
ABS004108;STU00851;MAT0002;45;3;16-05-0025;COURS;1;3;21-11-2025
ABS004109;STU00852;MAT0027;46;3;17-05-0031;TD;0;4;21-11-2025
ABS004110;STU00853;MAT0035;45;3;17-03-0011;TP;1;2;21-11-2025
ABS004111;STU00853;MAT0030;45;3;17-05-0014;TD;1;2;21-11-2025
ABS004112;STU00853;MAT0012;45;3;15-04-0028;TD;0;2;21-11-2025
ABS004113;STU00853;MAT0015;45;3;16-03-0008;TD;1;1;21-11-2025
ABS004114;STU00853;MAT0020;45;3;16-03-0024;TD;1;3;21-11-2025
ABS004115;STU00854;MAT0013;46;3;17-03-0015;TD;0;2;21-11-2025
ABS004116;STU00854;MAT0035;46;3;17-05-0010;TD;1;3;21-11-2025
ABS004117;STU00854;MAT0006;46;3;16-04-0027;TD;1;4;21-11-2025
ABS004118;STU00854;;46;3;17-05-0027;TP;1;4;21-11-2025
ABS004119;STU00854;MAT0034;46;3;16-03-0025;TP;1;1;21-11-2025
ABS004120;STU00854;MAT0025;46;3;15-04-0020;COURS;1;4;21-11-2025
ABS004121;STU00855;MAT0010;45;3;15-04-0016;COURS;1;2;21-11-2025
ABS004122;STU00856;MAT0021;46;3;16-04-0007;TD;1;4;21-11-2025
ABS004123;STU00857;MAT0024;45;3;17-05-0023;TD;0;2;21-11-2025
ABS004124;STU00857;MAT0014;45;3;16-05-0024;COURS;0;4;21-11-2025
ABS004125;STU00857;MAT0030;45;3;17-05-0026;TD;1;1;21-11-2025
ABS004126;STU00857;MAT0002;45;3;17-05-0018;TD;0;3;21-11-2025
ABS004127;STU00857;MAT0027;45;3;16-05-0033;TP;1;1;21-11-2025
ABS004128;STU00857;MAT0002;45;3;16-05-0028;TD;0;4;21-11-2025
ABS004129;STU00857;MAT0034;45;3;15-04-0020;EXAMEN;1;1;21-11-2025
ABS004130;STU00857;MAT0030;45;3;16-04-0027;TD;1;4;21-11-2025
ABS004131;STU00857;MAT0006;45;3;16-04-0022;TP;1;4;21-11-2025
ABS004132;STU00857;MAT0023;45;3;17-03-0011;COURS;1;1;21-11-2025
ABS004133;STU00857;MAT0022;45;3;17-03-0023;TD;0;4;21-11-2025
ABS004134;STU00857;MAT0010;45;3;15-04-0012;COURS;0;4;21-11-2025
ABS004135;STU00857;MAT0029;45;3;16-03-0028;TP;0;4;21-11-2025
ABS004136;STU00857;MAT0017;45;3;17-03-0026;TP;1;3;21-11-2025
ABS004137;STU00858;MAT0019;46;3;15-04-0032;EXAMEN;1;3;21-11-2025
ABS004138;STU00858;MAT0031;46;3;16-03-0009;COURS;1;2;21-11-2025
ABS004139;STU00858;MAT0010;46;3;16-03-0008;COURS;0;2;21-11-2025
ABS004140;STU00858;MAT0030;46;3;16-05-0032;TD;1;4;21-11-2025
ABS004141;STU00858;MAT0011;46;3;16-03-0028;TP;1;4;21-11-2025
ABS004142;STU00858;MAT0012;46;3;17-03-0030;TD;1;2;21-11-2025
ABS004143;STU00858;MAT0029;46;3;16-04-0023;TP;1;1;21-11-2025
ABS004144;STU00858;MAT0026;46;3;15-04-0028;COURS;1;1;21-11-2025
ABS004145;STU00858;;46;3;17-03-0026;TP;1;4;21-11-2025
ABS004146;STU00858;MAT0002;46;3;16-04-0030;EXAMEN;0;2;21-11-2025
ABS004147;STU00858;MAT0020;46;3;15-04-0016;EXAMEN;1;2;21-11-2025
ABS004148;STU00858;MAT0033;46;3;17-05-0022;TP;1;3;21-11-2025
ABS004149;STU00858;MAT0028;46;3;17-03-0022;COURS;1;1;21-11-2025
ABS004150;STU00859;MAT0024;45;3;16-04-0031;COURS;0;3;21-11-2025
ABS004151;STU00859;MAT0016;45;3;15-04-0033;TP;1;3;21-11-2025
ABS004152;STU00859;MAT0014;45;3;16-04-0022;TD;1;1;21-11-2025
ABS004153;STU00859;MAT0021;45;3;17-05-0031;TD;1;1;21-11-2025
ABS004154;STU00859;MAT0025;45;3;16-05-0017;EXAMEN;0;1;21-11-2025
ABS004155;STU00859;MAT0029;45;3;16-05-0013;TP;1;4;21-11-2025
ABS004156;STU00860;MAT0016;46;3;16-04-0015;TP;1;4;21-11-2025
ABS004157;STU00860;MAT0014;46;3;16-05-0017;COURS;1;3;21-11-2025
ABS004158;STU00860;MAT0016;46;3;17-03-0011;COURS;1;4;21-11-2025
ABS004159;STU00860;MAT0011;46;3;16-04-0019;TP;1;3;21-11-2025
ABS004160;STU00860;MAT0017;46;3;17-03-0018;EXAMEN;1;2;21-11-2025
ABS004161;STU00860;MAT0007;46;3;16-03-0012;TP;1;2;21-11-2025
ABS004162;STU00860;MAT0005;46;3;16-05-0021;COURS;1;1;21-11-2025
ABS004163;STU00860;MAT0020;46;3;16-03-0017;EXAMEN;1;4;21-11-2025
ABS004164;STU00860;MAT0020;46;3;16-04-0007;COURS;0;4;21-11-2025
ABS004165;STU00860;MAT0018;46;3;15-04-0021;EXAMEN;1;1;21-11-2025
ABS004166;STU00860;MAT0006;46;3;17-05-0030;EXAMEN;0;2;21-11-2025
ABS004167;STU00861;MAT0016;45;3;17-03-0031;EXAMEN;1;3;21-11-2025
ABS004168;STU00861;MAT0027;45;3;16-05-0032;COURS;1;1;21-11-2025
ABS004169;STU00861;MAT0020;45;3;16-03-0032;COURS;0;2;21-11-2025
ABS004170;STU00861;MAT0024;45;3;16-03-0013;TD;1;4;21-11-2025
ABS004171;STU00861;MAT0026;45;3;16-05-0029;COURS;0;2;21-11-2025
ABS004172;STU00861;MAT0021;45;3;16-05-0017;COURS;1;1;21-11-2025
ABS004173;STU00861;MAT0022;45;3;16-03-0025;EXAMEN;0;1;21-11-2025
ABS004174;STU00861;MAT0005;45;3;17-03-0007;TD;1;3;21-11-2025
ABS004175;STU00861;MAT0035;45;3;16-04-0010;COURS;1;1;21-11-2025
ABS004176;STU00861;MAT0006;45;3;16-04-0030;TP;1;1;21-11-2025
ABS004177;STU00861;MAT0024;45;3;17-03-0019;COURS;1;3;21-11-2025
ABS004178;STU00861;MAT0007;45;3;16-03-0025;TD;1;4;21-11-2025
ABS004179;STU00861;MAT0006;45;3;16-05-0021;EXAMEN;1;4;21-11-2025
ABS004180;STU00862;MAT0020;46;3;17-05-0007;TD;1;2;21-11-2025
ABS004181;STU00862;MAT0024;46;3;16-05-0012;COURS;1;1;21-11-2025
ABS004182;STU00862;MAT0006;46;3;16-05-0020;TD;1;2;21-11-2025
ABS004183;STU00862;MAT0009;46;3;16-03-0033;COURS;1;3;21-11-2025
ABS004184;STU00862;MAT0011;46;3;17-05-0018;TD;0;3;21-11-2025
ABS004185;STU00862;MAT0004;46;3;16-03-0028;TD;1;1;21-11-2025
ABS004186;STU00862;MAT0024;46;3;16-04-0022;TP;1;4;21-11-2025
ABS004187;STU00862;;46;3;15-04-0024;EXAMEN;1;1;21-11-2025
ABS004188;STU00864;MAT0003;46;3;17-03-0030;TD;1;4;21-11-2025
ABS004189;STU00864;MAT0024;46;3;16-05-0033;COURS;1;4;21-11-2025
ABS004190;STU00865;MAT0004;45;3;16-05-0020;COURS;1;1;21-11-2025
ABS004191;STU00865;MAT0009;45;3;17-05-0030;TD;1;2;21-11-2025
ABS004192;STU00865;MAT0012;45;3;16-03-0008;TP;1;4;21-11-2025
ABS004193;STU00867;MAT0022;45;3;15-04-0033;EXAMEN;1;1;21-11-2025
ABS004194;STU00867;MAT0025;45;3;16-03-0025;COURS;1;4;21-11-2025
ABS004195;STU00867;MAT0019;45;3;16-05-0008;TP;0;2;21-11-2025
ABS004196;STU00868;MAT0014;46;3;16-03-0033;EXAMEN;0;1;21-11-2025
ABS004197;STU00868;MAT0018;46;3;15-04-0032;COURS;1;1;21-11-2025
ABS004198;STU00868;MAT0027;46;3;16-04-0015;COURS;1;1;21-11-2025
ABS004199;STU00868;MAT0032;46;3;17-05-0026;COURS;0;2;21-11-2025
ABS004200;STU00868;MAT0021;46;3;15-04-0020;TP;0;3;21-11-2025
ABS004201;STU00868;MAT0026;46;3;16-03-0033;COURS;1;3;21-11-2025
ABS004202;STU00868;MAT0027;46;3;16-05-0008;TD;1;4;21-11-2025
ABS004203;STU00868;MAT0026;46;3;15-04-0017;EXAMEN;1;2;21-11-2025
ABS004204;STU00868;MAT0035;46;3;17-05-0026;TP;1;1;21-11-2025
ABS004205;STU00868;MAT0010;46;3;16-04-0015;TP;0;2;21-11-2025
ABS004206;STU00869;MAT0030;45;3;17-05-0018;EXAMEN;1;2;21-11-2025
ABS004207;STU00870;MAT0026;46;3;15-04-0021;EXAMEN;1;3;21-11-2025
ABS004208;STU00870;MAT0007;46;3;16-03-0008;EXAMEN;1;3;21-11-2025
ABS004209;STU00870;MAT0034;46;3;16-04-0011;EXAMEN;0;3;21-11-2025
ABS004210;STU00870;MAT0025;46;3;16-05-0029;TP;1;1;21-11-2025
ABS004211;STU00870;MAT0025;46;3;16-03-0032;TD;1;4;21-11-2025
ABS004212;STU00870;MAT0008;46;3;15-04-0009;EXAMEN;1;4;21-11-2025
ABS004213;STU00870;MAT0013;46;3;16-04-0007;TP;1;2;21-11-2025
ABS004214;STU00871;MAT0027;45;3;17-05-0027;EXAMEN;1;1;21-11-2025
ABS004215;STU00871;MAT0025;45;3;16-04-0018;TD;1;4;21-11-2025
ABS004216;STU00872;MAT0032;46;3;17-03-0018;TD;0;2;21-11-2025
ABS004217;STU00872;MAT0018;46;3;16-04-0011;TD;1;3;21-11-2025
ABS004218;STU00872;MAT0025;46;3;16-03-0017;COURS;0;3;21-11-2025
ABS004219;STU00872;MAT0034;46;3;16-05-0033;TP;1;1;21-11-2025
ABS004220;STU00873;MAT0010;45;3;16-04-0031;COURS;1;2;21-11-2025
ABS004221;STU00873;MAT0006;45;3;15-04-0013;TD;1;3;21-11-2025
ABS004222;STU00873;MAT0002;45;3;15-04-0020;TP;1;2;21-11-2025
ABS004223;STU00874;MAT0008;46;3;17-03-0030;COURS;1;2;21-11-2025
ABS004224;STU00874;MAT0017;46;3;17-05-0015;TD;1;3;21-11-2025
ABS004225;STU00874;MAT0005;46;3;17-05-0027;TP;1;4;21-11-2025
ABS004226;STU00874;MAT0017;46;3;17-05-0014;TD;1;4;21-11-2025
ABS004227;STU00875;MAT0020;45;3;16-03-0029;COURS;1;1;21-11-2025
ABS004228;STU00875;MAT0034;45;3;16-03-0020;TD;0;2;21-11-2025
ABS004229;STU00875;MAT0034;45;3;16-04-0026;COURS;1;1;21-11-2025
ABS004230;STU00875;MAT0025;45;3;16-03-0032;TD;1;2;21-11-2025
ABS004231;STU00875;MAT0030;45;3;16-04-0018;EXAMEN;1;3;21-11-2025
ABS004232;STU00875;MAT0031;45;3;16-04-0023;EXAMEN;1;3;21-11-2025
ABS004233;STU00875;MAT0014;45;3;16-03-0020;TP;1;2;21-11-2025
ABS004234;STU00876;MAT0021;46;3;17-05-0011;TP;0;2;21-11-2025
ABS004235;STU00876;MAT0021;46;3;17-03-0027;TD;0;1;21-11-2025
ABS004236;STU00876;MAT0012;46;3;16-04-0023;COURS;0;2;21-11-2025
ABS004237;STU00876;MAT0024;46;3;15-04-0017;TD;1;2;21-11-2025
ABS004238;STU00876;MAT0011;46;3;17-05-0022;COURS;1;4;21-11-2025
ABS004239;STU00876;MAT0028;46;3;16-04-0022;EXAMEN;1;1;21-11-2025
ABS004240;STU00876;MAT0035;46;3;17-05-0011;EXAMEN;0;4;21-11-2025
ABS004241;STU00876;MAT0009;46;3;17-03-0030;COURS;1;3;21-11-2025
ABS004242;STU00876;MAT0014;46;3;16-03-0009;EXAMEN;1;2;21-11-2025
ABS004243;STU00876;MAT0009;46;3;17-03-0018;EXAMEN;0;1;21-11-2025
ABS004244;STU00876;MAT0019;46;3;15-04-0033;COURS;0;3;21-11-2025
ABS004245;STU00876;MAT0008;46;3;17-03-0007;COURS;1;1;21-11-2025
ABS004246;STU00876;MAT0023;46;3;15-04-0016;TD;1;4;21-11-2025
ABS004247;STU00876;MAT0030;46;3;16-04-0018;TP;0;2;21-11-2025
ABS004248;STU00876;MAT0031;46;3;16-03-0009;COURS;1;3;21-11-2025
ABS004249;STU00877;MAT0011;45;3;16-05-0021;EXAMEN;1;4;21-11-2025
ABS004250;STU00878;MAT0014;46;3;17-03-0030;TP;0;3;21-11-2025
ABS004251;STU00878;MAT0032;46;3;17-05-0026;TP;1;3;21-11-2025
ABS004252;STU00878;MAT0027;46;3;16-05-0029;COURS;1;1;21-11-2025
ABS004253;STU00878;MAT0026;46;3;16-04-0023;COURS;1;2;21-11-2025
ABS004254;STU00878;MAT0010;46;3;17-03-0018;EXAMEN;1;2;21-11-2025
ABS004255;STU00878;MAT0015;46;3;15-04-0020;TD;1;3;21-11-2025
ABS004256;STU00878;MAT0003;46;3;17-05-0034;TD;0;2;21-11-2025
ABS004257;STU00878;MAT0015;46;3;16-03-0012;TP;0;1;21-11-2025
ABS004258;STU00879;MAT0008;45;3;15-04-0013;TP;1;2;21-11-2025
ABS004259;STU00879;MAT0030;45;3;15-04-0024;TP;1;4;21-11-2025
ABS004260;STU00879;MAT0030;45;3;16-04-0007;COURS;0;4;21-11-2025
ABS004261;STU00879;MAT0023;45;3;16-04-0034;EXAMEN;0;4;21-11-2025
ABS004262;STU00879;MAT0009;45;3;15-04-0029;TD;1;2;21-11-2025
ABS004263;STU00880;MAT0035;46;3;17-05-0027;TD;0;2;21-11-2025
ABS004264;STU00880;MAT0035;46;3;16-05-0020;TD;1;3;21-11-2025
ABS004265;STU00880;MAT0028;46;3;16-04-0011;TP;1;2;21-11-2025
ABS004266;STU00880;MAT0013;46;3;16-05-0013;COURS;1;3;21-11-2025
ABS004267;STU00880;MAT0028;46;3;16-05-0025;TD;1;1;21-11-2025
ABS004268;STU00880;MAT0026;46;3;16-04-0019;COURS;1;3;21-11-2025
ABS004269;STU00880;MAT0012;46;3;17-03-0010;TD;0;3;21-11-2025
ABS004270;STU00880;MAT0034;46;3;16-03-0017;TP;1;1;21-11-2025
ABS004271;STU00880;MAT0020;46;3;17-03-0023;EXAMEN;1;2;21-11-2025
ABS004272;STU00880;MAT0008;46;3;15-04-0012;COURS;1;2;21-11-2025
ABS004273;STU00881;MAT0020;45;3;17-05-0007;TD;1;3;21-11-2025
ABS004274;STU00883;MAT0024;45;3;16-04-0018;TP;0;2;21-11-2025
ABS004275;STU00883;MAT0013;45;3;15-04-0025;COURS;0;4;21-11-2025
ABS004276;STU00884;MAT0032;46;3;15-04-0025;TD;1;4;21-11-2025
ABS004277;STU00884;MAT0032;46;3;16-04-0023;EXAMEN;1;2;21-11-2025
ABS004278;STU00884;MAT0028;46;3;15-04-0032;COURS;0;3;21-11-2025
ABS004279;STU00884;MAT0017;46;3;17-03-0022;COURS;1;2;21-11-2025
ABS004280;STU00884;MAT0035;46;3;17-05-0007;TP;0;4;21-11-2025
ABS004281;STU00884;MAT0013;46;3;16-03-0013;COURS;1;4;21-11-2025
ABS004282;STU00884;MAT0024;46;3;16-04-0010;COURS;0;1;21-11-2025
ABS004283;STU00884;MAT0007;46;3;17-03-0014;TP;0;1;21-11-2025
ABS004284;STU00884;MAT0012;46;3;15-04-0016;TD;1;3;21-11-2025
ABS004285;STU00884;MAT0011;46;3;16-04-0026;COURS;0;1;21-11-2025
ABS004286;STU00884;MAT0034;46;3;17-03-0007;EXAMEN;0;4;21-11-2025
ABS004287;STU00884;MAT0030;46;3;15-04-0033;COURS;0;1;21-11-2025
ABS004288;STU00884;MAT0015;46;3;16-04-0022;COURS;1;4;21-11-2025
ABS004289;STU00884;MAT0015;46;3;15-04-0028;EXAMEN;1;1;21-11-2025
ABS004290;STU00885;MAT0013;45;3;17-03-0031;EXAMEN;0;3;21-11-2025
ABS004291;STU00885;MAT0012;45;3;16-03-0028;COURS;1;4;21-11-2025
ABS004292;STU00885;MAT0029;45;3;16-05-0025;TD;1;3;21-11-2025
ABS004293;STU00886;MAT0029;46;3;15-04-0028;TD;0;4;21-11-2025
ABS004294;STU00886;MAT0008;46;3;16-04-0007;COURS;1;3;21-11-2025
ABS004295;STU00886;MAT0007;46;3;17-05-0026;EXAMEN;1;2;21-11-2025
ABS004296;STU00886;MAT0012;46;3;16-05-0032;EXAMEN;0;4;21-11-2025
ABS004297;STU00886;MAT0027;46;3;16-05-0017;EXAMEN;1;1;21-11-2025
ABS004298;STU00887;MAT0013;45;3;17-05-0022;TP;1;4;21-11-2025
ABS004299;STU00887;MAT0014;45;3;16-05-0016;TD;1;4;21-11-2025
ABS004300;STU00889;MAT0026;45;3;17-03-0022;EXAMEN;1;3;21-11-2025
ABS004301;STU00889;MAT0017;45;3;17-05-0019;TP;1;4;21-11-2025
ABS004302;STU00889;MAT0017;45;3;16-04-0026;TP;1;1;21-11-2025
ABS004303;STU00889;MAT0016;45;3;16-04-0018;TP;1;3;21-11-2025
ABS004304;STU00889;MAT0003;45;3;16-04-0027;TD;0;3;21-11-2025
ABS004305;STU00889;MAT0032;45;3;16-03-0021;TD;1;1;21-11-2025
ABS004306;STU00889;MAT0018;45;3;17-05-0030;EXAMEN;0;2;21-11-2025
ABS004307;STU00889;MAT0017;45;3;17-05-0026;TP;1;2;21-11-2025
ABS004308;STU00889;MAT0023;45;3;15-04-0032;TP;1;1;21-11-2025
ABS004309;STU00889;;45;3;16-04-0023;TP;0;2;21-11-2025
ABS004310;STU00889;MAT0035;45;3;17-03-0030;TP;1;2;21-11-2025
ABS004311;STU00890;MAT0025;46;3;16-03-0020;TP;1;1;21-11-2025
ABS004312;STU00890;MAT0002;46;3;17-05-0015;EXAMEN;0;2;21-11-2025
ABS004313;STU00890;MAT0018;46;3;16-03-0032;COURS;1;4;21-11-2025
ABS004314;STU00890;MAT0017;46;3;16-03-0012;COURS;0;1;21-11-2025
ABS004315;STU00890;MAT0027;46;3;17-05-0011;TP;1;4;21-11-2025
ABS004316;STU00890;MAT0028;46;3;16-05-0025;TD;0;3;21-11-2025
ABS004317;STU00890;MAT0018;46;3;15-04-0021;EXAMEN;0;4;21-11-2025
ABS004318;STU00890;MAT0003;46;3;16-04-0030;TD;0;2;21-11-2025
ABS004319;STU00890;MAT0031;46;3;15-04-0013;TP;0;2;21-11-2025
ABS004320;STU00891;MAT0005;45;3;15-04-0033;COURS;1;1;21-11-2025
ABS004321;STU00891;MAT0032;45;3;17-03-0027;EXAMEN;0;1;21-11-2025
ABS004322;STU00893;MAT0031;45;3;16-05-0021;EXAMEN;0;2;21-11-2025
ABS004323;STU00895;MAT0024;45;3;15-04-0021;TP;1;4;21-11-2025
ABS004324;STU00895;MAT0014;45;3;16-05-0025;TP;0;3;21-11-2025
ABS004325;STU00895;MAT0012;45;3;17-05-0031;EXAMEN;0;4;21-11-2025
ABS004326;STU00895;MAT0026;45;3;17-03-0030;EXAMEN;0;4;21-11-2025
ABS004327;STU00896;MAT0035;46;3;17-05-0034;COURS;1;2;21-11-2025
ABS004328;STU00896;MAT0026;46;3;17-03-0030;COURS;1;1;21-11-2025
ABS004329;STU00896;MAT0032;46;3;16-03-0013;EXAMEN;0;3;21-11-2025
ABS004330;STU00896;MAT0014;46;3;17-05-0010;TD;1;4;21-11-2025
ABS004331;STU00896;MAT0033;46;3;16-03-0017;COURS;1;1;21-11-2025
ABS004332;STU00896;MAT0026;46;3;17-03-0027;TP;0;1;21-11-2025
ABS004333;STU00896;MAT0003;46;3;16-04-0015;EXAMEN;0;4;21-11-2025
ABS004334;STU00896;MAT0035;46;3;16-05-0013;TP;1;3;21-11-2025
ABS004335;STU00896;;46;3;16-05-0013;TD;0;3;21-11-2025
ABS004336;STU00897;;45;3;16-05-0016;TP;1;2;21-11-2025
ABS004337;STU00897;MAT0033;45;3;15-04-0012;COURS;1;2;21-11-2025
ABS004338;STU00897;MAT0029;45;3;17-03-0034;TD;1;4;21-11-2025
ABS004339;STU00897;MAT0006;45;3;16-04-0014;EXAMEN;1;3;21-11-2025
ABS004340;STU00897;MAT0033;45;3;17-05-0026;TP;1;3;21-11-2025
ABS004341;STU00898;MAT0014;46;3;16-05-0017;COURS;0;2;21-11-2025
ABS004342;STU00898;MAT0030;46;3;16-05-0008;TP;1;3;21-11-2025
ABS004343;STU00899;MAT0024;45;3;17-03-0030;TD;0;1;21-11-2025
ABS004344;STU00899;MAT0026;45;3;17-03-0026;EXAMEN;0;1;21-11-2025
ABS004345;STU00899;MAT0011;45;3;16-05-0033;TD;1;4;21-11-2025
ABS004346;STU00899;;45;3;16-04-0015;TD;0;1;21-11-2025
ABS004347;STU00899;MAT0004;45;3;16-04-0015;TD;1;2;21-11-2025
ABS004348;STU00899;MAT0008;45;3;17-03-0007;TD;1;3;21-11-2025
ABS004349;STU00899;MAT0021;45;3;16-03-0009;COURS;0;2;21-11-2025
ABS004350;STU00899;MAT0035;45;3;16-03-0009;TD;1;4;21-11-2025
ABS004351;STU00900;MAT0008;46;3;16-04-0023;COURS;1;1;21-11-2025
ABS004352;STU00900;MAT0034;46;3;15-04-0016;TP;1;2;21-11-2025
ABS004353;STU00900;MAT0029;46;3;17-05-0018;EXAMEN;1;2;21-11-2025
ABS004354;STU00901;MAT0022;51;3;17-03-0015;TP;0;1;21-11-2025
ABS004355;STU00901;MAT0006;51;3;16-04-0034;TD;1;2;21-11-2025
ABS004356;STU00902;MAT0009;52;3;16-04-0034;TP;1;1;21-11-2025
ABS004357;STU00903;MAT0030;51;3;16-04-0027;EXAMEN;1;1;21-11-2025
ABS004358;STU00903;MAT0003;51;3;15-04-0017;TD;0;1;21-11-2025
ABS004359;STU00903;MAT0022;51;3;16-05-0020;TP;0;4;21-11-2025
ABS004360;STU00903;MAT0022;51;3;16-04-0010;COURS;1;3;21-11-2025
ABS004361;STU00903;MAT0019;51;3;16-05-0024;COURS;1;3;21-11-2025
ABS004362;STU00905;MAT0022;51;3;17-03-0014;COURS;1;4;21-11-2025
ABS004363;STU00905;MAT0023;51;3;17-05-0018;TP;1;2;21-11-2025
ABS004364;STU00905;MAT0022;51;3;16-04-0034;COURS;1;2;21-11-2025
ABS004365;STU00905;MAT0029;51;3;17-05-0011;EXAMEN;1;3;21-11-2025
ABS004366;STU00905;MAT0029;51;3;16-04-0031;EXAMEN;1;3;21-11-2025
ABS004367;STU00906;MAT0008;52;3;15-04-0029;TD;0;4;21-11-2025
ABS004368;STU00907;MAT0016;51;3;16-05-0025;EXAMEN;1;1;21-11-2025
ABS004369;STU00907;MAT0004;51;3;17-03-0022;TP;1;3;21-11-2025
ABS004370;STU00907;MAT0020;51;3;16-05-0016;EXAMEN;1;3;21-11-2025
ABS004371;STU00907;MAT0007;51;3;17-05-0034;EXAMEN;1;2;21-11-2025
ABS004372;STU00907;MAT0022;51;3;16-05-0025;EXAMEN;1;4;21-11-2025
ABS004373;STU00907;MAT0022;51;3;17-03-0011;TP;1;3;21-11-2025
ABS004374;STU00907;MAT0029;51;3;16-03-0012;EXAMEN;1;1;21-11-2025
ABS004375;STU00907;MAT0008;51;3;15-04-0016;TD;1;2;21-11-2025
ABS004376;STU00907;MAT0031;51;3;16-04-0011;EXAMEN;1;1;21-11-2025
ABS004377;STU00907;MAT0024;51;3;15-04-0033;COURS;1;2;21-11-2025
ABS004378;STU00907;MAT0032;51;3;16-04-0010;COURS;0;3;21-11-2025
ABS004379;STU00907;MAT0016;51;3;15-04-0017;TP;1;3;21-11-2025
ABS004380;STU00908;MAT0028;52;3;17-03-0010;TD;0;4;21-11-2025
ABS004381;STU00908;MAT0027;52;3;17-05-0034;EXAMEN;1;3;21-11-2025
ABS004382;STU00908;MAT0006;52;3;16-03-0016;COURS;1;1;21-11-2025
ABS004383;STU00908;MAT0006;52;3;15-04-0013;EXAMEN;0;3;21-11-2025
ABS004384;STU00908;MAT0021;52;3;17-05-0022;TD;0;4;21-11-2025
ABS004385;STU00908;MAT0015;52;3;17-05-0014;EXAMEN;1;1;21-11-2025
ABS004386;STU00910;MAT0034;52;3;17-03-0023;TP;1;1;21-11-2025
ABS004387;STU00911;MAT0006;51;3;16-05-0013;COURS;0;2;21-11-2025
ABS004388;STU00911;MAT0011;51;3;16-03-0008;EXAMEN;0;1;21-11-2025
ABS004389;STU00911;MAT0013;51;3;16-05-0029;TD;1;4;21-11-2025
ABS004390;STU00911;MAT0003;51;3;17-03-0022;TD;1;2;21-11-2025
ABS004391;STU00911;MAT0029;51;3;16-05-0024;TD;1;1;21-11-2025
ABS004392;STU00912;MAT0029;52;3;15-04-0016;COURS;1;4;21-11-2025
ABS004393;STU00912;MAT0026;52;3;15-04-0020;TD;1;3;21-11-2025
ABS004394;STU00913;MAT0015;51;3;16-03-0024;TP;1;1;21-11-2025
ABS004395;STU00913;MAT0012;51;3;16-03-0016;EXAMEN;1;4;21-11-2025
ABS004396;STU00914;MAT0002;52;3;16-04-0015;TP;1;2;21-11-2025
ABS004397;STU00915;MAT0028;51;3;16-05-0033;EXAMEN;0;3;21-11-2025
ABS004398;STU00916;MAT0020;52;3;15-04-0021;TP;1;2;21-11-2025
ABS004399;STU00916;MAT0034;52;3;16-04-0019;EXAMEN;1;3;21-11-2025
ABS004400;STU00917;MAT0022;51;3;16-03-0032;TD;0;3;21-11-2025
ABS004401;STU00917;MAT0028;51;3;15-04-0032;EXAMEN;0;2;21-11-2025
ABS004402;STU00917;MAT0018;51;3;17-03-0026;COURS;1;4;21-11-2025
ABS004403;STU00917;;51;3;17-05-0031;EXAMEN;0;4;21-11-2025
ABS004404;STU00917;MAT0034;51;3;15-04-0020;COURS;1;1;21-11-2025
ABS004405;STU00917;MAT0012;51;3;16-05-0024;TD;1;2;21-11-2025
ABS004406;STU00917;MAT0009;51;3;16-03-0028;TP;1;4;21-11-2025
ABS004407;STU00918;MAT0014;52;3;16-03-0021;TD;1;3;21-11-2025
ABS004408;STU00918;MAT0005;52;3;17-03-0019;TD;1;4;21-11-2025
ABS004409;STU00918;MAT0034;52;3;15-04-0029;TP;1;2;21-11-2025
ABS004410;STU00918;MAT0022;52;3;17-03-0015;TP;1;3;21-11-2025
ABS004411;STU00918;MAT0029;52;3;17-05-0031;EXAMEN;1;3;21-11-2025
ABS004412;STU00918;MAT0025;52;3;16-04-0023;COURS;0;3;21-11-2025
ABS004413;STU00918;MAT0009;52;3;15-04-0009;EXAMEN;1;4;21-11-2025
ABS004414;STU00918;MAT0017;52;3;16-05-0020;TP;1;3;21-11-2025
ABS004415;STU00919;MAT0003;51;3;16-03-0021;TP;1;3;21-11-2025
ABS004416;STU00919;MAT0013;51;3;16-04-0018;TP;1;2;21-11-2025
ABS004417;STU00919;MAT0019;51;3;16-03-0008;TD;0;4;21-11-2025
ABS004418;STU00919;MAT0030;51;3;16-04-0015;COURS;1;2;21-11-2025
ABS004419;STU00920;MAT0006;52;3;17-03-0027;TP;1;1;21-11-2025
ABS004420;STU00920;MAT0024;52;3;15-04-0020;COURS;0;3;21-11-2025
ABS004421;STU00920;MAT0004;52;3;16-05-0017;COURS;1;2;21-11-2025
ABS004422;STU00920;MAT0012;52;3;16-03-0033;EXAMEN;1;4;21-11-2025
ABS004423;STU00920;MAT0012;52;3;16-05-0013;EXAMEN;1;1;21-11-2025
ABS004424;STU00920;MAT0014;52;3;16-04-0011;TD;1;1;21-11-2025
ABS004425;STU00920;MAT0033;52;3;15-04-0008;COURS;1;4;21-11-2025
ABS004426;STU00920;MAT0024;52;3;16-03-0008;TD;0;1;21-11-2025
ABS004427;STU00920;MAT0023;52;3;17-05-0015;EXAMEN;1;3;21-11-2025
ABS004428;STU00920;MAT0027;52;3;16-05-0033;TP;1;1;21-11-2025
ABS004429;STU00920;MAT0009;52;3;16-04-0034;EXAMEN;0;2;21-11-2025
ABS004430;STU00920;MAT0028;52;3;16-04-0026;COURS;1;3;21-11-2025
ABS004431;STU00920;MAT0033;52;3;16-03-0017;TD;0;1;21-11-2025
ABS004432;STU00921;MAT0003;51;3;17-03-0014;EXAMEN;0;2;21-11-2025
ABS004433;STU00921;MAT0026;51;3;17-03-0010;EXAMEN;0;2;21-11-2025
ABS004434;STU00921;MAT0019;51;3;16-04-0010;EXAMEN;0;2;21-11-2025
ABS004435;STU00921;MAT0016;51;3;16-03-0016;COURS;1;4;21-11-2025
ABS004436;STU00921;MAT0006;51;3;16-04-0014;TD;1;4;21-11-2025
ABS004437;STU00923;MAT0033;51;3;15-04-0017;COURS;1;2;21-11-2025
ABS004438;STU00923;MAT0021;51;3;15-04-0021;TP;0;4;21-11-2025
ABS004439;STU00923;MAT0004;51;3;16-04-0011;TD;1;4;21-11-2025
ABS004440;STU00923;MAT0010;51;3;16-05-0008;EXAMEN;1;1;21-11-2025
ABS004441;STU00923;MAT0023;51;3;17-03-0007;EXAMEN;1;1;21-11-2025
ABS004442;STU00923;;51;3;15-04-0025;TP;1;1;21-11-2025
ABS004443;STU00925;MAT0013;51;3;16-04-0034;TD;1;3;21-11-2025
ABS004444;STU00925;MAT0015;51;3;16-03-0025;TD;0;3;21-11-2025
ABS004445;STU00925;MAT0019;51;3;16-04-0023;TP;1;4;21-11-2025
ABS004446;STU00925;MAT0004;51;3;16-04-0022;EXAMEN;1;2;21-11-2025
ABS004447;STU00925;MAT0007;51;3;17-03-0034;TD;0;3;21-11-2025
ABS004448;STU00925;MAT0017;51;3;17-03-0019;EXAMEN;1;3;21-11-2025
ABS004449;STU00926;MAT0002;52;3;16-03-0025;TD;1;3;21-11-2025
ABS004450;STU00926;MAT0005;52;3;17-03-0034;TP;1;1;21-11-2025
ABS004451;STU00927;MAT0019;51;3;16-03-0013;EXAMEN;1;2;21-11-2025
ABS004452;STU00927;MAT0013;51;3;16-03-0020;TD;0;4;21-11-2025
ABS004453;STU00927;MAT0024;51;3;17-05-0031;TP;0;1;21-11-2025
ABS004454;STU00927;MAT0035;51;3;16-03-0025;TP;0;3;21-11-2025
ABS004455;STU00927;MAT0029;51;3;16-03-0021;COURS;1;2;21-11-2025
ABS004456;STU00927;MAT0030;51;3;16-03-0032;COURS;1;3;21-11-2025
ABS004457;STU00927;MAT0008;51;3;15-04-0008;TD;0;2;21-11-2025
ABS004458;STU00929;MAT0031;51;3;17-05-0030;COURS;1;3;21-11-2025
ABS004459;STU00929;MAT0007;51;3;16-04-0023;EXAMEN;1;4;21-11-2025
ABS004460;STU00930;MAT0016;52;3;16-04-0030;TD;0;1;21-11-2025
ABS004461;STU00930;MAT0023;52;3;16-03-0028;TP;1;1;21-11-2025
ABS004462;STU00930;MAT0013;52;3;16-04-0026;TD;1;1;21-11-2025
ABS004463;STU00931;MAT0032;51;3;16-04-0027;COURS;1;3;21-11-2025
ABS004464;STU00931;MAT0003;51;3;16-05-0016;EXAMEN;1;3;21-11-2025
ABS004465;STU00931;MAT0010;51;3;15-04-0033;TP;1;3;21-11-2025
ABS004466;STU00931;MAT0032;51;3;16-04-0007;EXAMEN;1;1;21-11-2025
ABS004467;STU00931;MAT0026;51;3;17-05-0015;TD;1;4;21-11-2025
ABS004468;STU00931;MAT0021;51;3;17-05-0027;EXAMEN;0;2;21-11-2025
ABS004469;STU00933;MAT0005;51;3;17-05-0019;COURS;1;1;21-11-2025
ABS004470;STU00933;MAT0002;51;3;17-05-0010;TD;1;1;21-11-2025
ABS004471;STU00934;MAT0005;52;3;17-05-0007;EXAMEN;0;2;21-11-2025
ABS004472;STU00934;MAT0026;52;3;17-03-0022;TD;1;3;21-11-2025
ABS004473;STU00934;MAT0034;52;3;16-05-0028;EXAMEN;1;4;21-11-2025
ABS004474;STU00934;MAT0004;52;3;15-04-0032;COURS;0;4;21-11-2025
ABS004475;STU00934;MAT0025;52;3;16-03-0029;TD;1;1;21-11-2025
ABS004476;STU00935;MAT0026;51;3;16-04-0027;TP;1;4;21-11-2025
ABS004477;STU00935;MAT0021;51;3;15-04-0013;TP;1;1;21-11-2025
ABS004478;STU00935;MAT0011;51;3;16-05-0033;TD;0;1;21-11-2025
ABS004479;STU00935;MAT0026;51;3;17-03-0018;TD;1;4;21-11-2025
ABS004480;STU00935;MAT0034;51;3;16-04-0030;TD;1;1;21-11-2025
ABS004481;STU00935;MAT0007;51;3;16-04-0018;EXAMEN;1;3;21-11-2025
ABS004482;STU00935;MAT0027;51;3;17-05-0023;EXAMEN;0;1;21-11-2025
ABS004483;STU00935;MAT0008;51;3;17-05-0011;EXAMEN;1;3;21-11-2025
ABS004484;STU00935;MAT0019;51;3;16-05-0021;EXAMEN;1;2;21-11-2025
ABS004485;STU00935;MAT0022;51;3;16-04-0034;TP;0;2;21-11-2025
ABS004486;STU00935;MAT0031;51;3;16-04-0019;COURS;0;2;21-11-2025
ABS004487;STU00935;MAT0006;51;3;16-03-0033;TD;0;4;21-11-2025
ABS004488;STU00935;MAT0008;51;3;15-04-0020;TD;1;4;21-11-2025
ABS004489;STU00936;MAT0013;52;3;16-05-0020;TD;1;1;21-11-2025
ABS004490;STU00936;MAT0005;52;3;17-03-0027;TD;1;4;21-11-2025
ABS004491;STU00936;MAT0003;52;3;16-05-0013;TP;1;2;21-11-2025
ABS004492;STU00936;MAT0031;52;3;16-05-0032;TP;0;3;21-11-2025
ABS004493;STU00936;MAT0028;52;3;15-04-0012;TD;0;3;21-11-2025
ABS004494;STU00936;MAT0017;52;3;17-05-0022;EXAMEN;1;1;21-11-2025
ABS004495;STU00936;MAT0011;52;3;16-03-0024;EXAMEN;1;2;21-11-2025
ABS004496;STU00936;MAT0024;52;3;16-04-0030;COURS;1;2;21-11-2025
ABS004497;STU00936;MAT0015;52;3;17-03-0011;COURS;1;4;21-11-2025
ABS004498;STU00937;MAT0018;51;3;16-03-0025;EXAMEN;1;1;21-11-2025
ABS004499;STU00937;MAT0031;51;3;15-04-0017;EXAMEN;1;1;21-11-2025
ABS004500;STU00937;MAT0014;51;3;15-04-0016;COURS;1;3;21-11-2025
ABS004501;STU00939;MAT0022;51;3;16-03-0009;EXAMEN;1;2;21-11-2025
ABS004502;STU00939;MAT0004;51;3;15-04-0012;TP;1;2;21-11-2025
ABS004503;STU00940;MAT0023;52;3;16-04-0027;EXAMEN;0;3;21-11-2025
ABS004504;STU00941;MAT0025;51;3;15-04-0024;EXAMEN;1;3;21-11-2025
ABS004505;STU00941;MAT0026;51;3;16-04-0007;TP;0;3;21-11-2025
ABS004506;STU00941;MAT0007;51;3;15-04-0032;COURS;1;1;21-11-2025
ABS004507;STU00941;MAT0010;51;3;16-03-0016;EXAMEN;1;4;21-11-2025
ABS004508;STU00941;MAT0013;51;3;16-04-0026;TP;0;2;21-11-2025
ABS004509;STU00941;MAT0007;51;3;17-03-0007;COURS;1;4;21-11-2025
ABS004510;STU00941;MAT0008;51;3;17-05-0026;TD;1;2;21-11-2025
ABS004511;STU00941;MAT0021;51;3;15-04-0021;TD;1;1;21-11-2025
ABS004512;STU00941;MAT0021;51;3;16-03-0009;EXAMEN;0;2;21-11-2025
ABS004513;STU00942;MAT0027;52;3;16-05-0009;TP;1;2;21-11-2025
ABS004514;STU00942;MAT0020;52;3;15-04-0012;TP;1;3;21-11-2025
ABS004515;STU00942;;52;3;15-04-0012;TD;1;2;21-11-2025
ABS004516;STU00943;MAT0011;51;3;16-05-0029;TD;1;3;21-11-2025
ABS004517;STU00943;MAT0006;51;3;17-03-0022;EXAMEN;0;3;21-11-2025
ABS004518;STU00943;MAT0025;51;3;17-03-0015;EXAMEN;1;3;21-11-2025
ABS004519;STU00943;MAT0004;51;3;16-04-0022;COURS;1;2;21-11-2025
ABS004520;STU00943;MAT0005;51;3;17-05-0023;COURS;1;3;21-11-2025
ABS004521;STU00943;MAT0013;51;3;17-03-0019;TP;0;3;21-11-2025
ABS004522;STU00944;MAT0011;52;3;17-03-0007;TD;0;1;21-11-2025
ABS004523;STU00944;MAT0026;52;3;15-04-0017;COURS;1;1;21-11-2025
ABS004524;STU00945;MAT0006;51;3;16-05-0033;TP;0;2;21-11-2025
ABS004525;STU00945;MAT0013;51;3;16-03-0028;EXAMEN;1;1;21-11-2025
ABS004526;STU00945;MAT0022;51;3;17-03-0023;COURS;0;4;21-11-2025
ABS004527;STU00945;MAT0021;51;3;17-05-0031;COURS;1;1;21-11-2025
ABS004528;STU00945;MAT0031;51;3;17-05-0018;TD;1;3;21-11-2025
ABS004529;STU00946;MAT0011;52;3;16-05-0012;COURS;1;1;21-11-2025
ABS004530;STU00946;MAT0007;52;3;16-05-0028;TP;0;3;21-11-2025
ABS004531;STU00946;MAT0019;52;3;17-05-0010;COURS;0;1;21-11-2025
ABS004532;STU00946;MAT0033;52;3;16-03-0033;TP;1;4;21-11-2025
ABS004533;STU00946;MAT0013;52;3;16-05-0025;COURS;0;2;21-11-2025
ABS004534;STU00946;MAT0010;52;3;15-04-0017;COURS;1;2;21-11-2025
ABS004535;STU00946;MAT0007;52;3;17-05-0007;EXAMEN;0;1;21-11-2025
ABS004536;STU00946;MAT0033;52;3;16-03-0008;TP;1;4;21-11-2025
ABS004537;STU00946;MAT0033;52;3;17-05-0023;EXAMEN;1;3;21-11-2025
ABS004538;STU00946;MAT0035;52;3;16-05-0009;TD;1;1;21-11-2025
ABS004539;STU00946;MAT0025;52;3;16-03-0028;EXAMEN;1;3;21-11-2025
ABS004540;STU00946;MAT0027;52;3;17-05-0010;TP;1;1;21-11-2025
ABS004541;STU00948;MAT0007;52;3;17-05-0007;COURS;0;3;21-11-2025
ABS004542;STU00948;MAT0007;52;3;16-03-0013;TP;1;2;21-11-2025
ABS004543;STU00949;;51;3;17-05-0015;TD;0;3;21-11-2025
ABS004544;STU00949;MAT0026;51;3;15-04-0012;EXAMEN;1;2;21-11-2025
ABS004545;STU00949;MAT0009;51;3;17-03-0007;TP;0;3;21-11-2025
ABS004546;STU00949;MAT0035;51;3;17-03-0014;EXAMEN;1;1;21-11-2025
ABS004547;STU00950;MAT0009;52;3;16-04-0031;TD;1;4;21-11-2025
ABS004548;STU00950;MAT0028;52;3;16-05-0029;EXAMEN;1;3;21-11-2025
ABS004549;STU00950;MAT0032;52;3;16-03-0024;EXAMEN;1;1;21-11-2025
ABS004550;STU00951;MAT0019;51;3;16-03-0032;COURS;0;2;21-11-2025
ABS004551;STU00951;MAT0024;51;3;16-05-0008;COURS;0;4;21-11-2025
ABS004552;STU00951;MAT0030;51;3;16-03-0016;TD;0;2;21-11-2025
ABS004553;STU00951;MAT0019;51;3;16-04-0018;COURS;1;2;21-11-2025
ABS004554;STU00951;MAT0032;51;3;16-05-0012;EXAMEN;1;2;21-11-2025
ABS004555;STU00951;MAT0021;51;3;16-05-0024;TD;0;1;21-11-2025
ABS004556;STU00951;MAT0033;51;3;16-05-0012;TD;1;2;21-11-2025
ABS004557;STU00951;MAT0011;51;3;17-05-0027;EXAMEN;1;4;21-11-2025
ABS004558;STU00951;MAT0031;51;3;17-05-0007;COURS;0;2;21-11-2025
ABS004559;STU00951;MAT0015;51;3;15-04-0021;COURS;1;3;21-11-2025
ABS004560;STU00951;MAT0005;51;3;17-05-0014;COURS;1;2;21-11-2025
ABS004561;STU00951;MAT0013;51;3;16-05-0009;TP;0;4;21-11-2025
ABS004562;STU00951;MAT0023;51;3;16-05-0008;COURS;1;1;21-11-2025
ABS004563;STU00952;MAT0020;52;3;17-05-0031;TP;1;4;21-11-2025
ABS004564;STU00952;MAT0023;52;3;16-03-0032;EXAMEN;1;4;21-11-2025
ABS004565;STU00952;MAT0009;52;3;16-05-0020;COURS;0;1;21-11-2025
ABS004566;STU00952;MAT0023;52;3;15-04-0025;COURS;1;3;21-11-2025
ABS004567;STU00952;MAT0023;52;3;17-05-0015;TP;1;2;21-11-2025
ABS004568;STU00952;MAT0022;52;3;15-04-0025;TP;0;2;21-11-2025
ABS004569;STU00952;MAT0021;52;3;16-05-0008;COURS;1;1;21-11-2025
ABS004570;STU00953;MAT0007;51;3;17-03-0030;COURS;1;4;21-11-2025
ABS004571;STU00953;MAT0007;51;3;15-04-0017;TD;1;4;21-11-2025
ABS004572;STU00953;MAT0023;51;3;17-03-0019;COURS;1;3;21-11-2025
ABS004573;STU00953;MAT0017;51;3;17-05-0007;COURS;1;4;21-11-2025
ABS004574;STU00953;MAT0016;51;3;17-03-0011;TP;0;4;21-11-2025
ABS004575;STU00954;MAT0013;52;3;16-03-0029;TD;0;1;21-11-2025
ABS004576;STU00955;MAT0034;51;3;15-04-0009;TD;1;3;21-11-2025
ABS004577;STU00955;MAT0021;51;3;16-05-0021;TD;1;1;21-11-2025
ABS004578;STU00955;MAT0029;51;3;16-03-0012;TP;1;4;21-11-2025
ABS004579;STU00955;MAT0032;51;3;17-03-0031;TD;0;3;21-11-2025
ABS004580;STU00955;MAT0014;51;3;16-05-0033;TD;1;1;21-11-2025
ABS004581;STU00955;MAT0033;51;3;16-03-0024;EXAMEN;0;2;21-11-2025
ABS004582;STU00955;MAT0028;51;3;16-03-0033;TP;1;3;21-11-2025
ABS004583;STU00955;MAT0002;51;3;16-05-0033;COURS;0;1;21-11-2025
ABS004584;STU00955;MAT0002;51;3;16-05-0032;TD;1;3;21-11-2025
ABS004585;STU00956;MAT0003;52;3;16-05-0008;TD;0;2;21-11-2025
ABS004586;STU00956;MAT0017;52;3;15-04-0009;COURS;1;4;21-11-2025
ABS004587;STU00956;MAT0034;52;3;17-03-0011;TP;1;1;21-11-2025
ABS004588;STU00957;MAT0013;51;3;16-04-0027;TD;1;3;21-11-2025
ABS004589;STU00957;MAT0031;51;3;17-05-0026;COURS;0;2;21-11-2025
ABS004590;STU00958;MAT0017;52;3;17-05-0022;TD;1;3;21-11-2025
ABS004591;STU00958;MAT0007;52;3;16-04-0011;COURS;1;1;21-11-2025
ABS004592;STU00958;MAT0002;52;3;16-03-0032;TP;1;1;21-11-2025
ABS004593;STU00958;MAT0019;52;3;17-03-0007;COURS;0;2;21-11-2025
ABS004594;STU00958;MAT0022;52;3;16-04-0018;EXAMEN;1;2;21-11-2025
ABS004595;STU00959;MAT0009;51;3;16-03-0028;TD;1;3;21-11-2025
ABS004596;STU00959;MAT0030;51;3;16-04-0031;TD;1;4;21-11-2025
ABS004597;STU00959;MAT0005;51;3;15-04-0032;EXAMEN;1;4;21-11-2025
ABS004598;STU00959;MAT0031;51;3;15-04-0020;EXAMEN;1;1;21-11-2025
ABS004599;STU00959;MAT0031;51;3;17-03-0023;EXAMEN;1;2;21-11-2025
ABS004600;STU00959;MAT0035;51;3;17-03-0026;COURS;1;2;21-11-2025
ABS004601;STU00959;MAT0011;51;3;16-05-0021;COURS;0;4;21-11-2025
ABS004602;STU00959;MAT0018;51;3;16-03-0008;TP;0;3;21-11-2025
ABS004603;STU00959;MAT0033;51;3;15-04-0017;EXAMEN;1;1;21-11-2025
ABS004604;STU00959;MAT0030;51;3;17-05-0030;TD;0;1;21-11-2025
ABS004605;STU00959;MAT0026;51;3;15-04-0025;TP;1;1;21-11-2025
ABS004606;STU00959;MAT0007;51;3;17-03-0027;TP;1;3;21-11-2025
ABS004607;STU00959;MAT0013;51;3;16-05-0017;COURS;1;3;21-11-2025
ABS004608;STU00959;MAT0026;51;3;16-03-0028;TD;0;3;21-11-2025
ABS004609;STU00959;MAT0013;51;3;16-04-0026;TD;1;4;21-11-2025
ABS004610;STU00960;MAT0027;52;3;16-04-0007;TD;1;4;21-11-2025
ABS004611;STU00960;MAT0009;52;3;16-04-0007;COURS;1;1;21-11-2025
ABS004612;STU00960;MAT0030;52;3;15-04-0013;TP;0;3;21-11-2025
ABS004613;STU00960;MAT0023;52;3;15-04-0028;TP;1;3;21-11-2025
ABS004614;STU00960;MAT0003;52;3;15-04-0016;EXAMEN;1;4;21-11-2025
ABS004615;STU00960;MAT0033;52;3;15-04-0021;TD;1;2;21-11-2025
ABS004616;STU00960;MAT0003;52;3;17-03-0031;COURS;1;2;21-11-2025
ABS004617;STU00960;;52;3;16-05-0028;TP;0;3;21-11-2025
ABS004618;STU00960;MAT0005;52;3;16-04-0031;COURS;1;3;21-11-2025
ABS004619;STU00960;MAT0029;52;3;16-04-0010;TP;1;1;21-11-2025
ABS004620;STU00960;MAT0002;52;3;16-04-0010;TP;1;4;21-11-2025
ABS004621;STU00960;MAT0034;52;3;15-04-0009;EXAMEN;0;3;21-11-2025
ABS004622;STU00960;MAT0009;52;3;16-03-0020;TP;0;4;21-11-2025
ABS004623;STU00961;MAT0027;23;3;16-05-0024;EXAMEN;0;1;21-11-2025
ABS004624;STU00961;MAT0030;23;3;17-03-0023;EXAMEN;1;2;21-11-2025
ABS004625;STU00961;MAT0021;23;3;16-03-0012;EXAMEN;1;3;21-11-2025
ABS004626;STU00961;MAT0015;23;3;16-05-0016;COURS;1;2;21-11-2025
ABS004627;STU00961;MAT0025;23;3;15-04-0033;EXAMEN;1;4;21-11-2025
ABS004628;STU00961;MAT0004;23;3;17-05-0015;TD;1;1;21-11-2025
ABS004629;STU00961;MAT0015;23;3;15-04-0032;COURS;1;4;21-11-2025
ABS004630;STU00961;MAT0033;23;3;17-05-0026;TD;0;2;21-11-2025
ABS004631;STU00961;MAT0002;23;3;15-04-0021;TP;1;1;21-11-2025
ABS004632;STU00961;MAT0013;23;3;16-03-0028;COURS;0;4;21-11-2025
ABS004633;STU00961;MAT0009;23;3;16-04-0014;TD;0;3;21-11-2025
ABS004634;STU00961;MAT0025;23;3;15-04-0029;TP;0;1;21-11-2025
ABS004635;STU00962;MAT0031;24;3;16-05-0009;COURS;0;3;21-11-2025
ABS004636;STU00962;MAT0030;24;3;17-03-0031;TP;0;2;21-11-2025
ABS004637;STU00962;MAT0031;24;3;16-04-0019;TP;0;3;21-11-2025
ABS004638;STU00962;MAT0009;24;3;17-03-0019;TP;0;2;21-11-2025
ABS004639;STU00962;MAT0005;24;3;17-03-0010;TP;0;1;21-11-2025
ABS004640;STU00962;MAT0002;24;3;16-03-0025;TD;0;1;21-11-2025
ABS004641;STU00962;MAT0016;24;3;16-04-0010;EXAMEN;1;2;21-11-2025
ABS004642;STU00962;MAT0003;24;3;16-03-0032;TP;1;2;21-11-2025
ABS004643;STU00962;MAT0020;24;3;16-03-0028;TP;0;4;21-11-2025
ABS004644;STU00962;MAT0016;24;3;16-04-0027;TP;1;3;21-11-2025
ABS004645;STU00962;MAT0021;24;3;17-05-0011;EXAMEN;0;4;21-11-2025
ABS004646;STU00962;MAT0021;24;3;16-03-0028;TP;0;2;21-11-2025
ABS004647;STU00962;MAT0006;24;3;15-04-0032;TP;1;3;21-11-2025
ABS004648;STU00963;MAT0026;23;3;17-05-0011;TD;1;3;21-11-2025
ABS004649;STU00963;MAT0007;23;3;16-03-0024;TP;1;3;21-11-2025
ABS004650;STU00963;MAT0013;23;3;16-03-0012;TD;0;3;21-11-2025
ABS004651;STU00963;MAT0023;23;3;17-05-0014;COURS;1;3;21-11-2025
ABS004652;STU00963;MAT0033;23;3;16-05-0012;COURS;0;4;21-11-2025
ABS004653;STU00964;MAT0006;24;3;17-05-0023;EXAMEN;1;3;21-11-2025
ABS004654;STU00964;MAT0019;24;3;15-04-0032;TD;1;3;21-11-2025
ABS004655;STU00965;MAT0019;23;3;16-04-0015;TP;1;3;21-11-2025
ABS004656;STU00965;MAT0003;23;3;17-05-0014;TP;1;1;21-11-2025
ABS004657;STU00965;;23;3;16-03-0020;EXAMEN;1;2;21-11-2025
ABS004658;STU00965;MAT0035;23;3;15-04-0016;EXAMEN;0;4;21-11-2025
ABS004659;STU00965;MAT0024;23;3;15-04-0032;TD;1;2;21-11-2025
ABS004660;STU00965;MAT0019;23;3;17-05-0018;EXAMEN;0;1;21-11-2025
ABS004661;STU00966;MAT0030;24;3;16-04-0007;TD;1;3;21-11-2025
ABS004662;STU00966;MAT0013;24;3;16-04-0030;EXAMEN;0;4;21-11-2025
ABS004663;STU00966;MAT0015;24;3;16-03-0025;TD;1;3;21-11-2025
ABS004664;STU00966;MAT0029;24;3;16-04-0007;TD;1;2;21-11-2025
ABS004665;STU00966;MAT0007;24;3;15-04-0028;EXAMEN;0;1;21-11-2025
ABS004666;STU00966;MAT0004;24;3;17-05-0019;TD;0;1;21-11-2025
ABS004667;STU00966;MAT0015;24;3;16-05-0033;TP;0;3;21-11-2025
ABS004668;STU00966;MAT0030;24;3;16-04-0011;TP;0;2;21-11-2025
ABS004669;STU00967;MAT0027;23;3;17-05-0015;TP;0;3;21-11-2025
ABS004670;STU00968;MAT0023;24;3;17-05-0026;EXAMEN;1;1;21-11-2025
ABS004671;STU00969;MAT0032;23;3;17-05-0010;TP;1;2;21-11-2025
ABS004672;STU00969;MAT0007;23;3;16-04-0030;TD;0;2;21-11-2025
ABS004673;STU00969;MAT0002;23;3;17-05-0015;TD;0;2;21-11-2025
ABS004674;STU00969;MAT0009;23;3;16-04-0034;EXAMEN;1;4;21-11-2025
ABS004675;STU00969;MAT0018;23;3;15-04-0033;COURS;1;3;21-11-2025
ABS004676;STU00969;MAT0025;23;3;17-03-0015;TP;1;1;21-11-2025
ABS004677;STU00969;MAT0025;23;3;16-03-0012;TD;1;1;21-11-2025
ABS004678;STU00969;;23;3;17-03-0018;TD;1;2;21-11-2025
ABS004679;STU00969;MAT0011;23;3;16-05-0029;COURS;1;3;21-11-2025
ABS004680;STU00969;MAT0022;23;3;17-05-0027;TP;0;2;21-11-2025
ABS004681;STU00969;MAT0027;23;3;16-04-0031;EXAMEN;1;3;21-11-2025
ABS004682;STU00970;MAT0017;24;3;15-04-0029;TD;1;2;21-11-2025
ABS004683;STU00970;MAT0013;24;3;16-05-0021;TD;1;2;21-11-2025
ABS004684;STU00970;MAT0012;24;3;16-05-0020;COURS;1;3;21-11-2025
ABS004685;STU00970;;24;3;16-03-0008;TD;1;4;21-11-2025
ABS004686;STU00970;MAT0011;24;3;16-04-0031;COURS;0;3;21-11-2025
ABS004687;STU00970;MAT0025;24;3;17-05-0023;EXAMEN;1;3;21-11-2025
ABS004688;STU00970;MAT0032;24;3;17-03-0034;COURS;1;3;21-11-2025
ABS004689;STU00970;MAT0008;24;3;16-04-0014;COURS;1;1;21-11-2025
ABS004690;STU00970;MAT0013;24;3;16-05-0025;COURS;1;2;21-11-2025
ABS004691;STU00970;MAT0024;24;3;16-03-0028;COURS;1;2;21-11-2025
ABS004692;STU00970;MAT0029;24;3;16-03-0021;TD;0;2;21-11-2025
ABS004693;STU00971;MAT0020;23;3;17-03-0030;TP;0;2;21-11-2025
ABS004694;STU00972;MAT0002;24;3;17-05-0027;TD;1;1;21-11-2025
ABS004695;STU00972;MAT0004;24;3;17-03-0026;EXAMEN;0;1;21-11-2025
ABS004696;STU00972;MAT0031;24;3;17-05-0027;COURS;1;1;21-11-2025
ABS004697;STU00972;MAT0018;24;3;16-05-0025;TP;0;3;21-11-2025
ABS004698;STU00972;MAT0003;24;3;16-05-0020;TD;0;1;21-11-2025
ABS004699;STU00973;MAT0030;23;3;17-05-0030;TP;0;3;21-11-2025
ABS004700;STU00973;MAT0002;23;3;15-04-0032;TD;0;1;21-11-2025
ABS004701;STU00974;MAT0028;24;3;16-03-0032;COURS;1;3;21-11-2025
ABS004702;STU00974;MAT0022;24;3;16-03-0021;COURS;0;3;21-11-2025
ABS004703;STU00975;MAT0029;23;3;16-03-0008;EXAMEN;1;3;21-11-2025
ABS004704;STU00975;MAT0032;23;3;16-05-0029;TP;0;3;21-11-2025
ABS004705;STU00975;MAT0022;23;3;16-03-0025;COURS;0;1;21-11-2025
ABS004706;STU00975;MAT0029;23;3;16-04-0026;TD;1;4;21-11-2025
ABS004707;STU00975;MAT0019;23;3;16-04-0026;EXAMEN;0;2;21-11-2025
ABS004708;STU00975;MAT0022;23;3;16-05-0020;COURS;1;1;21-11-2025
ABS004709;STU00975;MAT0009;23;3;16-04-0031;COURS;0;2;21-11-2025
ABS004710;STU00975;MAT0018;23;3;16-05-0024;TP;1;3;21-11-2025
ABS004711;STU00975;MAT0007;23;3;16-04-0011;EXAMEN;1;3;21-11-2025
ABS004712;STU00975;MAT0019;23;3;16-05-0013;TD;1;3;21-11-2025
ABS004713;STU00975;MAT0025;23;3;16-03-0020;EXAMEN;0;1;21-11-2025
ABS004714;STU00976;MAT0027;24;3;16-05-0029;TP;1;4;21-11-2025
ABS004715;STU00976;MAT0005;24;3;16-04-0026;COURS;0;4;21-11-2025
ABS004716;STU00977;MAT0033;23;3;15-04-0009;EXAMEN;1;4;21-11-2025
ABS004717;STU00977;MAT0021;23;3;17-05-0026;TD;1;1;21-11-2025
ABS004718;STU00977;MAT0018;23;3;16-03-0012;TD;1;1;21-11-2025
ABS004719;STU00977;MAT0018;23;3;16-04-0030;TP;1;2;21-11-2025
ABS004720;STU00977;MAT0029;23;3;16-04-0014;COURS;0;1;21-11-2025
ABS004721;STU00977;MAT0031;23;3;15-04-0008;TD;1;1;21-11-2025
ABS004722;STU00978;MAT0012;24;3;15-04-0032;EXAMEN;1;2;21-11-2025
ABS004723;STU00981;MAT0010;23;3;16-04-0010;TP;1;4;21-11-2025
ABS004724;STU00981;MAT0010;23;3;16-03-0009;TD;0;3;21-11-2025
ABS004725;STU00981;MAT0033;23;3;15-04-0028;TP;1;1;21-11-2025
ABS004726;STU00981;MAT0010;23;3;16-04-0014;TP;0;4;21-11-2025
ABS004727;STU00981;;23;3;16-04-0007;COURS;1;3;21-11-2025
ABS004728;STU00983;MAT0013;23;3;17-03-0007;TP;0;2;21-11-2025
ABS004729;STU00983;MAT0022;23;3;17-05-0019;TD;0;3;21-11-2025
ABS004730;STU00984;MAT0029;24;3;16-05-0028;EXAMEN;1;1;21-11-2025
ABS004731;STU00985;MAT0032;23;3;17-03-0007;TP;1;1;21-11-2025
ABS004732;STU00987;MAT0006;23;3;16-04-0030;EXAMEN;1;3;21-11-2025
ABS004733;STU00987;MAT0029;23;3;17-03-0019;COURS;1;4;21-11-2025
ABS004734;STU00987;MAT0030;23;3;17-03-0023;EXAMEN;0;1;21-11-2025
ABS004735;STU00988;MAT0020;24;3;15-04-0032;COURS;1;3;21-11-2025
ABS004736;STU00988;MAT0033;24;3;15-04-0033;EXAMEN;1;2;21-11-2025
ABS004737;STU00989;MAT0018;23;3;15-04-0009;TD;1;3;21-11-2025
ABS004738;STU00990;MAT0033;24;3;17-03-0030;EXAMEN;0;2;21-11-2025
ABS004739;STU00992;MAT0015;24;3;16-03-0013;TD;0;1;21-11-2025
ABS004740;STU00992;MAT0008;24;3;16-03-0021;TD;1;2;21-11-2025
ABS004741;STU00992;;24;3;16-05-0029;TP;1;3;21-11-2025
ABS004742;STU00992;MAT0030;24;3;15-04-0020;EXAMEN;0;3;21-11-2025
ABS004743;STU00992;MAT0030;24;3;17-03-0030;EXAMEN;1;3;21-11-2025
ABS004744;STU00992;MAT0015;24;3;15-04-0020;COURS;1;4;21-11-2025
ABS004745;STU00992;MAT0020;24;3;16-05-0033;TP;1;4;21-11-2025
ABS004746;STU00992;MAT0029;24;3;15-04-0032;EXAMEN;1;4;21-11-2025
ABS004747;STU00992;MAT0025;24;3;16-05-0020;EXAMEN;1;4;21-11-2025
ABS004748;STU00992;MAT0023;24;3;15-04-0008;TD;0;3;21-11-2025
ABS004749;STU00993;MAT0021;23;3;15-04-0017;TD;0;3;21-11-2025
ABS004750;STU00993;MAT0035;23;3;16-03-0016;EXAMEN;1;4;21-11-2025
ABS004751;STU00993;MAT0024;23;3;16-03-0021;TP;1;2;21-11-2025
ABS004752;STU00993;MAT0028;23;3;17-03-0007;COURS;1;3;21-11-2025
ABS004753;STU00993;MAT0027;23;3;16-05-0008;TD;1;4;21-11-2025
ABS004754;STU00993;MAT0034;23;3;17-05-0014;EXAMEN;1;3;21-11-2025
ABS004755;STU00994;MAT0020;24;3;16-04-0011;EXAMEN;1;4;21-11-2025
ABS004756;STU00994;MAT0003;24;3;16-03-0025;TD;0;1;21-11-2025
ABS004757;STU00994;MAT0004;24;3;16-04-0014;TD;0;2;21-11-2025
ABS004758;STU00994;MAT0016;24;3;16-05-0033;TD;1;1;21-11-2025
ABS004759;STU00994;MAT0033;24;3;17-03-0010;TP;1;4;21-11-2025
ABS004760;STU00994;MAT0033;24;3;16-04-0015;TP;0;4;21-11-2025
ABS004761;STU00994;MAT0009;24;3;16-04-0018;TP;1;4;21-11-2025
ABS004762;STU00994;MAT0005;24;3;16-03-0017;TP;0;4;21-11-2025
ABS004763;STU00994;MAT0030;24;3;16-04-0018;TD;0;4;21-11-2025
ABS004764;STU00994;MAT0013;24;3;16-05-0024;EXAMEN;1;1;21-11-2025
ABS004765;STU00994;MAT0022;24;3;17-05-0014;TP;1;4;21-11-2025
ABS004766;STU00994;MAT0016;24;3;16-05-0020;TD;1;3;21-11-2025
ABS004767;STU00994;MAT0035;24;3;17-05-0030;EXAMEN;1;1;21-11-2025
ABS004768;STU00994;MAT0035;24;3;16-04-0027;TD;0;4;21-11-2025
ABS004769;STU00995;MAT0008;23;3;17-05-0030;EXAMEN;0;4;21-11-2025
ABS004770;STU00995;MAT0031;23;3;16-05-0016;EXAMEN;1;2;21-11-2025
ABS004771;STU00996;MAT0028;24;3;16-04-0011;TP;1;4;21-11-2025
ABS004772;STU00996;MAT0013;24;3;16-05-0021;EXAMEN;1;1;21-11-2025
ABS004773;STU00996;;24;3;16-03-0033;TD;1;4;21-11-2025
ABS004774;STU00996;MAT0004;24;3;17-03-0026;TP;1;2;21-11-2025
ABS004775;STU00996;MAT0035;24;3;16-03-0013;EXAMEN;0;2;21-11-2025
ABS004776;STU00996;MAT0024;24;3;17-03-0031;COURS;1;3;21-11-2025
ABS004777;STU00996;MAT0025;24;3;16-04-0030;TD;1;3;21-11-2025
ABS004778;STU00997;MAT0022;23;3;17-03-0019;EXAMEN;1;2;21-11-2025
ABS004779;STU00997;MAT0023;23;3;16-05-0013;COURS;1;3;21-11-2025
ABS004780;STU00997;MAT0009;23;3;17-03-0030;EXAMEN;0;2;21-11-2025
ABS004781;STU00998;MAT0004;24;3;17-03-0014;EXAMEN;0;3;21-11-2025
ABS004782;STU00998;MAT0018;24;3;16-03-0028;TD;0;3;21-11-2025
ABS004783;STU00998;MAT0013;24;3;16-05-0016;TP;0;3;21-11-2025
ABS004784;STU00998;MAT0014;24;3;16-04-0007;TD;1;1;21-11-2025
ABS004785;STU00998;MAT0030;24;3;17-05-0027;COURS;0;3;21-11-2025
ABS004786;STU00999;;23;3;17-03-0007;EXAMEN;1;2;21-11-2025
ABS004787;STU00999;MAT0022;23;3;16-03-0028;TD;1;2;21-11-2025
ABS004788;STU00999;MAT0015;23;3;16-04-0022;EXAMEN;1;3;21-11-2025
ABS004789;STU00999;MAT0026;23;3;15-04-0021;COURS;1;4;21-11-2025
ABS004790;STU00999;MAT0015;23;3;16-04-0022;TP;0;1;21-11-2025
ABS004791;STU00999;MAT0007;23;3;15-04-0021;TD;1;4;21-11-2025
ABS004792;STU00999;MAT0022;23;3;16-04-0010;TD;1;2;21-11-2025
ABS004793;STU00999;MAT0012;23;3;17-05-0015;EXAMEN;1;2;21-11-2025
ABS004794;STU00999;MAT0004;23;3;17-03-0018;COURS;0;3;21-11-2025
ABS004795;STU00999;MAT0016;23;3;17-03-0027;COURS;1;4;21-11-2025
ABS004796;STU00999;MAT0035;23;3;17-05-0034;TP;1;3;21-11-2025
ABS004797;STU01000;MAT0005;24;3;16-05-0033;TD;1;1;21-11-2025
ABS004798;STU01000;MAT0008;24;3;16-03-0021;COURS;0;4;21-11-2025
ABS004799;STU01000;MAT0016;24;3;16-04-0026;TP;0;1;21-11-2025
ABS004800;STU01000;MAT0012;24;3;15-04-0032;COURS;1;1;21-11-2025
ABS004801;STU01002;MAT0021;24;3;17-05-0030;COURS;0;3;21-11-2025
ABS004802;STU01002;MAT0026;24;3;15-04-0013;TP;1;4;21-11-2025
ABS004803;STU01002;MAT0017;24;3;15-04-0016;TD;1;4;21-11-2025
ABS004804;STU01002;MAT0017;24;3;16-05-0009;TD;0;1;21-11-2025
ABS004805;STU01002;MAT0030;24;3;16-05-0008;TD;0;4;21-11-2025
ABS004806;STU01002;MAT0033;24;3;15-04-0029;TD;0;4;21-11-2025
ABS004807;STU01002;MAT0033;24;3;16-05-0008;EXAMEN;1;3;21-11-2025
ABS004808;STU01002;MAT0007;24;3;17-05-0022;COURS;1;2;21-11-2025
ABS004809;STU01002;MAT0024;24;3;16-03-0024;TD;0;1;21-11-2025
ABS004810;STU01002;MAT0004;24;3;16-05-0008;EXAMEN;0;2;21-11-2025
ABS004811;STU01002;MAT0028;24;3;16-04-0023;EXAMEN;1;3;21-11-2025
ABS004812;STU01002;MAT0024;24;3;16-04-0019;EXAMEN;0;2;21-11-2025
ABS004813;STU01002;MAT0020;24;3;16-05-0028;EXAMEN;1;2;21-11-2025
ABS004814;STU01002;MAT0027;24;3;16-04-0015;TD;0;3;21-11-2025
ABS004815;STU01003;MAT0005;23;3;16-05-0016;TP;0;4;21-11-2025
ABS004816;STU01003;MAT0022;23;3;16-05-0013;COURS;1;4;21-11-2025
ABS004817;STU01003;MAT0005;23;3;16-03-0017;TP;0;4;21-11-2025
ABS004818;STU01003;MAT0025;23;3;15-04-0025;TP;1;3;21-11-2025
ABS004819;STU01003;MAT0021;23;3;16-05-0020;EXAMEN;0;2;21-11-2025
ABS004820;STU01003;MAT0029;23;3;17-05-0014;TP;0;4;21-11-2025
ABS004821;STU01004;;24;3;16-03-0009;TD;0;2;21-11-2025
ABS004822;STU01004;MAT0017;24;3;15-04-0009;TP;1;3;21-11-2025
ABS004823;STU01005;MAT0026;23;3;17-03-0022;EXAMEN;0;1;21-11-2025
ABS004824;STU01005;MAT0028;23;3;16-04-0011;TP;0;2;21-11-2025
ABS004825;STU01005;MAT0031;23;3;17-05-0034;COURS;1;2;21-11-2025
ABS004826;STU01005;MAT0012;23;3;16-04-0011;TD;0;2;21-11-2025
ABS004827;STU01006;MAT0010;24;3;16-05-0013;TD;1;3;21-11-2025
ABS004828;STU01007;MAT0009;23;3;17-05-0019;TP;0;4;21-11-2025
ABS004829;STU01007;MAT0022;23;3;17-05-0027;TD;1;4;21-11-2025
ABS004830;STU01007;MAT0019;23;3;16-05-0013;EXAMEN;1;1;21-11-2025
ABS004831;STU01007;MAT0033;23;3;16-03-0021;TD;0;4;21-11-2025
ABS004832;STU01007;MAT0025;23;3;16-04-0019;TP;1;2;21-11-2025
ABS004833;STU01007;;23;3;15-04-0028;TP;0;4;21-11-2025
ABS004834;STU01007;MAT0023;23;3;16-05-0012;COURS;1;3;21-11-2025
ABS004835;STU01007;MAT0022;23;3;16-05-0012;EXAMEN;0;4;21-11-2025
ABS004836;STU01007;MAT0025;23;3;17-03-0019;TD;0;2;21-11-2025
ABS004837;STU01007;MAT0011;23;3;15-04-0021;EXAMEN;0;3;21-11-2025
ABS004838;STU01007;MAT0027;23;3;16-05-0033;TD;1;1;21-11-2025
ABS004839;STU01007;MAT0018;23;3;16-05-0028;EXAMEN;0;2;21-11-2025
ABS004840;STU01008;MAT0007;24;3;16-04-0019;COURS;1;3;21-11-2025
ABS004841;STU01008;MAT0025;24;3;17-05-0030;COURS;1;4;21-11-2025
ABS004842;STU01008;MAT0011;24;3;17-05-0019;EXAMEN;1;4;21-11-2025
ABS004843;STU01008;MAT0018;24;3;16-05-0012;TP;1;3;21-11-2025
ABS004844;STU01008;MAT0016;24;3;17-03-0031;TP;0;4;21-11-2025
ABS004845;STU01008;MAT0021;24;3;16-05-0029;EXAMEN;1;2;21-11-2025
ABS004846;STU01009;MAT0016;23;3;17-05-0014;COURS;1;1;21-11-2025
ABS004847;STU01009;MAT0013;23;3;17-03-0019;TP;1;1;21-11-2025
ABS004848;STU01009;MAT0014;23;3;17-03-0027;EXAMEN;1;2;21-11-2025
ABS004849;STU01009;;23;3;17-05-0026;COURS;1;2;21-11-2025
ABS004850;STU01009;MAT0002;23;3;16-03-0032;COURS;1;1;21-11-2025
ABS004851;STU01009;MAT0024;23;3;17-05-0031;TD;0;2;21-11-2025
ABS004852;STU01009;MAT0007;23;3;16-03-0025;TP;0;1;21-11-2025
ABS004853;STU01010;MAT0014;24;3;17-05-0031;COURS;0;1;21-11-2025
ABS004854;STU01010;MAT0012;24;3;16-05-0024;COURS;0;1;21-11-2025
ABS004855;STU01010;MAT0008;24;3;17-03-0014;EXAMEN;1;1;21-11-2025
ABS004856;STU01010;MAT0023;24;3;16-03-0012;COURS;1;2;21-11-2025
ABS004857;STU01010;MAT0030;24;3;16-03-0028;EXAMEN;1;4;21-11-2025
ABS004858;STU01010;;24;3;16-05-0029;COURS;1;1;21-11-2025
ABS004859;STU01011;MAT0025;23;3;16-03-0021;TP;1;2;21-11-2025
ABS004860;STU01011;MAT0020;23;3;16-03-0016;TD;0;2;21-11-2025
ABS004861;STU01012;MAT0005;24;3;17-03-0018;TP;0;4;21-11-2025
ABS004862;STU01014;MAT0029;24;3;16-05-0024;COURS;0;2;21-11-2025
ABS004863;STU01014;MAT0003;24;3;16-05-0012;TP;0;2;21-11-2025
ABS004864;STU01015;MAT0035;23;3;17-03-0034;TD;0;1;21-11-2025
ABS004865;STU01015;MAT0014;23;3;16-03-0033;TD;0;1;21-11-2025
ABS004866;STU01016;MAT0005;24;3;17-03-0015;TD;0;3;21-11-2025
ABS004867;STU01016;MAT0029;24;3;16-03-0029;EXAMEN;0;2;21-11-2025
ABS004868;STU01016;MAT0003;24;3;17-05-0034;TD;0;1;21-11-2025
ABS004869;STU01016;MAT0030;24;3;16-03-0020;TP;1;2;21-11-2025
ABS004870;STU01016;MAT0014;24;3;17-05-0030;TD;1;4;21-11-2025
ABS004871;STU01016;MAT0007;24;3;17-05-0007;COURS;1;1;21-11-2025
ABS004872;STU01016;MAT0028;24;3;16-03-0032;EXAMEN;1;4;21-11-2025
ABS004873;STU01016;;24;3;17-05-0011;TD;0;3;21-11-2025
ABS004874;STU01016;MAT0026;24;3;17-03-0023;TP;1;4;21-11-2025
ABS004875;STU01016;MAT0002;24;3;16-04-0014;TD;0;3;21-11-2025
ABS004876;STU01016;MAT0022;24;3;17-03-0022;TD;1;1;21-11-2025
ABS004877;STU01017;MAT0034;23;3;16-03-0009;TP;1;1;21-11-2025
ABS004878;STU01018;MAT0034;24;3;16-04-0007;TP;1;2;21-11-2025
ABS004879;STU01018;MAT0027;24;3;16-05-0016;EXAMEN;1;2;21-11-2025
ABS004880;STU01018;MAT0017;24;3;16-04-0023;EXAMEN;1;4;21-11-2025
ABS004881;STU01018;;24;3;17-03-0030;TD;1;4;21-11-2025
ABS004882;STU01018;MAT0019;24;3;16-04-0015;COURS;0;2;21-11-2025
ABS004883;STU01020;MAT0030;24;3;15-04-0012;EXAMEN;0;2;21-11-2025
ABS004884;STU01020;MAT0002;24;3;16-05-0012;COURS;1;2;21-11-2025
ABS004885;STU01020;MAT0024;24;3;17-03-0007;COURS;0;2;21-11-2025
ABS004886;STU01020;MAT0013;24;3;16-03-0033;TP;0;2;21-11-2025
ABS004887;STU01020;MAT0002;24;3;15-04-0024;COURS;1;1;21-11-2025
ABS004888;STU01020;MAT0012;24;3;16-04-0007;TP;0;3;21-11-2025
ABS004889;STU01020;MAT0031;24;3;16-03-0009;TP;1;4;21-11-2025
ABS004890;STU01020;MAT0006;24;3;17-03-0030;EXAMEN;0;4;21-11-2025
ABS004891;STU01020;MAT0023;24;3;15-04-0024;EXAMEN;1;4;21-11-2025
ABS004892;STU01020;MAT0006;24;3;17-03-0027;TD;1;3;21-11-2025
ABS004893;STU01021;MAT0020;29;3;16-03-0016;COURS;1;1;21-11-2025
ABS004894;STU01021;MAT0008;29;3;16-05-0008;COURS;1;3;21-11-2025
ABS004895;STU01021;MAT0027;29;3;15-04-0029;EXAMEN;1;4;21-11-2025
ABS004896;STU01021;MAT0027;29;3;15-04-0021;COURS;1;3;21-11-2025
ABS004897;STU01021;MAT0026;29;3;17-03-0015;COURS;0;1;21-11-2025
ABS004898;STU01021;MAT0007;29;3;17-05-0011;EXAMEN;1;3;21-11-2025
ABS004899;STU01021;MAT0030;29;3;17-03-0022;COURS;0;2;21-11-2025
ABS004900;STU01022;MAT0015;30;3;17-05-0018;TP;1;2;21-11-2025
ABS004901;STU01023;MAT0010;29;3;17-03-0030;COURS;1;3;21-11-2025
ABS004902;STU01025;MAT0016;29;3;15-04-0032;TP;1;4;21-11-2025
ABS004903;STU01025;MAT0011;29;3;16-03-0021;TD;0;3;21-11-2025
ABS004904;STU01026;MAT0017;30;3;16-03-0012;COURS;1;2;21-11-2025
ABS004905;STU01026;MAT0026;30;3;17-05-0023;EXAMEN;0;3;21-11-2025
ABS004906;STU01027;MAT0030;29;3;16-04-0011;TD;1;2;21-11-2025
ABS004907;STU01027;MAT0026;29;3;16-04-0030;TP;0;2;21-11-2025
ABS004908;STU01027;MAT0027;29;3;16-05-0009;EXAMEN;1;2;21-11-2025
ABS004909;STU01027;MAT0022;29;3;16-04-0014;TD;1;3;21-11-2025
ABS004910;STU01027;MAT0011;29;3;17-03-0019;COURS;1;4;21-11-2025
ABS004911;STU01028;MAT0009;30;3;17-03-0015;COURS;1;2;21-11-2025
ABS004912;STU01028;MAT0022;30;3;15-04-0029;TD;1;4;21-11-2025
ABS004913;STU01028;MAT0011;30;3;17-03-0019;EXAMEN;0;2;21-11-2025
ABS004914;STU01029;MAT0018;29;3;16-03-0016;TP;1;1;21-11-2025
ABS004915;STU01029;MAT0020;29;3;17-05-0027;TD;0;3;21-11-2025
ABS004916;STU01029;MAT0005;29;3;16-03-0009;COURS;1;3;21-11-2025
ABS004917;STU01029;MAT0019;29;3;17-05-0015;TP;1;3;21-11-2025
ABS004918;STU01029;MAT0006;29;3;17-03-0031;TP;0;3;21-11-2025
ABS004919;STU01029;MAT0033;29;3;16-04-0014;COURS;1;1;21-11-2025
ABS004920;STU01029;MAT0008;29;3;17-03-0026;COURS;1;4;21-11-2025
ABS004921;STU01029;MAT0032;29;3;16-04-0031;TD;1;4;21-11-2025
ABS004922;STU01029;MAT0033;29;3;15-04-0012;EXAMEN;0;4;21-11-2025
ABS004923;STU01029;MAT0021;29;3;16-05-0013;TD;1;4;21-11-2025
ABS004924;STU01029;MAT0008;29;3;16-04-0031;TP;0;1;21-11-2025
ABS004925;STU01029;MAT0021;29;3;16-03-0021;COURS;0;1;21-11-2025
ABS004926;STU01029;MAT0018;29;3;17-05-0014;EXAMEN;1;2;21-11-2025
ABS004927;STU01029;MAT0004;29;3;17-05-0014;TP;1;2;21-11-2025
ABS004928;STU01029;MAT0013;29;3;15-04-0017;COURS;0;1;21-11-2025
ABS004929;STU01030;MAT0031;30;3;16-04-0014;EXAMEN;1;3;21-11-2025
ABS004930;STU01030;MAT0004;30;3;17-03-0030;COURS;1;4;21-11-2025
ABS004931;STU01030;MAT0027;30;3;16-03-0020;EXAMEN;0;1;21-11-2025
ABS004932;STU01030;MAT0027;30;3;15-04-0032;TD;1;3;21-11-2025
ABS004933;STU01030;MAT0010;30;3;17-05-0010;COURS;1;4;21-11-2025
ABS004934;STU01030;MAT0003;30;3;16-05-0029;EXAMEN;0;4;21-11-2025
ABS004935;STU01030;MAT0018;30;3;17-03-0034;EXAMEN;0;1;21-11-2025
ABS004936;STU01030;MAT0011;30;3;17-03-0010;TP;0;2;21-11-2025
ABS004937;STU01030;MAT0003;30;3;16-03-0020;COURS;1;1;21-11-2025
ABS004938;STU01030;MAT0011;30;3;17-03-0022;EXAMEN;1;2;21-11-2025
ABS004939;STU01030;MAT0008;30;3;17-05-0011;TD;0;4;21-11-2025
ABS004940;STU01030;MAT0019;30;3;17-03-0015;TD;1;4;21-11-2025
ABS004941;STU01030;MAT0025;30;3;17-05-0019;EXAMEN;1;3;21-11-2025
ABS004942;STU01030;MAT0004;30;3;16-03-0008;COURS;0;3;21-11-2025
ABS004943;STU01031;MAT0031;29;3;17-03-0027;TD;1;2;21-11-2025
ABS004944;STU01031;MAT0035;29;3;16-03-0029;EXAMEN;0;3;21-11-2025
ABS004945;STU01031;MAT0011;29;3;17-05-0018;TP;1;3;21-11-2025
ABS004946;STU01031;MAT0031;29;3;15-04-0017;EXAMEN;0;4;21-11-2025
ABS004947;STU01031;MAT0033;29;3;17-05-0031;TD;1;1;21-11-2025
ABS004948;STU01031;MAT0032;29;3;15-04-0017;EXAMEN;1;2;21-11-2025
ABS004949;STU01032;MAT0007;30;3;16-04-0030;COURS;1;2;21-11-2025
ABS004950;STU01032;MAT0035;30;3;17-05-0015;COURS;0;3;21-11-2025
ABS004951;STU01032;MAT0004;30;3;16-03-0025;TD;0;4;21-11-2025
ABS004952;STU01032;MAT0009;30;3;17-05-0007;TP;1;4;21-11-2025
ABS004953;STU01032;MAT0025;30;3;17-05-0027;EXAMEN;1;4;21-11-2025
ABS004954;STU01032;MAT0020;30;3;17-03-0018;EXAMEN;1;4;21-11-2025
ABS004955;STU01033;MAT0006;29;3;16-04-0034;TD;0;1;21-11-2025
ABS004956;STU01033;MAT0009;29;3;16-05-0016;EXAMEN;0;2;21-11-2025
ABS004957;STU01033;MAT0019;29;3;15-04-0016;COURS;1;2;21-11-2025
ABS004958;STU01033;MAT0019;29;3;16-04-0018;COURS;1;2;21-11-2025
ABS004959;STU01033;MAT0024;29;3;16-04-0019;TD;0;3;21-11-2025
ABS004960;STU01033;MAT0031;29;3;17-05-0014;EXAMEN;1;3;21-11-2025
ABS004961;STU01033;MAT0029;29;3;16-03-0033;EXAMEN;1;3;21-11-2025
ABS004962;STU01033;MAT0015;29;3;15-04-0021;EXAMEN;1;3;21-11-2025
ABS004963;STU01033;MAT0023;29;3;16-05-0032;TD;0;2;21-11-2025
ABS004964;STU01033;MAT0019;29;3;16-03-0017;EXAMEN;1;1;21-11-2025
ABS004965;STU01033;MAT0032;29;3;16-03-0028;TP;1;2;21-11-2025
ABS004966;STU01033;MAT0012;29;3;15-04-0025;TP;1;4;21-11-2025
ABS004967;STU01033;MAT0014;29;3;15-04-0012;EXAMEN;1;1;21-11-2025
ABS004968;STU01033;MAT0015;29;3;16-03-0008;TP;0;4;21-11-2025
ABS004969;STU01033;MAT0017;29;3;16-03-0008;COURS;0;1;21-11-2025
ABS004970;STU01034;MAT0021;30;3;17-05-0030;EXAMEN;1;2;21-11-2025
ABS004971;STU01034;MAT0022;30;3;16-05-0024;COURS;1;2;21-11-2025
ABS004972;STU01034;MAT0031;30;3;17-05-0026;EXAMEN;1;3;21-11-2025
ABS004973;STU01034;MAT0019;30;3;17-03-0026;EXAMEN;0;2;21-11-2025
ABS004974;STU01034;MAT0011;30;3;16-05-0020;COURS;0;3;21-11-2025
ABS004975;STU01034;MAT0026;30;3;17-03-0007;TD;0;4;21-11-2025
ABS004976;STU01035;MAT0013;29;3;17-05-0022;EXAMEN;0;2;21-11-2025
ABS004977;STU01035;MAT0023;29;3;17-05-0019;TD;1;1;21-11-2025
ABS004978;STU01035;MAT0005;29;3;16-04-0010;EXAMEN;0;4;21-11-2025
ABS004979;STU01035;MAT0013;29;3;17-03-0014;TD;0;3;21-11-2025
ABS004980;STU01035;MAT0006;29;3;15-04-0016;TP;0;4;21-11-2025
ABS004981;STU01035;MAT0012;29;3;16-03-0028;COURS;1;2;21-11-2025
ABS004982;STU01035;MAT0031;29;3;17-03-0014;COURS;1;1;21-11-2025
ABS004983;STU01035;MAT0016;29;3;16-03-0025;EXAMEN;1;4;21-11-2025
ABS004984;STU01035;MAT0030;29;3;15-04-0021;EXAMEN;0;4;21-11-2025
ABS004985;STU01035;MAT0030;29;3;16-04-0031;EXAMEN;0;3;21-11-2025
ABS004986;STU01035;MAT0004;29;3;15-04-0017;TD;0;1;21-11-2025
ABS004987;STU01035;MAT0017;29;3;16-05-0017;TD;1;1;21-11-2025
ABS004988;STU01035;MAT0009;29;3;16-03-0008;EXAMEN;1;3;21-11-2025
ABS004989;STU01035;MAT0016;29;3;15-04-0013;COURS;1;2;21-11-2025
ABS004990;STU01035;MAT0016;29;3;16-03-0029;TD;1;1;21-11-2025
ABS004991;STU01037;MAT0002;29;3;16-04-0030;EXAMEN;0;4;21-11-2025
ABS004992;STU01038;MAT0029;30;3;17-03-0019;TP;1;3;21-11-2025
ABS004993;STU01038;MAT0020;30;3;17-05-0010;TP;1;4;21-11-2025
ABS004994;STU01038;MAT0007;30;3;15-04-0012;EXAMEN;1;2;21-11-2025
ABS004995;STU01038;MAT0009;30;3;17-05-0015;EXAMEN;1;4;21-11-2025
ABS004996;STU01038;MAT0012;30;3;16-03-0008;TP;0;3;21-11-2025
ABS004997;STU01038;MAT0023;30;3;15-04-0012;TD;1;2;21-11-2025
ABS004998;STU01039;MAT0014;29;3;17-05-0026;EXAMEN;1;1;21-11-2025
ABS004999;STU01040;MAT0034;30;3;17-05-0015;COURS;1;3;21-11-2025
ABS005000;STU01040;MAT0006;30;3;17-05-0018;EXAMEN;1;3;21-11-2025
ABS005001;STU01040;MAT0005;30;3;16-05-0025;TP;0;4;21-11-2025
ABS005002;STU01040;MAT0020;30;3;16-05-0016;EXAMEN;0;3;21-11-2025
ABS005003;STU01040;;30;3;17-03-0014;COURS;0;3;21-11-2025
ABS005004;STU01040;MAT0010;30;3;16-03-0016;EXAMEN;1;3;21-11-2025
ABS005005;STU01040;MAT0032;30;3;16-04-0015;COURS;1;4;21-11-2025
ABS005006;STU01040;MAT0023;30;3;16-04-0026;COURS;0;3;21-11-2025
ABS005007;STU01040;MAT0003;30;3;15-04-0021;TD;1;2;21-11-2025
ABS005008;STU01040;MAT0003;30;3;16-05-0017;TD;1;1;21-11-2025
ABS005009;STU01041;MAT0030;29;3;16-05-0009;EXAMEN;1;1;21-11-2025
ABS005010;STU01041;MAT0016;29;3;17-05-0022;TP;1;4;21-11-2025
ABS005011;STU01041;MAT0016;29;3;16-03-0028;COURS;1;2;21-11-2025
ABS005012;STU01041;;29;3;16-05-0016;EXAMEN;1;2;21-11-2025
ABS005013;STU01041;MAT0006;29;3;17-05-0030;EXAMEN;1;3;21-11-2025
ABS005014;STU01041;MAT0012;29;3;15-04-0017;EXAMEN;0;2;21-11-2025
ABS005015;STU01041;MAT0013;29;3;17-05-0023;TD;1;4;21-11-2025
ABS005016;STU01041;MAT0033;29;3;15-04-0028;TP;1;3;21-11-2025
ABS005017;STU01041;MAT0028;29;3;16-05-0008;EXAMEN;1;1;21-11-2025
ABS005018;STU01041;MAT0030;29;3;16-04-0018;COURS;1;3;21-11-2025
ABS005019;STU01041;MAT0027;29;3;15-04-0028;COURS;1;4;21-11-2025
ABS005020;STU01041;MAT0020;29;3;16-05-0025;COURS;1;4;21-11-2025
ABS005021;STU01042;;30;3;16-04-0027;TP;1;3;21-11-2025
ABS005022;STU01042;MAT0027;30;3;16-04-0010;COURS;1;1;21-11-2025
ABS005023;STU01042;MAT0022;30;3;16-03-0013;EXAMEN;1;2;21-11-2025
ABS005024;STU01042;MAT0024;30;3;17-03-0015;COURS;1;3;21-11-2025
ABS005025;STU01042;MAT0026;30;3;16-04-0026;COURS;1;1;21-11-2025
ABS005026;STU01043;MAT0020;29;3;16-05-0021;EXAMEN;1;3;21-11-2025
ABS005027;STU01044;MAT0027;30;3;17-05-0026;TD;0;4;21-11-2025
ABS005028;STU01044;MAT0023;30;3;16-03-0008;TD;1;1;21-11-2025
ABS005029;STU01045;MAT0023;29;3;16-03-0012;COURS;1;2;21-11-2025
ABS005030;STU01045;MAT0008;29;3;17-03-0007;TD;1;4;21-11-2025
ABS005031;STU01045;;29;3;16-05-0029;COURS;1;2;21-11-2025
ABS005032;STU01045;MAT0006;29;3;17-03-0031;EXAMEN;0;1;21-11-2025
ABS005033;STU01045;MAT0023;29;3;17-05-0018;TD;1;1;21-11-2025
ABS005034;STU01045;MAT0010;29;3;15-04-0032;TD;0;4;21-11-2025
ABS005035;STU01045;MAT0027;29;3;17-03-0018;EXAMEN;0;3;21-11-2025
ABS005036;STU01046;MAT0011;30;3;16-05-0016;TP;1;1;21-11-2025
ABS005037;STU01046;MAT0003;30;3;16-04-0007;TD;1;2;21-11-2025
ABS005038;STU01046;MAT0002;30;3;15-04-0013;TD;1;3;21-11-2025
ABS005039;STU01046;MAT0029;30;3;16-05-0012;TP;1;4;21-11-2025
ABS005040;STU01046;MAT0021;30;3;17-03-0030;TD;1;2;21-11-2025
ABS005041;STU01046;MAT0027;30;3;15-04-0033;COURS;0;2;21-11-2025
ABS005042;STU01046;MAT0035;30;3;17-03-0014;COURS;1;4;21-11-2025
ABS005043;STU01047;MAT0033;29;3;16-05-0017;EXAMEN;1;1;21-11-2025
ABS005044;STU01047;MAT0013;29;3;16-05-0017;COURS;1;1;21-11-2025
ABS005045;STU01048;MAT0002;30;3;16-04-0022;TD;1;4;21-11-2025
ABS005046;STU01048;MAT0015;30;3;16-04-0019;EXAMEN;1;3;21-11-2025
ABS005047;STU01048;MAT0033;30;3;15-04-0012;COURS;1;2;21-11-2025
ABS005048;STU01049;MAT0022;29;3;17-05-0015;COURS;0;4;21-11-2025
ABS005049;STU01049;MAT0012;29;3;16-05-0008;TP;1;1;21-11-2025
ABS005050;STU01050;MAT0013;30;3;16-04-0027;COURS;1;2;21-11-2025
ABS005051;STU01050;MAT0022;30;3;17-05-0015;TD;1;4;21-11-2025
ABS005052;STU01050;MAT0027;30;3;16-05-0017;EXAMEN;1;3;21-11-2025
ABS005053;STU01050;MAT0016;30;3;16-03-0033;COURS;1;4;21-11-2025
ABS005054;STU01051;MAT0026;29;3;16-03-0029;TP;0;3;21-11-2025
ABS005055;STU01051;MAT0005;29;3;17-05-0026;TP;0;2;21-11-2025
ABS005056;STU01051;MAT0011;29;3;17-05-0023;COURS;1;1;21-11-2025
ABS005057;STU01052;MAT0027;30;3;16-04-0022;TP;1;2;21-11-2025
ABS005058;STU01052;MAT0006;30;3;16-04-0030;EXAMEN;1;4;21-11-2025
ABS005059;STU01052;MAT0023;30;3;15-04-0033;TD;1;2;21-11-2025
ABS005060;STU01052;MAT0025;30;3;16-03-0029;COURS;1;3;21-11-2025
ABS005061;STU01052;MAT0002;30;3;17-05-0015;TD;1;3;21-11-2025
ABS005062;STU01052;MAT0019;30;3;17-05-0031;TD;1;3;21-11-2025
ABS005063;STU01053;MAT0026;29;3;16-04-0034;COURS;1;2;21-11-2025
ABS005064;STU01053;MAT0028;29;3;16-05-0024;TP;1;1;21-11-2025
ABS005065;STU01053;MAT0006;29;3;16-05-0008;TP;1;4;21-11-2025
ABS005066;STU01053;MAT0033;29;3;16-05-0021;TD;0;2;21-11-2025
ABS005067;STU01053;MAT0024;29;3;16-05-0029;TD;1;1;21-11-2025
ABS005068;STU01053;MAT0019;29;3;16-03-0025;COURS;0;4;21-11-2025
ABS005069;STU01054;MAT0021;30;3;16-03-0024;TD;1;4;21-11-2025
ABS005070;STU01054;MAT0029;30;3;16-05-0008;TD;0;2;21-11-2025
ABS005071;STU01054;MAT0015;30;3;17-03-0034;TD;1;1;21-11-2025
ABS005072;STU01054;;30;3;16-03-0012;EXAMEN;1;4;21-11-2025
ABS005073;STU01054;MAT0029;30;3;16-04-0014;TD;1;2;21-11-2025
ABS005074;STU01054;MAT0015;30;3;16-05-0021;TP;1;2;21-11-2025
ABS005075;STU01054;MAT0027;30;3;16-04-0018;EXAMEN;0;1;21-11-2025
ABS005076;STU01054;;30;3;17-05-0027;TP;1;3;21-11-2025
ABS005077;STU01054;MAT0019;30;3;15-04-0032;TD;1;4;21-11-2025
ABS005078;STU01054;MAT0021;30;3;15-04-0008;TP;1;4;21-11-2025
ABS005079;STU01054;MAT0016;30;3;17-03-0026;COURS;1;1;21-11-2025
ABS005080;STU01054;MAT0022;30;3;17-05-0030;TP;1;4;21-11-2025
ABS005081;STU01054;MAT0004;30;3;17-05-0014;TP;1;4;21-11-2025
ABS005082;STU01054;MAT0004;30;3;17-05-0010;TD;0;1;21-11-2025
ABS005083;STU01055;MAT0027;29;3;15-04-0033;TD;0;4;21-11-2025
ABS005084;STU01055;MAT0003;29;3;16-05-0008;TP;1;3;21-11-2025
ABS005085;STU01055;MAT0006;29;3;17-03-0034;TP;1;3;21-11-2025
ABS005086;STU01055;MAT0030;29;3;16-05-0032;COURS;0;1;21-11-2025
ABS005087;STU01055;MAT0004;29;3;16-05-0028;COURS;1;3;21-11-2025
ABS005088;STU01055;MAT0029;29;3;16-04-0019;TD;1;4;21-11-2025
ABS005089;STU01055;MAT0026;29;3;16-04-0014;TD;1;1;21-11-2025
ABS005090;STU01055;MAT0018;29;3;17-05-0026;COURS;0;3;21-11-2025
ABS005091;STU01055;MAT0032;29;3;17-05-0019;COURS;1;2;21-11-2025
ABS005092;STU01055;;29;3;16-03-0013;TP;0;3;21-11-2025
ABS005093;STU01056;MAT0007;30;3;16-05-0009;COURS;1;1;21-11-2025
ABS005094;STU01057;;29;3;16-05-0016;TP;0;3;21-11-2025
ABS005095;STU01057;MAT0012;29;3;16-03-0033;TP;1;1;21-11-2025
ABS005096;STU01057;MAT0015;29;3;16-05-0028;TD;0;4;21-11-2025
ABS005097;STU01057;MAT0030;29;3;16-05-0020;EXAMEN;1;1;21-11-2025
ABS005098;STU01057;MAT0011;29;3;17-05-0019;TP;1;1;21-11-2025
ABS005099;STU01057;MAT0020;29;3;17-03-0031;COURS;1;4;21-11-2025
ABS005100;STU01057;MAT0035;29;3;16-05-0013;EXAMEN;0;2;21-11-2025
ABS005101;STU01057;MAT0007;29;3;17-03-0023;TD;1;2;21-11-2025
ABS005102;STU01057;MAT0014;29;3;17-05-0031;EXAMEN;1;2;21-11-2025
ABS005103;STU01057;MAT0025;29;3;16-04-0031;TD;1;1;21-11-2025
ABS005104;STU01057;MAT0023;29;3;16-04-0010;TP;1;3;21-11-2025
ABS005105;STU01057;MAT0015;29;3;17-03-0014;COURS;0;4;21-11-2025
ABS005106;STU01057;MAT0004;29;3;16-05-0020;TP;1;4;21-11-2025
ABS005107;STU01058;MAT0009;30;3;17-05-0011;COURS;1;1;21-11-2025
ABS005108;STU01058;MAT0029;30;3;17-03-0023;TP;1;3;21-11-2025
ABS005109;STU01058;MAT0033;30;3;17-03-0018;TD;0;1;21-11-2025
ABS005110;STU01059;MAT0031;29;3;16-04-0023;COURS;1;2;21-11-2025
ABS005111;STU01059;MAT0031;29;3;16-04-0031;TD;1;3;21-11-2025
ABS005112;STU01059;MAT0013;29;3;15-04-0009;EXAMEN;0;4;21-11-2025
ABS005113;STU01059;MAT0024;29;3;16-04-0015;COURS;1;3;21-11-2025
ABS005114;STU01059;MAT0029;29;3;16-04-0014;TP;1;3;21-11-2025
ABS005115;STU01059;MAT0020;29;3;16-04-0030;TP;1;2;21-11-2025
ABS005116;STU01060;MAT0004;30;3;16-05-0033;COURS;1;3;21-11-2025
ABS005117;STU01060;MAT0007;30;3;17-03-0031;COURS;0;4;21-11-2025
ABS005118;STU01060;MAT0015;30;3;16-04-0014;TP;0;4;21-11-2025
ABS005119;STU01060;MAT0027;30;3;15-04-0016;EXAMEN;1;3;21-11-2025
ABS005120;STU01060;MAT0027;30;3;16-03-0028;COURS;1;2;21-11-2025
ABS005121;STU01060;MAT0014;30;3;17-05-0030;COURS;1;2;21-11-2025
ABS005122;STU01061;MAT0032;29;3;17-03-0031;TP;1;4;21-11-2025
ABS005123;STU01061;MAT0020;29;3;17-03-0014;TP;1;2;21-11-2025
ABS005124;STU01061;MAT0035;29;3;17-03-0031;TD;0;3;21-11-2025
ABS005125;STU01062;MAT0022;30;3;15-04-0008;COURS;0;3;21-11-2025
ABS005126;STU01062;MAT0034;30;3;17-05-0022;TD;1;1;21-11-2025
ABS005127;STU01062;MAT0011;30;3;16-05-0013;TP;1;2;21-11-2025
ABS005128;STU01062;MAT0025;30;3;15-04-0009;COURS;1;4;21-11-2025
ABS005129;STU01062;MAT0033;30;3;16-03-0029;EXAMEN;1;4;21-11-2025
ABS005130;STU01062;MAT0031;30;3;17-05-0015;EXAMEN;1;2;21-11-2025
ABS005131;STU01062;MAT0031;30;3;17-03-0027;COURS;0;3;21-11-2025
ABS005132;STU01062;MAT0031;30;3;17-05-0015;EXAMEN;1;2;21-11-2025
ABS005133;STU01062;MAT0007;30;3;16-04-0023;TD;1;2;21-11-2025
ABS005134;STU01062;MAT0018;30;3;17-03-0030;COURS;1;2;21-11-2025
ABS005135;STU01062;MAT0009;30;3;17-05-0014;COURS;1;4;21-11-2025
ABS005136;STU01062;MAT0016;30;3;17-03-0018;TP;1;1;21-11-2025
ABS005137;STU01062;MAT0018;30;3;17-05-0018;TP;1;1;21-11-2025
ABS005138;STU01063;MAT0016;29;3;17-05-0023;COURS;0;1;21-11-2025
ABS005139;STU01064;MAT0015;30;3;16-04-0019;COURS;0;2;21-11-2025
ABS005140;STU01064;MAT0028;30;3;17-05-0011;EXAMEN;0;3;21-11-2025
ABS005141;STU01064;MAT0020;30;3;17-05-0007;EXAMEN;1;4;21-11-2025
ABS005142;STU01064;MAT0007;30;3;15-04-0021;EXAMEN;1;4;21-11-2025
ABS005143;STU01064;MAT0006;30;3;17-05-0011;TD;0;3;21-11-2025
ABS005144;STU01064;MAT0027;30;3;17-03-0023;TD;1;4;21-11-2025
ABS005145;STU01064;MAT0025;30;3;16-05-0017;TP;1;2;21-11-2025
ABS005146;STU01064;MAT0025;30;3;15-04-0021;COURS;1;2;21-11-2025
ABS005147;STU01064;MAT0011;30;3;17-03-0007;TP;1;2;21-11-2025
ABS005148;STU01064;MAT0019;30;3;17-05-0026;EXAMEN;1;2;21-11-2025
ABS005149;STU01064;MAT0005;30;3;15-04-0013;EXAMEN;0;1;21-11-2025
ABS005150;STU01065;MAT0011;29;3;17-03-0022;EXAMEN;1;2;21-11-2025
ABS005151;STU01065;;29;3;17-05-0031;TD;1;4;21-11-2025
ABS005152;STU01065;MAT0004;29;3;16-04-0026;TP;1;4;21-11-2025
ABS005153;STU01066;MAT0016;30;3;15-04-0032;TP;1;2;21-11-2025
ABS005154;STU01066;MAT0015;30;3;16-05-0008;COURS;0;1;21-11-2025
ABS005155;STU01066;MAT0016;30;3;15-04-0020;EXAMEN;1;2;21-11-2025
ABS005156;STU01067;MAT0019;29;3;15-04-0009;COURS;1;3;21-11-2025
ABS005157;STU01067;MAT0025;29;3;16-04-0026;TD;0;3;21-11-2025
ABS005158;STU01067;MAT0007;29;3;17-03-0031;COURS;1;4;21-11-2025
ABS005159;STU01067;MAT0025;29;3;16-03-0008;EXAMEN;1;1;21-11-2025
ABS005160;STU01067;MAT0025;29;3;17-03-0034;COURS;0;1;21-11-2025
ABS005161;STU01068;MAT0013;30;3;16-05-0017;COURS;1;4;21-11-2025
ABS005162;STU01068;MAT0018;30;3;16-03-0016;COURS;1;4;21-11-2025
ABS005163;STU01068;MAT0032;30;3;16-04-0027;TP;0;4;21-11-2025
ABS005164;STU01068;MAT0010;30;3;17-03-0034;COURS;1;1;21-11-2025
ABS005165;STU01068;MAT0018;30;3;16-03-0028;TD;1;2;21-11-2025
ABS005166;STU01068;MAT0017;30;3;16-04-0015;COURS;1;1;21-11-2025
ABS005167;STU01068;MAT0030;30;3;17-05-0007;TD;1;3;21-11-2025
ABS005168;STU01069;MAT0002;29;3;16-05-0028;TP;1;1;21-11-2025
ABS005169;STU01069;MAT0029;29;3;15-04-0020;COURS;0;3;21-11-2025
ABS005170;STU01069;MAT0013;29;3;17-03-0014;COURS;1;1;21-11-2025
ABS005171;STU01069;MAT0021;29;3;15-04-0021;TP;0;1;21-11-2025
ABS005172;STU01069;MAT0011;29;3;16-03-0025;TP;1;2;21-11-2025
ABS005173;STU01069;MAT0012;29;3;17-03-0007;COURS;1;2;21-11-2025
ABS005174;STU01069;MAT0023;29;3;17-03-0023;TD;0;4;21-11-2025
ABS005175;STU01069;;29;3;15-04-0024;COURS;1;2;21-11-2025
ABS005176;STU01069;MAT0028;29;3;16-04-0026;TD;0;1;21-11-2025
ABS005177;STU01069;MAT0004;29;3;16-04-0031;EXAMEN;1;2;21-11-2025
ABS005178;STU01069;MAT0005;29;3;16-04-0030;TD;1;3;21-11-2025
ABS005179;STU01070;MAT0011;30;3;15-04-0008;EXAMEN;0;4;21-11-2025
ABS005180;STU01070;MAT0016;30;3;16-03-0032;TD;1;3;21-11-2025
ABS005181;STU01070;MAT0015;30;3;15-04-0008;EXAMEN;1;3;21-11-2025
ABS005182;STU01070;MAT0018;30;3;15-04-0013;TD;1;3;21-11-2025
ABS005183;STU01071;MAT0027;29;3;17-03-0023;TP;1;3;21-11-2025
ABS005184;STU01071;MAT0016;29;3;16-05-0020;TD;1;1;21-11-2025
ABS005185;STU01071;MAT0002;29;3;16-05-0017;TP;1;3;21-11-2025
ABS005186;STU01071;MAT0032;29;3;17-05-0023;COURS;0;1;21-11-2025
ABS005187;STU01072;MAT0032;30;3;16-03-0021;TD;0;1;21-11-2025
ABS005188;STU01072;MAT0019;30;3;16-04-0015;TP;1;2;21-11-2025
ABS005189;STU01072;MAT0005;30;3;17-05-0010;EXAMEN;0;3;21-11-2025
ABS005190;STU01072;MAT0002;30;3;17-05-0007;TD;1;3;21-11-2025
ABS005191;STU01073;MAT0034;29;3;17-05-0015;EXAMEN;0;4;21-11-2025
ABS005192;STU01073;MAT0019;29;3;17-03-0022;TP;1;4;21-11-2025
ABS005193;STU01074;MAT0025;30;3;17-03-0019;COURS;1;4;21-11-2025
ABS005194;STU01074;MAT0010;30;3;16-04-0010;COURS;1;1;21-11-2025
ABS005195;STU01074;MAT0034;30;3;16-03-0020;TD;1;2;21-11-2025
ABS005196;STU01074;MAT0009;30;3;15-04-0033;TP;0;2;21-11-2025
ABS005197;STU01076;MAT0031;30;3;16-05-0017;EXAMEN;1;4;21-11-2025
ABS005198;STU01076;MAT0019;30;3;15-04-0024;COURS;0;1;21-11-2025
ABS005199;STU01076;MAT0026;30;3;15-04-0013;EXAMEN;1;4;21-11-2025
ABS005200;STU01076;MAT0017;30;3;16-04-0011;COURS;0;2;21-11-2025
ABS005201;STU01076;MAT0018;30;3;16-04-0019;TD;1;2;21-11-2025
ABS005202;STU01076;;30;3;17-05-0014;TD;1;3;21-11-2025
ABS005203;STU01076;MAT0024;30;3;17-03-0026;TD;1;4;21-11-2025
ABS005204;STU01077;MAT0030;29;3;16-03-0012;TD;0;1;21-11-2025
ABS005205;STU01077;MAT0017;29;3;16-03-0009;EXAMEN;1;3;21-11-2025
ABS005206;STU01077;MAT0018;29;3;15-04-0017;EXAMEN;0;4;21-11-2025
ABS005207;STU01077;MAT0018;29;3;15-04-0008;COURS;1;4;21-11-2025
ABS005208;STU01077;MAT0005;29;3;15-04-0024;TP;1;4;21-11-2025
ABS005209;STU01077;MAT0031;29;3;15-04-0025;EXAMEN;0;4;21-11-2025
ABS005210;STU01077;MAT0003;29;3;17-03-0031;TD;1;3;21-11-2025
ABS005211;STU01077;MAT0031;29;3;16-03-0017;TD;1;4;21-11-2025
ABS005212;STU01077;MAT0007;29;3;17-05-0034;COURS;1;1;21-11-2025
ABS005213;STU01077;MAT0008;29;3;15-04-0032;EXAMEN;1;3;21-11-2025
ABS005214;STU01077;MAT0018;29;3;16-04-0026;TD;0;2;21-11-2025
ABS005215;STU01077;MAT0033;29;3;16-03-0028;EXAMEN;1;1;21-11-2025
ABS005216;STU01077;MAT0028;29;3;17-05-0030;COURS;1;4;21-11-2025
ABS005217;STU01078;MAT0005;30;3;16-03-0016;COURS;0;3;21-11-2025
ABS005218;STU01078;MAT0027;30;3;15-04-0024;EXAMEN;1;1;21-11-2025
ABS005219;STU01078;MAT0021;30;3;17-03-0019;EXAMEN;1;1;21-11-2025
ABS005220;STU01078;MAT0008;30;3;17-05-0011;TD;1;3;21-11-2025
ABS005221;STU01078;MAT0017;30;3;16-05-0012;COURS;1;4;21-11-2025
ABS005222;STU01078;MAT0034;30;3;17-03-0027;TP;0;3;21-11-2025
ABS005223;STU01078;MAT0022;30;3;16-05-0024;TP;0;2;21-11-2025
ABS005224;STU01078;MAT0018;30;3;16-03-0029;TD;1;4;21-11-2025
ABS005225;STU01078;MAT0034;30;3;17-03-0010;TP;1;4;21-11-2025
ABS005226;STU01078;MAT0032;30;3;16-04-0007;COURS;1;3;21-11-2025
ABS005227;STU01078;MAT0007;30;3;15-04-0024;TP;1;1;21-11-2025
ABS005228;STU01078;MAT0018;30;3;16-03-0008;COURS;1;3;21-11-2025
ABS005229;STU01078;MAT0010;30;3;15-04-0008;TD;1;1;21-11-2025
ABS005230;STU01078;MAT0028;30;3;17-03-0030;TP;1;1;21-11-2025
ABS005231;STU01079;MAT0027;29;3;16-03-0025;TD;0;3;21-11-2025
ABS005232;STU01080;MAT0018;30;3;17-03-0030;TP;1;4;21-11-2025
ABS005233;STU01080;MAT0010;30;3;16-05-0033;TP;0;4;21-11-2025
ABS005234;STU01080;MAT0027;30;3;16-05-0013;EXAMEN;1;3;21-11-2025
ABS005235;STU01080;MAT0024;30;3;15-04-0021;EXAMEN;1;2;21-11-2025
ABS005236;STU01080;MAT0005;30;3;17-05-0022;COURS;1;3;21-11-2025
ABS005237;STU01080;MAT0010;30;3;16-03-0025;TP;1;1;21-11-2025
ABS005238;STU01081;MAT0021;35;3;16-04-0010;TD;1;1;21-11-2025
ABS005239;STU01082;MAT0002;36;3;16-03-0029;TP;0;2;21-11-2025
ABS005240;STU01082;MAT0004;36;3;16-04-0019;COURS;0;2;21-11-2025
ABS005241;STU01082;MAT0026;36;3;16-03-0020;EXAMEN;1;2;21-11-2025
ABS005242;STU01082;;36;3;16-04-0031;EXAMEN;0;2;21-11-2025
ABS005243;STU01082;MAT0030;36;3;15-04-0025;COURS;1;2;21-11-2025
ABS005244;STU01083;MAT0030;35;3;15-04-0012;TD;1;1;21-11-2025
ABS005245;STU01083;MAT0014;35;3;16-05-0016;COURS;1;4;21-11-2025
ABS005246;STU01083;MAT0009;35;3;16-04-0019;TD;1;4;21-11-2025
ABS005247;STU01083;MAT0023;35;3;17-03-0011;TP;0;1;21-11-2025
ABS005248;STU01083;MAT0015;35;3;16-04-0027;COURS;0;3;21-11-2025
ABS005249;STU01083;MAT0031;35;3;16-04-0015;TD;0;1;21-11-2025
ABS005250;STU01084;MAT0003;36;3;16-05-0012;TD;1;1;21-11-2025
ABS005251;STU01084;MAT0007;36;3;15-04-0029;TP;1;3;21-11-2025
ABS005252;STU01084;MAT0012;36;3;16-03-0028;EXAMEN;1;2;21-11-2025
ABS005253;STU01084;MAT0031;36;3;16-04-0007;TD;0;2;21-11-2025
ABS005254;STU01084;MAT0004;36;3;16-03-0032;EXAMEN;1;4;21-11-2025
ABS005255;STU01084;MAT0019;36;3;15-04-0017;COURS;0;2;21-11-2025
ABS005256;STU01085;MAT0027;35;3;16-03-0029;TP;0;2;21-11-2025
ABS005257;STU01085;MAT0033;35;3;16-05-0012;EXAMEN;1;4;21-11-2025
ABS005258;STU01086;MAT0034;36;3;17-03-0014;COURS;1;4;21-11-2025
ABS005259;STU01086;MAT0008;36;3;16-03-0012;TD;1;4;21-11-2025
ABS005260;STU01086;MAT0025;36;3;17-05-0031;TP;1;3;21-11-2025
ABS005261;STU01086;MAT0008;36;3;16-03-0020;TP;0;4;21-11-2025
ABS005262;STU01086;MAT0023;36;3;17-03-0030;TP;1;1;21-11-2025
ABS005263;STU01086;MAT0024;36;3;15-04-0012;COURS;1;4;21-11-2025
ABS005264;STU01086;MAT0006;36;3;15-04-0016;TD;1;3;21-11-2025
ABS005265;STU01087;MAT0028;35;3;16-05-0025;TD;1;3;21-11-2025
ABS005266;STU01087;MAT0010;35;3;17-05-0019;EXAMEN;0;4;21-11-2025
ABS005267;STU01088;MAT0022;36;3;16-05-0012;TP;0;1;21-11-2025
ABS005268;STU01088;MAT0029;36;3;15-04-0032;TP;0;2;21-11-2025
ABS005269;STU01088;MAT0017;36;3;16-04-0023;TP;0;2;21-11-2025
ABS005270;STU01088;MAT0013;36;3;15-04-0032;TP;1;3;21-11-2025
ABS005271;STU01088;MAT0002;36;3;16-04-0023;COURS;1;4;21-11-2025
ABS005272;STU01088;MAT0011;36;3;15-04-0029;COURS;0;3;21-11-2025
ABS005273;STU01088;MAT0006;36;3;16-04-0031;EXAMEN;0;4;21-11-2025
ABS005274;STU01088;MAT0010;36;3;16-03-0017;EXAMEN;1;2;21-11-2025
ABS005275;STU01088;MAT0010;36;3;16-03-0032;TD;1;3;21-11-2025
ABS005276;STU01088;MAT0033;36;3;15-04-0008;COURS;1;1;21-11-2025
ABS005277;STU01088;MAT0034;36;3;17-03-0015;COURS;0;4;21-11-2025
ABS005278;STU01088;MAT0035;36;3;17-03-0026;TP;0;3;21-11-2025
ABS005279;STU01088;MAT0020;36;3;16-03-0021;COURS;1;4;21-11-2025
ABS005280;STU01088;MAT0032;36;3;17-05-0010;TD;0;1;21-11-2025
ABS005281;STU01089;;35;3;16-05-0032;TP;1;1;21-11-2025
ABS005282;STU01089;MAT0018;35;3;17-05-0010;COURS;0;3;21-11-2025
ABS005283;STU01089;MAT0002;35;3;16-05-0033;TP;1;1;21-11-2025
ABS005284;STU01089;MAT0004;35;3;17-05-0030;TP;1;2;21-11-2025
ABS005285;STU01089;MAT0034;35;3;16-04-0027;EXAMEN;1;1;21-11-2025
ABS005286;STU01089;MAT0007;35;3;16-05-0012;TD;1;1;21-11-2025
ABS005287;STU01089;MAT0027;35;3;15-04-0029;TP;1;2;21-11-2025
ABS005288;STU01090;MAT0028;36;3;15-04-0021;TP;0;1;21-11-2025
ABS005289;STU01090;MAT0023;36;3;16-03-0029;TD;1;2;21-11-2025
ABS005290;STU01090;MAT0018;36;3;16-03-0021;TP;1;3;21-11-2025
ABS005291;STU01090;MAT0012;36;3;16-05-0009;EXAMEN;0;2;21-11-2025
ABS005292;STU01090;MAT0015;36;3;17-03-0014;COURS;1;3;21-11-2025
ABS005293;STU01091;MAT0008;35;3;15-04-0029;EXAMEN;1;4;21-11-2025
ABS005294;STU01091;MAT0007;35;3;17-05-0027;TD;0;3;21-11-2025
ABS005295;STU01091;MAT0016;35;3;16-03-0016;EXAMEN;0;1;21-11-2025
ABS005296;STU01091;MAT0023;35;3;16-04-0015;COURS;1;2;21-11-2025
ABS005297;STU01091;MAT0021;35;3;16-05-0029;TD;1;2;21-11-2025
ABS005298;STU01093;MAT0032;35;3;16-05-0024;EXAMEN;0;2;21-11-2025
ABS005299;STU01093;MAT0014;35;3;16-04-0010;TP;1;3;21-11-2025
ABS005300;STU01093;MAT0021;35;3;16-04-0015;EXAMEN;0;1;21-11-2025
ABS005301;STU01093;MAT0033;35;3;16-05-0017;TD;1;3;21-11-2025
ABS005302;STU01093;MAT0015;35;3;17-03-0023;TP;0;3;21-11-2025
ABS005303;STU01094;MAT0023;36;3;17-05-0023;COURS;1;1;21-11-2025
ABS005304;STU01095;MAT0012;35;3;16-05-0013;TP;1;4;21-11-2025
ABS005305;STU01095;MAT0028;35;3;16-03-0021;TD;0;4;21-11-2025
ABS005306;STU01095;MAT0006;35;3;17-05-0014;TD;1;2;21-11-2025
ABS005307;STU01095;MAT0035;35;3;16-04-0010;TD;1;3;21-11-2025
ABS005308;STU01095;MAT0031;35;3;16-04-0027;COURS;0;2;21-11-2025
ABS005309;STU01095;MAT0006;35;3;17-05-0007;EXAMEN;1;1;21-11-2025
ABS005310;STU01096;MAT0025;36;3;17-03-0011;TP;0;2;21-11-2025
ABS005311;STU01097;MAT0019;35;3;16-03-0033;TD;1;1;21-11-2025
ABS005312;STU01098;MAT0008;36;3;16-05-0029;EXAMEN;1;4;21-11-2025
ABS005313;STU01098;MAT0004;36;3;16-04-0034;EXAMEN;1;4;21-11-2025
ABS005314;STU01098;MAT0031;36;3;17-05-0015;EXAMEN;1;2;21-11-2025
ABS005315;STU01098;MAT0007;36;3;16-03-0029;COURS;1;1;21-11-2025
ABS005316;STU01099;MAT0030;35;3;16-04-0014;TD;1;1;21-11-2025
ABS005317;STU01099;MAT0029;35;3;16-05-0024;EXAMEN;1;3;21-11-2025
ABS005318;STU01100;MAT0021;36;3;17-03-0011;TD;1;2;21-11-2025
ABS005319;STU01100;MAT0009;36;3;17-03-0015;TP;1;4;21-11-2025
ABS005320;STU01100;MAT0012;36;3;15-04-0021;EXAMEN;1;3;21-11-2025
ABS005321;STU01100;MAT0022;36;3;15-04-0028;COURS;0;1;21-11-2025
ABS005322;STU01100;MAT0034;36;3;16-05-0032;TP;0;1;21-11-2025
ABS005323;STU01101;MAT0015;35;3;15-04-0008;EXAMEN;0;2;21-11-2025
ABS005324;STU01101;MAT0026;35;3;16-05-0033;EXAMEN;1;3;21-11-2025
ABS005325;STU01101;MAT0002;35;3;16-03-0032;TP;1;2;21-11-2025
ABS005326;STU01101;MAT0033;35;3;15-04-0028;TP;1;4;21-11-2025
ABS005327;STU01101;MAT0016;35;3;17-03-0019;TD;1;2;21-11-2025
ABS005328;STU01102;MAT0020;36;3;16-03-0017;EXAMEN;0;4;21-11-2025
ABS005329;STU01102;MAT0031;36;3;16-05-0028;TP;1;4;21-11-2025
ABS005330;STU01102;MAT0034;36;3;16-05-0021;COURS;1;4;21-11-2025
ABS005331;STU01102;MAT0027;36;3;16-03-0029;COURS;1;3;21-11-2025
ABS005332;STU01102;MAT0019;36;3;16-05-0029;TP;1;2;21-11-2025
ABS005333;STU01102;MAT0008;36;3;16-05-0009;TP;1;2;21-11-2025
ABS005334;STU01102;MAT0022;36;3;17-03-0027;COURS;0;3;21-11-2025
ABS005335;STU01102;MAT0032;36;3;15-04-0013;EXAMEN;1;2;21-11-2025
ABS005336;STU01103;MAT0023;35;3;15-04-0033;TP;1;4;21-11-2025
ABS005337;STU01103;MAT0006;35;3;16-05-0021;EXAMEN;1;2;21-11-2025
ABS005338;STU01103;MAT0003;35;3;17-03-0007;COURS;0;1;21-11-2025
ABS005339;STU01103;MAT0017;35;3;17-03-0030;TD;1;4;21-11-2025
ABS005340;STU01103;MAT0004;35;3;16-05-0020;EXAMEN;0;1;21-11-2025
ABS005341;STU01103;MAT0021;35;3;16-04-0022;TP;0;1;21-11-2025
ABS005342;STU01103;MAT0026;35;3;16-05-0029;EXAMEN;0;1;21-11-2025
ABS005343;STU01104;MAT0033;36;3;17-05-0018;EXAMEN;1;3;21-11-2025
ABS005344;STU01104;MAT0012;36;3;16-03-0028;EXAMEN;1;3;21-11-2025
ABS005345;STU01104;MAT0026;36;3;16-05-0029;EXAMEN;0;2;21-11-2025
ABS005346;STU01104;MAT0034;36;3;16-05-0016;TD;1;3;21-11-2025
ABS005347;STU01104;MAT0008;36;3;16-03-0021;EXAMEN;0;3;21-11-2025
ABS005348;STU01105;MAT0016;35;3;15-04-0013;TP;0;4;21-11-2025
ABS005349;STU01105;MAT0029;35;3;16-04-0018;EXAMEN;1;2;21-11-2025
ABS005350;STU01105;MAT0009;35;3;16-04-0030;EXAMEN;1;3;21-11-2025
ABS005351;STU01105;MAT0031;35;3;17-05-0034;TP;0;1;21-11-2025
ABS005352;STU01105;MAT0029;35;3;16-03-0016;COURS;0;4;21-11-2025
ABS005353;STU01105;MAT0012;35;3;15-04-0009;COURS;1;4;21-11-2025
ABS005354;STU01105;MAT0003;35;3;16-03-0028;EXAMEN;1;4;21-11-2025
ABS005355;STU01105;MAT0027;35;3;15-04-0029;EXAMEN;1;3;21-11-2025
ABS005356;STU01105;MAT0006;35;3;16-04-0011;EXAMEN;0;2;21-11-2025
ABS005357;STU01105;MAT0015;35;3;16-04-0031;TP;1;2;21-11-2025
ABS005358;STU01105;MAT0014;35;3;16-05-0008;TD;0;2;21-11-2025
ABS005359;STU01106;MAT0010;36;3;15-04-0029;TP;0;4;21-11-2025
ABS005360;STU01106;MAT0025;36;3;17-05-0030;EXAMEN;0;1;21-11-2025
ABS005361;STU01109;MAT0030;35;3;15-04-0032;EXAMEN;0;4;21-11-2025
ABS005362;STU01109;MAT0005;35;3;16-05-0028;TD;1;1;21-11-2025
ABS005363;STU01109;MAT0014;35;3;16-04-0026;EXAMEN;1;2;21-11-2025
ABS005364;STU01109;MAT0026;35;3;17-03-0031;TD;1;4;21-11-2025
ABS005365;STU01109;MAT0020;35;3;16-04-0019;TP;0;1;21-11-2025
ABS005366;STU01109;MAT0005;35;3;16-05-0017;TP;1;4;21-11-2025
ABS005367;STU01109;MAT0004;35;3;17-03-0007;EXAMEN;0;2;21-11-2025
ABS005368;STU01110;MAT0005;36;3;15-04-0028;EXAMEN;0;4;21-11-2025
ABS005369;STU01110;MAT0004;36;3;16-05-0021;TP;1;1;21-11-2025
ABS005370;STU01110;MAT0024;36;3;16-03-0013;TD;1;4;21-11-2025
ABS005371;STU01111;MAT0027;35;3;17-03-0026;TP;1;4;21-11-2025
ABS005372;STU01111;MAT0021;35;3;16-05-0012;EXAMEN;1;4;21-11-2025
ABS005373;STU01112;MAT0003;36;3;16-05-0025;EXAMEN;0;2;21-11-2025
ABS005374;STU01112;MAT0025;36;3;16-05-0025;COURS;0;2;21-11-2025
ABS005375;STU01112;MAT0004;36;3;16-04-0007;TD;1;2;21-11-2025
ABS005376;STU01112;MAT0007;36;3;16-05-0033;TD;1;4;21-11-2025
ABS005377;STU01112;MAT0013;36;3;16-05-0025;EXAMEN;1;4;21-11-2025
ABS005378;STU01113;MAT0035;35;3;16-03-0020;TP;0;4;21-11-2025
ABS005379;STU01113;MAT0009;35;3;15-04-0009;COURS;1;2;21-11-2025
ABS005380;STU01113;MAT0024;35;3;17-05-0027;COURS;1;3;21-11-2025
ABS005381;STU01113;MAT0006;35;3;16-04-0031;EXAMEN;1;3;21-11-2025
ABS005382;STU01113;MAT0011;35;3;15-04-0024;TD;0;3;21-11-2025
ABS005383;STU01113;MAT0035;35;3;16-04-0011;TP;1;1;21-11-2025
ABS005384;STU01113;;35;3;15-04-0013;TD;1;2;21-11-2025
ABS005385;STU01113;MAT0016;35;3;17-05-0014;TP;1;4;21-11-2025
ABS005386;STU01113;MAT0032;35;3;17-05-0026;COURS;1;2;21-11-2025
ABS005387;STU01114;MAT0032;36;3;15-04-0016;TD;1;3;21-11-2025
ABS005388;STU01114;MAT0018;36;3;17-05-0022;EXAMEN;0;3;21-11-2025
ABS005389;STU01115;MAT0007;35;3;17-05-0014;COURS;1;1;21-11-2025
ABS005390;STU01115;MAT0004;35;3;17-05-0018;COURS;1;4;21-11-2025
ABS005391;STU01115;MAT0020;35;3;16-04-0019;TP;1;3;21-11-2025
ABS005392;STU01115;;35;3;17-05-0010;TP;1;1;21-11-2025
ABS005393;STU01116;MAT0032;36;3;16-04-0026;TP;0;4;21-11-2025
ABS005394;STU01116;MAT0014;36;3;16-03-0025;EXAMEN;1;4;21-11-2025
ABS005395;STU01116;MAT0025;36;3;15-04-0013;TP;1;3;21-11-2025
ABS005396;STU01116;MAT0015;36;3;17-03-0014;TP;1;4;21-11-2025
ABS005397;STU01116;MAT0027;36;3;16-04-0030;TD;0;4;21-11-2025
ABS005398;STU01116;MAT0010;36;3;17-05-0034;TD;1;4;21-11-2025
ABS005399;STU01116;MAT0008;36;3;17-03-0023;COURS;0;2;21-11-2025
ABS005400;STU01116;MAT0019;36;3;17-03-0022;TD;1;4;21-11-2025
ABS005401;STU01116;MAT0021;36;3;16-03-0016;COURS;0;2;21-11-2025
ABS005402;STU01116;MAT0019;36;3;17-03-0026;COURS;0;1;21-11-2025
ABS005403;STU01116;MAT0009;36;3;16-04-0022;EXAMEN;0;4;21-11-2025
ABS005404;STU01116;MAT0028;36;3;16-05-0025;TD;1;3;21-11-2025
ABS005405;STU01116;MAT0032;36;3;15-04-0025;EXAMEN;0;4;21-11-2025
ABS005406;STU01116;MAT0035;36;3;16-04-0007;TP;1;1;21-11-2025
ABS005407;STU01117;MAT0024;35;3;15-04-0020;TD;1;3;21-11-2025
ABS005408;STU01117;MAT0020;35;3;16-05-0021;TP;1;3;21-11-2025
ABS005409;STU01117;MAT0016;35;3;16-04-0010;COURS;1;3;21-11-2025
ABS005410;STU01117;MAT0025;35;3;16-04-0015;COURS;1;2;21-11-2025
ABS005411;STU01118;MAT0031;36;3;16-04-0015;EXAMEN;1;2;21-11-2025
ABS005412;STU01118;MAT0011;36;3;16-04-0027;COURS;0;3;21-11-2025
ABS005413;STU01118;MAT0029;36;3;16-05-0021;TP;1;1;21-11-2025
ABS005414;STU01118;MAT0034;36;3;16-05-0009;EXAMEN;0;4;21-11-2025
ABS005415;STU01118;MAT0035;36;3;17-05-0034;TD;0;2;21-11-2025
ABS005416;STU01119;;35;3;16-03-0017;TP;0;1;21-11-2025
ABS005417;STU01119;MAT0025;35;3;16-04-0014;TP;1;3;21-11-2025
ABS005418;STU01119;MAT0005;35;3;16-03-0017;TD;0;2;21-11-2025
ABS005419;STU01120;MAT0013;36;3;17-03-0011;TD;0;1;21-11-2025
ABS005420;STU01120;MAT0016;36;3;15-04-0017;TD;1;2;21-11-2025
ABS005421;STU01120;MAT0031;36;3;17-05-0018;TP;1;1;21-11-2025
ABS005422;STU01120;MAT0011;36;3;17-05-0019;TD;1;1;21-11-2025
ABS005423;STU01120;;36;3;17-05-0019;EXAMEN;1;3;21-11-2025
ABS005424;STU01120;MAT0033;36;3;17-05-0022;TD;1;4;21-11-2025
ABS005425;STU01121;MAT0031;35;3;16-03-0008;EXAMEN;0;2;21-11-2025
ABS005426;STU01121;MAT0025;35;3;16-04-0034;EXAMEN;0;4;21-11-2025
ABS005427;STU01121;MAT0032;35;3;16-05-0025;TP;1;1;21-11-2025
ABS005428;STU01121;MAT0019;35;3;16-03-0028;TP;1;1;21-11-2025
ABS005429;STU01121;MAT0009;35;3;15-04-0029;EXAMEN;0;1;21-11-2025
ABS005430;STU01121;MAT0002;35;3;16-05-0009;EXAMEN;1;2;21-11-2025
ABS005431;STU01122;MAT0034;36;3;16-03-0021;TD;0;4;21-11-2025
ABS005432;STU01122;MAT0022;36;3;17-03-0007;TP;1;3;21-11-2025
ABS005433;STU01122;MAT0008;36;3;16-04-0022;COURS;1;3;21-11-2025
ABS005434;STU01122;MAT0029;36;3;16-03-0025;TD;0;3;21-11-2025
ABS005435;STU01122;MAT0030;36;3;16-05-0009;COURS;1;3;21-11-2025
ABS005436;STU01123;MAT0013;35;3;16-05-0017;COURS;1;4;21-11-2025
ABS005437;STU01123;MAT0031;35;3;16-04-0026;TD;1;2;21-11-2025
ABS005438;STU01123;MAT0003;35;3;17-05-0018;EXAMEN;1;1;21-11-2025
ABS005439;STU01123;MAT0013;35;3;15-04-0009;COURS;1;4;21-11-2025
ABS005440;STU01123;MAT0005;35;3;15-04-0012;TD;1;3;21-11-2025
ABS005441;STU01123;MAT0016;35;3;15-04-0024;EXAMEN;1;2;21-11-2025
ABS005442;STU01123;MAT0034;35;3;16-04-0034;TP;0;2;21-11-2025
ABS005443;STU01123;MAT0011;35;3;16-03-0016;TP;0;4;21-11-2025
ABS005444;STU01123;MAT0016;35;3;17-03-0022;COURS;1;4;21-11-2025
ABS005445;STU01123;MAT0003;35;3;16-05-0013;TP;1;1;21-11-2025
ABS005446;STU01123;MAT0017;35;3;15-04-0024;TD;1;4;21-11-2025
ABS005447;STU01123;MAT0028;35;3;17-05-0010;EXAMEN;0;4;21-11-2025
ABS005448;STU01123;MAT0027;35;3;15-04-0017;COURS;1;4;21-11-2025
ABS005449;STU01124;MAT0029;36;3;17-05-0018;TD;1;3;21-11-2025
ABS005450;STU01125;MAT0029;35;3;17-05-0031;EXAMEN;1;2;21-11-2025
ABS005451;STU01126;MAT0035;36;3;16-03-0017;COURS;0;3;21-11-2025
ABS005452;STU01126;MAT0029;36;3;16-04-0023;TD;0;4;21-11-2025
ABS005453;STU01126;MAT0024;36;3;16-05-0016;EXAMEN;1;1;21-11-2025
ABS005454;STU01127;MAT0019;35;3;16-03-0032;COURS;1;4;21-11-2025
ABS005455;STU01127;MAT0020;35;3;17-05-0031;TD;0;4;21-11-2025
ABS005456;STU01127;MAT0008;35;3;17-03-0023;EXAMEN;1;1;21-11-2025
ABS005457;STU01128;MAT0028;36;3;17-05-0019;COURS;0;3;21-11-2025
ABS005458;STU01128;MAT0018;36;3;16-03-0029;EXAMEN;1;3;21-11-2025
ABS005459;STU01128;MAT0003;36;3;16-03-0008;TP;0;3;21-11-2025
ABS005460;STU01128;MAT0009;36;3;17-03-0027;TD;1;1;21-11-2025
ABS005461;STU01128;MAT0003;36;3;16-04-0034;EXAMEN;0;3;21-11-2025
ABS005462;STU01128;MAT0022;36;3;17-05-0014;EXAMEN;1;1;21-11-2025
ABS005463;STU01128;MAT0026;36;3;17-05-0014;TD;1;4;21-11-2025
ABS005464;STU01128;MAT0009;36;3;16-04-0022;TD;0;3;21-11-2025
ABS005465;STU01128;MAT0007;36;3;17-05-0030;EXAMEN;0;2;21-11-2025
ABS005466;STU01128;MAT0005;36;3;17-03-0018;TP;1;2;21-11-2025
ABS005467;STU01128;MAT0027;36;3;16-04-0015;EXAMEN;1;1;21-11-2025
ABS005468;STU01128;MAT0003;36;3;17-03-0030;TP;1;1;21-11-2025
ABS005469;STU01128;MAT0035;36;3;15-04-0029;EXAMEN;1;2;21-11-2025
ABS005470;STU01129;MAT0025;35;3;16-05-0025;COURS;1;1;21-11-2025
ABS005471;STU01129;MAT0033;35;3;16-05-0025;EXAMEN;0;4;21-11-2025
ABS005472;STU01129;MAT0033;35;3;16-03-0025;COURS;1;4;21-11-2025
ABS005473;STU01131;MAT0007;35;3;16-04-0019;TD;1;3;21-11-2025
ABS005474;STU01131;MAT0025;35;3;17-03-0010;TP;0;4;21-11-2025
ABS005475;STU01131;MAT0024;35;3;16-04-0011;EXAMEN;0;2;21-11-2025
ABS005476;STU01131;MAT0027;35;3;16-04-0014;COURS;0;4;21-11-2025
ABS005477;STU01131;MAT0029;35;3;17-05-0023;EXAMEN;0;2;21-11-2025
ABS005478;STU01131;MAT0032;35;3;17-05-0018;TP;1;3;21-11-2025
ABS005479;STU01131;MAT0004;35;3;16-03-0024;EXAMEN;0;2;21-11-2025
ABS005480;STU01132;MAT0028;36;3;16-04-0010;COURS;1;2;21-11-2025
ABS005481;STU01132;MAT0006;36;3;15-04-0033;TP;1;3;21-11-2025
ABS005482;STU01132;MAT0027;36;3;15-04-0009;TP;0;3;21-11-2025
ABS005483;STU01132;MAT0007;36;3;16-04-0031;TP;0;3;21-11-2025
ABS005484;STU01132;MAT0033;36;3;16-04-0018;TD;1;4;21-11-2025
ABS005485;STU01133;MAT0008;35;3;15-04-0009;TD;1;4;21-11-2025
ABS005486;STU01133;MAT0017;35;3;16-05-0008;EXAMEN;1;2;21-11-2025
ABS005487;STU01133;MAT0013;35;3;17-03-0026;TD;1;4;21-11-2025
ABS005488;STU01133;MAT0011;35;3;16-04-0030;TP;1;4;21-11-2025
ABS005489;STU01133;;35;3;16-05-0020;EXAMEN;0;1;21-11-2025
ABS005490;STU01134;MAT0011;36;3;16-03-0032;EXAMEN;1;2;21-11-2025
ABS005491;STU01134;MAT0019;36;3;15-04-0013;TD;0;3;21-11-2025
ABS005492;STU01134;MAT0013;36;3;15-04-0009;TD;1;4;21-11-2025
ABS005493;STU01134;MAT0006;36;3;17-05-0011;TD;1;1;21-11-2025
ABS005494;STU01134;MAT0023;36;3;17-05-0018;COURS;1;3;21-11-2025
ABS005495;STU01135;MAT0031;35;3;17-03-0034;TP;0;4;21-11-2025
ABS005496;STU01135;MAT0004;35;3;17-05-0023;TP;1;2;21-11-2025
ABS005497;STU01135;MAT0029;35;3;17-05-0007;TD;1;2;21-11-2025
ABS005498;STU01135;MAT0014;35;3;15-04-0013;TP;0;2;21-11-2025
ABS005499;STU01135;MAT0014;35;3;17-05-0026;EXAMEN;1;1;21-11-2025
ABS005500;STU01136;MAT0029;36;3;15-04-0012;TD;0;4;21-11-2025
ABS005501;STU01136;MAT0029;36;3;16-03-0021;EXAMEN;1;4;21-11-2025
ABS005502;STU01136;MAT0033;36;3;16-05-0017;COURS;1;3;21-11-2025
ABS005503;STU01136;MAT0029;36;3;15-04-0024;EXAMEN;1;2;21-11-2025
ABS005504;STU01136;MAT0018;36;3;16-05-0016;TD;1;2;21-11-2025
ABS005505;STU01136;MAT0023;36;3;16-04-0022;EXAMEN;0;4;21-11-2025
ABS005506;STU01137;MAT0022;35;3;16-03-0028;TD;1;4;21-11-2025
ABS005507;STU01137;MAT0033;35;3;16-04-0027;TD;1;1;21-11-2025
ABS005508;STU01137;MAT0026;35;3;16-03-0009;COURS;1;2;21-11-2025
ABS005509;STU01137;MAT0029;35;3;17-03-0022;COURS;0;3;21-11-2025
ABS005510;STU01137;MAT0035;35;3;16-03-0013;TD;0;1;21-11-2025
ABS005511;STU01137;MAT0007;35;3;16-05-0017;COURS;0;4;21-11-2025
ABS005512;STU01137;;35;3;15-04-0024;TD;0;2;21-11-2025
ABS005513;STU01138;MAT0034;36;3;17-03-0023;TP;1;1;21-11-2025
ABS005514;STU01138;MAT0018;36;3;17-03-0018;TD;1;1;21-11-2025
ABS005515;STU01139;MAT0006;35;3;15-04-0025;COURS;1;4;21-11-2025
ABS005516;STU01139;MAT0027;35;3;17-03-0023;TD;0;4;21-11-2025
ABS005517;STU01139;MAT0019;35;3;15-04-0008;EXAMEN;0;2;21-11-2025
ABS005518;STU01141;MAT0009;41;3;17-05-0027;TD;1;3;21-11-2025
ABS005519;STU01141;MAT0010;41;3;17-03-0027;EXAMEN;1;1;21-11-2025
ABS005520;STU01141;MAT0003;41;3;16-03-0017;EXAMEN;0;1;21-11-2025
ABS005521;STU01141;MAT0003;41;3;16-05-0016;COURS;0;4;21-11-2025
ABS005522;STU01141;MAT0032;41;3;16-05-0025;COURS;1;1;21-11-2025
ABS005523;STU01141;MAT0031;41;3;16-03-0025;TP;0;4;21-11-2025
ABS005524;STU01142;MAT0014;42;3;16-03-0024;EXAMEN;1;4;21-11-2025
ABS005525;STU01142;MAT0011;42;3;16-05-0032;COURS;0;4;21-11-2025
ABS005526;STU01142;MAT0013;42;3;17-03-0022;COURS;1;4;21-11-2025
ABS005527;STU01142;MAT0013;42;3;17-03-0015;COURS;0;1;21-11-2025
ABS005528;STU01142;MAT0002;42;3;17-05-0011;COURS;0;4;21-11-2025
ABS005529;STU01143;MAT0012;41;3;16-04-0007;TP;1;3;21-11-2025
ABS005530;STU01143;MAT0034;41;3;16-05-0021;TD;0;2;21-11-2025
ABS005531;STU01143;MAT0035;41;3;16-04-0014;COURS;1;2;21-11-2025
ABS005532;STU01143;MAT0014;41;3;17-03-0026;TD;0;4;21-11-2025
ABS005533;STU01143;MAT0012;41;3;16-05-0028;TP;0;1;21-11-2025
ABS005534;STU01143;MAT0016;41;3;15-04-0025;TP;1;3;21-11-2025
ABS005535;STU01143;MAT0006;41;3;16-04-0014;EXAMEN;1;3;21-11-2025
ABS005536;STU01143;MAT0030;41;3;17-05-0015;COURS;0;2;21-11-2025
ABS005537;STU01144;MAT0027;42;3;17-03-0019;TD;1;3;21-11-2025
ABS005538;STU01144;MAT0024;42;3;16-04-0027;COURS;0;3;21-11-2025
ABS005539;STU01144;MAT0035;42;3;17-05-0014;EXAMEN;1;1;21-11-2025
ABS005540;STU01144;MAT0030;42;3;17-05-0022;COURS;1;1;21-11-2025
ABS005541;STU01144;MAT0008;42;3;16-05-0013;EXAMEN;1;1;21-11-2025
ABS005542;STU01144;MAT0015;42;3;16-05-0009;TP;1;1;21-11-2025
ABS005543;STU01145;MAT0027;41;3;15-04-0028;EXAMEN;0;1;21-11-2025
ABS005544;STU01145;MAT0020;41;3;16-03-0009;EXAMEN;0;2;21-11-2025
ABS005545;STU01145;MAT0012;41;3;16-03-0017;COURS;1;4;21-11-2025
ABS005546;STU01146;MAT0014;42;3;15-04-0008;COURS;1;3;21-11-2025
ABS005547;STU01146;MAT0025;42;3;17-03-0031;EXAMEN;1;2;21-11-2025
ABS005548;STU01146;MAT0025;42;3;17-03-0010;COURS;0;2;21-11-2025
ABS005549;STU01146;;42;3;17-03-0010;COURS;1;4;21-11-2025
ABS005550;STU01146;MAT0019;42;3;17-03-0026;TP;1;3;21-11-2025
ABS005551;STU01146;MAT0008;42;3;16-03-0017;TP;0;1;21-11-2025
ABS005552;STU01146;;42;3;16-05-0029;COURS;1;3;21-11-2025
ABS005553;STU01146;MAT0029;42;3;16-04-0031;TD;1;2;21-11-2025
ABS005554;STU01146;MAT0024;42;3;16-04-0014;TP;0;4;21-11-2025
ABS005555;STU01146;MAT0012;42;3;17-03-0018;TP;0;1;21-11-2025
ABS005556;STU01147;MAT0025;41;3;16-05-0032;EXAMEN;1;1;21-11-2025
ABS005557;STU01147;MAT0021;41;3;15-04-0020;EXAMEN;0;3;21-11-2025
ABS005558;STU01147;MAT0013;41;3;16-05-0012;TP;1;4;21-11-2025
ABS005559;STU01147;MAT0006;41;3;15-04-0016;TP;1;3;21-11-2025
ABS005560;STU01147;MAT0032;41;3;15-04-0009;TP;0;2;21-11-2025
ABS005561;STU01147;MAT0032;41;3;17-05-0022;TP;0;1;21-11-2025
ABS005562;STU01147;MAT0030;41;3;16-04-0023;COURS;1;2;21-11-2025
ABS005563;STU01147;MAT0007;41;3;17-03-0022;TP;1;1;21-11-2025
ABS005564;STU01147;MAT0017;41;3;16-03-0009;TD;1;1;21-11-2025
ABS005565;STU01147;MAT0033;41;3;16-03-0016;TP;1;3;21-11-2025
ABS005566;STU01148;MAT0029;42;3;16-05-0013;COURS;1;4;21-11-2025
ABS005567;STU01148;MAT0006;42;3;17-05-0015;COURS;1;4;21-11-2025
ABS005568;STU01148;MAT0020;42;3;16-05-0017;TP;1;3;21-11-2025
ABS005569;STU01150;MAT0026;42;3;17-03-0022;COURS;1;4;21-11-2025
ABS005570;STU01150;MAT0003;42;3;16-03-0013;COURS;0;2;21-11-2025
ABS005571;STU01152;MAT0011;42;3;16-03-0021;COURS;1;3;21-11-2025
ABS005572;STU01152;MAT0025;42;3;15-04-0025;TP;1;4;21-11-2025
ABS005573;STU01153;MAT0021;41;3;16-03-0028;TP;1;4;21-11-2025
ABS005574;STU01153;MAT0029;41;3;16-05-0008;TD;1;1;21-11-2025
ABS005575;STU01153;MAT0018;41;3;16-03-0020;TD;0;2;21-11-2025
ABS005576;STU01153;MAT0005;41;3;15-04-0028;COURS;0;4;21-11-2025
ABS005577;STU01153;MAT0026;41;3;15-04-0016;EXAMEN;0;2;21-11-2025
ABS005578;STU01153;MAT0004;41;3;17-03-0014;EXAMEN;1;3;21-11-2025
ABS005579;STU01153;MAT0005;41;3;17-03-0030;COURS;1;3;21-11-2025
ABS005580;STU01154;MAT0022;42;3;16-04-0010;TD;0;4;21-11-2025
ABS005581;STU01154;MAT0010;42;3;15-04-0017;COURS;1;4;21-11-2025
ABS005582;STU01154;MAT0017;42;3;15-04-0020;TP;0;2;21-11-2025
ABS005583;STU01154;MAT0018;42;3;16-03-0020;TP;0;1;21-11-2025
ABS005584;STU01154;MAT0019;42;3;16-04-0027;COURS;0;2;21-11-2025
ABS005585;STU01154;MAT0007;42;3;16-04-0027;TD;1;3;21-11-2025
ABS005586;STU01154;MAT0016;42;3;16-05-0020;COURS;1;1;21-11-2025
ABS005587;STU01155;MAT0031;41;3;17-03-0027;EXAMEN;1;3;21-11-2025
ABS005588;STU01155;MAT0025;41;3;16-04-0030;COURS;0;2;21-11-2025
ABS005589;STU01156;MAT0018;42;3;17-05-0034;TP;1;4;21-11-2025
ABS005590;STU01156;MAT0018;42;3;17-03-0014;TD;1;4;21-11-2025
ABS005591;STU01156;MAT0031;42;3;16-03-0020;COURS;0;4;21-11-2025
ABS005592;STU01156;MAT0024;42;3;17-05-0031;TD;1;3;21-11-2025
ABS005593;STU01156;MAT0031;42;3;16-03-0009;TP;0;1;21-11-2025
ABS005594;STU01157;MAT0008;41;3;17-03-0030;TP;1;4;21-11-2025
ABS005595;STU01157;MAT0002;41;3;16-04-0027;TP;0;1;21-11-2025
ABS005596;STU01157;MAT0023;41;3;16-04-0030;COURS;1;4;21-11-2025
ABS005597;STU01158;MAT0029;42;3;17-05-0015;TD;1;1;21-11-2025
ABS005598;STU01158;MAT0012;42;3;15-04-0013;TP;0;1;21-11-2025
ABS005599;STU01158;MAT0023;42;3;17-03-0026;TP;0;4;21-11-2025
ABS005600;STU01159;MAT0002;41;3;17-05-0027;COURS;1;2;21-11-2025
ABS005601;STU01159;MAT0008;41;3;17-03-0031;TD;1;1;21-11-2025
ABS005602;STU01159;MAT0022;41;3;15-04-0025;TD;1;2;21-11-2025
ABS005603;STU01159;MAT0016;41;3;16-03-0013;COURS;0;4;21-11-2025
ABS005604;STU01159;MAT0009;41;3;16-04-0022;TP;0;2;21-11-2025
ABS005605;STU01159;MAT0023;41;3;17-05-0034;EXAMEN;0;2;21-11-2025
ABS005606;STU01159;MAT0008;41;3;16-05-0021;TP;0;3;21-11-2025
ABS005607;STU01159;MAT0032;41;3;17-03-0022;TD;0;3;21-11-2025
ABS005608;STU01159;MAT0015;41;3;17-05-0022;EXAMEN;1;2;21-11-2025
ABS005609;STU01159;MAT0020;41;3;16-03-0028;TD;0;3;21-11-2025
ABS005610;STU01159;MAT0029;41;3;16-03-0008;TD;1;3;21-11-2025
ABS005611;STU01159;MAT0033;41;3;17-03-0018;EXAMEN;0;3;21-11-2025
ABS005612;STU01159;MAT0004;41;3;16-03-0017;TP;1;2;21-11-2025
ABS005613;STU01159;MAT0022;41;3;17-05-0034;TD;1;1;21-11-2025
ABS005614;STU01159;MAT0023;41;3;17-05-0018;EXAMEN;1;2;21-11-2025
ABS005615;STU01161;MAT0015;41;3;16-04-0011;COURS;1;1;21-11-2025
ABS005616;STU01161;MAT0010;41;3;16-03-0025;COURS;0;1;21-11-2025
ABS005617;STU01161;MAT0005;41;3;16-03-0028;TD;1;1;21-11-2025
ABS005618;STU01161;MAT0031;41;3;17-03-0007;TP;0;1;21-11-2025
ABS005619;STU01161;MAT0017;41;3;17-03-0034;EXAMEN;1;3;21-11-2025
ABS005620;STU01162;MAT0007;42;3;17-05-0030;TD;0;2;21-11-2025
ABS005621;STU01163;MAT0031;41;3;16-03-0024;TD;1;3;21-11-2025
ABS005622;STU01163;MAT0031;41;3;17-05-0034;COURS;1;3;21-11-2025
ABS005623;STU01163;MAT0007;41;3;16-03-0025;TD;1;3;21-11-2025
ABS005624;STU01163;MAT0034;41;3;16-05-0021;TD;1;2;21-11-2025
ABS005625;STU01163;MAT0008;41;3;17-03-0014;EXAMEN;1;2;21-11-2025
ABS005626;STU01163;MAT0004;41;3;17-03-0019;COURS;1;2;21-11-2025
ABS005627;STU01163;MAT0024;41;3;15-04-0009;COURS;1;1;21-11-2025
ABS005628;STU01163;MAT0035;41;3;15-04-0033;TP;0;2;21-11-2025
ABS005629;STU01163;MAT0013;41;3;17-05-0007;EXAMEN;1;4;21-11-2025
ABS005630;STU01163;MAT0015;41;3;16-05-0032;COURS;0;2;21-11-2025
ABS005631;STU01164;MAT0011;42;3;16-04-0019;TP;1;3;21-11-2025
ABS005632;STU01164;MAT0029;42;3;16-04-0007;EXAMEN;1;1;21-11-2025
ABS005633;STU01165;MAT0033;41;3;15-04-0017;TD;1;3;21-11-2025
ABS005634;STU01165;MAT0007;41;3;17-05-0030;COURS;1;1;21-11-2025
ABS005635;STU01165;MAT0012;41;3;16-05-0024;TD;1;3;21-11-2025
ABS005636;STU01165;MAT0009;41;3;16-03-0032;TP;1;2;21-11-2025
ABS005637;STU01165;MAT0032;41;3;16-04-0023;TP;0;1;21-11-2025
ABS005638;STU01165;MAT0019;41;3;15-04-0020;COURS;0;2;21-11-2025
ABS005639;STU01165;MAT0003;41;3;17-03-0030;EXAMEN;1;4;21-11-2025
ABS005640;STU01165;MAT0032;41;3;15-04-0020;COURS;1;4;21-11-2025
ABS005641;STU01165;MAT0015;41;3;17-03-0031;COURS;0;1;21-11-2025
ABS005642;STU01165;MAT0006;41;3;16-05-0020;COURS;1;3;21-11-2025
ABS005643;STU01165;MAT0015;41;3;16-04-0030;COURS;1;4;21-11-2025
ABS005644;STU01166;MAT0004;42;3;15-04-0028;TD;1;1;21-11-2025
ABS005645;STU01166;MAT0014;42;3;16-04-0007;EXAMEN;1;2;21-11-2025
ABS005646;STU01166;MAT0007;42;3;16-03-0020;TD;1;1;21-11-2025
ABS005647;STU01166;MAT0034;42;3;16-04-0018;TD;0;2;21-11-2025
ABS005648;STU01167;MAT0020;41;3;15-04-0029;TD;0;3;21-11-2025
ABS005649;STU01167;MAT0010;41;3;16-04-0014;TP;1;3;21-11-2025
ABS005650;STU01167;MAT0028;41;3;17-03-0031;TP;1;1;21-11-2025
ABS005651;STU01167;MAT0015;41;3;15-04-0029;EXAMEN;1;4;21-11-2025
ABS005652;STU01167;MAT0008;41;3;17-05-0027;TD;0;4;21-11-2025
ABS005653;STU01168;MAT0023;42;3;16-05-0008;EXAMEN;1;1;21-11-2025
ABS005654;STU01168;MAT0021;42;3;16-03-0017;COURS;1;1;21-11-2025
ABS005655;STU01169;MAT0017;41;3;17-05-0034;TP;0;3;21-11-2025
ABS005656;STU01170;MAT0029;42;3;16-03-0033;TP;0;2;21-11-2025
ABS005657;STU01170;MAT0017;42;3;16-03-0017;COURS;1;3;21-11-2025
ABS005658;STU01170;MAT0021;42;3;17-03-0018;EXAMEN;1;3;21-11-2025
ABS005659;STU01170;MAT0012;42;3;16-03-0025;COURS;0;4;21-11-2025
ABS005660;STU01170;MAT0021;42;3;17-05-0022;TD;0;1;21-11-2025
ABS005661;STU01170;MAT0017;42;3;17-03-0014;COURS;0;1;21-11-2025
ABS005662;STU01170;MAT0035;42;3;16-04-0030;COURS;1;4;21-11-2025
ABS005663;STU01171;MAT0018;41;3;15-04-0032;EXAMEN;1;3;21-11-2025
ABS005664;STU01171;;41;3;16-03-0008;COURS;1;1;21-11-2025
ABS005665;STU01171;MAT0027;41;3;16-03-0016;TP;1;3;21-11-2025
ABS005666;STU01171;MAT0025;41;3;16-05-0021;TD;0;4;21-11-2025
ABS005667;STU01171;MAT0024;41;3;15-04-0012;EXAMEN;0;2;21-11-2025
ABS005668;STU01171;MAT0028;41;3;16-04-0019;TD;0;4;21-11-2025
ABS005669;STU01171;MAT0013;41;3;16-03-0009;COURS;1;3;21-11-2025
ABS005670;STU01171;MAT0006;41;3;16-05-0009;COURS;0;1;21-11-2025
ABS005671;STU01171;MAT0012;41;3;16-04-0018;TP;0;1;21-11-2025
ABS005672;STU01172;MAT0007;42;3;16-04-0014;TP;1;4;21-11-2025
ABS005673;STU01172;MAT0032;42;3;17-03-0031;TP;0;4;21-11-2025
ABS005674;STU01172;MAT0031;42;3;17-05-0015;EXAMEN;1;4;21-11-2025
ABS005675;STU01175;MAT0030;41;3;16-03-0025;EXAMEN;1;2;21-11-2025
ABS005676;STU01175;MAT0025;41;3;15-04-0016;COURS;1;3;21-11-2025
ABS005677;STU01175;MAT0025;41;3;16-04-0015;EXAMEN;0;2;21-11-2025
ABS005678;STU01175;MAT0020;41;3;15-04-0028;COURS;1;2;21-11-2025
ABS005679;STU01176;MAT0016;42;3;17-03-0034;EXAMEN;1;3;21-11-2025
ABS005680;STU01176;MAT0018;42;3;16-05-0028;EXAMEN;1;2;21-11-2025
ABS005681;STU01176;MAT0021;42;3;16-05-0021;COURS;1;3;21-11-2025
ABS005682;STU01176;MAT0020;42;3;16-04-0023;COURS;1;3;21-11-2025
ABS005683;STU01176;MAT0035;42;3;15-04-0017;TP;1;2;21-11-2025
ABS005684;STU01176;MAT0019;42;3;17-05-0011;EXAMEN;1;4;21-11-2025
ABS005685;STU01176;MAT0026;42;3;17-03-0022;EXAMEN;1;3;21-11-2025
ABS005686;STU01176;MAT0014;42;3;17-05-0022;EXAMEN;1;3;21-11-2025
ABS005687;STU01176;MAT0010;42;3;17-03-0015;TP;0;1;21-11-2025
ABS005688;STU01177;MAT0035;41;3;17-03-0034;EXAMEN;0;4;21-11-2025
ABS005689;STU01177;MAT0028;41;3;15-04-0020;EXAMEN;1;1;21-11-2025
ABS005690;STU01177;MAT0013;41;3;17-05-0010;TP;0;3;21-11-2025
ABS005691;STU01177;MAT0014;41;3;16-03-0017;COURS;1;4;21-11-2025
ABS005692;STU01177;MAT0023;41;3;17-03-0023;EXAMEN;1;4;21-11-2025
ABS005693;STU01177;MAT0008;41;3;15-04-0025;COURS;1;4;21-11-2025
ABS005694;STU01178;MAT0027;42;3;16-05-0028;EXAMEN;0;3;21-11-2025
ABS005695;STU01178;MAT0029;42;3;15-04-0032;EXAMEN;1;1;21-11-2025
ABS005696;STU01178;MAT0023;42;3;15-04-0008;EXAMEN;1;4;21-11-2025
ABS005697;STU01178;MAT0024;42;3;17-03-0011;COURS;1;3;21-11-2025
ABS005698;STU01178;MAT0017;42;3;15-04-0016;TP;0;3;21-11-2025
ABS005699;STU01178;MAT0021;42;3;15-04-0032;TD;1;2;21-11-2025
ABS005700;STU01178;MAT0018;42;3;16-04-0015;TP;1;3;21-11-2025
ABS005701;STU01179;MAT0014;41;3;16-05-0020;TD;1;3;21-11-2025
ABS005702;STU01180;MAT0022;42;3;16-03-0025;TD;1;4;21-11-2025
ABS005703;STU01180;MAT0031;42;3;17-03-0022;TD;1;2;21-11-2025
ABS005704;STU01180;MAT0021;42;3;16-04-0019;EXAMEN;0;3;21-11-2025
ABS005705;STU01180;MAT0028;42;3;17-03-0030;EXAMEN;0;4;21-11-2025
ABS005706;STU01180;MAT0035;42;3;15-04-0032;COURS;1;2;21-11-2025
ABS005707;STU01181;MAT0012;41;3;15-04-0024;TP;0;3;21-11-2025
ABS005708;STU01181;MAT0031;41;3;16-03-0008;EXAMEN;1;4;21-11-2025
ABS005709;STU01181;MAT0031;41;3;16-04-0014;EXAMEN;1;4;21-11-2025
ABS005710;STU01181;MAT0017;41;3;17-05-0023;TD;0;1;21-11-2025
ABS005711;STU01181;MAT0005;41;3;15-04-0016;COURS;1;4;21-11-2025
ABS005712;STU01182;MAT0012;42;3;16-03-0017;TP;0;4;21-11-2025
ABS005713;STU01182;MAT0023;42;3;16-05-0009;EXAMEN;1;1;21-11-2025
ABS005714;STU01182;MAT0033;42;3;16-04-0026;TD;0;4;21-11-2025
ABS005715;STU01182;MAT0002;42;3;16-05-0008;COURS;0;3;21-11-2025
ABS005716;STU01182;MAT0002;42;3;16-05-0025;TD;0;4;21-11-2025
ABS005717;STU01182;MAT0012;42;3;16-04-0014;EXAMEN;1;2;21-11-2025
ABS005718;STU01183;;41;3;16-03-0024;COURS;1;3;21-11-2025
ABS005719;STU01183;MAT0008;41;3;17-05-0026;COURS;1;2;21-11-2025
ABS005720;STU01183;MAT0020;41;3;17-05-0034;EXAMEN;1;1;21-11-2025
ABS005721;STU01183;MAT0007;41;3;16-03-0009;TD;1;1;21-11-2025
ABS005722;STU01183;MAT0023;41;3;15-04-0020;TP;0;1;21-11-2025
ABS005723;STU01184;MAT0004;42;3;16-03-0025;TP;1;4;21-11-2025
ABS005724;STU01184;MAT0028;42;3;15-04-0028;TP;0;3;21-11-2025
ABS005725;STU01184;MAT0014;42;3;16-03-0024;EXAMEN;1;3;21-11-2025
ABS005726;STU01184;MAT0033;42;3;17-03-0023;TP;1;4;21-11-2025
ABS005727;STU01185;MAT0021;41;3;17-05-0031;COURS;1;1;21-11-2025
ABS005728;STU01185;MAT0029;41;3;16-05-0012;EXAMEN;1;1;21-11-2025
ABS005729;STU01185;MAT0014;41;3;15-04-0025;COURS;1;3;21-11-2025
ABS005730;STU01185;MAT0022;41;3;16-03-0033;TP;0;4;21-11-2025
ABS005731;STU01185;MAT0010;41;3;16-04-0026;TP;1;3;21-11-2025
ABS005732;STU01185;MAT0033;41;3;17-05-0031;TD;1;2;21-11-2025
ABS005733;STU01185;MAT0030;41;3;15-04-0024;EXAMEN;1;2;21-11-2025
ABS005734;STU01186;MAT0018;42;3;16-05-0033;COURS;1;4;21-11-2025
ABS005735;STU01186;MAT0033;42;3;15-04-0012;EXAMEN;1;4;21-11-2025
ABS005736;STU01187;MAT0019;41;3;16-03-0008;COURS;1;2;21-11-2025
ABS005737;STU01187;MAT0025;41;3;17-05-0019;TP;0;3;21-11-2025
ABS005738;STU01187;MAT0021;41;3;17-03-0030;EXAMEN;0;1;21-11-2025
ABS005739;STU01187;MAT0019;41;3;17-03-0007;COURS;0;1;21-11-2025
ABS005740;STU01187;MAT0007;41;3;15-04-0032;COURS;0;3;21-11-2025
ABS005741;STU01187;MAT0016;41;3;16-03-0032;EXAMEN;0;2;21-11-2025
ABS005742;STU01187;MAT0029;41;3;16-04-0018;COURS;0;4;21-11-2025
ABS005743;STU01188;MAT0014;42;3;16-03-0025;TP;0;1;21-11-2025
ABS005744;STU01188;MAT0002;42;3;16-05-0009;COURS;1;3;21-11-2025
ABS005745;STU01188;MAT0029;42;3;16-04-0019;TD;1;1;21-11-2025
ABS005746;STU01189;MAT0005;41;3;16-05-0029;EXAMEN;0;2;21-11-2025
ABS005747;STU01189;MAT0024;41;3;16-03-0021;EXAMEN;1;4;21-11-2025
ABS005748;STU01189;MAT0012;41;3;17-03-0007;COURS;1;4;21-11-2025
ABS005749;STU01190;MAT0003;42;3;15-04-0032;COURS;1;1;21-11-2025
ABS005750;STU01190;MAT0019;42;3;16-03-0028;TD;1;1;21-11-2025
ABS005751;STU01190;MAT0011;42;3;17-05-0026;TD;1;3;21-11-2025
ABS005752;STU01190;MAT0027;42;3;17-03-0007;COURS;0;4;21-11-2025
ABS005753;STU01190;MAT0028;42;3;16-04-0015;EXAMEN;0;3;21-11-2025
ABS005754;STU01190;MAT0016;42;3;17-03-0015;TP;1;1;21-11-2025
ABS005755;STU01190;MAT0031;42;3;15-04-0033;COURS;0;1;21-11-2025
ABS005756;STU01191;MAT0006;41;3;15-04-0008;TP;1;1;21-11-2025
ABS005757;STU01191;MAT0021;41;3;17-05-0010;EXAMEN;0;2;21-11-2025
ABS005758;STU01191;MAT0013;41;3;16-04-0019;TP;1;4;21-11-2025
ABS005759;STU01191;MAT0028;41;3;16-04-0026;EXAMEN;0;3;21-11-2025
ABS005760;STU01191;MAT0022;41;3;16-04-0023;EXAMEN;0;4;21-11-2025
ABS005761;STU01193;MAT0004;41;3;16-04-0031;EXAMEN;1;3;21-11-2025
ABS005762;STU01193;MAT0033;41;3;17-05-0030;EXAMEN;1;4;21-11-2025
ABS005763;STU01193;MAT0017;41;3;16-04-0034;COURS;1;2;21-11-2025
ABS005764;STU01193;MAT0032;41;3;16-04-0031;COURS;1;3;21-11-2025
ABS005765;STU01193;MAT0007;41;3;16-05-0024;EXAMEN;0;1;21-11-2025
ABS005766;STU01193;MAT0032;41;3;16-03-0025;TP;1;4;21-11-2025
ABS005767;STU01193;MAT0011;41;3;16-03-0024;EXAMEN;1;4;21-11-2025
ABS005768;STU01193;MAT0017;41;3;15-04-0008;TP;1;1;21-11-2025
ABS005769;STU01193;MAT0009;41;3;16-04-0015;TP;1;4;21-11-2025
ABS005770;STU01193;MAT0002;41;3;15-04-0032;COURS;1;1;21-11-2025
ABS005771;STU01193;MAT0008;41;3;16-03-0017;TD;1;4;21-11-2025
ABS005772;STU01193;MAT0033;41;3;16-03-0020;TP;1;4;21-11-2025
ABS005773;STU01193;MAT0010;41;3;16-03-0016;TP;0;1;21-11-2025
ABS005774;STU01193;;41;3;16-04-0011;EXAMEN;1;1;21-11-2025
ABS005775;STU01194;MAT0017;42;3;16-05-0009;TD;1;4;21-11-2025
ABS005776;STU01194;MAT0015;42;3;16-03-0028;EXAMEN;1;1;21-11-2025
ABS005777;STU01194;MAT0021;42;3;16-05-0008;TP;0;4;21-11-2025
ABS005778;STU01194;MAT0003;42;3;16-03-0017;COURS;1;4;21-11-2025
ABS005779;STU01194;MAT0030;42;3;16-03-0009;TP;1;1;21-11-2025
ABS005780;STU01194;MAT0035;42;3;17-05-0030;COURS;0;4;21-11-2025
ABS005781;STU01196;MAT0007;42;3;15-04-0020;EXAMEN;1;4;21-11-2025
ABS005782;STU01197;MAT0006;41;3;16-03-0029;TD;1;2;21-11-2025
ABS005783;STU01197;MAT0015;41;3;17-05-0031;TP;1;1;21-11-2025
ABS005784;STU01197;;41;3;15-04-0013;TD;0;2;21-11-2025
ABS005785;STU01197;MAT0024;41;3;15-04-0012;EXAMEN;1;2;21-11-2025
ABS005786;STU01197;MAT0030;41;3;15-04-0033;TP;1;1;21-11-2025
ABS005787;STU01197;MAT0007;41;3;16-05-0028;TD;1;1;21-11-2025
ABS005788;STU01198;MAT0030;42;3;15-04-0029;EXAMEN;1;1;21-11-2025
ABS005789;STU01199;MAT0026;41;3;16-04-0031;TD;0;2;21-11-2025
ABS005790;STU01199;;41;3;16-04-0010;COURS;0;4;21-11-2025
ABS005791;STU01199;MAT0005;41;3;16-05-0008;EXAMEN;1;2;21-11-2025
ABS005792;STU01199;MAT0026;41;3;16-05-0008;TD;1;2;21-11-2025
ABS005793;STU01199;MAT0023;41;3;15-04-0017;COURS;0;4;21-11-2025
ABS005794;STU01199;MAT0005;41;3;16-04-0019;EXAMEN;1;2;21-11-2025
ABS005795;STU01199;MAT0023;41;3;17-05-0019;EXAMEN;1;2;21-11-2025
ABS005796;STU01199;MAT0004;41;3;16-04-0034;TD;1;2;21-11-2025
ABS005797;STU01199;MAT0032;41;3;16-04-0023;TD;1;1;21-11-2025
ABS005798;STU01199;MAT0012;41;3;17-05-0011;TP;1;3;21-11-2025
ABS005799;STU01200;MAT0018;42;3;16-04-0026;COURS;1;4;21-11-2025
ABS005800;STU01200;MAT0032;42;3;16-03-0033;COURS;1;2;21-11-2025
ABS005801;STU01200;MAT0008;42;3;16-05-0016;COURS;1;1;21-11-2025
ABS005802;STU01200;MAT0021;42;3;16-04-0019;TP;1;2;21-11-2025
ABS005803;STU01200;MAT0015;42;3;17-05-0031;COURS;1;3;21-11-2025
ABS005804;STU01200;MAT0015;42;3;15-04-0008;TP;1;4;21-11-2025
ABS005805;STU01200;MAT0035;42;3;16-03-0029;EXAMEN;1;4;21-11-2025
ABS005806;STU01200;MAT0016;42;3;15-04-0025;EXAMEN;1;1;21-11-2025
ABS005807;STU01201;MAT0021;47;3;17-03-0027;TD;0;4;21-11-2025
ABS005808;STU01201;MAT0032;47;3;17-03-0011;COURS;0;4;21-11-2025
ABS005809;STU01201;MAT0024;47;3;16-04-0015;COURS;1;1;21-11-2025
ABS005810;STU01201;MAT0004;47;3;17-05-0031;TP;1;1;21-11-2025
ABS005811;STU01201;MAT0035;47;3;17-03-0026;TP;1;3;21-11-2025
ABS005812;STU01201;MAT0014;47;3;16-04-0022;COURS;1;2;21-11-2025
ABS005813;STU01201;MAT0002;47;3;15-04-0016;EXAMEN;0;2;21-11-2025
ABS005814;STU01202;MAT0021;48;3;17-03-0018;TD;0;3;21-11-2025
ABS005815;STU01203;MAT0024;47;3;16-03-0017;COURS;0;3;21-11-2025
ABS005816;STU01204;MAT0029;48;3;16-03-0009;EXAMEN;1;3;21-11-2025
ABS005817;STU01204;MAT0024;48;3;17-03-0030;COURS;0;1;21-11-2025
ABS005818;STU01204;MAT0018;48;3;17-05-0027;COURS;1;3;21-11-2025
ABS005819;STU01204;MAT0019;48;3;16-05-0009;COURS;0;1;21-11-2025
ABS005820;STU01204;MAT0003;48;3;16-04-0015;TP;1;3;21-11-2025
ABS005821;STU01204;MAT0028;48;3;16-03-0017;TD;0;2;21-11-2025
ABS005822;STU01204;MAT0010;48;3;15-04-0020;EXAMEN;1;3;21-11-2025
ABS005823;STU01204;MAT0033;48;3;16-04-0014;EXAMEN;1;2;21-11-2025
ABS005824;STU01204;MAT0010;48;3;16-03-0025;TP;0;2;21-11-2025
ABS005825;STU01204;MAT0025;48;3;16-05-0008;COURS;1;2;21-11-2025
ABS005826;STU01204;MAT0003;48;3;15-04-0032;EXAMEN;0;3;21-11-2025
ABS005827;STU01204;MAT0031;48;3;16-03-0013;TD;1;3;21-11-2025
ABS005828;STU01204;MAT0009;48;3;16-05-0009;TP;1;1;21-11-2025
ABS005829;STU01204;MAT0028;48;3;17-05-0014;EXAMEN;1;2;21-11-2025
ABS005830;STU01204;MAT0014;48;3;15-04-0016;EXAMEN;0;2;21-11-2025
ABS005831;STU01205;MAT0018;47;3;16-05-0017;TP;1;1;21-11-2025
ABS005832;STU01205;MAT0035;47;3;15-04-0008;TP;1;3;21-11-2025
ABS005833;STU01205;MAT0015;47;3;15-04-0029;COURS;1;4;21-11-2025
ABS005834;STU01205;MAT0015;47;3;16-04-0031;TD;1;1;21-11-2025
ABS005835;STU01205;;47;3;16-03-0013;TP;0;2;21-11-2025
ABS005836;STU01205;MAT0015;47;3;16-03-0033;TD;0;4;21-11-2025
ABS005837;STU01205;MAT0010;47;3;17-03-0031;TP;0;2;21-11-2025
ABS005838;STU01205;MAT0017;47;3;16-04-0007;COURS;0;3;21-11-2025
ABS005839;STU01205;MAT0035;47;3;17-03-0031;EXAMEN;1;4;21-11-2025
ABS005840;STU01205;MAT0030;47;3;16-05-0016;COURS;1;2;21-11-2025
ABS005841;STU01205;MAT0011;47;3;15-04-0008;EXAMEN;0;4;21-11-2025
ABS005842;STU01205;MAT0027;47;3;15-04-0013;COURS;1;4;21-11-2025
ABS005843;STU01206;MAT0034;48;3;17-05-0031;TD;0;1;21-11-2025
ABS005844;STU01206;MAT0002;48;3;16-05-0021;COURS;1;2;21-11-2025
ABS005845;STU01206;MAT0032;48;3;15-04-0021;COURS;1;4;21-11-2025
ABS005846;STU01206;MAT0034;48;3;16-04-0010;EXAMEN;0;1;21-11-2025
ABS005847;STU01206;MAT0027;48;3;17-05-0023;TD;1;2;21-11-2025
ABS005848;STU01206;MAT0005;48;3;17-05-0027;EXAMEN;1;4;21-11-2025
ABS005849;STU01206;MAT0025;48;3;17-03-0007;EXAMEN;1;1;21-11-2025
ABS005850;STU01206;MAT0004;48;3;17-03-0022;TP;1;2;21-11-2025
ABS005851;STU01207;MAT0033;47;3;15-04-0017;COURS;1;1;21-11-2025
ABS005852;STU01209;MAT0030;47;3;16-05-0032;EXAMEN;0;1;21-11-2025
ABS005853;STU01209;MAT0004;47;3;16-03-0024;TD;0;1;21-11-2025
ABS005854;STU01209;MAT0023;47;3;16-05-0024;TP;0;4;21-11-2025
ABS005855;STU01209;MAT0003;47;3;16-05-0025;TP;1;2;21-11-2025
ABS005856;STU01209;MAT0027;47;3;17-03-0015;TP;1;4;21-11-2025
ABS005857;STU01209;MAT0009;47;3;17-05-0027;EXAMEN;0;1;21-11-2025
ABS005858;STU01209;MAT0033;47;3;16-03-0009;COURS;1;4;21-11-2025
ABS005859;STU01210;MAT0031;48;3;16-04-0027;TP;0;1;21-11-2025
ABS005860;STU01210;;48;3;17-05-0022;TD;1;2;21-11-2025
ABS005861;STU01210;MAT0022;48;3;17-05-0031;TD;1;2;21-11-2025
ABS005862;STU01211;MAT0002;47;3;17-05-0022;TP;1;1;21-11-2025
ABS005863;STU01211;MAT0021;47;3;15-04-0032;EXAMEN;1;1;21-11-2025
ABS005864;STU01213;MAT0031;47;3;16-03-0033;TP;1;2;21-11-2025
ABS005865;STU01213;MAT0018;47;3;16-04-0022;TP;0;1;21-11-2025
ABS005866;STU01213;MAT0011;47;3;15-04-0024;EXAMEN;0;1;21-11-2025
ABS005867;STU01213;MAT0031;47;3;16-04-0027;EXAMEN;1;1;21-11-2025
ABS005868;STU01214;MAT0026;48;3;17-05-0015;TP;1;1;21-11-2025
ABS005869;STU01215;MAT0008;47;3;16-04-0011;EXAMEN;1;3;21-11-2025
ABS005870;STU01215;MAT0009;47;3;15-04-0017;TP;1;3;21-11-2025
ABS005871;STU01215;MAT0022;47;3;17-03-0015;EXAMEN;1;2;21-11-2025
ABS005872;STU01215;MAT0004;47;3;16-05-0012;EXAMEN;0;4;21-11-2025
ABS005873;STU01215;MAT0018;47;3;16-04-0026;COURS;1;1;21-11-2025
ABS005874;STU01215;MAT0017;47;3;16-03-0017;COURS;0;2;21-11-2025
ABS005875;STU01217;MAT0009;47;3;17-03-0014;TD;1;4;21-11-2025
ABS005876;STU01217;MAT0023;47;3;17-03-0011;TP;1;4;21-11-2025
ABS005877;STU01218;MAT0004;48;3;15-04-0009;TD;1;3;21-11-2025
ABS005878;STU01218;MAT0004;48;3;16-04-0015;TP;0;1;21-11-2025
ABS005879;STU01218;MAT0011;48;3;16-05-0016;EXAMEN;0;2;21-11-2025
ABS005880;STU01218;;48;3;17-05-0018;EXAMEN;0;1;21-11-2025
ABS005881;STU01218;MAT0028;48;3;16-03-0033;EXAMEN;1;4;21-11-2025
ABS005882;STU01218;MAT0003;48;3;16-05-0033;EXAMEN;0;1;21-11-2025
ABS005883;STU01218;MAT0006;48;3;17-05-0034;COURS;0;1;21-11-2025
ABS005884;STU01218;MAT0023;48;3;16-04-0019;TP;0;3;21-11-2025
ABS005885;STU01218;MAT0003;48;3;17-05-0014;COURS;0;3;21-11-2025
ABS005886;STU01218;MAT0032;48;3;16-04-0011;TP;1;2;21-11-2025
ABS005887;STU01218;MAT0021;48;3;17-03-0027;TD;1;2;21-11-2025
ABS005888;STU01218;MAT0033;48;3;15-04-0028;EXAMEN;1;2;21-11-2025
ABS005889;STU01218;MAT0013;48;3;17-03-0022;TD;0;4;21-11-2025
ABS005890;STU01218;MAT0026;48;3;15-04-0033;COURS;0;4;21-11-2025
ABS005891;STU01219;MAT0008;47;3;17-03-0034;EXAMEN;0;3;21-11-2025
ABS005892;STU01219;MAT0010;47;3;17-03-0027;TP;0;1;21-11-2025
ABS005893;STU01219;MAT0012;47;3;16-04-0015;TD;1;4;21-11-2025
ABS005894;STU01219;MAT0020;47;3;16-04-0014;TP;1;4;21-11-2025
ABS005895;STU01219;MAT0028;47;3;16-04-0011;TP;0;3;21-11-2025
ABS005896;STU01219;MAT0032;47;3;16-03-0016;EXAMEN;1;3;21-11-2025
ABS005897;STU01219;MAT0027;47;3;16-03-0009;COURS;0;3;21-11-2025
ABS005898;STU01219;MAT0023;47;3;16-05-0025;TD;1;4;21-11-2025
ABS005899;STU01219;MAT0032;47;3;16-04-0018;TP;1;2;21-11-2025
ABS005900;STU01219;MAT0005;47;3;17-03-0015;TP;1;2;21-11-2025
ABS005901;STU01219;MAT0011;47;3;17-05-0030;TD;0;1;21-11-2025
ABS005902;STU01219;MAT0015;47;3;16-04-0015;COURS;1;2;21-11-2025
ABS005903;STU01219;MAT0032;47;3;17-05-0011;EXAMEN;1;3;21-11-2025
ABS005904;STU01219;MAT0019;47;3;17-05-0031;TD;0;2;21-11-2025
ABS005905;STU01220;MAT0032;48;3;16-05-0020;TP;1;1;21-11-2025
ABS005906;STU01220;MAT0031;48;3;16-04-0034;EXAMEN;0;4;21-11-2025
ABS005907;STU01220;MAT0031;48;3;17-05-0015;TD;1;2;21-11-2025
ABS005908;STU01220;MAT0019;48;3;17-05-0031;COURS;1;1;21-11-2025
ABS005909;STU01220;MAT0005;48;3;15-04-0021;COURS;0;4;21-11-2025
ABS005910;STU01220;MAT0019;48;3;16-05-0016;TD;1;2;21-11-2025
ABS005911;STU01221;MAT0009;47;3;17-05-0015;COURS;0;2;21-11-2025
ABS005912;STU01221;MAT0033;47;3;16-04-0018;TP;1;4;21-11-2025
ABS005913;STU01221;MAT0012;47;3;17-03-0034;TP;1;1;21-11-2025
ABS005914;STU01221;MAT0024;47;3;16-03-0017;EXAMEN;1;1;21-11-2025
ABS005915;STU01221;MAT0034;47;3;16-04-0031;TP;0;3;21-11-2025
ABS005916;STU01221;MAT0008;47;3;16-04-0018;TD;1;2;21-11-2025
ABS005917;STU01222;MAT0030;48;3;16-03-0029;COURS;1;1;21-11-2025
ABS005918;STU01224;MAT0019;48;3;17-05-0027;TD;0;4;21-11-2025
ABS005919;STU01224;MAT0018;48;3;17-05-0030;TP;1;4;21-11-2025
ABS005920;STU01224;MAT0008;48;3;16-03-0029;TD;1;1;21-11-2025
ABS005921;STU01224;MAT0005;48;3;17-05-0010;TD;1;2;21-11-2025
ABS005922;STU01224;MAT0033;48;3;16-03-0028;COURS;0;3;21-11-2025
ABS005923;STU01225;MAT0030;47;3;16-05-0013;EXAMEN;0;1;21-11-2025
ABS005924;STU01225;MAT0002;47;3;16-04-0034;EXAMEN;0;3;21-11-2025
ABS005925;STU01226;MAT0025;48;3;16-04-0011;TD;0;4;21-11-2025
ABS005926;STU01226;MAT0013;48;3;17-03-0015;TD;1;4;21-11-2025
ABS005927;STU01227;MAT0004;47;3;17-05-0023;TP;1;1;21-11-2025
ABS005928;STU01227;MAT0016;47;3;16-04-0023;EXAMEN;1;4;21-11-2025
ABS005929;STU01227;MAT0022;47;3;15-04-0028;TD;1;2;21-11-2025
ABS005930;STU01227;MAT0028;47;3;16-05-0025;TD;1;1;21-11-2025
ABS005931;STU01227;MAT0024;47;3;16-05-0016;TP;0;2;21-11-2025
ABS005932;STU01227;MAT0029;47;3;17-05-0018;TD;1;4;21-11-2025
ABS005933;STU01227;MAT0002;47;3;17-03-0030;COURS;1;3;21-11-2025
ABS005934;STU01227;MAT0021;47;3;16-03-0017;TD;1;3;21-11-2025
ABS005935;STU01227;MAT0035;47;3;16-04-0034;EXAMEN;1;3;21-11-2025
ABS005936;STU01227;MAT0015;47;3;16-05-0017;TD;1;1;21-11-2025
ABS005937;STU01227;MAT0015;47;3;16-05-0021;COURS;1;2;21-11-2025
ABS005938;STU01227;MAT0032;47;3;16-05-0016;TP;1;1;21-11-2025
ABS005939;STU01227;MAT0028;47;3;16-05-0033;COURS;1;4;21-11-2025
ABS005940;STU01227;MAT0004;47;3;16-04-0027;TD;0;1;21-11-2025
ABS005941;STU01227;MAT0003;47;3;16-03-0032;TD;1;4;21-11-2025
ABS005942;STU01228;MAT0034;48;3;15-04-0033;EXAMEN;0;1;21-11-2025
ABS005943;STU01228;MAT0009;48;3;16-04-0010;TP;0;1;21-11-2025
ABS005944;STU01230;MAT0032;48;3;15-04-0013;EXAMEN;1;2;21-11-2025
ABS005945;STU01230;MAT0030;48;3;17-03-0030;TD;1;4;21-11-2025
ABS005946;STU01230;MAT0025;48;3;15-04-0028;TD;0;4;21-11-2025
ABS005947;STU01230;MAT0006;48;3;15-04-0013;COURS;1;3;21-11-2025
ABS005948;STU01230;MAT0017;48;3;16-03-0028;TD;1;2;21-11-2025
ABS005949;STU01230;MAT0029;48;3;17-05-0007;TP;1;2;21-11-2025
ABS005950;STU01230;MAT0020;48;3;17-05-0010;TP;0;3;21-11-2025
ABS005951;STU01230;MAT0025;48;3;16-03-0025;TP;0;4;21-11-2025
ABS005952;STU01231;MAT0018;47;3;16-05-0013;COURS;1;2;21-11-2025
ABS005953;STU01231;MAT0005;47;3;15-04-0021;TP;1;2;21-11-2025
ABS005954;STU01231;MAT0027;47;3;17-05-0027;TP;0;4;21-11-2025
ABS005955;STU01231;MAT0008;47;3;16-03-0017;TD;0;1;21-11-2025
ABS005956;STU01231;MAT0006;47;3;16-03-0013;EXAMEN;1;1;21-11-2025
ABS005957;STU01231;MAT0007;47;3;16-04-0018;TP;0;3;21-11-2025
ABS005958;STU01231;MAT0005;47;3;15-04-0020;EXAMEN;1;4;21-11-2025
ABS005959;STU01231;;47;3;17-05-0019;COURS;1;1;21-11-2025
ABS005960;STU01231;MAT0016;47;3;17-05-0015;TP;1;1;21-11-2025
ABS005961;STU01231;MAT0026;47;3;16-03-0012;TP;0;4;21-11-2025
ABS005962;STU01231;MAT0030;47;3;16-05-0016;TP;1;4;21-11-2025
ABS005963;STU01231;MAT0030;47;3;16-04-0030;TD;1;4;21-11-2025
ABS005964;STU01232;MAT0028;48;3;16-04-0007;TP;1;2;21-11-2025
ABS005965;STU01232;MAT0004;48;3;17-03-0014;TP;1;4;21-11-2025
ABS005966;STU01232;MAT0008;48;3;16-05-0012;TP;1;1;21-11-2025
ABS005967;STU01233;MAT0030;47;3;16-04-0014;TD;1;1;21-11-2025
ABS005968;STU01234;;48;3;16-03-0024;EXAMEN;1;1;21-11-2025
ABS005969;STU01236;MAT0008;48;3;17-05-0019;TP;1;4;21-11-2025
ABS005970;STU01236;MAT0004;48;3;17-03-0034;EXAMEN;1;4;21-11-2025
ABS005971;STU01236;MAT0015;48;3;16-05-0008;EXAMEN;1;4;21-11-2025
ABS005972;STU01236;MAT0004;48;3;16-03-0017;TP;0;4;21-11-2025
ABS005973;STU01236;MAT0031;48;3;16-05-0033;EXAMEN;1;2;21-11-2025
ABS005974;STU01236;MAT0019;48;3;17-03-0026;EXAMEN;1;4;21-11-2025
ABS005975;STU01236;MAT0030;48;3;16-05-0008;TP;1;1;21-11-2025
ABS005976;STU01237;MAT0033;47;3;17-03-0007;EXAMEN;1;3;21-11-2025
ABS005977;STU01237;MAT0029;47;3;17-05-0022;TD;0;2;21-11-2025
ABS005978;STU01237;MAT0026;47;3;16-04-0018;EXAMEN;1;4;21-11-2025
ABS005979;STU01237;MAT0017;47;3;16-03-0021;TD;1;2;21-11-2025
ABS005980;STU01237;MAT0003;47;3;17-03-0034;EXAMEN;0;3;21-11-2025
ABS005981;STU01237;MAT0022;47;3;16-04-0022;TP;0;2;21-11-2025
ABS005982;STU01237;MAT0029;47;3;17-03-0019;TD;1;1;21-11-2025
ABS005983;STU01238;MAT0034;48;3;15-04-0021;COURS;0;2;21-11-2025
ABS005984;STU01238;MAT0019;48;3;16-05-0012;EXAMEN;0;1;21-11-2025
ABS005985;STU01238;MAT0029;48;3;17-05-0014;COURS;1;3;21-11-2025
ABS005986;STU01238;MAT0018;48;3;16-03-0025;TD;1;2;21-11-2025
ABS005987;STU01238;MAT0024;48;3;17-05-0010;EXAMEN;1;4;21-11-2025
ABS005988;STU01238;MAT0015;48;3;16-05-0009;COURS;1;1;21-11-2025
ABS005989;STU01238;MAT0033;48;3;16-04-0010;COURS;1;4;21-11-2025
ABS005990;STU01238;MAT0002;48;3;16-05-0032;COURS;0;4;21-11-2025
ABS005991;STU01238;MAT0020;48;3;16-05-0008;EXAMEN;1;3;21-11-2025
ABS005992;STU01238;MAT0004;48;3;17-05-0015;TP;1;1;21-11-2025
ABS005993;STU01238;MAT0015;48;3;16-04-0010;TP;1;4;21-11-2025
ABS005994;STU01238;MAT0006;48;3;16-05-0025;COURS;1;2;21-11-2025
ABS005995;STU01238;MAT0035;48;3;15-04-0032;COURS;0;4;21-11-2025
ABS005996;STU01239;MAT0019;47;3;16-05-0009;TP;1;4;21-11-2025
ABS005997;STU01239;MAT0025;47;3;16-05-0020;COURS;0;4;21-11-2025
ABS005998;STU01239;MAT0018;47;3;17-05-0011;TD;1;4;21-11-2025
ABS005999;STU01239;MAT0002;47;3;15-04-0008;TP;1;3;21-11-2025
ABS006000;STU01239;MAT0018;47;3;17-05-0011;COURS;0;4;21-11-2025
ABS006001;STU01239;MAT0021;47;3;15-04-0029;EXAMEN;0;1;21-11-2025
ABS006002;STU01240;MAT0024;48;3;16-03-0009;COURS;1;4;21-11-2025
ABS006003;STU01240;MAT0023;48;3;16-03-0021;EXAMEN;0;2;21-11-2025
ABS006004;STU01240;MAT0020;48;3;16-05-0016;EXAMEN;1;1;21-11-2025
ABS006005;STU01240;MAT0023;48;3;17-05-0015;TD;0;3;21-11-2025
ABS006006;STU01240;MAT0003;48;3;17-03-0026;COURS;0;4;21-11-2025
ABS006007;STU01240;MAT0017;48;3;16-03-0013;TD;1;4;21-11-2025
ABS006008;STU01240;MAT0031;48;3;15-04-0029;COURS;1;3;21-11-2025
ABS006009;STU01240;MAT0028;48;3;16-05-0012;TD;0;3;21-11-2025
ABS006010;STU01241;MAT0012;47;3;15-04-0024;COURS;0;1;21-11-2025
ABS006011;STU01241;MAT0021;47;3;17-03-0010;TP;1;3;21-11-2025
ABS006012;STU01241;MAT0024;47;3;16-03-0028;COURS;0;3;21-11-2025
ABS006013;STU01241;MAT0016;47;3;15-04-0032;TD;1;2;21-11-2025
ABS006014;STU01241;;47;3;16-04-0018;TD;1;2;21-11-2025
ABS006015;STU01242;MAT0021;48;3;16-03-0033;TD;1;2;21-11-2025
ABS006016;STU01242;MAT0016;48;3;17-03-0015;TP;1;1;21-11-2025
ABS006017;STU01242;MAT0023;48;3;16-05-0013;EXAMEN;1;4;21-11-2025
ABS006018;STU01242;MAT0011;48;3;15-04-0020;COURS;1;2;21-11-2025
ABS006019;STU01242;;48;3;16-04-0007;EXAMEN;1;3;21-11-2025
ABS006020;STU01242;MAT0034;48;3;16-04-0030;COURS;1;3;21-11-2025
ABS006021;STU01242;MAT0019;48;3;16-05-0012;COURS;1;2;21-11-2025
ABS006022;STU01242;MAT0012;48;3;17-05-0019;TP;1;4;21-11-2025
ABS006023;STU01242;MAT0013;48;3;16-05-0012;EXAMEN;0;4;21-11-2025
ABS006024;STU01242;MAT0024;48;3;17-03-0027;EXAMEN;1;4;21-11-2025
ABS006025;STU01242;MAT0004;48;3;17-03-0023;TP;1;2;21-11-2025
ABS006026;STU01242;MAT0027;48;3;17-05-0011;TD;1;1;21-11-2025
ABS006027;STU01242;MAT0024;48;3;15-04-0021;COURS;0;3;21-11-2025
ABS006028;STU01243;MAT0002;47;3;16-05-0021;TD;1;1;21-11-2025
ABS006029;STU01243;MAT0031;47;3;15-04-0021;TP;1;4;21-11-2025
ABS006030;STU01243;MAT0032;47;3;17-03-0030;COURS;0;4;21-11-2025
ABS006031;STU01243;MAT0035;47;3;16-05-0025;EXAMEN;0;1;21-11-2025
ABS006032;STU01243;MAT0022;47;3;17-05-0034;TD;1;1;21-11-2025
ABS006033;STU01243;MAT0010;47;3;16-03-0029;TD;1;4;21-11-2025
ABS006034;STU01243;MAT0024;47;3;15-04-0021;TD;1;4;21-11-2025
ABS006035;STU01243;MAT0019;47;3;16-04-0015;TP;0;3;21-11-2025
ABS006036;STU01243;MAT0011;47;3;16-04-0011;TD;0;2;21-11-2025
ABS006037;STU01243;MAT0027;47;3;16-04-0031;TP;1;2;21-11-2025
ABS006038;STU01244;MAT0034;48;3;16-03-0013;COURS;1;4;21-11-2025
ABS006039;STU01245;MAT0013;47;3;16-05-0025;TP;0;1;21-11-2025
ABS006040;STU01245;MAT0034;47;3;15-04-0028;TD;1;2;21-11-2025
ABS006041;STU01245;MAT0005;47;3;17-05-0011;EXAMEN;0;4;21-11-2025
ABS006042;STU01245;MAT0012;47;3;16-03-0016;EXAMEN;1;4;21-11-2025
ABS006043;STU01245;MAT0004;47;3;17-03-0031;TD;1;2;21-11-2025
ABS006044;STU01245;MAT0024;47;3;17-05-0007;EXAMEN;1;4;21-11-2025
ABS006045;STU01245;MAT0003;47;3;16-03-0017;EXAMEN;1;1;21-11-2025
ABS006046;STU01245;MAT0021;47;3;16-03-0013;TD;1;1;21-11-2025
ABS006047;STU01245;MAT0033;47;3;16-05-0024;EXAMEN;1;1;21-11-2025
ABS006048;STU01245;MAT0030;47;3;17-03-0007;COURS;0;2;21-11-2025
ABS006049;STU01245;MAT0026;47;3;16-03-0029;COURS;0;4;21-11-2025
ABS006050;STU01245;MAT0033;47;3;17-05-0007;TP;1;3;21-11-2025
ABS006051;STU01245;MAT0018;47;3;15-04-0032;TD;1;4;21-11-2025
ABS006052;STU01245;MAT0008;47;3;17-03-0031;TD;0;4;21-11-2025
ABS006053;STU01248;MAT0033;48;3;16-03-0028;COURS;1;2;21-11-2025
ABS006054;STU01248;MAT0016;48;3;16-05-0016;COURS;1;4;21-11-2025
ABS006055;STU01248;MAT0022;48;3;17-05-0022;EXAMEN;1;3;21-11-2025
ABS006056;STU01248;MAT0008;48;3;17-03-0010;COURS;0;4;21-11-2025
ABS006057;STU01248;MAT0011;48;3;15-04-0021;COURS;1;2;21-11-2025
ABS006058;STU01248;MAT0011;48;3;17-03-0010;EXAMEN;1;4;21-11-2025
ABS006059;STU01248;;48;3;16-04-0019;TD;0;2;21-11-2025
ABS006060;STU01249;MAT0008;47;3;16-04-0023;EXAMEN;1;1;21-11-2025
ABS006061;STU01249;MAT0016;47;3;15-04-0012;TD;1;3;21-11-2025
ABS006062;STU01249;MAT0006;47;3;16-05-0024;COURS;1;2;21-11-2025
ABS006063;STU01249;MAT0014;47;3;16-03-0020;COURS;1;1;21-11-2025
ABS006064;STU01249;MAT0009;47;3;16-04-0018;EXAMEN;0;4;21-11-2025
ABS006065;STU01249;MAT0007;47;3;16-03-0024;COURS;1;2;21-11-2025
ABS006066;STU01249;MAT0002;47;3;16-03-0008;COURS;1;2;21-11-2025
ABS006067;STU01249;MAT0015;47;3;15-04-0009;EXAMEN;1;2;21-11-2025
ABS006068;STU01249;MAT0035;47;3;16-03-0013;COURS;0;4;21-11-2025
ABS006069;STU01250;MAT0006;48;3;16-05-0024;TP;0;3;21-11-2025
ABS006070;STU01250;MAT0025;48;3;16-04-0026;COURS;1;2;21-11-2025
ABS006071;STU01250;MAT0030;48;3;15-04-0008;EXAMEN;0;4;21-11-2025
ABS006072;STU01250;MAT0019;48;3;16-03-0008;TP;0;1;21-11-2025
ABS006073;STU01250;MAT0014;48;3;16-04-0030;TP;0;2;21-11-2025
ABS006074;STU01250;MAT0008;48;3;16-04-0007;EXAMEN;1;4;21-11-2025
ABS006075;STU01250;MAT0005;48;3;16-03-0017;COURS;0;3;21-11-2025
ABS006076;STU01251;MAT0005;47;3;17-03-0018;TP;0;2;21-11-2025
ABS006077;STU01251;MAT0002;47;3;17-05-0011;EXAMEN;1;1;21-11-2025
ABS006078;STU01251;MAT0010;47;3;16-05-0033;TP;1;4;21-11-2025
ABS006079;STU01251;MAT0013;47;3;15-04-0009;TP;1;4;21-11-2025
ABS006080;STU01252;MAT0025;48;3;17-03-0014;TD;1;3;21-11-2025
ABS006081;STU01252;MAT0013;48;3;16-04-0015;TD;1;3;21-11-2025
ABS006082;STU01252;;48;3;17-05-0007;COURS;1;3;21-11-2025
ABS006083;STU01252;MAT0010;48;3;17-03-0019;EXAMEN;1;1;21-11-2025
ABS006084;STU01252;MAT0020;48;3;16-03-0029;EXAMEN;1;1;21-11-2025
ABS006085;STU01252;MAT0024;48;3;16-04-0019;COURS;1;1;21-11-2025
ABS006086;STU01252;MAT0017;48;3;16-03-0025;TP;1;3;21-11-2025
ABS006087;STU01253;MAT0019;47;3;16-04-0019;TD;0;1;21-11-2025
ABS006088;STU01253;MAT0002;47;3;17-05-0026;TD;0;1;21-11-2025
ABS006089;STU01254;MAT0034;48;3;17-03-0026;COURS;1;1;21-11-2025
ABS006090;STU01254;MAT0032;48;3;17-05-0010;TP;0;3;21-11-2025
ABS006091;STU01254;MAT0011;48;3;17-03-0030;EXAMEN;1;4;21-11-2025
ABS006092;STU01254;MAT0023;48;3;16-04-0027;COURS;0;1;21-11-2025
ABS006093;STU01254;MAT0011;48;3;16-04-0027;TD;1;3;21-11-2025
ABS006094;STU01254;MAT0028;48;3;17-03-0030;TP;1;4;21-11-2025
ABS006095;STU01254;MAT0010;48;3;17-03-0007;COURS;0;4;21-11-2025
ABS006096;STU01254;MAT0015;48;3;17-03-0007;EXAMEN;1;3;21-11-2025
ABS006097;STU01254;MAT0032;48;3;16-03-0016;EXAMEN;1;1;21-11-2025
ABS006098;STU01254;MAT0010;48;3;15-04-0016;EXAMEN;0;4;21-11-2025
ABS006099;STU01254;MAT0014;48;3;15-04-0017;COURS;1;3;21-11-2025
ABS006100;STU01254;MAT0023;48;3;17-05-0018;COURS;1;1;21-11-2025
ABS006101;STU01254;MAT0002;48;3;17-03-0011;EXAMEN;1;3;21-11-2025
ABS006102;STU01255;MAT0009;47;3;16-04-0015;EXAMEN;1;3;21-11-2025
ABS006103;STU01255;MAT0006;47;3;16-03-0020;COURS;1;1;21-11-2025
ABS006104;STU01255;MAT0011;47;3;17-05-0023;TP;0;1;21-11-2025
ABS006105;STU01255;MAT0028;47;3;15-04-0029;TP;1;2;21-11-2025
ABS006106;STU01255;;47;3;16-03-0020;EXAMEN;0;4;21-11-2025
ABS006107;STU01256;MAT0012;48;3;16-03-0012;TP;0;3;21-11-2025
ABS006108;STU01256;MAT0006;48;3;16-03-0028;TD;0;1;21-11-2025
ABS006109;STU01256;MAT0012;48;3;15-04-0020;TD;1;3;21-11-2025
ABS006110;STU01256;MAT0032;48;3;15-04-0009;TP;0;1;21-11-2025
ABS006111;STU01256;MAT0016;48;3;17-03-0019;EXAMEN;1;3;21-11-2025
ABS006112;STU01256;MAT0011;48;3;17-05-0015;COURS;1;2;21-11-2025
ABS006113;STU01256;MAT0026;48;3;17-03-0031;COURS;0;2;21-11-2025
ABS006114;STU01256;MAT0023;48;3;16-05-0020;EXAMEN;1;2;21-11-2025
ABS006115;STU01256;MAT0025;48;3;16-03-0032;TP;1;4;21-11-2025
ABS006116;STU01256;MAT0017;48;3;16-04-0019;EXAMEN;1;3;21-11-2025
ABS006117;STU01256;MAT0022;48;3;15-04-0012;COURS;1;3;21-11-2025
ABS006118;STU01256;MAT0005;48;3;17-03-0030;TP;0;2;21-11-2025
ABS006119;STU01256;;48;3;15-04-0021;TD;1;1;21-11-2025
ABS006120;STU01256;MAT0034;48;3;17-03-0011;TP;1;1;21-11-2025
ABS006121;STU01258;MAT0035;48;3;16-03-0012;EXAMEN;0;1;21-11-2025
ABS006122;STU01258;MAT0008;48;3;17-05-0031;COURS;1;2;21-11-2025
ABS006123;STU01258;MAT0014;48;3;17-05-0034;COURS;1;3;21-11-2025
ABS006124;STU01259;;47;3;16-04-0014;TD;1;2;21-11-2025
ABS006125;STU01259;MAT0019;47;3;17-05-0023;COURS;0;4;21-11-2025
ABS006126;STU01259;MAT0030;47;3;17-05-0022;EXAMEN;1;1;21-11-2025
ABS006127;STU01259;MAT0008;47;3;17-05-0034;COURS;0;4;21-11-2025
ABS006128;STU01259;MAT0030;47;3;16-03-0025;COURS;1;4;21-11-2025
ABS006129;STU01259;MAT0020;47;3;16-04-0031;TP;1;3;21-11-2025
ABS006130;STU01259;MAT0028;47;3;17-03-0034;COURS;1;2;21-11-2025
ABS006131;STU01259;MAT0028;47;3;16-05-0021;EXAMEN;0;3;21-11-2025
ABS006132;STU01259;MAT0021;47;3;17-03-0010;TP;1;4;21-11-2025
ABS006133;STU01259;MAT0030;47;3;16-05-0017;TD;1;2;21-11-2025
ABS006134;STU01259;MAT0015;47;3;16-05-0020;TD;1;2;21-11-2025
ABS006135;STU01259;MAT0015;47;3;17-03-0015;EXAMEN;1;2;21-11-2025
ABS006136;STU01259;MAT0006;47;3;17-05-0034;COURS;0;4;21-11-2025
ABS006137;STU01259;MAT0007;47;3;15-04-0028;TP;0;2;21-11-2025
ABS006138;STU01260;MAT0015;48;3;16-04-0023;TD;1;4;21-11-2025
ABS006139;STU01260;MAT0006;48;3;15-04-0032;EXAMEN;0;3;21-11-2025
ABS006140;STU01260;MAT0006;48;3;17-05-0027;COURS;1;1;21-11-2025
ABS006141;STU01260;MAT0018;48;3;16-03-0028;TD;1;4;21-11-2025
ABS006142;STU01260;MAT0029;48;3;17-05-0014;TP;1;2;21-11-2025
ABS006143;STU01260;MAT0035;48;3;16-04-0014;COURS;0;1;21-11-2025
ABS006144;STU01261;MAT0023;53;3;16-03-0013;EXAMEN;1;4;21-11-2025
ABS006145;STU01261;MAT0010;53;3;16-05-0024;EXAMEN;0;1;21-11-2025
ABS006146;STU01261;MAT0030;53;3;16-05-0016;EXAMEN;1;2;21-11-2025
ABS006147;STU01261;MAT0014;53;3;16-03-0021;TP;1;4;21-11-2025
ABS006148;STU01261;MAT0023;53;3;17-03-0030;TP;0;3;21-11-2025
ABS006149;STU01262;MAT0013;54;3;15-04-0021;COURS;1;4;21-11-2025
ABS006150;STU01263;MAT0015;53;3;16-04-0019;EXAMEN;1;1;21-11-2025
ABS006151;STU01263;MAT0034;53;3;16-03-0024;TP;0;2;21-11-2025
ABS006152;STU01263;MAT0020;53;3;17-03-0010;TP;1;1;21-11-2025
ABS006153;STU01263;MAT0028;53;3;16-04-0018;COURS;1;1;21-11-2025
ABS006154;STU01264;MAT0003;54;3;17-03-0023;TD;0;4;21-11-2025
ABS006155;STU01265;MAT0005;53;3;16-03-0020;EXAMEN;0;4;21-11-2025
ABS006156;STU01265;MAT0035;53;3;16-03-0032;EXAMEN;0;4;21-11-2025
ABS006157;STU01265;MAT0017;53;3;16-03-0009;TD;1;1;21-11-2025
ABS006158;STU01265;MAT0009;53;3;16-03-0021;TD;1;2;21-11-2025
ABS006159;STU01265;;53;3;17-05-0030;TP;0;2;21-11-2025
ABS006160;STU01265;MAT0034;53;3;17-03-0031;TD;0;1;21-11-2025
ABS006161;STU01265;MAT0026;53;3;16-05-0009;TP;1;3;21-11-2025
ABS006162;STU01267;MAT0015;53;3;16-03-0013;EXAMEN;1;2;21-11-2025
ABS006163;STU01267;MAT0007;53;3;17-05-0022;COURS;1;2;21-11-2025
ABS006164;STU01268;MAT0003;54;3;17-05-0014;TD;0;4;21-11-2025
ABS006165;STU01268;MAT0027;54;3;15-04-0009;COURS;1;2;21-11-2025
ABS006166;STU01268;MAT0005;54;3;16-05-0016;EXAMEN;1;4;21-11-2025
ABS006167;STU01268;MAT0010;54;3;16-04-0007;EXAMEN;0;1;21-11-2025
ABS006168;STU01268;MAT0027;54;3;15-04-0012;TP;1;1;21-11-2025
ABS006169;STU01268;MAT0002;54;3;16-03-0017;TD;1;4;21-11-2025
ABS006170;STU01268;MAT0005;54;3;15-04-0024;TD;1;2;21-11-2025
ABS006171;STU01269;MAT0022;53;3;16-05-0024;TD;1;1;21-11-2025
ABS006172;STU01269;MAT0012;53;3;17-05-0011;EXAMEN;1;1;21-11-2025
ABS006173;STU01271;MAT0010;53;3;17-05-0023;TD;1;2;21-11-2025
ABS006174;STU01271;MAT0011;53;3;16-03-0021;TP;1;4;21-11-2025
ABS006175;STU01271;MAT0006;53;3;17-03-0034;TP;1;2;21-11-2025
ABS006176;STU01271;MAT0025;53;3;16-03-0008;EXAMEN;1;1;21-11-2025
ABS006177;STU01271;MAT0018;53;3;16-05-0025;EXAMEN;1;1;21-11-2025
ABS006178;STU01271;MAT0005;53;3;15-04-0029;TD;1;1;21-11-2025
ABS006179;STU01272;MAT0013;54;3;16-03-0024;EXAMEN;0;4;21-11-2025
ABS006180;STU01272;MAT0022;54;3;16-04-0023;EXAMEN;0;4;21-11-2025
ABS006181;STU01272;MAT0028;54;3;17-05-0027;COURS;1;2;21-11-2025
ABS006182;STU01272;MAT0029;54;3;16-03-0032;EXAMEN;1;1;21-11-2025
ABS006183;STU01274;MAT0016;54;3;16-05-0009;EXAMEN;1;1;21-11-2025
ABS006184;STU01275;MAT0027;53;3;16-03-0029;TP;1;4;21-11-2025
ABS006185;STU01276;MAT0024;54;3;17-03-0022;EXAMEN;1;3;21-11-2025
ABS006186;STU01276;MAT0022;54;3;16-04-0014;EXAMEN;1;4;21-11-2025
ABS006187;STU01277;MAT0018;53;3;17-05-0026;TP;1;4;21-11-2025
ABS006188;STU01277;MAT0033;53;3;16-03-0024;TD;1;3;21-11-2025
ABS006189;STU01277;MAT0011;53;3;16-05-0025;TD;1;4;21-11-2025
ABS006190;STU01277;MAT0009;53;3;16-03-0016;TP;0;1;21-11-2025
ABS006191;STU01278;MAT0004;54;3;16-04-0027;TD;0;4;21-11-2025
ABS006192;STU01278;MAT0022;54;3;16-05-0012;COURS;1;1;21-11-2025
ABS006193;STU01278;MAT0015;54;3;17-05-0007;EXAMEN;1;2;21-11-2025
ABS006194;STU01278;MAT0019;54;3;16-03-0025;COURS;0;1;21-11-2025
ABS006195;STU01278;MAT0032;54;3;15-04-0013;TP;0;2;21-11-2025
ABS006196;STU01278;;54;3;16-04-0026;EXAMEN;0;1;21-11-2025
ABS006197;STU01278;MAT0027;54;3;17-03-0023;COURS;1;4;21-11-2025
ABS006198;STU01278;MAT0032;54;3;17-03-0034;TD;1;2;21-11-2025
ABS006199;STU01278;MAT0016;54;3;16-05-0009;TD;1;1;21-11-2025
ABS006200;STU01278;MAT0031;54;3;16-03-0028;TP;1;2;21-11-2025
ABS006201;STU01278;MAT0005;54;3;15-04-0008;EXAMEN;1;3;21-11-2025
ABS006202;STU01278;MAT0031;54;3;15-04-0017;TP;1;2;21-11-2025
ABS006203;STU01278;MAT0005;54;3;17-05-0011;COURS;1;4;21-11-2025
ABS006204;STU01278;;54;3;17-05-0030;TP;1;3;21-11-2025
ABS006205;STU01279;MAT0019;53;3;17-05-0027;COURS;0;4;21-11-2025
ABS006206;STU01279;MAT0002;53;3;17-03-0031;EXAMEN;1;1;21-11-2025
ABS006207;STU01279;MAT0005;53;3;15-04-0032;TP;0;1;21-11-2025
ABS006208;STU01279;MAT0026;53;3;16-04-0019;COURS;1;2;21-11-2025
ABS006209;STU01279;MAT0024;53;3;15-04-0016;EXAMEN;1;1;21-11-2025
ABS006210;STU01279;MAT0019;53;3;16-05-0009;TD;0;4;21-11-2025
ABS006211;STU01279;MAT0022;53;3;16-05-0021;EXAMEN;0;3;21-11-2025
ABS006212;STU01280;MAT0018;54;3;16-05-0013;TD;1;3;21-11-2025
ABS006213;STU01281;MAT0028;53;3;16-05-0016;EXAMEN;1;1;21-11-2025
ABS006214;STU01281;MAT0008;53;3;16-05-0029;EXAMEN;1;1;21-11-2025
ABS006215;STU01281;MAT0019;53;3;16-04-0010;COURS;0;2;21-11-2025
ABS006216;STU01281;MAT0029;53;3;16-04-0023;TP;0;2;21-11-2025
ABS006217;STU01281;MAT0008;53;3;17-05-0019;TD;1;1;21-11-2025
ABS006218;STU01281;MAT0014;53;3;16-03-0012;COURS;1;3;21-11-2025
ABS006219;STU01281;MAT0005;53;3;15-04-0013;TD;0;2;21-11-2025
ABS006220;STU01281;MAT0021;53;3;16-04-0034;TP;1;1;21-11-2025
ABS006221;STU01281;MAT0012;53;3;17-03-0022;TP;1;4;21-11-2025
ABS006222;STU01281;MAT0004;53;3;17-03-0014;EXAMEN;1;4;21-11-2025
ABS006223;STU01283;MAT0004;53;3;16-03-0032;TP;0;4;21-11-2025
ABS006224;STU01283;MAT0031;53;3;15-04-0021;EXAMEN;1;3;21-11-2025
ABS006225;STU01283;MAT0013;53;3;16-05-0028;TD;1;2;21-11-2025
ABS006226;STU01283;MAT0025;53;3;16-04-0034;EXAMEN;0;1;21-11-2025
ABS006227;STU01283;MAT0031;53;3;16-05-0020;TP;0;4;21-11-2025
ABS006228;STU01284;MAT0020;54;3;16-03-0033;TP;0;1;21-11-2025
ABS006229;STU01284;MAT0018;54;3;16-03-0024;TP;0;2;21-11-2025
ABS006230;STU01284;MAT0029;54;3;15-04-0033;EXAMEN;1;1;21-11-2025
ABS006231;STU01284;MAT0025;54;3;16-03-0028;EXAMEN;1;4;21-11-2025
ABS006232;STU01285;;53;3;16-04-0026;EXAMEN;1;2;21-11-2025
ABS006233;STU01285;MAT0020;53;3;16-05-0009;COURS;1;2;21-11-2025
ABS006234;STU01286;MAT0004;54;3;16-04-0026;TP;1;3;21-11-2025
ABS006235;STU01286;MAT0012;54;3;16-04-0015;EXAMEN;0;2;21-11-2025
ABS006236;STU01286;MAT0018;54;3;15-04-0016;TP;1;4;21-11-2025
ABS006237;STU01286;MAT0005;54;3;16-05-0020;COURS;1;3;21-11-2025
ABS006238;STU01286;MAT0011;54;3;15-04-0033;EXAMEN;0;1;21-11-2025
ABS006239;STU01286;MAT0006;54;3;15-04-0017;TD;1;3;21-11-2025
ABS006240;STU01286;;54;3;15-04-0032;TD;1;2;21-11-2025
ABS006241;STU01288;MAT0008;54;3;16-05-0029;COURS;1;3;21-11-2025
ABS006242;STU01288;MAT0031;54;3;17-05-0022;EXAMEN;0;4;21-11-2025
ABS006243;STU01288;MAT0007;54;3;16-04-0007;TD;1;2;21-11-2025
ABS006244;STU01288;MAT0012;54;3;17-05-0027;TP;1;4;21-11-2025
ABS006245;STU01288;MAT0020;54;3;17-05-0022;EXAMEN;1;1;21-11-2025
ABS006246;STU01288;MAT0031;54;3;16-04-0031;COURS;1;2;21-11-2025
ABS006247;STU01288;MAT0029;54;3;15-04-0020;EXAMEN;0;2;21-11-2025
ABS006248;STU01289;MAT0035;53;3;16-03-0032;COURS;0;2;21-11-2025
ABS006249;STU01290;MAT0034;54;3;16-03-0016;EXAMEN;0;3;21-11-2025
ABS006250;STU01290;MAT0024;54;3;16-04-0019;TP;1;4;21-11-2025
ABS006251;STU01290;MAT0021;54;3;17-03-0031;TD;1;3;21-11-2025
ABS006252;STU01290;MAT0017;54;3;16-03-0033;TP;0;2;21-11-2025
ABS006253;STU01290;MAT0030;54;3;17-03-0027;EXAMEN;0;1;21-11-2025
ABS006254;STU01290;MAT0012;54;3;16-03-0029;TD;1;2;21-11-2025
ABS006255;STU01290;MAT0002;54;3;17-05-0007;TD;1;3;21-11-2025
ABS006256;STU01290;MAT0025;54;3;17-03-0034;TP;0;3;21-11-2025
ABS006257;STU01290;MAT0028;54;3;16-04-0023;EXAMEN;1;1;21-11-2025
ABS006258;STU01290;MAT0011;54;3;17-03-0026;TD;0;3;21-11-2025
ABS006259;STU01290;MAT0020;54;3;16-03-0032;COURS;1;1;21-11-2025
ABS006260;STU01290;MAT0030;54;3;16-04-0027;TP;1;3;21-11-2025
ABS006261;STU01290;MAT0010;54;3;16-05-0032;EXAMEN;1;4;21-11-2025
ABS006262;STU01290;MAT0012;54;3;17-03-0027;EXAMEN;1;2;21-11-2025
ABS006263;STU01291;MAT0020;53;3;15-04-0033;TD;0;3;21-11-2025
ABS006264;STU01291;MAT0021;53;3;15-04-0032;EXAMEN;1;4;21-11-2025
ABS006265;STU01291;MAT0012;53;3;16-03-0020;TP;0;4;21-11-2025
ABS006266;STU01291;;53;3;15-04-0009;TD;0;3;21-11-2025
ABS006267;STU01291;MAT0032;53;3;17-03-0027;TD;1;4;21-11-2025
ABS006268;STU01292;MAT0024;54;3;16-05-0020;TP;0;1;21-11-2025
ABS006269;STU01292;MAT0004;54;3;16-03-0033;TD;1;3;21-11-2025
ABS006270;STU01292;MAT0030;54;3;16-05-0020;TD;1;3;21-11-2025
ABS006271;STU01292;MAT0005;54;3;16-05-0008;TD;1;1;21-11-2025
ABS006272;STU01292;MAT0014;54;3;15-04-0028;TP;1;3;21-11-2025
ABS006273;STU01294;MAT0035;54;3;16-03-0033;EXAMEN;1;1;21-11-2025
ABS006274;STU01296;MAT0030;54;3;15-04-0029;TP;1;2;21-11-2025
ABS006275;STU01296;MAT0017;54;3;17-05-0031;COURS;1;3;21-11-2025
ABS006276;STU01296;MAT0033;54;3;16-05-0009;TP;0;2;21-11-2025
ABS006277;STU01296;MAT0004;54;3;17-05-0015;TP;1;3;21-11-2025
ABS006278;STU01296;MAT0023;54;3;15-04-0020;COURS;0;4;21-11-2025
ABS006279;STU01296;MAT0028;54;3;17-05-0007;COURS;0;3;21-11-2025
ABS006280;STU01296;MAT0014;54;3;16-05-0021;EXAMEN;0;2;21-11-2025
ABS006281;STU01297;MAT0025;53;3;17-05-0015;TP;0;3;21-11-2025
ABS006282;STU01297;MAT0009;53;3;15-04-0033;COURS;1;3;21-11-2025
ABS006283;STU01297;MAT0004;53;3;17-05-0007;TD;1;2;21-11-2025
ABS006284;STU01297;MAT0023;53;3;16-03-0025;COURS;1;4;21-11-2025
ABS006285;STU01297;MAT0022;53;3;17-03-0007;TD;1;1;21-11-2025
ABS006286;STU01298;MAT0011;54;3;17-03-0030;EXAMEN;0;3;21-11-2025
ABS006287;STU01298;MAT0024;54;3;17-05-0018;TP;1;4;21-11-2025
ABS006288;STU01298;MAT0020;54;3;17-03-0023;EXAMEN;1;3;21-11-2025
ABS006289;STU01298;MAT0035;54;3;16-05-0021;TD;1;2;21-11-2025
ABS006290;STU01299;MAT0002;53;3;16-03-0009;TP;0;3;21-11-2025
ABS006291;STU01300;MAT0034;54;3;16-03-0032;COURS;1;3;21-11-2025
ABS006292;STU01300;MAT0033;54;3;15-04-0012;TD;1;2;21-11-2025
ABS006293;STU01301;MAT0028;53;3;17-05-0026;TP;1;3;21-11-2025
ABS006294;STU01301;MAT0002;53;3;16-04-0031;EXAMEN;1;3;21-11-2025
ABS006295;STU01301;MAT0021;53;3;15-04-0012;EXAMEN;1;1;21-11-2025
ABS006296;STU01301;MAT0029;53;3;16-03-0012;COURS;1;4;21-11-2025
ABS006297;STU01301;MAT0029;53;3;16-04-0023;TP;0;1;21-11-2025
ABS006298;STU01301;MAT0003;53;3;17-05-0011;EXAMEN;0;2;21-11-2025
ABS006299;STU01301;MAT0026;53;3;17-03-0015;COURS;1;3;21-11-2025
ABS006300;STU01301;MAT0002;53;3;16-03-0025;EXAMEN;1;3;21-11-2025
ABS006301;STU01301;MAT0013;53;3;16-04-0022;TD;0;3;21-11-2025
ABS006302;STU01302;MAT0031;54;3;16-03-0028;TD;1;4;21-11-2025
ABS006303;STU01302;;54;3;16-03-0024;COURS;0;1;21-11-2025
ABS006304;STU01302;MAT0026;54;3;17-03-0031;EXAMEN;1;1;21-11-2025
ABS006305;STU01302;MAT0017;54;3;17-05-0019;TD;1;1;21-11-2025
ABS006306;STU01302;MAT0026;54;3;17-05-0031;EXAMEN;1;3;21-11-2025
ABS006307;STU01303;MAT0015;53;3;16-05-0025;TP;0;3;21-11-2025
ABS006308;STU01304;MAT0007;54;3;17-05-0014;TD;0;1;21-11-2025
ABS006309;STU01304;MAT0025;54;3;17-03-0030;COURS;1;2;21-11-2025
ABS006310;STU01304;MAT0022;54;3;16-03-0009;TD;1;1;21-11-2025
ABS006311;STU01305;MAT0025;53;3;15-04-0009;EXAMEN;1;3;21-11-2025
ABS006312;STU01305;MAT0025;53;3;16-03-0008;COURS;1;2;21-11-2025
ABS006313;STU01305;MAT0016;53;3;17-05-0034;COURS;1;2;21-11-2025
ABS006314;STU01305;MAT0020;53;3;17-03-0011;EXAMEN;1;3;21-11-2025
ABS006315;STU01305;MAT0008;53;3;16-04-0022;COURS;1;4;21-11-2025
ABS006316;STU01305;MAT0030;53;3;16-03-0020;TD;1;4;21-11-2025
ABS006317;STU01305;MAT0011;53;3;16-05-0024;COURS;0;1;21-11-2025
ABS006318;STU01305;MAT0030;53;3;16-03-0008;TD;1;1;21-11-2025
ABS006319;STU01305;MAT0017;53;3;16-05-0028;EXAMEN;1;1;21-11-2025
ABS006320;STU01305;MAT0007;53;3;17-05-0010;EXAMEN;0;3;21-11-2025
ABS006321;STU01305;MAT0030;53;3;16-04-0015;EXAMEN;1;3;21-11-2025
ABS006322;STU01305;MAT0024;53;3;16-04-0031;EXAMEN;1;2;21-11-2025
ABS006323;STU01305;MAT0026;53;3;17-05-0014;EXAMEN;1;3;21-11-2025
ABS006324;STU01305;MAT0018;53;3;16-05-0025;EXAMEN;1;1;21-11-2025
ABS006325;STU01305;MAT0014;53;3;16-03-0033;EXAMEN;1;4;21-11-2025
ABS006326;STU01306;MAT0019;54;3;17-05-0007;TP;1;2;21-11-2025
ABS006327;STU01306;MAT0002;54;3;15-04-0013;TP;1;2;21-11-2025
ABS006328;STU01306;MAT0030;54;3;16-03-0032;COURS;0;2;21-11-2025
ABS006329;STU01307;MAT0029;53;3;16-04-0015;TP;0;4;21-11-2025
ABS006330;STU01309;MAT0007;53;3;15-04-0009;EXAMEN;1;2;21-11-2025
ABS006331;STU01309;MAT0004;53;3;16-05-0013;TD;1;3;21-11-2025
ABS006332;STU01309;MAT0006;53;3;16-05-0012;EXAMEN;1;2;21-11-2025
ABS006333;STU01309;MAT0016;53;3;16-04-0014;COURS;1;1;21-11-2025
ABS006334;STU01310;;54;3;16-05-0033;EXAMEN;1;1;21-11-2025
ABS006335;STU01311;MAT0020;53;3;17-05-0007;TP;1;2;21-11-2025
ABS006336;STU01311;MAT0021;53;3;17-03-0019;EXAMEN;1;2;21-11-2025
ABS006337;STU01311;MAT0009;53;3;17-03-0010;EXAMEN;0;4;21-11-2025
ABS006338;STU01311;;53;3;17-05-0010;COURS;1;4;21-11-2025
ABS006339;STU01311;MAT0015;53;3;15-04-0020;TP;0;3;21-11-2025
ABS006340;STU01311;MAT0031;53;3;16-03-0020;TD;1;4;21-11-2025
ABS006341;STU01311;;53;3;16-03-0009;EXAMEN;1;4;21-11-2025
ABS006342;STU01311;MAT0034;53;3;16-05-0020;EXAMEN;0;3;21-11-2025
ABS006343;STU01311;MAT0031;53;3;16-03-0016;TD;0;3;21-11-2025
ABS006344;STU01311;MAT0022;53;3;15-04-0024;TD;1;3;21-11-2025
ABS006345;STU01311;MAT0012;53;3;16-03-0017;TP;1;4;21-11-2025
ABS006346;STU01311;MAT0032;53;3;16-05-0025;EXAMEN;1;2;21-11-2025
ABS006347;STU01311;MAT0024;53;3;16-05-0033;COURS;1;4;21-11-2025
ABS006348;STU01312;MAT0016;54;3;17-05-0027;EXAMEN;1;1;21-11-2025
ABS006349;STU01312;MAT0002;54;3;17-03-0015;TP;1;1;21-11-2025
ABS006350;STU01312;MAT0005;54;3;16-05-0021;TP;1;1;21-11-2025
ABS006351;STU01312;MAT0025;54;3;17-05-0026;TD;0;1;21-11-2025
ABS006352;STU01312;MAT0032;54;3;16-05-0016;EXAMEN;0;4;21-11-2025
ABS006353;STU01312;MAT0006;54;3;16-03-0029;TP;1;3;21-11-2025
ABS006354;STU01312;MAT0015;54;3;16-05-0028;TD;1;3;21-11-2025
ABS006355;STU01312;MAT0009;54;3;17-03-0019;COURS;1;1;21-11-2025
ABS006356;STU01312;MAT0027;54;3;16-04-0030;EXAMEN;0;2;21-11-2025
ABS006357;STU01312;MAT0035;54;3;16-03-0025;COURS;1;1;21-11-2025
ABS006358;STU01313;MAT0014;53;3;15-04-0033;EXAMEN;0;4;21-11-2025
ABS006359;STU01313;MAT0034;53;3;16-05-0008;EXAMEN;1;2;21-11-2025
ABS006360;STU01313;MAT0010;53;3;16-04-0022;TP;1;3;21-11-2025
ABS006361;STU01313;MAT0028;53;3;16-03-0029;EXAMEN;1;1;21-11-2025
ABS006362;STU01314;MAT0027;54;3;17-03-0007;TP;1;2;21-11-2025
ABS006363;STU01314;MAT0013;54;3;17-05-0027;TD;1;2;21-11-2025
ABS006364;STU01314;MAT0034;54;3;16-05-0016;EXAMEN;0;2;21-11-2025
ABS006365;STU01314;MAT0022;54;3;17-05-0034;COURS;1;2;21-11-2025
ABS006366;STU01314;MAT0003;54;3;16-05-0029;TP;0;2;21-11-2025
ABS006367;STU01315;MAT0012;53;3;17-03-0010;TP;1;2;21-11-2025
ABS006368;STU01315;MAT0030;53;3;17-05-0031;EXAMEN;1;2;21-11-2025
ABS006369;STU01315;MAT0017;53;3;16-04-0007;COURS;1;3;21-11-2025
ABS006370;STU01315;MAT0028;53;3;15-04-0021;TP;1;2;21-11-2025
ABS006371;STU01316;MAT0022;54;3;16-05-0032;COURS;1;2;21-11-2025
ABS006372;STU01317;MAT0007;53;3;16-03-0021;TD;1;2;21-11-2025
ABS006373;STU01317;MAT0020;53;3;16-05-0024;TP;0;4;21-11-2025
ABS006374;STU01317;MAT0021;53;3;16-03-0029;COURS;1;3;21-11-2025
ABS006375;STU01317;MAT0022;53;3;16-04-0015;COURS;1;4;21-11-2025
ABS006376;STU01317;MAT0030;53;3;15-04-0024;TP;0;2;21-11-2025
ABS006377;STU01317;MAT0030;53;3;16-03-0012;EXAMEN;0;2;21-11-2025
ABS006378;STU01317;MAT0019;53;3;17-03-0018;TD;1;2;21-11-2025
ABS006379;STU01317;MAT0009;53;3;16-04-0018;TP;1;1;21-11-2025
ABS006380;STU01317;;53;3;16-04-0034;TD;1;2;21-11-2025
ABS006381;STU01317;MAT0032;53;3;16-04-0010;EXAMEN;1;3;21-11-2025
ABS006382;STU01317;MAT0007;53;3;15-04-0020;TP;0;1;21-11-2025
ABS006383;STU01317;MAT0007;53;3;17-03-0027;TP;1;4;21-11-2025
ABS006384;STU01317;MAT0006;53;3;16-03-0025;TD;1;2;21-11-2025
ABS006385;STU01318;;54;3;15-04-0024;COURS;0;4;21-11-2025
ABS006386;STU01318;MAT0029;54;3;17-03-0011;EXAMEN;1;3;21-11-2025
ABS006387;STU01318;MAT0033;54;3;16-04-0027;TP;0;1;21-11-2025
ABS006388;STU01318;MAT0029;54;3;17-05-0010;TP;0;3;21-11-2025
ABS006389;STU01318;;54;3;17-03-0023;TD;0;2;21-11-2025
ABS006390;STU01319;MAT0007;53;3;16-04-0015;EXAMEN;0;3;21-11-2025
ABS006391;STU01319;MAT0016;53;3;17-03-0011;EXAMEN;1;3;21-11-2025
ABS006392;STU01319;MAT0027;53;3;16-03-0033;TP;1;2;21-11-2025
ABS006393;STU01319;MAT0011;53;3;17-05-0007;TD;1;4;21-11-2025
ABS006394;STU01319;MAT0012;53;3;15-04-0020;EXAMEN;0;1;21-11-2025
ABS006395;STU01319;MAT0024;53;3;17-05-0007;COURS;1;1;21-11-2025
ABS006396;STU01319;MAT0033;53;3;17-05-0031;COURS;0;2;21-11-2025
ABS006397;STU01319;MAT0022;53;3;17-03-0007;TD;1;2;21-11-2025
ABS006398;STU01320;MAT0011;54;3;17-05-0022;TD;0;2;21-11-2025
ABS006399;STU01320;MAT0005;54;3;16-03-0021;COURS;1;1;21-11-2025
ABS006400;STU01320;MAT0011;54;3;15-04-0025;TD;0;4;21-11-2025
ABS006401;STU01320;MAT0026;54;3;16-04-0027;TD;0;3;21-11-2025
ABS006402;STU01320;MAT0005;54;3;17-03-0018;COURS;1;2;21-11-2025
ABS006403;STU01320;MAT0009;54;3;16-04-0030;TD;1;3;21-11-2025
ABS006404;STU01320;MAT0027;54;3;16-03-0028;TD;0;2;21-11-2025
ABS006405;STU01321;MAT0035;25;3;16-03-0024;EXAMEN;1;3;21-11-2025
ABS006406;STU01321;MAT0023;25;3;16-05-0017;COURS;0;2;21-11-2025
ABS006407;STU01321;MAT0016;25;3;17-05-0014;TP;1;3;21-11-2025
ABS006408;STU01321;MAT0010;25;3;16-04-0034;TD;0;2;21-11-2025
ABS006409;STU01321;MAT0007;25;3;17-05-0023;EXAMEN;0;1;21-11-2025
ABS006410;STU01321;MAT0032;25;3;15-04-0017;TP;0;2;21-11-2025
ABS006411;STU01322;MAT0004;26;3;16-05-0028;TP;0;4;21-11-2025
ABS006412;STU01322;MAT0011;26;3;16-05-0017;COURS;0;1;21-11-2025
ABS006413;STU01322;MAT0017;26;3;15-04-0017;COURS;1;1;21-11-2025
ABS006414;STU01322;MAT0011;26;3;16-04-0027;TP;0;3;21-11-2025
ABS006415;STU01322;MAT0031;26;3;17-05-0030;TP;1;1;21-11-2025
ABS006416;STU01322;MAT0012;26;3;16-03-0025;EXAMEN;0;4;21-11-2025
ABS006417;STU01322;MAT0035;26;3;16-04-0030;COURS;1;4;21-11-2025
ABS006418;STU01324;MAT0002;26;3;15-04-0032;COURS;1;4;21-11-2025
ABS006419;STU01325;MAT0010;25;3;15-04-0017;TD;0;3;21-11-2025
ABS006420;STU01325;MAT0033;25;3;16-05-0020;COURS;1;3;21-11-2025
ABS006421;STU01325;;25;3;15-04-0033;COURS;0;1;21-11-2025
ABS006422;STU01325;MAT0014;25;3;17-03-0031;EXAMEN;1;3;21-11-2025
ABS006423;STU01325;MAT0019;25;3;16-05-0012;TP;1;1;21-11-2025
ABS006424;STU01326;MAT0003;26;3;16-03-0025;EXAMEN;1;4;21-11-2025
ABS006425;STU01326;MAT0018;26;3;16-03-0016;EXAMEN;0;3;21-11-2025
ABS006426;STU01326;MAT0032;26;3;15-04-0029;TD;1;4;21-11-2025
ABS006427;STU01326;MAT0030;26;3;15-04-0016;EXAMEN;0;1;21-11-2025
ABS006428;STU01326;MAT0014;26;3;16-05-0024;TP;1;1;21-11-2025
ABS006429;STU01326;MAT0004;26;3;17-05-0010;COURS;1;4;21-11-2025
ABS006430;STU01326;MAT0030;26;3;17-03-0015;TP;1;1;21-11-2025
ABS006431;STU01326;MAT0017;26;3;17-05-0007;TD;0;2;21-11-2025
ABS006432;STU01326;;26;3;16-03-0013;TP;1;4;21-11-2025
ABS006433;STU01326;MAT0016;26;3;15-04-0021;TD;1;4;21-11-2025
ABS006434;STU01326;MAT0012;26;3;17-05-0031;EXAMEN;1;4;21-11-2025
ABS006435;STU01326;MAT0023;26;3;16-04-0030;TP;0;4;21-11-2025
ABS006436;STU01326;MAT0025;26;3;16-05-0017;TP;0;4;21-11-2025
ABS006437;STU01327;MAT0011;25;3;16-04-0023;EXAMEN;0;4;21-11-2025
ABS006438;STU01327;MAT0003;25;3;17-03-0014;COURS;0;3;21-11-2025
ABS006439;STU01327;MAT0026;25;3;16-04-0015;TP;0;2;21-11-2025
ABS006440;STU01327;MAT0029;25;3;16-03-0016;TP;0;3;21-11-2025
ABS006441;STU01327;MAT0033;25;3;17-05-0027;TP;0;1;21-11-2025
ABS006442;STU01327;MAT0008;25;3;15-04-0033;TP;1;3;21-11-2025
ABS006443;STU01327;MAT0025;25;3;17-05-0030;TD;1;4;21-11-2025
ABS006444;STU01328;MAT0005;26;3;17-05-0010;COURS;1;1;21-11-2025
ABS006445;STU01328;MAT0029;26;3;16-03-0024;TP;1;3;21-11-2025
ABS006446;STU01328;MAT0018;26;3;15-04-0025;TD;0;1;21-11-2025
ABS006447;STU01328;MAT0016;26;3;16-05-0013;TD;0;4;21-11-2025
ABS006448;STU01328;MAT0006;26;3;16-04-0030;COURS;1;1;21-11-2025
ABS006449;STU01328;MAT0025;26;3;16-05-0029;EXAMEN;1;4;21-11-2025
ABS006450;STU01328;MAT0013;26;3;15-04-0033;EXAMEN;0;3;21-11-2025
ABS006451;STU01328;;26;3;17-05-0026;TP;1;4;21-11-2025
ABS006452;STU01328;MAT0015;26;3;17-03-0015;EXAMEN;1;3;21-11-2025
ABS006453;STU01328;MAT0014;26;3;16-04-0015;TP;1;4;21-11-2025
ABS006454;STU01328;MAT0035;26;3;17-05-0023;TD;1;4;21-11-2025
ABS006455;STU01328;MAT0006;26;3;17-03-0019;EXAMEN;1;4;21-11-2025
ABS006456;STU01328;MAT0021;26;3;16-04-0030;COURS;1;2;21-11-2025
ABS006457;STU01329;MAT0011;25;3;16-05-0017;COURS;1;4;21-11-2025
ABS006458;STU01329;MAT0003;25;3;17-05-0030;COURS;1;2;21-11-2025
ABS006459;STU01329;MAT0009;25;3;16-05-0009;EXAMEN;0;3;21-11-2025
ABS006460;STU01329;MAT0032;25;3;17-05-0034;TP;0;3;21-11-2025
ABS006461;STU01329;MAT0024;25;3;16-04-0026;EXAMEN;1;3;21-11-2025
ABS006462;STU01329;MAT0007;25;3;15-04-0025;TD;1;1;21-11-2025
ABS006463;STU01329;MAT0032;25;3;16-03-0008;TD;1;2;21-11-2025
ABS006464;STU01329;MAT0034;25;3;16-03-0032;TD;0;3;21-11-2025
ABS006465;STU01329;MAT0016;25;3;16-03-0012;TP;0;2;21-11-2025
ABS006466;STU01329;MAT0024;25;3;16-03-0012;COURS;1;2;21-11-2025
ABS006467;STU01329;MAT0021;25;3;16-04-0018;EXAMEN;0;1;21-11-2025
ABS006468;STU01329;MAT0030;25;3;15-04-0012;TP;1;3;21-11-2025
ABS006469;STU01329;MAT0019;25;3;16-03-0032;TD;1;4;21-11-2025
ABS006470;STU01329;MAT0032;25;3;17-03-0011;COURS;0;1;21-11-2025
ABS006471;STU01331;;25;3;17-03-0019;EXAMEN;1;3;21-11-2025
ABS006472;STU01331;MAT0014;25;3;15-04-0013;TP;1;1;21-11-2025
ABS006473;STU01331;MAT0025;25;3;17-03-0027;TD;0;3;21-11-2025
ABS006474;STU01331;MAT0005;25;3;16-04-0015;EXAMEN;1;4;21-11-2025
ABS006475;STU01331;MAT0011;25;3;16-03-0032;TP;0;3;21-11-2025
ABS006476;STU01331;MAT0006;25;3;17-05-0030;TP;1;2;21-11-2025
ABS006477;STU01331;MAT0007;25;3;16-04-0034;EXAMEN;0;2;21-11-2025
ABS006478;STU01331;MAT0033;25;3;17-05-0019;TP;0;3;21-11-2025
ABS006479;STU01331;MAT0011;25;3;17-05-0018;EXAMEN;0;2;21-11-2025
ABS006480;STU01332;MAT0031;26;3;16-04-0027;TD;1;3;21-11-2025
ABS006481;STU01333;MAT0016;25;3;17-05-0018;COURS;1;1;21-11-2025
ABS006482;STU01333;MAT0002;25;3;17-03-0014;COURS;0;2;21-11-2025
ABS006483;STU01333;MAT0011;25;3;16-04-0018;TD;0;4;21-11-2025
ABS006484;STU01333;MAT0024;25;3;17-03-0031;EXAMEN;1;2;21-11-2025
ABS006485;STU01333;MAT0024;25;3;16-03-0017;TP;1;3;21-11-2025
ABS006486;STU01333;MAT0005;25;3;16-05-0024;TD;1;2;21-11-2025
ABS006487;STU01333;MAT0029;25;3;16-05-0025;TP;1;4;21-11-2025
ABS006488;STU01333;MAT0003;25;3;16-05-0024;COURS;1;3;21-11-2025
ABS006489;STU01333;MAT0014;25;3;15-04-0029;TD;1;1;21-11-2025
ABS006490;STU01333;MAT0009;25;3;16-04-0026;EXAMEN;1;1;21-11-2025
ABS006491;STU01333;MAT0019;25;3;16-05-0028;COURS;0;4;21-11-2025
ABS006492;STU01333;MAT0007;25;3;16-04-0007;EXAMEN;1;1;21-11-2025
ABS006493;STU01333;MAT0026;25;3;15-04-0020;TP;1;1;21-11-2025
ABS006494;STU01334;MAT0009;26;3;17-05-0022;TD;0;3;21-11-2025
ABS006495;STU01334;MAT0017;26;3;16-03-0008;TD;0;4;21-11-2025
ABS006496;STU01334;MAT0005;26;3;16-03-0029;COURS;1;4;21-11-2025
ABS006497;STU01334;MAT0007;26;3;17-05-0022;TD;1;2;21-11-2025
ABS006498;STU01334;MAT0006;26;3;15-04-0025;COURS;1;2;21-11-2025
ABS006499;STU01334;MAT0010;26;3;16-03-0033;EXAMEN;0;2;21-11-2025
ABS006500;STU01335;;25;3;17-03-0015;TD;1;3;21-11-2025
ABS006501;STU01335;MAT0010;25;3;16-04-0011;TP;1;2;21-11-2025
ABS006502;STU01336;MAT0015;26;3;17-03-0011;TD;1;1;21-11-2025
ABS006503;STU01336;MAT0007;26;3;17-03-0007;TD;0;2;21-11-2025
ABS006504;STU01336;MAT0011;26;3;16-05-0028;TP;1;3;21-11-2025
ABS006505;STU01336;MAT0032;26;3;17-03-0027;COURS;1;2;21-11-2025
ABS006506;STU01336;MAT0011;26;3;16-04-0014;TP;1;1;21-11-2025
ABS006507;STU01336;MAT0027;26;3;17-05-0022;TD;1;3;21-11-2025
ABS006508;STU01336;MAT0032;26;3;16-04-0030;EXAMEN;0;4;21-11-2025
ABS006509;STU01336;MAT0024;26;3;15-04-0025;TD;1;3;21-11-2025
ABS006510;STU01336;MAT0013;26;3;16-03-0024;COURS;1;1;21-11-2025
ABS006511;STU01336;MAT0026;26;3;16-05-0008;TD;1;2;21-11-2025
ABS006512;STU01336;MAT0009;26;3;15-04-0008;EXAMEN;1;1;21-11-2025
ABS006513;STU01337;MAT0027;25;3;16-05-0012;COURS;1;2;21-11-2025
ABS006514;STU01337;MAT0010;25;3;15-04-0012;TP;0;4;21-11-2025
ABS006515;STU01337;MAT0030;25;3;16-05-0021;TD;1;2;21-11-2025
ABS006516;STU01337;MAT0013;25;3;16-05-0016;TD;0;4;21-11-2025
ABS006517;STU01337;MAT0011;25;3;17-03-0026;TD;0;2;21-11-2025
ABS006518;STU01337;MAT0015;25;3;17-05-0034;TD;1;1;21-11-2025
ABS006519;STU01338;MAT0011;26;3;17-03-0030;TD;0;1;21-11-2025
ABS006520;STU01338;MAT0032;26;3;16-04-0011;COURS;1;3;21-11-2025
ABS006521;STU01338;MAT0007;26;3;17-03-0030;TP;0;2;21-11-2025
ABS006522;STU01338;MAT0011;26;3;15-04-0017;TD;1;2;21-11-2025
ABS006523;STU01338;MAT0024;26;3;15-04-0032;EXAMEN;1;1;21-11-2025
ABS006524;STU01338;MAT0015;26;3;16-05-0028;TD;1;3;21-11-2025
ABS006525;STU01338;MAT0027;26;3;17-03-0015;TD;1;2;21-11-2025
ABS006526;STU01338;MAT0030;26;3;17-03-0027;TP;0;2;21-11-2025
ABS006527;STU01338;MAT0015;26;3;15-04-0024;TD;1;4;21-11-2025
ABS006528;STU01338;MAT0024;26;3;17-05-0027;COURS;1;1;21-11-2025
ABS006529;STU01338;MAT0003;26;3;16-04-0014;TP;0;4;21-11-2025
ABS006530;STU01338;MAT0023;26;3;15-04-0025;COURS;1;2;21-11-2025
ABS006531;STU01338;MAT0031;26;3;15-04-0032;TD;0;2;21-11-2025
ABS006532;STU01339;MAT0027;25;3;16-03-0024;COURS;1;3;21-11-2025
ABS006533;STU01339;MAT0020;25;3;16-05-0033;EXAMEN;1;3;21-11-2025
ABS006534;STU01339;MAT0023;25;3;16-04-0030;TD;1;1;21-11-2025
ABS006535;STU01339;MAT0016;25;3;15-04-0024;TP;1;4;21-11-2025
ABS006536;STU01339;MAT0025;25;3;15-04-0008;TD;1;2;21-11-2025
ABS006537;STU01339;;25;3;16-04-0034;TD;0;2;21-11-2025
ABS006538;STU01339;MAT0024;25;3;16-05-0028;TP;1;1;21-11-2025
ABS006539;STU01339;MAT0004;25;3;17-03-0030;TP;1;4;21-11-2025
ABS006540;STU01339;MAT0020;25;3;17-03-0027;COURS;0;4;21-11-2025
ABS006541;STU01339;MAT0033;25;3;15-04-0020;COURS;1;3;21-11-2025
ABS006542;STU01339;MAT0021;25;3;17-03-0030;EXAMEN;0;1;21-11-2025
ABS006543;STU01339;MAT0028;25;3;16-03-0013;TP;0;3;21-11-2025
ABS006544;STU01339;MAT0013;25;3;16-04-0031;TD;0;3;21-11-2025
ABS006545;STU01339;MAT0015;25;3;16-04-0034;TD;1;1;21-11-2025
ABS006546;STU01339;MAT0020;25;3;16-04-0014;COURS;1;2;21-11-2025
ABS006547;STU01340;MAT0008;26;3;16-03-0032;COURS;1;3;21-11-2025
ABS006548;STU01340;MAT0027;26;3;16-05-0033;TD;1;1;21-11-2025
ABS006549;STU01340;MAT0024;26;3;17-05-0030;TD;1;1;21-11-2025
ABS006550;STU01340;MAT0011;26;3;16-05-0012;TP;0;4;21-11-2025
ABS006551;STU01340;MAT0029;26;3;15-04-0025;TP;1;4;21-11-2025
ABS006552;STU01341;MAT0025;25;3;17-05-0027;TP;0;4;21-11-2025
ABS006553;STU01341;MAT0015;25;3;17-05-0034;COURS;1;1;21-11-2025
ABS006554;STU01341;MAT0006;25;3;16-04-0023;COURS;1;1;21-11-2025
ABS006555;STU01341;MAT0019;25;3;17-03-0011;TP;1;1;21-11-2025
ABS006556;STU01341;MAT0020;25;3;16-04-0019;TD;0;4;21-11-2025
ABS006557;STU01341;MAT0002;25;3;15-04-0029;COURS;0;1;21-11-2025
ABS006558;STU01341;MAT0004;25;3;16-03-0028;EXAMEN;0;2;21-11-2025
ABS006559;STU01341;MAT0019;25;3;16-05-0009;TD;1;3;21-11-2025
ABS006560;STU01341;MAT0014;25;3;17-05-0026;COURS;1;4;21-11-2025
ABS006561;STU01341;MAT0017;25;3;15-04-0008;COURS;0;1;21-11-2025
ABS006562;STU01341;MAT0018;25;3;15-04-0008;TD;0;3;21-11-2025
ABS006563;STU01341;;25;3;15-04-0032;TD;0;4;21-11-2025
ABS006564;STU01341;MAT0003;25;3;16-05-0017;EXAMEN;1;4;21-11-2025
ABS006565;STU01341;MAT0023;25;3;15-04-0032;COURS;0;3;21-11-2025
ABS006566;STU01341;MAT0023;25;3;17-05-0014;COURS;0;1;21-11-2025
ABS006567;STU01342;MAT0004;26;3;16-04-0022;TD;0;2;21-11-2025
ABS006568;STU01342;MAT0008;26;3;17-05-0019;COURS;1;1;21-11-2025
ABS006569;STU01342;MAT0028;26;3;16-03-0009;TD;1;4;21-11-2025
ABS006570;STU01342;MAT0014;26;3;17-03-0015;TP;1;3;21-11-2025
ABS006571;STU01343;MAT0027;25;3;17-03-0027;TP;0;3;21-11-2025
ABS006572;STU01343;MAT0032;25;3;17-05-0034;TD;1;3;21-11-2025
ABS006573;STU01343;MAT0003;25;3;17-03-0010;EXAMEN;0;1;21-11-2025
ABS006574;STU01343;;25;3;17-03-0011;EXAMEN;0;1;21-11-2025
ABS006575;STU01343;MAT0020;25;3;17-05-0027;TP;1;2;21-11-2025
ABS006576;STU01343;MAT0034;25;3;16-04-0007;EXAMEN;1;1;21-11-2025
ABS006577;STU01343;MAT0028;25;3;17-05-0026;TD;0;2;21-11-2025
ABS006578;STU01343;MAT0003;25;3;16-03-0020;COURS;1;2;21-11-2025
ABS006579;STU01343;MAT0007;25;3;16-03-0033;TP;1;1;21-11-2025
ABS006580;STU01343;MAT0033;25;3;17-05-0026;COURS;0;4;21-11-2025
ABS006581;STU01343;MAT0009;25;3;17-05-0010;TD;1;4;21-11-2025
ABS006582;STU01343;MAT0005;25;3;16-04-0030;TP;1;3;21-11-2025
ABS006583;STU01343;MAT0023;25;3;17-05-0011;TP;1;3;21-11-2025
ABS006584;STU01343;MAT0003;25;3;16-05-0017;TD;1;3;21-11-2025
ABS006585;STU01344;MAT0026;26;3;16-05-0020;EXAMEN;1;1;21-11-2025
ABS006586;STU01344;MAT0022;26;3;16-03-0008;COURS;1;2;21-11-2025
ABS006587;STU01344;MAT0009;26;3;17-05-0027;EXAMEN;0;3;21-11-2025
ABS006588;STU01344;MAT0028;26;3;17-03-0007;EXAMEN;1;2;21-11-2025
ABS006589;STU01344;MAT0030;26;3;17-05-0019;EXAMEN;1;1;21-11-2025
ABS006590;STU01344;MAT0033;26;3;16-04-0007;TD;0;1;21-11-2025
ABS006591;STU01344;MAT0015;26;3;17-05-0026;TP;0;2;21-11-2025
ABS006592;STU01345;MAT0012;25;3;15-04-0021;COURS;1;2;21-11-2025
ABS006593;STU01345;MAT0006;25;3;16-04-0019;EXAMEN;1;1;21-11-2025
ABS006594;STU01345;MAT0010;25;3;16-03-0021;TP;1;2;21-11-2025
ABS006595;STU01345;MAT0026;25;3;16-04-0027;COURS;1;4;21-11-2025
ABS006596;STU01345;MAT0008;25;3;16-05-0020;COURS;1;1;21-11-2025
ABS006597;STU01345;;25;3;17-05-0015;TD;1;2;21-11-2025
ABS006598;STU01345;MAT0031;25;3;17-05-0027;EXAMEN;1;2;21-11-2025
ABS006599;STU01345;MAT0034;25;3;16-04-0007;EXAMEN;0;2;21-11-2025
ABS006600;STU01345;MAT0023;25;3;16-03-0033;COURS;1;4;21-11-2025
ABS006601;STU01346;MAT0023;26;3;16-05-0017;COURS;1;1;21-11-2025
ABS006602;STU01346;MAT0022;26;3;16-05-0008;COURS;1;1;21-11-2025
ABS006603;STU01346;MAT0003;26;3;16-05-0013;EXAMEN;1;2;21-11-2025
ABS006604;STU01347;MAT0003;25;3;16-05-0033;TP;1;3;21-11-2025
ABS006605;STU01347;MAT0020;25;3;15-04-0016;COURS;1;3;21-11-2025
ABS006606;STU01348;MAT0005;26;3;16-03-0020;EXAMEN;0;1;21-11-2025
ABS006607;STU01349;MAT0029;25;3;16-05-0008;EXAMEN;0;1;21-11-2025
ABS006608;STU01349;MAT0008;25;3;17-05-0023;TP;1;2;21-11-2025
ABS006609;STU01350;MAT0009;26;3;17-03-0014;COURS;1;3;21-11-2025
ABS006610;STU01350;MAT0006;26;3;16-05-0033;COURS;1;4;21-11-2025
ABS006611;STU01351;MAT0032;25;3;15-04-0013;TP;1;2;21-11-2025
ABS006612;STU01351;MAT0007;25;3;17-05-0034;TP;1;3;21-11-2025
ABS006613;STU01351;MAT0009;25;3;16-05-0028;TD;1;1;21-11-2025
ABS006614;STU01352;MAT0013;26;3;15-04-0008;COURS;0;4;21-11-2025
ABS006615;STU01352;MAT0028;26;3;15-04-0024;EXAMEN;1;4;21-11-2025
ABS006616;STU01352;MAT0014;26;3;16-04-0018;TP;1;3;21-11-2025
ABS006617;STU01352;MAT0032;26;3;17-03-0015;TP;0;2;21-11-2025
ABS006618;STU01352;MAT0034;26;3;16-04-0007;COURS;0;4;21-11-2025
ABS006619;STU01352;MAT0002;26;3;16-05-0008;TD;1;1;21-11-2025
ABS006620;STU01352;;26;3;17-03-0010;TD;1;1;21-11-2025
ABS006621;STU01353;MAT0026;25;3;16-03-0033;COURS;1;1;21-11-2025
ABS006622;STU01354;MAT0023;26;3;16-05-0032;COURS;1;4;21-11-2025
ABS006623;STU01354;MAT0002;26;3;16-03-0025;EXAMEN;1;3;21-11-2025
ABS006624;STU01354;MAT0004;26;3;16-04-0015;TP;0;3;21-11-2025
ABS006625;STU01354;MAT0026;26;3;16-05-0028;COURS;1;2;21-11-2025
ABS006626;STU01354;MAT0011;26;3;16-03-0029;EXAMEN;1;4;21-11-2025
ABS006627;STU01354;MAT0007;26;3;16-03-0020;COURS;0;1;21-11-2025
ABS006628;STU01354;MAT0025;26;3;17-03-0030;COURS;1;2;21-11-2025
ABS006629;STU01355;MAT0022;25;3;16-04-0030;TD;1;3;21-11-2025
ABS006630;STU01355;MAT0033;25;3;15-04-0024;EXAMEN;1;2;21-11-2025
ABS006631;STU01355;MAT0029;25;3;16-03-0028;TP;1;1;21-11-2025
ABS006632;STU01355;MAT0012;25;3;16-05-0008;TD;1;4;21-11-2025
ABS006633;STU01355;MAT0020;25;3;15-04-0009;TP;0;2;21-11-2025
ABS006634;STU01355;MAT0029;25;3;16-05-0028;TD;1;1;21-11-2025
ABS006635;STU01356;MAT0022;26;3;15-04-0021;TD;1;4;21-11-2025
ABS006636;STU01356;MAT0029;26;3;16-05-0016;EXAMEN;1;1;21-11-2025
ABS006637;STU01357;MAT0002;25;3;16-03-0029;COURS;0;2;21-11-2025
ABS006638;STU01357;MAT0035;25;3;17-05-0022;TP;0;2;21-11-2025
ABS006639;STU01357;MAT0006;25;3;16-04-0019;TP;0;2;21-11-2025
ABS006640;STU01357;MAT0028;25;3;17-03-0031;EXAMEN;1;1;21-11-2025
ABS006641;STU01357;MAT0027;25;3;17-05-0026;COURS;0;4;21-11-2025
ABS006642;STU01358;MAT0029;26;3;17-05-0026;TD;1;2;21-11-2025
ABS006643;STU01358;MAT0027;26;3;17-05-0018;TP;1;2;21-11-2025
ABS006644;STU01358;MAT0022;26;3;16-05-0033;TP;1;1;21-11-2025
ABS006645;STU01358;MAT0020;26;3;16-05-0028;TP;1;1;21-11-2025
ABS006646;STU01358;MAT0026;26;3;17-05-0014;TD;1;2;21-11-2025
ABS006647;STU01359;MAT0002;25;3;17-05-0031;COURS;1;3;21-11-2025
ABS006648;STU01359;MAT0026;25;3;17-05-0023;COURS;0;4;21-11-2025
ABS006649;STU01359;MAT0012;25;3;16-04-0014;TD;1;3;21-11-2025
ABS006650;STU01359;MAT0002;25;3;16-05-0013;EXAMEN;0;1;21-11-2025
ABS006651;STU01359;MAT0019;25;3;16-05-0008;EXAMEN;1;1;21-11-2025
ABS006652;STU01359;MAT0004;25;3;17-03-0018;TD;1;2;21-11-2025
ABS006653;STU01360;MAT0034;26;3;16-03-0012;TD;1;3;21-11-2025
ABS006654;STU01360;MAT0006;26;3;16-04-0015;TD;0;4;21-11-2025
ABS006655;STU01360;MAT0007;26;3;17-05-0023;TP;1;3;21-11-2025
ABS006656;STU01360;MAT0002;26;3;17-03-0018;EXAMEN;1;3;21-11-2025
ABS006657;STU01360;MAT0009;26;3;17-03-0023;COURS;1;3;21-11-2025
ABS006658;STU01361;MAT0028;25;3;16-04-0023;EXAMEN;1;3;21-11-2025
ABS006659;STU01361;MAT0003;25;3;16-04-0007;TP;0;3;21-11-2025
ABS006660;STU01361;MAT0025;25;3;15-04-0032;COURS;1;4;21-11-2025
ABS006661;STU01362;MAT0012;26;3;17-03-0015;TP;1;1;21-11-2025
ABS006662;STU01362;MAT0006;26;3;16-04-0031;EXAMEN;1;2;21-11-2025
ABS006663;STU01362;MAT0028;26;3;16-05-0017;EXAMEN;1;3;21-11-2025
ABS006664;STU01362;MAT0011;26;3;17-05-0031;TP;1;4;21-11-2025
ABS006665;STU01362;MAT0022;26;3;15-04-0024;COURS;1;2;21-11-2025
ABS006666;STU01362;MAT0024;26;3;16-05-0021;EXAMEN;1;1;21-11-2025
ABS006667;STU01363;MAT0032;25;3;16-03-0009;TP;1;4;21-11-2025
ABS006668;STU01363;MAT0004;25;3;16-04-0007;COURS;1;2;21-11-2025
ABS006669;STU01363;MAT0033;25;3;15-04-0020;TD;1;3;21-11-2025
ABS006670;STU01363;MAT0028;25;3;17-05-0027;TD;1;2;21-11-2025
ABS006671;STU01363;MAT0031;25;3;16-05-0032;EXAMEN;1;3;21-11-2025
ABS006672;STU01363;MAT0009;25;3;16-04-0007;TD;0;4;21-11-2025
ABS006673;STU01364;MAT0018;26;3;16-03-0021;COURS;1;2;21-11-2025
ABS006674;STU01364;MAT0023;26;3;15-04-0033;EXAMEN;1;2;21-11-2025
ABS006675;STU01364;MAT0025;26;3;17-05-0014;EXAMEN;1;2;21-11-2025
ABS006676;STU01365;MAT0017;25;3;16-05-0033;COURS;0;3;21-11-2025
ABS006677;STU01366;MAT0029;26;3;17-03-0026;TP;1;3;21-11-2025
ABS006678;STU01366;MAT0020;26;3;17-03-0019;TD;0;1;21-11-2025
ABS006679;STU01367;MAT0017;25;3;16-04-0015;EXAMEN;1;3;21-11-2025
ABS006680;STU01367;MAT0013;25;3;16-05-0029;COURS;0;4;21-11-2025
ABS006681;STU01367;MAT0011;25;3;16-04-0031;EXAMEN;0;2;21-11-2025
ABS006682;STU01368;MAT0005;26;3;16-05-0021;TP;1;2;21-11-2025
ABS006683;STU01368;MAT0018;26;3;16-04-0027;TD;0;4;21-11-2025
ABS006684;STU01368;MAT0021;26;3;17-05-0014;TP;0;2;21-11-2025
ABS006685;STU01368;MAT0010;26;3;15-04-0008;TP;1;1;21-11-2025
ABS006686;STU01369;MAT0003;25;3;15-04-0029;EXAMEN;1;3;21-11-2025
ABS006687;STU01369;MAT0032;25;3;16-05-0012;TD;0;4;21-11-2025
ABS006688;STU01369;MAT0023;25;3;17-03-0010;EXAMEN;1;2;21-11-2025
ABS006689;STU01369;MAT0035;25;3;15-04-0032;COURS;0;4;21-11-2025
ABS006690;STU01369;MAT0026;25;3;16-03-0033;TD;0;4;21-11-2025
ABS006691;STU01369;MAT0031;25;3;17-03-0019;COURS;0;4;21-11-2025
ABS006692;STU01369;MAT0019;25;3;16-03-0009;COURS;1;2;21-11-2025
ABS006693;STU01371;MAT0020;25;3;15-04-0012;EXAMEN;1;4;21-11-2025
ABS006694;STU01371;MAT0012;25;3;16-04-0019;COURS;1;2;21-11-2025
ABS006695;STU01371;MAT0012;25;3;15-04-0021;TD;0;4;21-11-2025
ABS006696;STU01372;MAT0003;26;3;15-04-0021;EXAMEN;0;4;21-11-2025
ABS006697;STU01372;MAT0018;26;3;17-03-0027;TP;1;2;21-11-2025
ABS006698;STU01373;MAT0021;25;3;16-03-0013;TD;1;1;21-11-2025
ABS006699;STU01373;MAT0013;25;3;16-03-0032;TP;1;2;21-11-2025
ABS006700;STU01374;MAT0019;26;3;16-04-0011;EXAMEN;1;1;21-11-2025
ABS006701;STU01374;MAT0021;26;3;17-03-0018;TD;1;1;21-11-2025
ABS006702;STU01374;MAT0022;26;3;17-05-0010;COURS;1;1;21-11-2025
ABS006703;STU01374;MAT0002;26;3;15-04-0033;EXAMEN;1;4;21-11-2025
ABS006704;STU01374;MAT0013;26;3;17-05-0026;COURS;0;4;21-11-2025
ABS006705;STU01375;MAT0013;25;3;16-05-0013;EXAMEN;1;2;21-11-2025
ABS006706;STU01375;;25;3;15-04-0017;TD;1;2;21-11-2025
ABS006707;STU01375;MAT0012;25;3;16-03-0029;COURS;0;2;21-11-2025
ABS006708;STU01375;MAT0026;25;3;15-04-0016;EXAMEN;0;1;21-11-2025
ABS006709;STU01376;MAT0029;26;3;16-04-0034;EXAMEN;0;1;21-11-2025
ABS006710;STU01376;MAT0031;26;3;16-05-0032;COURS;1;2;21-11-2025
ABS006711;STU01377;MAT0014;25;3;17-03-0015;TP;0;4;21-11-2025
ABS006712;STU01377;MAT0026;25;3;16-03-0032;EXAMEN;1;2;21-11-2025
ABS006713;STU01377;MAT0028;25;3;16-04-0023;TD;1;3;21-11-2025
ABS006714;STU01378;MAT0008;26;3;17-05-0023;COURS;1;2;21-11-2025
ABS006715;STU01378;MAT0027;26;3;16-03-0032;EXAMEN;1;2;21-11-2025
ABS006716;STU01378;MAT0025;26;3;17-05-0007;COURS;0;3;21-11-2025
ABS006717;STU01378;MAT0009;26;3;17-03-0026;COURS;0;2;21-11-2025
ABS006718;STU01378;MAT0017;26;3;15-04-0021;TD;1;3;21-11-2025
ABS006719;STU01379;MAT0004;25;3;16-05-0012;TD;1;2;21-11-2025
ABS006720;STU01379;MAT0009;25;3;17-03-0010;COURS;0;2;21-11-2025
ABS006721;STU01379;MAT0033;25;3;16-05-0025;TD;1;1;21-11-2025
ABS006722;STU01379;;25;3;17-03-0018;TP;1;3;21-11-2025
ABS006723;STU01379;MAT0006;25;3;15-04-0020;EXAMEN;1;1;21-11-2025
ABS006724;STU01379;MAT0025;25;3;17-05-0027;COURS;1;1;21-11-2025
ABS006725;STU01379;MAT0002;25;3;16-04-0030;COURS;1;3;21-11-2025
ABS006726;STU01379;MAT0018;25;3;16-05-0029;EXAMEN;1;1;21-11-2025
ABS006727;STU01379;MAT0013;25;3;17-05-0031;COURS;1;3;21-11-2025
ABS006728;STU01379;MAT0027;25;3;17-03-0014;COURS;1;4;21-11-2025
ABS006729;STU01379;MAT0012;25;3;15-04-0013;COURS;1;1;21-11-2025
ABS006730;STU01379;MAT0018;25;3;17-03-0018;TP;1;2;21-11-2025
ABS006731;STU01379;MAT0031;25;3;16-05-0009;COURS;1;1;21-11-2025
ABS006732;STU01379;MAT0005;25;3;17-05-0034;TD;1;1;21-11-2025
ABS006733;STU01379;MAT0027;25;3;16-04-0027;TP;1;2;21-11-2025
ABS006734;STU01380;MAT0035;26;3;16-05-0016;TD;1;1;21-11-2025
ABS006735;STU01380;MAT0005;26;3;17-05-0007;EXAMEN;1;1;21-11-2025
ABS006736;STU01380;MAT0006;26;3;17-03-0031;TP;1;2;21-11-2025
ABS006737;STU01380;MAT0002;26;3;16-05-0020;EXAMEN;0;3;21-11-2025
ABS006738;STU01380;MAT0013;26;3;16-04-0027;TP;1;4;21-11-2025
ABS006739;STU01380;MAT0004;26;3;17-03-0011;COURS;1;4;21-11-2025
ABS006740;STU01380;MAT0024;26;3;17-03-0010;TD;0;1;21-11-2025
ABS006741;STU01380;MAT0012;26;3;16-04-0014;TP;1;2;21-11-2025
ABS006742;STU01380;MAT0035;26;3;15-04-0028;COURS;1;3;21-11-2025
ABS006743;STU01380;MAT0003;26;3;17-05-0022;TP;1;3;21-11-2025
ABS006744;STU01380;MAT0007;26;3;16-04-0018;EXAMEN;1;2;21-11-2025
ABS006745;STU01380;MAT0019;26;3;16-03-0029;COURS;1;4;21-11-2025
ABS006746;STU01380;MAT0019;26;3;16-05-0032;COURS;0;2;21-11-2025
ABS006747;STU01381;MAT0033;31;3;17-03-0014;COURS;1;4;21-11-2025
ABS006748;STU01381;MAT0002;31;3;15-04-0021;TP;0;3;21-11-2025
ABS006749;STU01382;MAT0003;32;3;16-05-0029;TP;1;2;21-11-2025
ABS006750;STU01383;MAT0033;31;3;16-03-0032;TD;0;3;21-11-2025
ABS006751;STU01383;MAT0013;31;3;16-04-0023;COURS;0;1;21-11-2025
ABS006752;STU01383;MAT0031;31;3;16-03-0021;TD;1;2;21-11-2025
ABS006753;STU01384;MAT0020;32;3;17-05-0027;TP;0;1;21-11-2025
ABS006754;STU01384;MAT0034;32;3;16-04-0015;EXAMEN;1;1;21-11-2025
ABS006755;STU01384;MAT0002;32;3;17-03-0015;TP;1;1;21-11-2025
ABS006756;STU01384;MAT0021;32;3;16-04-0007;COURS;1;1;21-11-2025
ABS006757;STU01384;MAT0025;32;3;16-03-0029;COURS;1;1;21-11-2025
ABS006758;STU01384;MAT0018;32;3;16-03-0008;TP;0;1;21-11-2025
ABS006759;STU01384;MAT0009;32;3;17-05-0034;TD;1;1;21-11-2025
ABS006760;STU01384;MAT0019;32;3;17-03-0034;TP;0;3;21-11-2025
ABS006761;STU01384;MAT0025;32;3;16-03-0029;TD;0;3;21-11-2025
ABS006762;STU01384;MAT0018;32;3;15-04-0009;TP;0;2;21-11-2025
ABS006763;STU01384;MAT0035;32;3;16-05-0029;EXAMEN;0;1;21-11-2025
ABS006764;STU01384;MAT0009;32;3;16-05-0013;COURS;0;3;21-11-2025
ABS006765;STU01384;MAT0028;32;3;17-03-0022;COURS;0;3;21-11-2025
ABS006766;STU01384;MAT0011;32;3;17-05-0014;TP;1;1;21-11-2025
ABS006767;STU01386;MAT0025;32;3;17-03-0010;EXAMEN;1;3;21-11-2025
ABS006768;STU01386;MAT0004;32;3;16-05-0009;COURS;0;2;21-11-2025
ABS006769;STU01386;MAT0015;32;3;16-05-0013;COURS;0;4;21-11-2025
ABS006770;STU01387;MAT0030;31;3;17-05-0019;TD;0;2;21-11-2025
ABS006771;STU01387;MAT0020;31;3;16-04-0023;COURS;0;3;21-11-2025
ABS006772;STU01387;MAT0011;31;3;16-04-0019;TD;1;1;21-11-2025
ABS006773;STU01387;MAT0017;31;3;17-05-0022;COURS;0;2;21-11-2025
ABS006774;STU01387;;31;3;16-05-0028;TP;1;3;21-11-2025
ABS006775;STU01388;MAT0005;32;3;17-03-0023;EXAMEN;1;4;21-11-2025
ABS006776;STU01388;MAT0029;32;3;16-03-0017;EXAMEN;0;1;21-11-2025
ABS006777;STU01388;MAT0032;32;3;17-05-0023;TD;1;1;21-11-2025
ABS006778;STU01388;MAT0024;32;3;16-03-0033;COURS;1;3;21-11-2025
ABS006779;STU01388;MAT0033;32;3;16-05-0021;COURS;1;3;21-11-2025
ABS006780;STU01388;MAT0020;32;3;16-03-0024;TP;1;3;21-11-2025
ABS006781;STU01388;MAT0028;32;3;17-03-0026;TP;0;3;21-11-2025
ABS006782;STU01388;MAT0007;32;3;17-03-0011;EXAMEN;0;3;21-11-2025
ABS006783;STU01388;MAT0034;32;3;17-03-0015;EXAMEN;1;2;21-11-2025
ABS006784;STU01388;MAT0004;32;3;16-05-0024;TD;0;2;21-11-2025
ABS006785;STU01388;MAT0030;32;3;16-05-0009;TD;1;1;21-11-2025
ABS006786;STU01388;MAT0016;32;3;17-05-0027;TP;0;3;21-11-2025
ABS006787;STU01389;MAT0007;31;3;17-03-0014;TP;1;4;21-11-2025
ABS006788;STU01389;MAT0024;31;3;17-03-0030;TD;0;1;21-11-2025
ABS006789;STU01390;;32;3;17-03-0007;COURS;0;1;21-11-2025
ABS006790;STU01390;MAT0020;32;3;15-04-0020;TP;0;3;21-11-2025
ABS006791;STU01390;MAT0031;32;3;16-03-0021;COURS;1;3;21-11-2025
ABS006792;STU01392;MAT0009;32;3;16-03-0028;EXAMEN;0;3;21-11-2025
ABS006793;STU01393;MAT0034;31;3;16-05-0025;EXAMEN;1;3;21-11-2025
ABS006794;STU01393;MAT0028;31;3;15-04-0028;TP;0;2;21-11-2025
ABS006795;STU01393;MAT0029;31;3;16-04-0007;EXAMEN;1;4;21-11-2025
ABS006796;STU01393;MAT0029;31;3;15-04-0012;EXAMEN;0;4;21-11-2025
ABS006797;STU01393;MAT0003;31;3;17-05-0007;EXAMEN;0;1;21-11-2025
ABS006798;STU01393;MAT0019;31;3;17-05-0034;EXAMEN;0;3;21-11-2025
ABS006799;STU01394;MAT0031;32;3;17-03-0011;COURS;1;2;21-11-2025
ABS006800;STU01394;MAT0024;32;3;16-03-0029;TD;0;2;21-11-2025
ABS006801;STU01394;MAT0006;32;3;17-03-0031;TP;0;1;21-11-2025
ABS006802;STU01396;MAT0020;32;3;17-05-0022;TP;1;4;21-11-2025
ABS006803;STU01396;MAT0003;32;3;17-05-0022;EXAMEN;0;3;21-11-2025
ABS006804;STU01396;MAT0008;32;3;16-03-0032;COURS;1;4;21-11-2025
ABS006805;STU01396;MAT0004;32;3;17-03-0014;TD;1;3;21-11-2025
ABS006806;STU01396;MAT0034;32;3;17-05-0018;EXAMEN;0;4;21-11-2025
ABS006807;STU01396;MAT0014;32;3;16-04-0011;EXAMEN;1;3;21-11-2025
ABS006808;STU01396;MAT0033;32;3;15-04-0032;TP;1;2;21-11-2025
ABS006809;STU01397;MAT0032;31;3;16-05-0024;TP;1;1;21-11-2025
ABS006810;STU01398;MAT0032;32;3;16-03-0009;TP;1;3;21-11-2025
ABS006811;STU01398;MAT0010;32;3;16-03-0008;EXAMEN;1;3;21-11-2025
ABS006812;STU01399;MAT0014;31;3;16-03-0021;EXAMEN;1;1;21-11-2025
ABS006813;STU01399;MAT0035;31;3;15-04-0016;EXAMEN;1;4;21-11-2025
ABS006814;STU01399;MAT0035;31;3;17-03-0010;COURS;1;2;21-11-2025
ABS006815;STU01399;MAT0029;31;3;17-05-0022;TD;0;4;21-11-2025
ABS006816;STU01399;MAT0027;31;3;15-04-0016;EXAMEN;1;3;21-11-2025
ABS006817;STU01399;MAT0009;31;3;15-04-0029;EXAMEN;1;2;21-11-2025
ABS006818;STU01399;MAT0007;31;3;17-05-0027;COURS;0;4;21-11-2025
ABS006819;STU01399;MAT0019;31;3;16-04-0034;COURS;1;3;21-11-2025
ABS006820;STU01399;MAT0023;31;3;16-04-0027;TP;1;4;21-11-2025
ABS006821;STU01399;MAT0002;31;3;16-05-0032;EXAMEN;1;1;21-11-2025
ABS006822;STU01399;MAT0004;31;3;15-04-0021;TP;1;3;21-11-2025
ABS006823;STU01399;MAT0002;31;3;15-04-0013;COURS;0;2;21-11-2025
ABS006824;STU01400;MAT0031;32;3;17-03-0011;TD;1;2;21-11-2025
ABS006825;STU01400;MAT0012;32;3;17-03-0027;TP;1;2;21-11-2025
ABS006826;STU01400;MAT0024;32;3;15-04-0008;TP;0;2;21-11-2025
ABS006827;STU01400;MAT0007;32;3;16-04-0034;EXAMEN;1;3;21-11-2025
ABS006828;STU01400;MAT0010;32;3;15-04-0017;EXAMEN;0;2;21-11-2025
ABS006829;STU01400;MAT0014;32;3;17-05-0015;EXAMEN;0;2;21-11-2025
ABS006830;STU01400;MAT0012;32;3;17-03-0007;TD;0;1;21-11-2025
ABS006831;STU01400;MAT0019;32;3;16-03-0020;EXAMEN;0;2;21-11-2025
ABS006832;STU01400;MAT0011;32;3;15-04-0017;COURS;1;1;21-11-2025
ABS006833;STU01400;MAT0033;32;3;17-05-0015;EXAMEN;1;4;21-11-2025
ABS006834;STU01400;MAT0029;32;3;16-04-0014;TD;1;1;21-11-2025
ABS006835;STU01400;MAT0011;32;3;17-05-0014;COURS;1;3;21-11-2025
ABS006836;STU01401;MAT0012;31;3;16-03-0032;COURS;1;1;21-11-2025
ABS006837;STU01401;MAT0023;31;3;16-04-0030;COURS;1;4;21-11-2025
ABS006838;STU01402;MAT0017;32;3;17-05-0023;TP;1;2;21-11-2025
ABS006839;STU01402;MAT0017;32;3;17-03-0019;TP;0;1;21-11-2025
ABS006840;STU01402;MAT0011;32;3;16-03-0032;COURS;1;4;21-11-2025
ABS006841;STU01402;MAT0003;32;3;16-04-0019;TP;0;4;21-11-2025
ABS006842;STU01402;MAT0012;32;3;17-03-0014;COURS;1;1;21-11-2025
ABS006843;STU01403;MAT0025;31;3;17-03-0026;EXAMEN;1;2;21-11-2025
ABS006844;STU01404;MAT0023;32;3;16-05-0020;TD;0;3;21-11-2025
ABS006845;STU01404;MAT0014;32;3;16-05-0032;TP;1;2;21-11-2025
ABS006846;STU01404;MAT0003;32;3;17-03-0022;TP;0;1;21-11-2025
ABS006847;STU01404;MAT0011;32;3;15-04-0021;TD;0;4;21-11-2025
ABS006848;STU01404;MAT0022;32;3;16-04-0026;TD;1;4;21-11-2025
ABS006849;STU01405;MAT0032;31;3;16-03-0009;EXAMEN;1;4;21-11-2025
ABS006850;STU01405;MAT0034;31;3;17-05-0034;EXAMEN;1;1;21-11-2025
ABS006851;STU01405;MAT0005;31;3;17-03-0010;TD;0;3;21-11-2025
ABS006852;STU01405;MAT0010;31;3;16-03-0028;TD;1;3;21-11-2025
ABS006853;STU01405;MAT0014;31;3;17-03-0011;EXAMEN;1;1;21-11-2025
ABS006854;STU01405;MAT0034;31;3;15-04-0016;COURS;1;2;21-11-2025
ABS006855;STU01406;MAT0026;32;3;17-05-0026;TP;1;3;21-11-2025
ABS006856;STU01406;MAT0011;32;3;16-03-0029;EXAMEN;0;3;21-11-2025
ABS006857;STU01406;MAT0020;32;3;16-04-0027;TD;1;2;21-11-2025
ABS006858;STU01406;MAT0031;32;3;16-03-0028;COURS;0;3;21-11-2025
ABS006859;STU01406;MAT0005;32;3;17-05-0019;EXAMEN;1;1;21-11-2025
ABS006860;STU01406;MAT0025;32;3;16-04-0022;COURS;0;4;21-11-2025
ABS006861;STU01406;MAT0024;32;3;17-05-0031;TP;0;1;21-11-2025
ABS006862;STU01407;MAT0003;31;3;16-04-0034;TD;1;4;21-11-2025
ABS006863;STU01407;MAT0022;31;3;15-04-0008;COURS;0;4;21-11-2025
ABS006864;STU01407;MAT0029;31;3;17-03-0014;TD;1;3;21-11-2025
ABS006865;STU01407;MAT0018;31;3;15-04-0028;TP;1;4;21-11-2025
ABS006866;STU01407;MAT0035;31;3;16-03-0016;TP;1;1;21-11-2025
ABS006867;STU01407;MAT0003;31;3;16-05-0025;EXAMEN;0;4;21-11-2025
ABS006868;STU01408;MAT0032;32;3;17-05-0019;COURS;1;1;21-11-2025
ABS006869;STU01408;MAT0022;32;3;16-04-0023;COURS;0;2;21-11-2025
ABS006870;STU01408;MAT0012;32;3;16-05-0021;COURS;1;3;21-11-2025
ABS006871;STU01408;MAT0010;32;3;17-03-0031;TD;1;2;21-11-2025
ABS006872;STU01409;MAT0029;31;3;16-03-0024;TP;1;4;21-11-2025
ABS006873;STU01409;MAT0032;31;3;15-04-0009;EXAMEN;1;4;21-11-2025
ABS006874;STU01409;MAT0017;31;3;16-03-0012;TP;1;2;21-11-2025
ABS006875;STU01409;;31;3;15-04-0020;EXAMEN;1;2;21-11-2025
ABS006876;STU01409;MAT0019;31;3;16-03-0028;COURS;1;2;21-11-2025
ABS006877;STU01410;MAT0012;32;3;15-04-0033;EXAMEN;1;4;21-11-2025
ABS006878;STU01410;MAT0034;32;3;16-04-0027;COURS;1;1;21-11-2025
ABS006879;STU01410;MAT0024;32;3;15-04-0025;EXAMEN;0;1;21-11-2025
ABS006880;STU01411;MAT0024;31;3;17-03-0022;COURS;1;4;21-11-2025
ABS006881;STU01411;MAT0002;31;3;16-05-0033;TP;1;1;21-11-2025
ABS006882;STU01411;MAT0003;31;3;17-05-0011;TD;1;4;21-11-2025
ABS006883;STU01411;MAT0010;31;3;17-03-0015;COURS;0;4;21-11-2025
ABS006884;STU01411;MAT0012;31;3;15-04-0021;EXAMEN;1;2;21-11-2025
ABS006885;STU01411;MAT0010;31;3;16-05-0012;EXAMEN;1;3;21-11-2025
ABS006886;STU01411;MAT0017;31;3;16-05-0017;TD;1;4;21-11-2025
ABS006887;STU01411;MAT0016;31;3;17-05-0011;TD;1;2;21-11-2025
ABS006888;STU01411;MAT0020;31;3;17-03-0031;COURS;1;2;21-11-2025
ABS006889;STU01411;MAT0023;31;3;16-05-0009;COURS;1;4;21-11-2025
ABS006890;STU01416;MAT0020;32;3;16-04-0031;TP;1;2;21-11-2025
ABS006891;STU01416;MAT0017;32;3;16-04-0018;TD;1;2;21-11-2025
ABS006892;STU01416;MAT0031;32;3;16-03-0029;TD;0;2;21-11-2025
ABS006893;STU01416;MAT0021;32;3;16-03-0032;TP;0;3;21-11-2025
ABS006894;STU01417;MAT0013;31;3;16-04-0026;TD;1;4;21-11-2025
ABS006895;STU01417;MAT0007;31;3;16-04-0018;COURS;1;4;21-11-2025
ABS006896;STU01417;MAT0005;31;3;15-04-0033;EXAMEN;0;4;21-11-2025
ABS006897;STU01417;MAT0019;31;3;17-03-0031;TP;1;2;21-11-2025
ABS006898;STU01417;MAT0028;31;3;16-03-0025;EXAMEN;1;1;21-11-2025
ABS006899;STU01417;MAT0030;31;3;16-05-0017;TP;1;4;21-11-2025
ABS006900;STU01417;MAT0020;31;3;16-04-0030;EXAMEN;0;1;21-11-2025
ABS006901;STU01417;MAT0014;31;3;16-05-0009;TD;1;4;21-11-2025
ABS006902;STU01417;MAT0008;31;3;16-03-0013;COURS;1;4;21-11-2025
ABS006903;STU01418;MAT0028;32;3;15-04-0013;TP;1;1;21-11-2025
ABS006904;STU01418;MAT0027;32;3;15-04-0021;TP;1;1;21-11-2025
ABS006905;STU01418;MAT0027;32;3;17-05-0019;EXAMEN;1;2;21-11-2025
ABS006906;STU01419;MAT0023;31;3;15-04-0016;COURS;1;2;21-11-2025
ABS006907;STU01419;;31;3;15-04-0028;TP;0;3;21-11-2025
ABS006908;STU01419;MAT0007;31;3;16-03-0016;EXAMEN;0;2;21-11-2025
ABS006909;STU01419;MAT0030;31;3;17-03-0022;EXAMEN;1;3;21-11-2025
ABS006910;STU01419;MAT0010;31;3;16-03-0012;COURS;1;3;21-11-2025
ABS006911;STU01419;MAT0007;31;3;17-03-0027;EXAMEN;0;1;21-11-2025
ABS006912;STU01419;MAT0002;31;3;17-05-0030;TD;0;2;21-11-2025
ABS006913;STU01419;MAT0021;31;3;16-03-0021;COURS;0;2;21-11-2025
ABS006914;STU01419;MAT0035;31;3;17-05-0018;TD;1;3;21-11-2025
ABS006915;STU01419;MAT0014;31;3;17-03-0023;TD;0;1;21-11-2025
ABS006916;STU01419;MAT0021;31;3;16-03-0016;TD;1;3;21-11-2025
ABS006917;STU01419;MAT0021;31;3;16-03-0013;EXAMEN;1;3;21-11-2025
ABS006918;STU01419;MAT0029;31;3;16-03-0009;COURS;1;1;21-11-2025
ABS006919;STU01419;MAT0013;31;3;16-04-0014;TP;0;1;21-11-2025
ABS006920;STU01421;MAT0020;31;3;16-03-0017;COURS;1;4;21-11-2025
ABS006921;STU01421;MAT0010;31;3;16-05-0025;TD;0;2;21-11-2025
ABS006922;STU01422;MAT0003;32;3;15-04-0017;TD;1;3;21-11-2025
ABS006923;STU01422;MAT0008;32;3;15-04-0021;EXAMEN;1;1;21-11-2025
ABS006924;STU01423;MAT0012;31;3;16-03-0020;TP;1;2;21-11-2025
ABS006925;STU01423;MAT0021;31;3;16-03-0016;TD;1;3;21-11-2025
ABS006926;STU01424;MAT0008;32;3;16-05-0020;TD;1;3;21-11-2025
ABS006927;STU01424;MAT0028;32;3;15-04-0009;COURS;1;1;21-11-2025
ABS006928;STU01424;MAT0016;32;3;16-04-0015;TD;1;1;21-11-2025
ABS006929;STU01424;MAT0016;32;3;16-04-0031;EXAMEN;1;2;21-11-2025
ABS006930;STU01424;MAT0017;32;3;15-04-0029;EXAMEN;0;3;21-11-2025
ABS006931;STU01424;MAT0005;32;3;16-03-0032;TD;0;3;21-11-2025
ABS006932;STU01424;MAT0025;32;3;16-03-0028;EXAMEN;0;4;21-11-2025
ABS006933;STU01424;MAT0004;32;3;16-04-0011;TP;0;4;21-11-2025
ABS006934;STU01424;MAT0013;32;3;17-03-0026;COURS;1;1;21-11-2025
ABS006935;STU01424;MAT0029;32;3;17-05-0019;EXAMEN;0;4;21-11-2025
ABS006936;STU01424;MAT0032;32;3;17-05-0015;TP;0;1;21-11-2025
ABS006937;STU01425;MAT0008;31;3;16-04-0014;EXAMEN;1;3;21-11-2025
ABS006938;STU01425;MAT0026;31;3;17-03-0015;COURS;1;3;21-11-2025
ABS006939;STU01425;MAT0035;31;3;17-05-0014;TP;0;4;21-11-2025
ABS006940;STU01425;MAT0025;31;3;17-03-0034;EXAMEN;0;3;21-11-2025
ABS006941;STU01425;MAT0004;31;3;15-04-0020;TP;0;2;21-11-2025
ABS006942;STU01427;MAT0004;31;3;17-05-0030;TD;1;3;21-11-2025
ABS006943;STU01427;MAT0034;31;3;17-03-0023;TD;0;2;21-11-2025
ABS006944;STU01427;MAT0028;31;3;17-03-0026;EXAMEN;1;3;21-11-2025
ABS006945;STU01427;MAT0035;31;3;17-03-0018;TP;1;1;21-11-2025
ABS006946;STU01427;MAT0030;31;3;16-05-0021;EXAMEN;0;3;21-11-2025
ABS006947;STU01427;MAT0010;31;3;17-05-0019;TD;0;3;21-11-2025
ABS006948;STU01429;MAT0030;31;3;16-03-0009;COURS;1;4;21-11-2025
ABS006949;STU01429;MAT0014;31;3;16-04-0034;TP;1;3;21-11-2025
ABS006950;STU01429;MAT0018;31;3;15-04-0013;TP;1;4;21-11-2025
ABS006951;STU01429;MAT0034;31;3;16-05-0025;TP;1;2;21-11-2025
ABS006952;STU01429;MAT0035;31;3;17-05-0015;EXAMEN;0;1;21-11-2025
ABS006953;STU01429;MAT0030;31;3;16-05-0025;TD;1;3;21-11-2025
ABS006954;STU01430;MAT0020;32;3;16-05-0013;TD;0;1;21-11-2025
ABS006955;STU01430;MAT0005;32;3;15-04-0012;TP;0;1;21-11-2025
ABS006956;STU01430;MAT0030;32;3;17-05-0019;EXAMEN;0;2;21-11-2025
ABS006957;STU01430;MAT0032;32;3;17-05-0018;TP;0;1;21-11-2025
ABS006958;STU01430;MAT0032;32;3;15-04-0012;EXAMEN;1;1;21-11-2025
ABS006959;STU01430;MAT0017;32;3;17-03-0018;EXAMEN;1;2;21-11-2025
ABS006960;STU01431;MAT0032;31;3;16-05-0021;TP;0;1;21-11-2025
ABS006961;STU01431;MAT0026;31;3;17-05-0007;TP;1;1;21-11-2025
ABS006962;STU01431;MAT0019;31;3;17-05-0034;COURS;1;2;21-11-2025
ABS006963;STU01431;MAT0027;31;3;15-04-0032;COURS;1;1;21-11-2025
ABS006964;STU01431;MAT0005;31;3;16-04-0010;EXAMEN;0;2;21-11-2025
ABS006965;STU01431;MAT0009;31;3;17-05-0011;COURS;1;3;21-11-2025
ABS006966;STU01431;MAT0014;31;3;17-03-0031;COURS;0;3;21-11-2025
ABS006967;STU01431;MAT0006;31;3;16-03-0009;TP;1;4;21-11-2025
ABS006968;STU01431;MAT0004;31;3;17-03-0026;TP;1;3;21-11-2025
ABS006969;STU01431;MAT0031;31;3;17-03-0014;TD;1;1;21-11-2025
ABS006970;STU01431;MAT0032;31;3;16-04-0026;TP;1;3;21-11-2025
ABS006971;STU01431;MAT0035;31;3;16-04-0019;TP;0;4;21-11-2025
ABS006972;STU01431;MAT0014;31;3;16-03-0013;TD;1;3;21-11-2025
ABS006973;STU01431;MAT0027;31;3;17-05-0034;TP;0;1;21-11-2025
ABS006974;STU01431;MAT0019;31;3;16-03-0029;TD;1;2;21-11-2025
ABS006975;STU01432;MAT0004;32;3;15-04-0032;EXAMEN;1;3;21-11-2025
ABS006976;STU01432;MAT0017;32;3;17-05-0034;COURS;0;2;21-11-2025
ABS006977;STU01432;MAT0032;32;3;16-04-0010;EXAMEN;1;2;21-11-2025
ABS006978;STU01433;MAT0003;31;3;17-03-0031;EXAMEN;0;2;21-11-2025
ABS006979;STU01433;MAT0035;31;3;17-03-0027;TD;0;4;21-11-2025
ABS006980;STU01434;MAT0011;32;3;16-03-0025;TD;0;4;21-11-2025
ABS006981;STU01434;MAT0034;32;3;16-04-0027;COURS;1;1;21-11-2025
ABS006982;STU01436;MAT0016;32;3;16-05-0024;EXAMEN;1;4;21-11-2025
ABS006983;STU01436;MAT0009;32;3;17-03-0031;TP;1;3;21-11-2025
ABS006984;STU01436;MAT0023;32;3;16-03-0032;EXAMEN;0;1;21-11-2025
ABS006985;STU01436;MAT0013;32;3;17-03-0026;TP;0;4;21-11-2025
ABS006986;STU01436;MAT0034;32;3;16-05-0012;EXAMEN;0;4;21-11-2025
ABS006987;STU01436;MAT0002;32;3;16-03-0016;TD;0;3;21-11-2025
ABS006988;STU01436;MAT0004;32;3;17-05-0011;TD;0;3;21-11-2025
ABS006989;STU01436;MAT0017;32;3;16-05-0009;TP;0;1;21-11-2025
ABS006990;STU01436;MAT0002;32;3;17-05-0027;TD;1;3;21-11-2025
ABS006991;STU01436;MAT0034;32;3;16-04-0011;EXAMEN;1;3;21-11-2025
ABS006992;STU01436;MAT0006;32;3;16-03-0025;COURS;1;4;21-11-2025
ABS006993;STU01437;MAT0025;31;3;16-03-0021;TP;1;3;21-11-2025
ABS006994;STU01437;MAT0004;31;3;16-05-0028;TD;1;4;21-11-2025
ABS006995;STU01437;MAT0011;31;3;16-04-0023;TD;1;3;21-11-2025
ABS006996;STU01437;MAT0022;31;3;17-05-0018;TD;0;1;21-11-2025
ABS006997;STU01437;MAT0024;31;3;17-05-0010;TP;0;3;21-11-2025
ABS006998;STU01437;MAT0020;31;3;17-05-0034;EXAMEN;1;1;21-11-2025
ABS006999;STU01437;MAT0004;31;3;16-04-0015;TP;0;4;21-11-2025
ABS007000;STU01438;MAT0011;32;3;17-05-0011;COURS;1;4;21-11-2025
ABS007001;STU01438;MAT0004;32;3;15-04-0017;TD;0;3;21-11-2025
ABS007002;STU01438;MAT0034;32;3;17-05-0027;TD;1;1;21-11-2025
ABS007003;STU01438;;32;3;16-03-0012;TP;0;1;21-11-2025
ABS007004;STU01438;MAT0032;32;3;17-03-0027;TD;1;1;21-11-2025
ABS007005;STU01438;MAT0030;32;3;17-03-0011;TD;1;4;21-11-2025
ABS007006;STU01438;MAT0008;32;3;16-04-0018;TD;1;4;21-11-2025
ABS007007;STU01438;MAT0004;32;3;17-03-0027;EXAMEN;1;4;21-11-2025
ABS007008;STU01438;MAT0014;32;3;17-05-0030;TD;1;2;21-11-2025
ABS007009;STU01438;MAT0007;32;3;17-03-0018;EXAMEN;1;4;21-11-2025
ABS007010;STU01438;MAT0012;32;3;17-05-0026;COURS;1;4;21-11-2025
ABS007011;STU01439;MAT0024;31;3;16-03-0016;TP;1;3;21-11-2025
ABS007012;STU01439;MAT0026;31;3;16-04-0018;TD;0;2;21-11-2025
ABS007013;STU01439;MAT0021;31;3;17-05-0030;COURS;1;3;21-11-2025
ABS007014;STU01439;MAT0020;31;3;15-04-0009;EXAMEN;1;2;21-11-2025
ABS007015;STU01440;MAT0012;32;3;16-04-0031;TP;1;3;21-11-2025
ABS007016;STU01440;MAT0035;32;3;17-05-0018;EXAMEN;1;4;21-11-2025
ABS007017;STU01440;MAT0023;32;3;15-04-0020;TP;1;4;21-11-2025
ABS007018;STU01440;MAT0021;32;3;17-05-0007;COURS;1;3;21-11-2025
ABS007019;STU01441;MAT0027;37;3;17-05-0030;TP;1;1;21-11-2025
ABS007020;STU01441;;37;3;17-03-0018;TP;1;3;21-11-2025
ABS007021;STU01441;MAT0030;37;3;16-04-0023;COURS;0;2;21-11-2025
ABS007022;STU01441;MAT0025;37;3;16-04-0015;EXAMEN;1;1;21-11-2025
ABS007023;STU01441;MAT0004;37;3;16-05-0024;TP;1;4;21-11-2025
ABS007024;STU01441;MAT0025;37;3;16-03-0029;TD;1;2;21-11-2025
ABS007025;STU01442;MAT0010;38;3;16-03-0020;EXAMEN;0;2;21-11-2025
ABS007026;STU01442;MAT0011;38;3;17-03-0027;TD;0;1;21-11-2025
ABS007027;STU01442;MAT0015;38;3;17-03-0031;COURS;0;3;21-11-2025
ABS007028;STU01442;MAT0025;38;3;15-04-0029;TD;1;4;21-11-2025
ABS007029;STU01442;MAT0007;38;3;16-03-0017;TP;1;3;21-11-2025
ABS007030;STU01443;MAT0007;37;3;15-04-0028;TD;1;3;21-11-2025
ABS007031;STU01443;MAT0016;37;3;16-04-0018;TP;0;2;21-11-2025
ABS007032;STU01443;MAT0019;37;3;16-04-0023;COURS;1;3;21-11-2025
ABS007033;STU01444;MAT0010;38;3;16-05-0017;TD;1;4;21-11-2025
ABS007034;STU01444;MAT0021;38;3;16-05-0028;COURS;0;1;21-11-2025
ABS007035;STU01444;MAT0003;38;3;16-05-0029;COURS;1;4;21-11-2025
ABS007036;STU01444;MAT0030;38;3;16-05-0016;TD;1;1;21-11-2025
ABS007037;STU01444;MAT0028;38;3;16-03-0016;TD;0;1;21-11-2025
ABS007038;STU01444;MAT0007;38;3;16-05-0024;COURS;0;1;21-11-2025
ABS007039;STU01444;MAT0021;38;3;15-04-0028;EXAMEN;1;1;21-11-2025
ABS007040;STU01445;MAT0024;37;3;17-03-0007;EXAMEN;1;2;21-11-2025
ABS007041;STU01445;MAT0019;37;3;15-04-0028;TP;1;3;21-11-2025
ABS007042;STU01445;MAT0002;37;3;16-03-0009;TP;0;3;21-11-2025
ABS007043;STU01445;MAT0012;37;3;17-03-0023;EXAMEN;0;1;21-11-2025
ABS007044;STU01445;MAT0029;37;3;15-04-0024;TD;0;1;21-11-2025
ABS007045;STU01446;MAT0004;38;3;17-03-0026;TD;1;4;21-11-2025
ABS007046;STU01446;MAT0029;38;3;16-04-0007;EXAMEN;1;1;21-11-2025
ABS007047;STU01446;MAT0006;38;3;17-05-0019;EXAMEN;1;1;21-11-2025
ABS007048;STU01446;MAT0024;38;3;17-03-0031;COURS;0;3;21-11-2025
ABS007049;STU01446;MAT0025;38;3;16-05-0013;TP;1;3;21-11-2025
ABS007050;STU01447;MAT0004;37;3;15-04-0021;EXAMEN;1;2;21-11-2025
ABS007051;STU01447;MAT0008;37;3;16-03-0020;TP;1;3;21-11-2025
ABS007052;STU01447;MAT0028;37;3;17-05-0007;COURS;1;2;21-11-2025
ABS007053;STU01447;MAT0008;37;3;15-04-0020;COURS;0;2;21-11-2025
ABS007054;STU01448;MAT0017;38;3;17-03-0026;TP;1;4;21-11-2025
ABS007055;STU01448;MAT0022;38;3;17-05-0010;EXAMEN;0;3;21-11-2025
ABS007056;STU01448;MAT0013;38;3;17-05-0015;TP;1;4;21-11-2025
ABS007057;STU01448;MAT0031;38;3;16-03-0013;TP;1;3;21-11-2025
ABS007058;STU01449;MAT0034;37;3;17-05-0022;EXAMEN;1;1;21-11-2025
ABS007059;STU01449;MAT0006;37;3;17-05-0023;COURS;0;2;21-11-2025
ABS007060;STU01449;MAT0031;37;3;16-03-0032;TP;1;2;21-11-2025
ABS007061;STU01449;MAT0007;37;3;16-03-0013;TP;0;3;21-11-2025
ABS007062;STU01449;MAT0029;37;3;17-03-0027;COURS;1;1;21-11-2025
ABS007063;STU01449;MAT0033;37;3;17-03-0022;EXAMEN;1;4;21-11-2025
ABS007064;STU01449;MAT0033;37;3;17-03-0014;EXAMEN;1;1;21-11-2025
ABS007065;STU01451;MAT0012;37;3;17-05-0011;COURS;0;3;21-11-2025
ABS007066;STU01451;MAT0016;37;3;16-05-0033;TP;0;4;21-11-2025
ABS007067;STU01451;MAT0007;37;3;17-05-0031;EXAMEN;1;3;21-11-2025
ABS007068;STU01453;MAT0002;37;3;16-04-0026;COURS;1;2;21-11-2025
ABS007069;STU01453;MAT0011;37;3;16-05-0016;TD;0;1;21-11-2025
ABS007070;STU01454;MAT0015;38;3;16-05-0033;COURS;0;4;21-11-2025
ABS007071;STU01454;MAT0014;38;3;17-05-0015;TP;0;1;21-11-2025
ABS007072;STU01455;MAT0022;37;3;16-05-0012;COURS;1;2;21-11-2025
ABS007073;STU01456;MAT0033;38;3;16-03-0020;TD;1;1;21-11-2025
ABS007074;STU01456;MAT0022;38;3;17-03-0027;TD;1;4;21-11-2025
ABS007075;STU01456;MAT0024;38;3;16-05-0020;TP;1;1;21-11-2025
ABS007076;STU01457;MAT0004;37;3;17-03-0027;EXAMEN;0;2;21-11-2025
ABS007077;STU01457;MAT0009;37;3;16-03-0033;TP;0;4;21-11-2025
ABS007078;STU01457;MAT0022;37;3;15-04-0016;TD;1;2;21-11-2025
ABS007079;STU01457;MAT0016;37;3;17-03-0031;TP;0;1;21-11-2025
ABS007080;STU01457;MAT0018;37;3;17-03-0014;TP;1;4;21-11-2025
ABS007081;STU01457;MAT0021;37;3;16-05-0029;COURS;1;1;21-11-2025
ABS007082;STU01457;MAT0033;37;3;16-05-0016;TP;1;3;21-11-2025
ABS007083;STU01457;MAT0029;37;3;17-05-0026;TD;1;4;21-11-2025
ABS007084;STU01457;MAT0004;37;3;16-03-0028;TP;1;3;21-11-2025
ABS007085;STU01457;MAT0007;37;3;16-03-0028;EXAMEN;1;4;21-11-2025
ABS007086;STU01457;MAT0017;37;3;16-03-0025;COURS;1;4;21-11-2025
ABS007087;STU01457;MAT0019;37;3;16-04-0010;TP;0;4;21-11-2025
ABS007088;STU01457;MAT0024;37;3;16-05-0032;EXAMEN;0;1;21-11-2025
ABS007089;STU01457;MAT0021;37;3;16-04-0030;TD;0;4;21-11-2025
ABS007090;STU01457;MAT0021;37;3;16-04-0019;COURS;1;2;21-11-2025
ABS007091;STU01458;MAT0019;38;3;15-04-0024;TD;0;1;21-11-2025
ABS007092;STU01458;MAT0028;38;3;17-03-0031;EXAMEN;0;2;21-11-2025
ABS007093;STU01458;MAT0032;38;3;16-05-0013;EXAMEN;1;2;21-11-2025
ABS007094;STU01459;MAT0017;37;3;17-03-0018;TD;0;1;21-11-2025
ABS007095;STU01459;;37;3;16-03-0017;TD;1;2;21-11-2025
ABS007096;STU01460;MAT0012;38;3;16-04-0011;TD;1;4;21-11-2025
ABS007097;STU01460;MAT0029;38;3;16-03-0008;TP;1;4;21-11-2025
ABS007098;STU01460;MAT0031;38;3;15-04-0013;COURS;1;1;21-11-2025
ABS007099;STU01460;MAT0011;38;3;16-04-0014;TD;1;4;21-11-2025
ABS007100;STU01460;MAT0015;38;3;15-04-0013;TP;0;1;21-11-2025
ABS007101;STU01462;MAT0012;38;3;16-05-0024;EXAMEN;1;2;21-11-2025
ABS007102;STU01462;MAT0018;38;3;17-03-0023;TP;1;1;21-11-2025
ABS007103;STU01462;MAT0023;38;3;17-05-0023;COURS;1;1;21-11-2025
ABS007104;STU01462;MAT0018;38;3;17-05-0026;TD;1;4;21-11-2025
ABS007105;STU01462;MAT0016;38;3;16-05-0024;TP;0;1;21-11-2025
ABS007106;STU01463;MAT0021;37;3;17-05-0027;TP;0;3;21-11-2025
ABS007107;STU01463;MAT0019;37;3;16-03-0013;EXAMEN;1;4;21-11-2025
ABS007108;STU01463;;37;3;17-03-0027;TP;0;2;21-11-2025
ABS007109;STU01463;MAT0010;37;3;16-03-0016;TP;1;1;21-11-2025
ABS007110;STU01463;MAT0006;37;3;17-03-0026;EXAMEN;0;4;21-11-2025
ABS007111;STU01463;MAT0009;37;3;17-03-0014;TP;1;1;21-11-2025
ABS007112;STU01463;MAT0032;37;3;17-05-0023;TD;0;4;21-11-2025
ABS007113;STU01464;MAT0008;38;3;17-03-0022;TD;0;2;21-11-2025
ABS007114;STU01464;MAT0035;38;3;16-04-0022;EXAMEN;1;1;21-11-2025
ABS007115;STU01465;MAT0033;37;3;16-03-0025;TD;1;2;21-11-2025
ABS007116;STU01465;MAT0024;37;3;15-04-0016;TD;1;4;21-11-2025
ABS007117;STU01465;MAT0005;37;3;15-04-0025;TP;0;2;21-11-2025
ABS007118;STU01465;MAT0030;37;3;16-03-0009;EXAMEN;1;3;21-11-2025
ABS007119;STU01465;MAT0026;37;3;16-03-0020;TP;1;1;21-11-2025
ABS007120;STU01465;MAT0004;37;3;16-03-0024;COURS;1;3;21-11-2025
ABS007121;STU01465;MAT0010;37;3;17-03-0031;EXAMEN;1;1;21-11-2025
ABS007122;STU01465;MAT0009;37;3;16-03-0028;TD;0;2;21-11-2025
ABS007123;STU01465;MAT0031;37;3;15-04-0033;TP;0;1;21-11-2025
ABS007124;STU01465;MAT0025;37;3;16-03-0013;EXAMEN;1;3;21-11-2025
ABS007125;STU01465;MAT0020;37;3;16-04-0034;TD;1;4;21-11-2025
ABS007126;STU01465;MAT0018;37;3;17-05-0014;EXAMEN;1;1;21-11-2025
ABS007127;STU01466;MAT0025;38;3;16-05-0009;TD;1;2;21-11-2025
ABS007128;STU01467;MAT0013;37;3;16-05-0012;EXAMEN;0;4;21-11-2025
ABS007129;STU01467;MAT0008;37;3;16-03-0017;COURS;0;1;21-11-2025
ABS007130;STU01467;MAT0014;37;3;17-05-0034;COURS;0;4;21-11-2025
ABS007131;STU01467;MAT0029;37;3;17-03-0014;COURS;1;4;21-11-2025
ABS007132;STU01467;MAT0019;37;3;15-04-0028;TD;1;2;21-11-2025
ABS007133;STU01467;MAT0011;37;3;16-03-0025;TP;0;4;21-11-2025
ABS007134;STU01467;MAT0018;37;3;15-04-0033;EXAMEN;1;1;21-11-2025
ABS007135;STU01467;MAT0006;37;3;16-04-0026;TP;1;1;21-11-2025
ABS007136;STU01467;MAT0022;37;3;17-03-0019;TD;1;3;21-11-2025
ABS007137;STU01468;MAT0017;38;3;15-04-0012;EXAMEN;1;4;21-11-2025
ABS007138;STU01468;MAT0009;38;3;17-05-0034;TD;1;4;21-11-2025
ABS007139;STU01468;MAT0032;38;3;15-04-0009;TP;1;1;21-11-2025
ABS007140;STU01468;MAT0023;38;3;15-04-0032;TP;1;2;21-11-2025
ABS007141;STU01468;MAT0011;38;3;16-04-0030;COURS;1;4;21-11-2025
ABS007142;STU01468;MAT0024;38;3;16-04-0011;TP;1;1;21-11-2025
ABS007143;STU01468;MAT0015;38;3;16-04-0015;EXAMEN;0;4;21-11-2025
ABS007144;STU01468;MAT0013;38;3;16-03-0029;TP;1;4;21-11-2025
ABS007145;STU01468;MAT0007;38;3;16-03-0009;EXAMEN;0;3;21-11-2025
ABS007146;STU01468;MAT0022;38;3;16-04-0034;TD;1;3;21-11-2025
ABS007147;STU01468;MAT0007;38;3;16-03-0009;TP;0;2;21-11-2025
ABS007148;STU01469;MAT0017;37;3;17-05-0030;TD;1;4;21-11-2025
ABS007149;STU01469;MAT0004;37;3;16-05-0032;EXAMEN;1;1;21-11-2025
ABS007150;STU01469;MAT0033;37;3;16-05-0032;TD;0;3;21-11-2025
ABS007151;STU01470;MAT0017;38;3;16-03-0020;TP;0;4;21-11-2025
ABS007152;STU01470;MAT0029;38;3;16-04-0031;EXAMEN;0;3;21-11-2025
ABS007153;STU01471;MAT0004;37;3;17-05-0027;TP;0;2;21-11-2025
ABS007154;STU01471;MAT0026;37;3;15-04-0017;TP;1;4;21-11-2025
ABS007155;STU01473;MAT0028;37;3;17-05-0034;EXAMEN;1;3;21-11-2025
ABS007156;STU01475;MAT0017;37;3;16-04-0023;TP;0;2;21-11-2025
ABS007157;STU01475;MAT0011;37;3;17-05-0034;TP;1;1;21-11-2025
ABS007158;STU01475;MAT0010;37;3;16-05-0029;EXAMEN;0;2;21-11-2025
ABS007159;STU01475;MAT0002;37;3;16-04-0010;COURS;1;3;21-11-2025
ABS007160;STU01475;MAT0025;37;3;17-05-0027;TD;0;4;21-11-2025
ABS007161;STU01475;MAT0004;37;3;15-04-0021;TP;0;2;21-11-2025
ABS007162;STU01476;MAT0015;38;3;15-04-0009;COURS;0;3;21-11-2025
ABS007163;STU01476;MAT0007;38;3;16-04-0015;EXAMEN;0;3;21-11-2025
ABS007164;STU01476;MAT0004;38;3;16-03-0028;TD;1;3;21-11-2025
ABS007165;STU01476;MAT0025;38;3;17-05-0007;TD;0;3;21-11-2025
ABS007166;STU01476;MAT0006;38;3;16-03-0009;EXAMEN;0;2;21-11-2025
ABS007167;STU01476;MAT0016;38;3;17-03-0031;EXAMEN;0;4;21-11-2025
ABS007168;STU01476;MAT0017;38;3;17-03-0023;EXAMEN;1;1;21-11-2025
ABS007169;STU01476;MAT0031;38;3;16-05-0021;TD;1;1;21-11-2025
ABS007170;STU01476;MAT0010;38;3;15-04-0032;EXAMEN;0;2;21-11-2025
ABS007171;STU01476;MAT0027;38;3;15-04-0016;COURS;0;1;21-11-2025
ABS007172;STU01476;MAT0029;38;3;16-04-0027;EXAMEN;0;1;21-11-2025
ABS007173;STU01477;MAT0009;37;3;16-05-0013;TP;1;4;21-11-2025
ABS007174;STU01477;MAT0005;37;3;16-04-0030;COURS;1;1;21-11-2025
ABS007175;STU01477;MAT0016;37;3;16-05-0017;EXAMEN;0;4;21-11-2025
ABS007176;STU01478;MAT0010;38;3;17-03-0007;TD;0;1;21-11-2025
ABS007177;STU01478;MAT0026;38;3;16-03-0029;TD;1;1;21-11-2025
ABS007178;STU01478;MAT0003;38;3;16-04-0010;COURS;1;1;21-11-2025
ABS007179;STU01478;MAT0025;38;3;16-05-0009;TD;1;1;21-11-2025
ABS007180;STU01478;MAT0025;38;3;16-03-0032;EXAMEN;1;4;21-11-2025
ABS007181;STU01478;MAT0008;38;3;16-03-0008;TP;1;1;21-11-2025
ABS007182;STU01478;MAT0028;38;3;16-03-0032;TD;1;2;21-11-2025
ABS007183;STU01478;MAT0024;38;3;17-05-0011;COURS;1;3;21-11-2025
ABS007184;STU01479;MAT0025;37;3;16-04-0023;COURS;1;2;21-11-2025
ABS007185;STU01479;MAT0032;37;3;16-03-0009;COURS;1;2;21-11-2025
ABS007186;STU01480;MAT0021;38;3;17-05-0019;TP;0;2;21-11-2025
ABS007187;STU01480;MAT0011;38;3;17-05-0015;COURS;1;2;21-11-2025
ABS007188;STU01480;MAT0017;38;3;15-04-0033;COURS;0;4;21-11-2025
ABS007189;STU01480;MAT0022;38;3;16-04-0026;COURS;1;2;21-11-2025
ABS007190;STU01480;MAT0017;38;3;16-04-0011;TD;1;2;21-11-2025
ABS007191;STU01481;MAT0021;37;3;16-05-0021;TP;1;4;21-11-2025
ABS007192;STU01481;MAT0013;37;3;17-03-0034;TD;0;1;21-11-2025
ABS007193;STU01481;MAT0014;37;3;15-04-0009;TD;0;1;21-11-2025
ABS007194;STU01482;MAT0030;38;3;16-05-0032;TP;0;2;21-11-2025
ABS007195;STU01482;MAT0032;38;3;17-03-0023;COURS;1;2;21-11-2025
ABS007196;STU01482;MAT0003;38;3;16-05-0008;TP;1;2;21-11-2025
ABS007197;STU01482;MAT0025;38;3;16-03-0029;EXAMEN;1;4;21-11-2025
ABS007198;STU01482;MAT0025;38;3;15-04-0012;COURS;1;4;21-11-2025
ABS007199;STU01482;MAT0005;38;3;16-05-0016;COURS;0;4;21-11-2025
ABS007200;STU01483;MAT0021;37;3;15-04-0033;TP;1;3;21-11-2025
ABS007201;STU01483;MAT0017;37;3;17-05-0023;TP;1;3;21-11-2025
ABS007202;STU01483;MAT0008;37;3;15-04-0021;TD;1;4;21-11-2025
ABS007203;STU01483;MAT0013;37;3;17-03-0018;TP;0;2;21-11-2025
ABS007204;STU01483;MAT0012;37;3;16-05-0033;EXAMEN;1;2;21-11-2025
ABS007205;STU01483;MAT0030;37;3;16-03-0032;EXAMEN;1;3;21-11-2025
ABS007206;STU01483;MAT0035;37;3;16-04-0031;TP;0;3;21-11-2025
ABS007207;STU01483;MAT0019;37;3;17-05-0031;EXAMEN;1;3;21-11-2025
ABS007208;STU01483;MAT0004;37;3;17-05-0015;TD;1;1;21-11-2025
ABS007209;STU01483;MAT0010;37;3;17-05-0007;COURS;1;2;21-11-2025
ABS007210;STU01483;MAT0021;37;3;15-04-0020;TP;1;2;21-11-2025
ABS007211;STU01483;MAT0012;37;3;16-05-0024;TD;0;2;21-11-2025
ABS007212;STU01483;MAT0022;37;3;15-04-0032;TD;0;4;21-11-2025
ABS007213;STU01483;MAT0011;37;3;16-04-0023;TD;1;4;21-11-2025
ABS007214;STU01484;MAT0010;38;3;15-04-0016;COURS;1;2;21-11-2025
ABS007215;STU01484;;38;3;17-05-0026;COURS;0;4;21-11-2025
ABS007216;STU01485;MAT0030;37;3;17-03-0018;EXAMEN;1;1;21-11-2025
ABS007217;STU01485;MAT0008;37;3;15-04-0009;COURS;1;1;21-11-2025
ABS007218;STU01485;MAT0010;37;3;17-05-0019;TD;0;2;21-11-2025
ABS007219;STU01485;MAT0011;37;3;17-05-0015;COURS;0;4;21-11-2025
ABS007220;STU01485;MAT0022;37;3;17-05-0019;COURS;1;1;21-11-2025
ABS007221;STU01485;MAT0029;37;3;15-04-0013;TP;0;4;21-11-2025
ABS007222;STU01485;MAT0009;37;3;17-05-0026;COURS;1;3;21-11-2025
ABS007223;STU01486;MAT0017;38;3;17-03-0007;TP;0;1;21-11-2025
ABS007224;STU01486;MAT0032;38;3;16-03-0021;TD;0;1;21-11-2025
ABS007225;STU01486;MAT0022;38;3;17-05-0019;EXAMEN;1;2;21-11-2025
ABS007226;STU01486;MAT0027;38;3;16-04-0027;TD;1;2;21-11-2025
ABS007227;STU01486;MAT0013;38;3;16-04-0034;TD;1;4;21-11-2025
ABS007228;STU01486;MAT0015;38;3;16-04-0030;COURS;0;2;21-11-2025
ABS007229;STU01486;MAT0004;38;3;17-03-0030;EXAMEN;0;4;21-11-2025
ABS007230;STU01486;MAT0007;38;3;17-03-0015;TP;1;2;21-11-2025
ABS007231;STU01486;MAT0019;38;3;16-04-0030;TD;1;1;21-11-2025
ABS007232;STU01487;MAT0008;37;3;17-05-0019;TP;1;2;21-11-2025
ABS007233;STU01488;MAT0032;38;3;16-03-0020;TP;1;2;21-11-2025
ABS007234;STU01488;MAT0021;38;3;16-05-0024;TP;1;3;21-11-2025
ABS007235;STU01489;MAT0019;37;3;16-03-0024;EXAMEN;1;2;21-11-2025
ABS007236;STU01490;MAT0020;38;3;17-03-0027;TP;1;4;21-11-2025
ABS007237;STU01491;MAT0012;37;3;16-05-0012;TP;0;3;21-11-2025
ABS007238;STU01491;MAT0018;37;3;17-03-0030;TD;0;1;21-11-2025
ABS007239;STU01492;MAT0031;38;3;17-03-0010;EXAMEN;1;3;21-11-2025
ABS007240;STU01492;MAT0003;38;3;15-04-0013;TP;1;4;21-11-2025
ABS007241;STU01492;MAT0028;38;3;16-04-0011;TD;1;2;21-11-2025
ABS007242;STU01492;MAT0022;38;3;16-03-0025;TD;1;1;21-11-2025
ABS007243;STU01492;MAT0009;38;3;17-03-0030;TP;1;2;21-11-2025
ABS007244;STU01492;MAT0012;38;3;16-05-0017;TP;1;2;21-11-2025
ABS007245;STU01492;MAT0032;38;3;15-04-0033;TD;0;3;21-11-2025
ABS007246;STU01492;MAT0024;38;3;16-03-0016;EXAMEN;1;1;21-11-2025
ABS007247;STU01492;MAT0008;38;3;17-03-0010;COURS;1;1;21-11-2025
ABS007248;STU01492;MAT0014;38;3;16-04-0014;TP;1;4;21-11-2025
ABS007249;STU01492;MAT0012;38;3;16-03-0016;COURS;0;3;21-11-2025
ABS007250;STU01492;MAT0020;38;3;15-04-0025;TP;0;4;21-11-2025
ABS007251;STU01492;MAT0005;38;3;17-05-0022;EXAMEN;1;2;21-11-2025
ABS007252;STU01492;MAT0014;38;3;15-04-0028;TP;1;1;21-11-2025
ABS007253;STU01493;MAT0012;37;3;17-05-0031;TP;1;4;21-11-2025
ABS007254;STU01494;MAT0013;38;3;16-03-0028;COURS;1;2;21-11-2025
ABS007255;STU01494;MAT0010;38;3;17-03-0027;EXAMEN;1;4;21-11-2025
ABS007256;STU01494;MAT0010;38;3;16-05-0016;EXAMEN;1;1;21-11-2025
ABS007257;STU01494;MAT0026;38;3;16-04-0014;EXAMEN;1;1;21-11-2025
ABS007258;STU01494;MAT0029;38;3;16-05-0025;TP;0;4;21-11-2025
ABS007259;STU01495;MAT0035;37;3;17-05-0011;TP;1;4;21-11-2025
ABS007260;STU01495;MAT0018;37;3;16-05-0017;TP;0;3;21-11-2025
ABS007261;STU01496;MAT0021;38;3;16-03-0009;EXAMEN;1;3;21-11-2025
ABS007262;STU01496;MAT0011;38;3;16-04-0007;EXAMEN;1;2;21-11-2025
ABS007263;STU01496;MAT0003;38;3;17-03-0023;EXAMEN;1;1;21-11-2025
ABS007264;STU01497;MAT0015;37;3;16-03-0012;TP;1;3;21-11-2025
ABS007265;STU01498;MAT0023;38;3;15-04-0033;EXAMEN;0;1;21-11-2025
ABS007266;STU01498;MAT0016;38;3;16-04-0030;EXAMEN;0;3;21-11-2025
ABS007267;STU01498;MAT0021;38;3;16-05-0016;TP;0;2;21-11-2025
ABS007268;STU01499;MAT0022;37;3;16-05-0016;EXAMEN;1;4;21-11-2025
ABS007269;STU01499;MAT0019;37;3;16-04-0010;EXAMEN;1;3;21-11-2025
ABS007270;STU01499;MAT0014;37;3;17-03-0023;COURS;1;2;21-11-2025
ABS007271;STU01499;MAT0015;37;3;17-03-0018;TD;1;2;21-11-2025
ABS007272;STU01499;MAT0030;37;3;16-03-0017;TP;1;4;21-11-2025
ABS007273;STU01499;MAT0004;37;3;16-04-0034;EXAMEN;1;2;21-11-2025
ABS007274;STU01499;MAT0030;37;3;16-04-0007;EXAMEN;1;1;21-11-2025
ABS007275;STU01499;MAT0023;37;3;15-04-0025;COURS;1;3;21-11-2025
ABS007276;STU01499;MAT0028;37;3;17-05-0011;COURS;1;4;21-11-2025
ABS007277;STU01499;MAT0027;37;3;17-05-0026;TP;0;2;21-11-2025
ABS007278;STU01499;MAT0017;37;3;17-03-0019;EXAMEN;0;1;21-11-2025
ABS007279;STU01499;MAT0017;37;3;16-05-0029;COURS;0;3;21-11-2025
ABS007280;STU01499;MAT0017;37;3;16-03-0028;TD;1;3;21-11-2025
ABS007281;STU01499;MAT0014;37;3;17-05-0034;TP;1;4;21-11-2025
ABS007282;STU01499;;37;3;17-03-0007;COURS;1;2;21-11-2025
ABS007283;STU01500;MAT0014;38;3;17-03-0019;COURS;1;2;21-11-2025
ABS007284;STU01500;MAT0007;38;3;15-04-0009;TD;1;1;21-11-2025
ABS007285;STU01500;MAT0031;38;3;16-05-0024;TD;0;3;21-11-2025
ABS007286;STU01500;MAT0034;38;3;17-03-0010;COURS;1;3;21-11-2025
ABS007287;STU01500;;38;3;15-04-0020;COURS;1;4;21-11-2025
ABS007288;STU01500;MAT0021;38;3;16-05-0021;TD;0;2;21-11-2025
ABS007289;STU01500;MAT0006;38;3;16-04-0026;TP;0;2;21-11-2025
ABS007290;STU01500;MAT0007;38;3;17-03-0023;EXAMEN;1;3;21-11-2025
ABS007291;STU01500;MAT0032;38;3;16-05-0009;EXAMEN;0;2;21-11-2025
ABS007292;STU01500;MAT0030;38;3;17-03-0034;TP;1;1;21-11-2025
ABS007293;STU01500;MAT0009;38;3;16-03-0017;EXAMEN;1;4;21-11-2025
ABS007294;STU01500;MAT0023;38;3;16-03-0032;TP;1;4;21-11-2025
ABS007295;STU01500;MAT0024;38;3;15-04-0028;COURS;0;2;21-11-2025
ABS007296;STU01500;MAT0028;38;3;15-04-0020;TP;0;2;21-11-2025
ABS007297;STU01500;MAT0030;38;3;17-05-0010;TD;1;3;21-11-2025
ABS007298;STU01501;MAT0006;43;3;16-03-0024;TD;0;2;21-11-2025
ABS007299;STU01502;;44;3;16-04-0019;EXAMEN;0;4;21-11-2025
ABS007300;STU01502;MAT0029;44;3;17-05-0023;TP;1;3;21-11-2025
ABS007301;STU01502;MAT0021;44;3;15-04-0029;TP;1;2;21-11-2025
ABS007302;STU01502;MAT0032;44;3;17-03-0023;TD;1;2;21-11-2025
ABS007303;STU01503;MAT0033;43;3;15-04-0017;EXAMEN;1;3;21-11-2025
ABS007304;STU01503;MAT0023;43;3;17-03-0031;COURS;0;1;21-11-2025
ABS007305;STU01503;MAT0014;43;3;15-04-0009;TP;1;4;21-11-2025
ABS007306;STU01503;MAT0035;43;3;15-04-0008;EXAMEN;0;4;21-11-2025
ABS007307;STU01503;MAT0028;43;3;16-05-0025;TD;1;3;21-11-2025
ABS007308;STU01503;MAT0032;43;3;16-04-0022;COURS;0;1;21-11-2025
ABS007309;STU01503;MAT0016;43;3;16-03-0017;TD;0;1;21-11-2025
ABS007310;STU01503;MAT0024;43;3;16-03-0020;EXAMEN;1;2;21-11-2025
ABS007311;STU01503;MAT0029;43;3;17-05-0030;EXAMEN;1;3;21-11-2025
ABS007312;STU01503;MAT0011;43;3;16-04-0031;COURS;1;4;21-11-2025
ABS007313;STU01504;MAT0025;44;3;16-03-0013;EXAMEN;1;4;21-11-2025
ABS007314;STU01504;MAT0020;44;3;16-04-0015;COURS;0;3;21-11-2025
ABS007315;STU01505;MAT0008;43;3;17-05-0031;TD;1;1;21-11-2025
ABS007316;STU01505;MAT0018;43;3;16-03-0013;COURS;1;2;21-11-2025
ABS007317;STU01505;MAT0033;43;3;16-04-0030;TD;1;1;21-11-2025
ABS007318;STU01506;MAT0006;44;3;16-03-0013;COURS;1;4;21-11-2025
ABS007319;STU01506;MAT0024;44;3;15-04-0020;COURS;1;3;21-11-2025
ABS007320;STU01506;MAT0033;44;3;16-04-0023;EXAMEN;1;4;21-11-2025
ABS007321;STU01506;MAT0033;44;3;16-05-0024;TP;0;4;21-11-2025
ABS007322;STU01507;MAT0031;43;3;16-05-0025;COURS;0;1;21-11-2025
ABS007323;STU01508;MAT0004;44;3;15-04-0009;EXAMEN;1;2;21-11-2025
ABS007324;STU01509;MAT0002;43;3;16-04-0010;TD;1;4;21-11-2025
ABS007325;STU01509;MAT0026;43;3;17-05-0023;EXAMEN;1;4;21-11-2025
ABS007326;STU01510;MAT0020;44;3;17-05-0023;TD;0;2;21-11-2025
ABS007327;STU01510;MAT0022;44;3;17-03-0019;COURS;1;1;21-11-2025
ABS007328;STU01511;MAT0018;43;3;17-03-0010;TD;0;4;21-11-2025
ABS007329;STU01512;MAT0022;44;3;16-03-0013;TD;1;3;21-11-2025
ABS007330;STU01512;MAT0031;44;3;17-05-0018;EXAMEN;0;4;21-11-2025
ABS007331;STU01512;MAT0002;44;3;16-05-0009;TP;1;2;21-11-2025
ABS007332;STU01514;MAT0029;44;3;15-04-0024;EXAMEN;0;4;21-11-2025
ABS007333;STU01514;MAT0025;44;3;16-04-0022;TD;0;2;21-11-2025
ABS007334;STU01514;MAT0021;44;3;15-04-0016;EXAMEN;1;3;21-11-2025
ABS007335;STU01514;MAT0008;44;3;17-05-0014;TP;1;2;21-11-2025
ABS007336;STU01514;MAT0024;44;3;16-05-0016;TD;1;1;21-11-2025
ABS007337;STU01514;MAT0004;44;3;17-03-0034;COURS;1;3;21-11-2025
ABS007338;STU01514;MAT0020;44;3;16-05-0008;COURS;1;1;21-11-2025
ABS007339;STU01515;MAT0026;43;3;16-03-0013;TP;0;2;21-11-2025
ABS007340;STU01515;MAT0016;43;3;16-04-0030;TD;0;3;21-11-2025
ABS007341;STU01515;MAT0020;43;3;17-05-0011;COURS;0;4;21-11-2025
ABS007342;STU01515;MAT0033;43;3;16-03-0032;EXAMEN;1;4;21-11-2025
ABS007343;STU01515;MAT0005;43;3;17-03-0034;EXAMEN;1;4;21-11-2025
ABS007344;STU01515;MAT0019;43;3;17-05-0034;TD;1;2;21-11-2025
ABS007345;STU01516;MAT0032;44;3;16-04-0011;TP;1;2;21-11-2025
ABS007346;STU01516;MAT0022;44;3;16-03-0029;COURS;1;3;21-11-2025
ABS007347;STU01516;MAT0032;44;3;17-03-0030;EXAMEN;0;2;21-11-2025
ABS007348;STU01516;MAT0004;44;3;17-03-0015;TP;1;1;21-11-2025
ABS007349;STU01516;MAT0021;44;3;16-05-0020;COURS;1;4;21-11-2025
ABS007350;STU01516;MAT0006;44;3;17-03-0022;TP;1;1;21-11-2025
ABS007351;STU01516;MAT0035;44;3;15-04-0017;EXAMEN;1;4;21-11-2025
ABS007352;STU01516;MAT0014;44;3;16-03-0033;EXAMEN;1;4;21-11-2025
ABS007353;STU01516;MAT0030;44;3;16-04-0010;COURS;0;2;21-11-2025
ABS007354;STU01517;MAT0025;43;3;17-03-0022;EXAMEN;0;4;21-11-2025
ABS007355;STU01517;;43;3;17-05-0007;TD;0;4;21-11-2025
ABS007356;STU01518;MAT0020;44;3;17-05-0015;TP;0;3;21-11-2025
ABS007357;STU01518;;44;3;17-03-0007;TD;1;4;21-11-2025
ABS007358;STU01518;MAT0003;44;3;17-05-0027;EXAMEN;1;3;21-11-2025
ABS007359;STU01518;MAT0020;44;3;15-04-0017;COURS;1;4;21-11-2025
ABS007360;STU01519;MAT0033;43;3;17-05-0027;EXAMEN;1;2;21-11-2025
ABS007361;STU01520;MAT0025;44;3;16-03-0012;EXAMEN;1;1;21-11-2025
ABS007362;STU01520;MAT0014;44;3;16-05-0028;EXAMEN;1;4;21-11-2025
ABS007363;STU01520;MAT0019;44;3;17-05-0018;TP;1;4;21-11-2025
ABS007364;STU01520;;44;3;15-04-0013;TD;0;4;21-11-2025
ABS007365;STU01520;MAT0002;44;3;15-04-0013;COURS;0;2;21-11-2025
ABS007366;STU01520;MAT0030;44;3;17-03-0018;TP;0;1;21-11-2025
ABS007367;STU01520;MAT0027;44;3;16-03-0012;EXAMEN;0;2;21-11-2025
ABS007368;STU01521;MAT0021;43;3;17-05-0015;TP;1;4;21-11-2025
ABS007369;STU01521;MAT0019;43;3;17-03-0010;TD;1;4;21-11-2025
ABS007370;STU01521;MAT0010;43;3;15-04-0012;TP;1;4;21-11-2025
ABS007371;STU01522;MAT0004;44;3;17-05-0023;EXAMEN;1;1;21-11-2025
ABS007372;STU01522;MAT0017;44;3;17-03-0011;TP;1;4;21-11-2025
ABS007373;STU01522;MAT0030;44;3;16-04-0010;TD;1;4;21-11-2025
ABS007374;STU01522;MAT0016;44;3;17-05-0022;TD;1;2;21-11-2025
ABS007375;STU01522;MAT0013;44;3;17-03-0023;TD;1;4;21-11-2025
ABS007376;STU01522;MAT0014;44;3;17-05-0023;EXAMEN;1;2;21-11-2025
ABS007377;STU01522;MAT0008;44;3;16-04-0023;EXAMEN;0;4;21-11-2025
ABS007378;STU01522;MAT0025;44;3;17-05-0010;TP;0;2;21-11-2025
ABS007379;STU01522;MAT0003;44;3;16-03-0017;EXAMEN;1;2;21-11-2025
ABS007380;STU01522;MAT0032;44;3;15-04-0024;TD;1;3;21-11-2025
ABS007381;STU01523;MAT0017;43;3;16-04-0023;EXAMEN;0;2;21-11-2025
ABS007382;STU01523;MAT0012;43;3;16-03-0016;TP;0;4;21-11-2025
ABS007383;STU01523;MAT0010;43;3;16-04-0011;EXAMEN;1;4;21-11-2025
ABS007384;STU01523;MAT0006;43;3;16-03-0024;COURS;1;4;21-11-2025
ABS007385;STU01523;MAT0029;43;3;16-04-0030;EXAMEN;1;2;21-11-2025
ABS007386;STU01523;MAT0031;43;3;17-05-0026;COURS;1;1;21-11-2025
ABS007387;STU01523;MAT0023;43;3;16-05-0008;EXAMEN;0;4;21-11-2025
ABS007388;STU01523;MAT0015;43;3;16-05-0032;TD;0;2;21-11-2025
ABS007389;STU01524;MAT0009;44;3;17-03-0015;EXAMEN;0;2;21-11-2025
ABS007390;STU01524;MAT0018;44;3;17-03-0011;EXAMEN;1;4;21-11-2025
ABS007391;STU01524;MAT0034;44;3;16-04-0010;TP;1;1;21-11-2025
ABS007392;STU01524;MAT0027;44;3;16-05-0024;EXAMEN;0;2;21-11-2025
ABS007393;STU01524;MAT0002;44;3;16-05-0016;EXAMEN;0;3;21-11-2025
ABS007394;STU01524;MAT0017;44;3;15-04-0012;EXAMEN;1;2;21-11-2025
ABS007395;STU01525;MAT0034;43;3;15-04-0028;TP;0;4;21-11-2025
ABS007396;STU01525;MAT0020;43;3;16-03-0024;TD;1;3;21-11-2025
ABS007397;STU01525;;43;3;17-05-0031;COURS;1;4;21-11-2025
ABS007398;STU01525;MAT0011;43;3;15-04-0028;TP;1;3;21-11-2025
ABS007399;STU01527;MAT0030;43;3;17-05-0031;TD;0;4;21-11-2025
ABS007400;STU01528;MAT0025;44;3;16-04-0014;TP;1;4;21-11-2025
ABS007401;STU01528;MAT0004;44;3;16-03-0029;EXAMEN;1;4;21-11-2025
ABS007402;STU01528;MAT0010;44;3;16-04-0011;TD;0;4;21-11-2025
ABS007403;STU01528;MAT0025;44;3;16-04-0034;COURS;1;3;21-11-2025
ABS007404;STU01528;MAT0003;44;3;17-03-0014;COURS;0;1;21-11-2025
ABS007405;STU01529;MAT0031;43;3;16-05-0008;EXAMEN;1;4;21-11-2025
ABS007406;STU01529;MAT0016;43;3;16-05-0020;COURS;1;1;21-11-2025
ABS007407;STU01529;MAT0016;43;3;16-04-0018;EXAMEN;1;1;21-11-2025
ABS007408;STU01529;MAT0034;43;3;16-03-0020;COURS;0;1;21-11-2025
ABS007409;STU01529;;43;3;15-04-0017;COURS;0;1;21-11-2025
ABS007410;STU01529;MAT0034;43;3;16-04-0018;TP;1;2;21-11-2025
ABS007411;STU01529;MAT0011;43;3;16-05-0028;TD;1;3;21-11-2025
ABS007412;STU01529;MAT0028;43;3;16-04-0018;TP;0;2;21-11-2025
ABS007413;STU01529;MAT0020;43;3;17-03-0010;TP;0;1;21-11-2025
ABS007414;STU01529;MAT0024;43;3;17-03-0026;COURS;1;4;21-11-2025
ABS007415;STU01529;MAT0013;43;3;17-05-0026;TD;1;2;21-11-2025
ABS007416;STU01529;MAT0021;43;3;16-05-0009;EXAMEN;1;1;21-11-2025
ABS007417;STU01529;MAT0023;43;3;16-04-0007;EXAMEN;1;1;21-11-2025
ABS007418;STU01530;MAT0008;44;3;16-03-0020;COURS;1;4;21-11-2025
ABS007419;STU01530;MAT0033;44;3;15-04-0008;COURS;0;2;21-11-2025
ABS007420;STU01530;MAT0025;44;3;16-03-0028;TD;1;2;21-11-2025
ABS007421;STU01530;MAT0021;44;3;17-03-0015;TD;1;4;21-11-2025
ABS007422;STU01530;MAT0016;44;3;17-03-0023;COURS;1;2;21-11-2025
ABS007423;STU01530;MAT0004;44;3;16-05-0016;TP;0;3;21-11-2025
ABS007424;STU01530;MAT0025;44;3;16-03-0017;COURS;1;2;21-11-2025
ABS007425;STU01530;MAT0007;44;3;17-05-0010;TD;1;1;21-11-2025
ABS007426;STU01530;MAT0035;44;3;15-04-0029;TP;1;4;21-11-2025
ABS007427;STU01530;MAT0005;44;3;16-04-0015;TP;0;1;21-11-2025
ABS007428;STU01530;MAT0016;44;3;17-05-0034;EXAMEN;1;3;21-11-2025
ABS007429;STU01530;MAT0012;44;3;15-04-0009;EXAMEN;1;1;21-11-2025
ABS007430;STU01530;MAT0017;44;3;17-05-0018;EXAMEN;0;4;21-11-2025
ABS007431;STU01530;MAT0026;44;3;16-03-0017;EXAMEN;0;1;21-11-2025
ABS007432;STU01532;MAT0020;44;3;17-05-0027;TP;1;1;21-11-2025
ABS007433;STU01532;MAT0007;44;3;16-04-0007;TD;1;2;21-11-2025
ABS007434;STU01532;MAT0027;44;3;15-04-0008;EXAMEN;1;4;21-11-2025
ABS007435;STU01533;MAT0002;43;3;17-03-0018;TP;1;4;21-11-2025
ABS007436;STU01533;MAT0032;43;3;15-04-0017;TD;1;4;21-11-2025
ABS007437;STU01533;MAT0016;43;3;16-05-0029;COURS;1;3;21-11-2025
ABS007438;STU01533;MAT0015;43;3;16-04-0015;EXAMEN;0;1;21-11-2025
ABS007439;STU01533;MAT0021;43;3;16-05-0013;TD;0;4;21-11-2025
ABS007440;STU01534;MAT0030;44;3;17-03-0011;EXAMEN;1;3;21-11-2025
ABS007441;STU01534;MAT0020;44;3;15-04-0009;TD;0;2;21-11-2025
ABS007442;STU01534;MAT0007;44;3;16-03-0009;COURS;1;1;21-11-2025
ABS007443;STU01535;MAT0016;43;3;17-05-0011;EXAMEN;1;1;21-11-2025
ABS007444;STU01535;MAT0016;43;3;17-03-0034;COURS;1;2;21-11-2025
ABS007445;STU01535;MAT0024;43;3;17-03-0015;TD;0;1;21-11-2025
ABS007446;STU01535;MAT0025;43;3;16-03-0016;TD;1;2;21-11-2025
ABS007447;STU01535;MAT0017;43;3;16-05-0021;TD;1;4;21-11-2025
ABS007448;STU01535;MAT0026;43;3;16-04-0019;EXAMEN;1;1;21-11-2025
ABS007449;STU01535;MAT0022;43;3;16-05-0028;COURS;0;3;21-11-2025
ABS007450;STU01535;MAT0023;43;3;16-05-0025;TD;1;3;21-11-2025
ABS007451;STU01535;MAT0024;43;3;15-04-0033;COURS;1;3;21-11-2025
ABS007452;STU01535;MAT0035;43;3;16-04-0014;TP;1;1;21-11-2025
ABS007453;STU01535;MAT0004;43;3;17-05-0027;EXAMEN;1;3;21-11-2025
ABS007454;STU01535;MAT0007;43;3;17-05-0030;TP;1;1;21-11-2025
ABS007455;STU01535;MAT0008;43;3;15-04-0028;TP;0;4;21-11-2025
ABS007456;STU01535;MAT0022;43;3;17-03-0026;TP;0;1;21-11-2025
ABS007457;STU01536;MAT0010;44;3;15-04-0020;EXAMEN;1;3;21-11-2025
ABS007458;STU01536;MAT0021;44;3;16-04-0034;TP;0;4;21-11-2025
ABS007459;STU01536;MAT0032;44;3;17-03-0022;EXAMEN;1;3;21-11-2025
ABS007460;STU01536;MAT0003;44;3;17-05-0026;TD;1;3;21-11-2025
ABS007461;STU01536;MAT0009;44;3;16-04-0031;TD;1;1;21-11-2025
ABS007462;STU01536;MAT0012;44;3;15-04-0012;EXAMEN;1;3;21-11-2025
ABS007463;STU01536;MAT0020;44;3;17-05-0034;COURS;1;4;21-11-2025
ABS007464;STU01536;MAT0025;44;3;16-03-0016;TD;1;2;21-11-2025
ABS007465;STU01536;MAT0022;44;3;15-04-0013;COURS;1;2;21-11-2025
ABS007466;STU01536;MAT0024;44;3;16-03-0009;COURS;1;1;21-11-2025
ABS007467;STU01536;MAT0023;44;3;16-05-0013;EXAMEN;0;1;21-11-2025
ABS007468;STU01536;MAT0011;44;3;16-04-0007;EXAMEN;1;4;21-11-2025
ABS007469;STU01536;MAT0020;44;3;16-03-0016;EXAMEN;1;2;21-11-2025
ABS007470;STU01536;MAT0012;44;3;15-04-0012;TD;1;1;21-11-2025
ABS007471;STU01537;MAT0027;43;3;17-05-0034;TD;1;3;21-11-2025
ABS007472;STU01537;MAT0022;43;3;16-05-0024;TP;1;1;21-11-2025
ABS007473;STU01537;MAT0021;43;3;17-03-0027;EXAMEN;0;4;21-11-2025
ABS007474;STU01537;MAT0018;43;3;15-04-0021;COURS;1;2;21-11-2025
ABS007475;STU01537;MAT0010;43;3;17-05-0022;EXAMEN;0;4;21-11-2025
ABS007476;STU01537;MAT0022;43;3;15-04-0020;EXAMEN;1;1;21-11-2025
ABS007477;STU01537;MAT0033;43;3;16-04-0010;TD;1;3;21-11-2025
ABS007478;STU01538;MAT0003;44;3;17-03-0023;TP;0;3;21-11-2025
ABS007479;STU01538;MAT0009;44;3;16-03-0025;TP;0;2;21-11-2025
ABS007480;STU01538;MAT0016;44;3;16-05-0020;TP;1;1;21-11-2025
ABS007481;STU01538;MAT0006;44;3;16-03-0020;EXAMEN;0;4;21-11-2025
ABS007482;STU01538;MAT0008;44;3;16-04-0026;TP;0;2;21-11-2025
ABS007483;STU01538;MAT0023;44;3;17-03-0022;TD;0;3;21-11-2025
ABS007484;STU01538;MAT0007;44;3;16-04-0026;TP;1;1;21-11-2025
ABS007485;STU01538;MAT0020;44;3;15-04-0028;COURS;1;4;21-11-2025
ABS007486;STU01538;MAT0031;44;3;16-03-0013;EXAMEN;1;3;21-11-2025
ABS007487;STU01539;MAT0005;43;3;17-03-0015;EXAMEN;1;1;21-11-2025
ABS007488;STU01539;MAT0032;43;3;17-05-0007;COURS;1;4;21-11-2025
ABS007489;STU01539;MAT0020;43;3;17-05-0010;TP;0;3;21-11-2025
ABS007490;STU01539;MAT0023;43;3;17-03-0015;TP;1;2;21-11-2025
ABS007491;STU01539;MAT0014;43;3;17-05-0022;EXAMEN;1;4;21-11-2025
ABS007492;STU01539;MAT0026;43;3;17-03-0026;EXAMEN;1;1;21-11-2025
ABS007493;STU01539;MAT0016;43;3;17-05-0015;COURS;1;3;21-11-2025
ABS007494;STU01539;MAT0030;43;3;17-05-0011;TD;1;1;21-11-2025
ABS007495;STU01539;MAT0003;43;3;17-05-0026;EXAMEN;1;3;21-11-2025
ABS007496;STU01540;MAT0016;44;3;16-04-0007;COURS;1;4;21-11-2025
ABS007497;STU01540;MAT0017;44;3;17-05-0007;TP;1;1;21-11-2025
ABS007498;STU01540;MAT0004;44;3;17-05-0026;COURS;1;4;21-11-2025
ABS007499;STU01540;MAT0004;44;3;16-03-0013;COURS;0;4;21-11-2025
ABS007500;STU01540;MAT0009;44;3;16-03-0029;EXAMEN;0;2;21-11-2025
ABS007501;STU01541;MAT0021;43;3;17-05-0034;COURS;0;2;21-11-2025
ABS007502;STU01541;MAT0025;43;3;17-03-0027;COURS;0;1;21-11-2025
ABS007503;STU01541;MAT0015;43;3;15-04-0021;TP;0;2;21-11-2025
ABS007504;STU01541;MAT0024;43;3;16-03-0020;TP;1;1;21-11-2025
ABS007505;STU01541;MAT0014;43;3;16-04-0034;EXAMEN;1;3;21-11-2025
ABS007506;STU01541;MAT0013;43;3;16-04-0010;TP;1;4;21-11-2025
ABS007507;STU01542;MAT0002;44;3;16-03-0029;EXAMEN;0;3;21-11-2025
ABS007508;STU01542;MAT0021;44;3;16-03-0029;COURS;0;2;21-11-2025
ABS007509;STU01542;MAT0025;44;3;17-03-0034;TP;0;1;21-11-2025
ABS007510;STU01542;MAT0006;44;3;17-05-0026;TD;1;4;21-11-2025
ABS007511;STU01542;MAT0004;44;3;15-04-0029;TD;1;3;21-11-2025
ABS007512;STU01542;MAT0003;44;3;16-03-0020;COURS;1;2;21-11-2025
ABS007513;STU01543;MAT0030;43;3;17-03-0018;TD;1;3;21-11-2025
ABS007514;STU01543;MAT0024;43;3;16-05-0016;TD;0;1;21-11-2025
ABS007515;STU01543;MAT0018;43;3;17-05-0022;EXAMEN;0;3;21-11-2025
ABS007516;STU01543;MAT0030;43;3;16-05-0021;TP;1;3;21-11-2025
ABS007517;STU01543;MAT0033;43;3;16-03-0012;TP;1;2;21-11-2025
ABS007518;STU01543;MAT0028;43;3;16-05-0013;EXAMEN;1;3;21-11-2025
ABS007519;STU01543;MAT0014;43;3;15-04-0008;COURS;1;1;21-11-2025
ABS007520;STU01543;MAT0005;43;3;17-03-0011;TD;0;4;21-11-2025
ABS007521;STU01543;MAT0014;43;3;15-04-0032;TP;0;3;21-11-2025
ABS007522;STU01543;MAT0033;43;3;16-04-0030;TD;1;3;21-11-2025
ABS007523;STU01543;MAT0022;43;3;15-04-0028;EXAMEN;0;2;21-11-2025
ABS007524;STU01543;MAT0034;43;3;16-05-0020;TD;1;2;21-11-2025
ABS007525;STU01544;MAT0013;44;3;16-03-0008;TP;1;3;21-11-2025
ABS007526;STU01544;MAT0023;44;3;16-03-0009;COURS;1;3;21-11-2025
ABS007527;STU01544;MAT0002;44;3;15-04-0020;EXAMEN;1;2;21-11-2025
ABS007528;STU01544;MAT0031;44;3;17-05-0015;COURS;1;4;21-11-2025
ABS007529;STU01544;MAT0007;44;3;15-04-0020;COURS;1;1;21-11-2025
ABS007530;STU01545;MAT0012;43;3;16-03-0012;COURS;1;2;21-11-2025
ABS007531;STU01545;MAT0024;43;3;16-05-0017;COURS;0;4;21-11-2025
ABS007532;STU01545;MAT0015;43;3;17-05-0023;TD;0;3;21-11-2025
ABS007533;STU01545;MAT0017;43;3;16-04-0010;TD;1;4;21-11-2025
ABS007534;STU01545;MAT0009;43;3;17-03-0027;EXAMEN;1;2;21-11-2025
ABS007535;STU01545;MAT0017;43;3;16-03-0016;TP;0;4;21-11-2025
ABS007536;STU01545;MAT0003;43;3;16-03-0017;TP;0;4;21-11-2025
ABS007537;STU01545;MAT0029;43;3;15-04-0024;EXAMEN;1;1;21-11-2025
ABS007538;STU01545;MAT0008;43;3;16-03-0028;TP;1;1;21-11-2025
ABS007539;STU01545;MAT0028;43;3;16-03-0012;TP;0;2;21-11-2025
ABS007540;STU01545;MAT0026;43;3;16-05-0028;TD;0;3;21-11-2025
ABS007541;STU01547;MAT0013;43;3;16-05-0025;COURS;0;3;21-11-2025
ABS007542;STU01547;MAT0030;43;3;15-04-0009;TD;0;1;21-11-2025
ABS007543;STU01547;MAT0022;43;3;15-04-0016;TP;0;4;21-11-2025
ABS007544;STU01547;MAT0011;43;3;16-04-0027;EXAMEN;0;2;21-11-2025
ABS007545;STU01547;MAT0028;43;3;16-03-0017;TP;0;2;21-11-2025
ABS007546;STU01547;MAT0035;43;3;17-03-0026;EXAMEN;1;1;21-11-2025
ABS007547;STU01547;MAT0024;43;3;17-05-0030;COURS;1;4;21-11-2025
ABS007548;STU01547;MAT0026;43;3;15-04-0025;TD;1;1;21-11-2025
ABS007549;STU01547;MAT0008;43;3;17-05-0027;TP;1;4;21-11-2025
ABS007550;STU01547;MAT0008;43;3;16-04-0019;TD;0;1;21-11-2025
ABS007551;STU01547;;43;3;16-05-0029;COURS;0;1;21-11-2025
ABS007552;STU01547;MAT0008;43;3;15-04-0017;EXAMEN;1;3;21-11-2025
ABS007553;STU01547;MAT0026;43;3;17-05-0031;TD;1;4;21-11-2025
ABS007554;STU01547;MAT0014;43;3;16-03-0017;TD;0;4;21-11-2025
ABS007555;STU01548;MAT0033;44;3;15-04-0020;EXAMEN;1;3;21-11-2025
ABS007556;STU01548;MAT0018;44;3;16-05-0033;TD;0;4;21-11-2025
ABS007557;STU01548;MAT0004;44;3;16-03-0009;EXAMEN;1;1;21-11-2025
ABS007558;STU01548;MAT0017;44;3;15-04-0029;EXAMEN;0;4;21-11-2025
ABS007559;STU01548;MAT0019;44;3;17-05-0018;TD;0;3;21-11-2025
ABS007560;STU01548;MAT0032;44;3;15-04-0021;COURS;1;2;21-11-2025
ABS007561;STU01548;MAT0010;44;3;16-05-0008;EXAMEN;0;4;21-11-2025
ABS007562;STU01548;MAT0035;44;3;16-03-0024;TP;1;4;21-11-2025
ABS007563;STU01548;MAT0022;44;3;16-05-0013;TP;0;2;21-11-2025
ABS007564;STU01548;MAT0017;44;3;17-03-0010;TP;1;2;21-11-2025
ABS007565;STU01548;MAT0011;44;3;17-05-0010;TP;1;4;21-11-2025
ABS007566;STU01548;MAT0009;44;3;16-03-0020;COURS;1;1;21-11-2025
ABS007567;STU01548;MAT0018;44;3;16-05-0008;COURS;1;1;21-11-2025
ABS007568;STU01548;MAT0020;44;3;16-04-0010;COURS;0;3;21-11-2025
ABS007569;STU01550;MAT0018;44;3;16-04-0022;TD;1;4;21-11-2025
ABS007570;STU01550;MAT0027;44;3;16-03-0032;TP;0;2;21-11-2025
ABS007571;STU01551;MAT0009;43;3;15-04-0021;TP;1;2;21-11-2025
ABS007572;STU01551;MAT0012;43;3;16-05-0025;TP;0;4;21-11-2025
ABS007573;STU01551;MAT0019;43;3;17-03-0034;TD;0;1;21-11-2025
ABS007574;STU01551;MAT0018;43;3;15-04-0016;TD;1;2;21-11-2025
ABS007575;STU01551;MAT0026;43;3;16-05-0029;TP;1;2;21-11-2025
ABS007576;STU01551;MAT0028;43;3;15-04-0032;TD;0;1;21-11-2025
ABS007577;STU01551;MAT0007;43;3;17-05-0027;TD;0;4;21-11-2025
ABS007578;STU01551;MAT0017;43;3;16-04-0010;TD;1;1;21-11-2025
ABS007579;STU01551;MAT0032;43;3;16-05-0032;COURS;0;4;21-11-2025
ABS007580;STU01551;;43;3;16-05-0029;EXAMEN;1;3;21-11-2025
ABS007581;STU01551;MAT0021;43;3;16-03-0033;COURS;0;3;21-11-2025
ABS007582;STU01551;MAT0016;43;3;16-05-0013;COURS;1;2;21-11-2025
ABS007583;STU01551;MAT0023;43;3;17-05-0034;TD;0;4;21-11-2025
ABS007584;STU01551;MAT0025;43;3;16-03-0024;COURS;0;2;21-11-2025
ABS007585;STU01552;MAT0012;44;3;16-05-0021;TP;0;1;21-11-2025
ABS007586;STU01552;MAT0003;44;3;16-04-0011;COURS;0;2;21-11-2025
ABS007587;STU01552;;44;3;17-03-0007;TD;1;2;21-11-2025
ABS007588;STU01552;MAT0027;44;3;16-04-0019;TP;1;3;21-11-2025
ABS007589;STU01552;MAT0016;44;3;16-03-0013;COURS;1;3;21-11-2025
ABS007590;STU01553;MAT0019;43;3;17-05-0014;TP;0;4;21-11-2025
ABS007591;STU01553;MAT0013;43;3;16-05-0020;COURS;1;2;21-11-2025
ABS007592;STU01553;MAT0002;43;3;16-03-0025;TD;1;3;21-11-2025
ABS007593;STU01553;MAT0008;43;3;16-05-0025;TD;0;4;21-11-2025
ABS007594;STU01553;MAT0013;43;3;16-05-0017;EXAMEN;1;1;21-11-2025
ABS007595;STU01553;MAT0020;43;3;17-03-0019;EXAMEN;1;2;21-11-2025
ABS007596;STU01553;MAT0020;43;3;15-04-0009;TP;0;2;21-11-2025
ABS007597;STU01553;MAT0021;43;3;17-03-0011;TD;1;3;21-11-2025
ABS007598;STU01553;MAT0029;43;3;16-05-0012;TD;1;4;21-11-2025
ABS007599;STU01553;MAT0030;43;3;15-04-0021;TP;1;2;21-11-2025
ABS007600;STU01553;MAT0008;43;3;15-04-0012;EXAMEN;0;4;21-11-2025
ABS007601;STU01553;MAT0028;43;3;16-04-0007;TP;0;2;21-11-2025
ABS007602;STU01553;MAT0005;43;3;16-05-0032;TP;0;2;21-11-2025
ABS007603;STU01553;MAT0030;43;3;16-04-0015;TD;0;4;21-11-2025
ABS007604;STU01554;MAT0032;44;3;17-03-0011;COURS;1;3;21-11-2025
ABS007605;STU01554;MAT0017;44;3;17-05-0010;COURS;1;3;21-11-2025
ABS007606;STU01554;MAT0026;44;3;17-03-0019;TD;1;4;21-11-2025
ABS007607;STU01554;MAT0030;44;3;15-04-0012;TD;1;2;21-11-2025
ABS007608;STU01554;MAT0021;44;3;16-04-0015;TP;0;4;21-11-2025
ABS007609;STU01554;MAT0031;44;3;16-04-0023;EXAMEN;1;3;21-11-2025
ABS007610;STU01556;MAT0006;44;3;17-03-0007;TD;0;2;21-11-2025
ABS007611;STU01556;MAT0009;44;3;16-04-0026;COURS;1;1;21-11-2025
ABS007612;STU01557;MAT0031;43;3;17-05-0034;COURS;1;4;21-11-2025
ABS007613;STU01557;MAT0019;43;3;16-03-0016;COURS;1;3;21-11-2025
ABS007614;STU01557;MAT0030;43;3;16-03-0016;TP;1;1;21-11-2025
ABS007615;STU01557;MAT0003;43;3;16-04-0030;TD;1;3;21-11-2025
ABS007616;STU01557;MAT0026;43;3;17-05-0011;COURS;1;2;21-11-2025
ABS007617;STU01557;MAT0030;43;3;17-03-0023;TP;1;1;21-11-2025
ABS007618;STU01557;MAT0006;43;3;16-04-0031;COURS;1;4;21-11-2025
ABS007619;STU01557;MAT0024;43;3;15-04-0009;TD;1;2;21-11-2025
ABS007620;STU01557;MAT0022;43;3;17-03-0030;EXAMEN;1;1;21-11-2025
ABS007621;STU01557;MAT0022;43;3;17-05-0023;COURS;1;1;21-11-2025
ABS007622;STU01557;MAT0015;43;3;16-03-0008;TP;1;4;21-11-2025
ABS007623;STU01557;MAT0005;43;3;16-05-0033;COURS;0;2;21-11-2025
ABS007624;STU01557;MAT0002;43;3;15-04-0013;TD;1;3;21-11-2025
ABS007625;STU01557;MAT0022;43;3;16-05-0025;COURS;1;2;21-11-2025
ABS007626;STU01558;MAT0010;44;3;16-04-0011;TD;0;2;21-11-2025
ABS007627;STU01558;MAT0010;44;3;17-03-0018;TD;0;3;21-11-2025
ABS007628;STU01558;MAT0008;44;3;17-03-0010;TD;1;4;21-11-2025
ABS007629;STU01559;MAT0030;43;3;16-05-0033;TD;1;4;21-11-2025
ABS007630;STU01559;MAT0035;43;3;15-04-0021;TD;0;1;21-11-2025
ABS007631;STU01559;MAT0019;43;3;16-05-0024;TD;0;4;21-11-2025
ABS007632;STU01559;MAT0007;43;3;15-04-0017;TP;0;3;21-11-2025
ABS007633;STU01560;MAT0002;44;3;15-04-0013;EXAMEN;0;1;21-11-2025
ABS007634;STU01560;MAT0005;44;3;16-04-0023;TP;1;3;21-11-2025
ABS007635;STU01560;MAT0008;44;3;17-05-0026;EXAMEN;0;2;21-11-2025
ABS007636;STU01560;MAT0006;44;3;17-05-0023;COURS;0;1;21-11-2025
ABS007637;STU01560;MAT0016;44;3;17-05-0015;TD;1;3;21-11-2025
ABS007638;STU01560;MAT0008;44;3;16-03-0025;COURS;1;4;21-11-2025
ABS007639;STU01561;MAT0022;49;3;17-03-0027;COURS;1;3;21-11-2025
ABS007640;STU01561;MAT0004;49;3;16-05-0017;TP;0;2;21-11-2025
ABS007641;STU01561;MAT0011;49;3;16-04-0010;COURS;0;3;21-11-2025
ABS007642;STU01561;MAT0008;49;3;17-05-0015;EXAMEN;0;4;21-11-2025
ABS007643;STU01562;MAT0004;50;3;17-03-0015;TP;1;1;21-11-2025
ABS007644;STU01563;MAT0016;49;3;17-03-0011;COURS;0;1;21-11-2025
ABS007645;STU01564;MAT0019;50;3;16-05-0028;COURS;0;4;21-11-2025
ABS007646;STU01565;MAT0018;49;3;16-05-0017;COURS;1;2;21-11-2025
ABS007647;STU01565;MAT0035;49;3;15-04-0032;TD;1;1;21-11-2025
ABS007648;STU01565;MAT0021;49;3;16-04-0014;EXAMEN;1;1;21-11-2025
ABS007649;STU01565;MAT0018;49;3;15-04-0016;EXAMEN;1;3;21-11-2025
ABS007650;STU01565;MAT0013;49;3;16-04-0010;TD;1;1;21-11-2025
ABS007651;STU01565;MAT0004;49;3;17-03-0031;TD;1;1;21-11-2025
ABS007652;STU01566;MAT0008;50;3;15-04-0028;COURS;1;1;21-11-2025
ABS007653;STU01566;MAT0004;50;3;16-03-0033;COURS;0;1;21-11-2025
ABS007654;STU01567;MAT0026;49;3;16-03-0017;TD;1;1;21-11-2025
ABS007655;STU01567;MAT0018;49;3;16-03-0032;COURS;1;2;21-11-2025
ABS007656;STU01567;MAT0022;49;3;17-05-0014;EXAMEN;0;1;21-11-2025
ABS007657;STU01567;MAT0025;49;3;16-04-0022;EXAMEN;0;4;21-11-2025
ABS007658;STU01567;MAT0012;49;3;17-03-0019;EXAMEN;1;3;21-11-2025
ABS007659;STU01567;MAT0030;49;3;16-04-0023;COURS;1;2;21-11-2025
ABS007660;STU01567;MAT0020;49;3;17-05-0014;EXAMEN;1;4;21-11-2025
ABS007661;STU01567;MAT0023;49;3;16-05-0008;COURS;0;3;21-11-2025
ABS007662;STU01567;;49;3;16-04-0014;COURS;0;2;21-11-2025
ABS007663;STU01567;MAT0008;49;3;16-03-0013;COURS;1;2;21-11-2025
ABS007664;STU01567;MAT0006;49;3;16-04-0027;TP;1;1;21-11-2025
ABS007665;STU01567;MAT0019;49;3;16-04-0031;TP;1;4;21-11-2025
ABS007666;STU01567;MAT0019;49;3;17-05-0027;TD;1;4;21-11-2025
ABS007667;STU01569;MAT0034;49;3;15-04-0020;TD;0;3;21-11-2025
ABS007668;STU01569;MAT0017;49;3;16-03-0008;COURS;1;1;21-11-2025
ABS007669;STU01570;MAT0029;50;3;17-03-0007;EXAMEN;1;1;21-11-2025
ABS007670;STU01570;MAT0025;50;3;16-04-0007;COURS;1;4;21-11-2025
ABS007671;STU01570;MAT0018;50;3;17-05-0030;EXAMEN;0;2;21-11-2025
ABS007672;STU01571;MAT0009;49;3;17-05-0022;TP;1;1;21-11-2025
ABS007673;STU01571;MAT0035;49;3;17-05-0010;EXAMEN;1;2;21-11-2025
ABS007674;STU01572;MAT0024;50;3;16-03-0017;EXAMEN;0;3;21-11-2025
ABS007675;STU01572;MAT0030;50;3;16-04-0031;TD;0;2;21-11-2025
ABS007676;STU01572;MAT0013;50;3;16-05-0020;EXAMEN;0;1;21-11-2025
ABS007677;STU01572;MAT0018;50;3;16-04-0007;TP;1;4;21-11-2025
ABS007678;STU01572;MAT0011;50;3;16-05-0029;TD;0;1;21-11-2025
ABS007679;STU01573;MAT0025;49;3;16-05-0032;EXAMEN;1;4;21-11-2025
ABS007680;STU01573;MAT0029;49;3;16-03-0033;TD;0;3;21-11-2025
ABS007681;STU01573;MAT0014;49;3;16-05-0025;TP;1;3;21-11-2025
ABS007682;STU01573;MAT0004;49;3;17-05-0030;TP;1;3;21-11-2025
ABS007683;STU01573;MAT0006;49;3;16-05-0021;TD;1;3;21-11-2025
ABS007684;STU01573;MAT0025;49;3;16-04-0018;TP;0;4;21-11-2025
ABS007685;STU01573;MAT0025;49;3;16-04-0019;EXAMEN;1;3;21-11-2025
ABS007686;STU01573;MAT0008;49;3;16-04-0031;COURS;1;2;21-11-2025
ABS007687;STU01574;MAT0034;50;3;17-03-0010;COURS;1;2;21-11-2025
ABS007688;STU01574;MAT0028;50;3;15-04-0025;EXAMEN;1;2;21-11-2025
ABS007689;STU01574;MAT0024;50;3;15-04-0012;TP;0;4;21-11-2025
ABS007690;STU01574;MAT0023;50;3;15-04-0009;COURS;1;2;21-11-2025
ABS007691;STU01574;MAT0033;50;3;17-03-0018;TP;1;4;21-11-2025
ABS007692;STU01574;MAT0028;50;3;17-03-0023;TD;1;3;21-11-2025
ABS007693;STU01574;MAT0010;50;3;17-03-0015;TD;1;4;21-11-2025
ABS007694;STU01574;MAT0014;50;3;17-05-0018;TD;1;1;21-11-2025
ABS007695;STU01574;;50;3;16-05-0029;COURS;1;2;21-11-2025
ABS007696;STU01574;MAT0014;50;3;16-05-0024;COURS;1;3;21-11-2025
ABS007697;STU01574;MAT0016;50;3;16-03-0008;EXAMEN;1;4;21-11-2025
ABS007698;STU01574;MAT0020;50;3;15-04-0024;COURS;0;3;21-11-2025
ABS007699;STU01574;MAT0028;50;3;16-03-0017;TP;1;2;21-11-2025
ABS007700;STU01574;MAT0032;50;3;15-04-0021;COURS;1;1;21-11-2025
ABS007701;STU01574;MAT0004;50;3;16-05-0017;TD;1;4;21-11-2025
ABS007702;STU01575;MAT0026;49;3;15-04-0013;COURS;1;1;21-11-2025
ABS007703;STU01576;MAT0034;50;3;16-04-0015;TD;1;4;21-11-2025
ABS007704;STU01576;MAT0006;50;3;16-05-0020;EXAMEN;1;4;21-11-2025
ABS007705;STU01576;MAT0031;50;3;15-04-0028;COURS;1;4;21-11-2025
ABS007706;STU01576;MAT0027;50;3;15-04-0012;TP;1;2;21-11-2025
ABS007707;STU01576;MAT0007;50;3;17-05-0019;TP;1;4;21-11-2025
ABS007708;STU01576;MAT0006;50;3;16-05-0024;TP;0;2;21-11-2025
ABS007709;STU01576;MAT0011;50;3;15-04-0017;EXAMEN;1;4;21-11-2025
ABS007710;STU01577;MAT0031;49;3;16-05-0032;TP;1;1;21-11-2025
ABS007711;STU01577;MAT0011;49;3;15-04-0020;TP;0;1;21-11-2025
ABS007712;STU01577;MAT0035;49;3;17-05-0030;EXAMEN;1;3;21-11-2025
ABS007713;STU01577;MAT0015;49;3;17-03-0010;COURS;1;2;21-11-2025
ABS007714;STU01577;MAT0004;49;3;16-05-0021;EXAMEN;1;1;21-11-2025
ABS007715;STU01577;MAT0002;49;3;15-04-0012;COURS;0;3;21-11-2025
ABS007716;STU01577;MAT0012;49;3;16-03-0024;COURS;1;3;21-11-2025
ABS007717;STU01577;MAT0025;49;3;16-03-0016;TD;0;4;21-11-2025
ABS007718;STU01578;MAT0012;50;3;16-04-0031;TD;1;2;21-11-2025
ABS007719;STU01578;MAT0015;50;3;16-04-0014;COURS;1;1;21-11-2025
ABS007720;STU01578;MAT0021;50;3;16-03-0016;TP;0;3;21-11-2025
ABS007721;STU01578;MAT0012;50;3;17-03-0031;COURS;1;1;21-11-2025
ABS007722;STU01578;MAT0019;50;3;16-05-0017;EXAMEN;1;1;21-11-2025
ABS007723;STU01579;MAT0031;49;3;16-03-0008;COURS;1;1;21-11-2025
ABS007724;STU01579;MAT0033;49;3;17-05-0034;TP;1;4;21-11-2025
ABS007725;STU01580;MAT0024;50;3;16-05-0025;COURS;0;1;21-11-2025
ABS007726;STU01580;MAT0023;50;3;16-03-0029;EXAMEN;1;2;21-11-2025
ABS007727;STU01580;MAT0026;50;3;16-04-0022;TD;0;1;21-11-2025
ABS007728;STU01580;MAT0002;50;3;17-03-0023;TP;1;3;21-11-2025
ABS007729;STU01580;MAT0002;50;3;16-04-0007;COURS;1;3;21-11-2025
ABS007730;STU01580;MAT0023;50;3;15-04-0009;EXAMEN;1;4;21-11-2025
ABS007731;STU01580;MAT0003;50;3;17-05-0014;TP;1;2;21-11-2025
ABS007732;STU01580;MAT0028;50;3;16-04-0018;TD;1;2;21-11-2025
ABS007733;STU01581;MAT0035;49;3;15-04-0017;TD;1;2;21-11-2025
ABS007734;STU01581;MAT0002;49;3;16-05-0029;TP;0;1;21-11-2025
ABS007735;STU01581;MAT0015;49;3;17-03-0030;EXAMEN;1;1;21-11-2025
ABS007736;STU01581;MAT0012;49;3;16-05-0021;COURS;1;2;21-11-2025
ABS007737;STU01581;MAT0018;49;3;17-03-0030;TD;1;2;21-11-2025
ABS007738;STU01581;MAT0030;49;3;17-03-0027;EXAMEN;1;4;21-11-2025
ABS007739;STU01581;MAT0018;49;3;16-04-0022;EXAMEN;1;3;21-11-2025
ABS007740;STU01581;MAT0012;49;3;16-03-0033;TP;0;3;21-11-2025
ABS007741;STU01581;MAT0010;49;3;16-05-0016;EXAMEN;1;1;21-11-2025
ABS007742;STU01582;MAT0028;50;3;16-05-0016;TP;1;4;21-11-2025
ABS007743;STU01582;MAT0026;50;3;17-05-0018;TP;1;2;21-11-2025
ABS007744;STU01582;MAT0029;50;3;16-04-0011;TD;0;2;21-11-2025
ABS007745;STU01582;MAT0024;50;3;17-05-0026;COURS;1;2;21-11-2025
ABS007746;STU01582;MAT0034;50;3;16-03-0028;EXAMEN;1;2;21-11-2025
ABS007747;STU01582;MAT0006;50;3;16-04-0010;EXAMEN;1;4;21-11-2025
ABS007748;STU01584;MAT0029;50;3;17-05-0022;TP;1;4;21-11-2025
ABS007749;STU01585;MAT0002;49;3;16-05-0009;TD;0;4;21-11-2025
ABS007750;STU01585;MAT0032;49;3;17-03-0022;EXAMEN;1;4;21-11-2025
ABS007751;STU01586;MAT0029;50;3;17-05-0019;TP;1;2;21-11-2025
ABS007752;STU01586;MAT0002;50;3;16-03-0017;TP;1;3;21-11-2025
ABS007753;STU01587;MAT0017;49;3;15-04-0013;EXAMEN;0;4;21-11-2025
ABS007754;STU01587;MAT0008;49;3;16-04-0031;TP;0;2;21-11-2025
ABS007755;STU01587;MAT0005;49;3;16-03-0016;TD;1;2;21-11-2025
ABS007756;STU01588;MAT0035;50;3;16-05-0008;EXAMEN;1;4;21-11-2025
ABS007757;STU01589;MAT0027;49;3;15-04-0033;COURS;1;1;21-11-2025
ABS007758;STU01589;MAT0023;49;3;16-04-0007;TD;1;4;21-11-2025
ABS007759;STU01589;MAT0022;49;3;17-03-0010;TP;1;2;21-11-2025
ABS007760;STU01589;MAT0020;49;3;17-03-0019;COURS;1;3;21-11-2025
ABS007761;STU01589;MAT0022;49;3;16-04-0018;TD;1;3;21-11-2025
ABS007762;STU01591;;49;3;17-03-0011;TD;0;4;21-11-2025
ABS007763;STU01591;MAT0006;49;3;17-05-0010;TD;1;1;21-11-2025
ABS007764;STU01591;MAT0006;49;3;17-03-0011;TP;1;1;21-11-2025
ABS007765;STU01591;MAT0035;49;3;17-03-0030;TP;1;3;21-11-2025
ABS007766;STU01591;MAT0029;49;3;16-04-0018;EXAMEN;0;2;21-11-2025
ABS007767;STU01591;MAT0012;49;3;16-03-0024;TD;1;1;21-11-2025
ABS007768;STU01591;MAT0005;49;3;17-03-0011;TD;1;3;21-11-2025
ABS007769;STU01592;;50;3;17-05-0027;TP;1;4;21-11-2025
ABS007770;STU01592;MAT0030;50;3;17-03-0011;TP;1;3;21-11-2025
ABS007771;STU01592;MAT0031;50;3;16-04-0011;COURS;1;2;21-11-2025
ABS007772;STU01592;MAT0010;50;3;15-04-0008;TP;1;4;21-11-2025
ABS007773;STU01592;MAT0018;50;3;17-05-0023;TP;1;1;21-11-2025
ABS007774;STU01592;MAT0025;50;3;16-05-0008;EXAMEN;1;1;21-11-2025
ABS007775;STU01592;MAT0030;50;3;16-05-0016;TD;1;4;21-11-2025
ABS007776;STU01593;MAT0022;49;3;16-04-0019;EXAMEN;0;3;21-11-2025
ABS007777;STU01593;MAT0020;49;3;16-04-0031;EXAMEN;1;2;21-11-2025
ABS007778;STU01593;MAT0034;49;3;17-03-0011;TP;1;1;21-11-2025
ABS007779;STU01593;MAT0030;49;3;16-05-0012;TP;1;1;21-11-2025
ABS007780;STU01593;MAT0006;49;3;17-05-0023;COURS;0;1;21-11-2025
ABS007781;STU01593;MAT0005;49;3;17-03-0031;TP;1;2;21-11-2025
ABS007782;STU01593;MAT0033;49;3;16-05-0028;TP;0;4;21-11-2025
ABS007783;STU01593;MAT0003;49;3;17-05-0015;TP;0;1;21-11-2025
ABS007784;STU01593;MAT0022;49;3;17-05-0019;TD;1;4;21-11-2025
ABS007785;STU01593;MAT0035;49;3;17-03-0007;EXAMEN;1;3;21-11-2025
ABS007786;STU01593;MAT0004;49;3;17-03-0026;COURS;0;2;21-11-2025
ABS007787;STU01593;MAT0002;49;3;16-05-0020;EXAMEN;0;4;21-11-2025
ABS007788;STU01593;MAT0019;49;3;17-05-0030;TD;0;4;21-11-2025
ABS007789;STU01593;MAT0020;49;3;15-04-0024;EXAMEN;0;2;21-11-2025
ABS007790;STU01594;MAT0014;50;3;17-03-0011;TD;1;3;21-11-2025
ABS007791;STU01594;MAT0029;50;3;16-04-0014;EXAMEN;1;4;21-11-2025
ABS007792;STU01594;MAT0023;50;3;16-03-0008;TP;1;1;21-11-2025
ABS007793;STU01594;MAT0018;50;3;16-05-0020;TP;1;4;21-11-2025
ABS007794;STU01594;MAT0009;50;3;17-05-0011;TP;0;2;21-11-2025
ABS007795;STU01594;MAT0006;50;3;16-05-0028;TD;1;3;21-11-2025
ABS007796;STU01594;MAT0034;50;3;17-05-0023;TD;1;2;21-11-2025
ABS007797;STU01594;MAT0002;50;3;16-05-0013;EXAMEN;1;3;21-11-2025
ABS007798;STU01595;MAT0027;49;3;16-04-0007;EXAMEN;1;4;21-11-2025
ABS007799;STU01595;MAT0012;49;3;15-04-0033;TP;0;3;21-11-2025
ABS007800;STU01595;MAT0031;49;3;16-04-0030;TP;1;4;21-11-2025
ABS007801;STU01595;MAT0015;49;3;17-03-0010;COURS;1;4;21-11-2025
ABS007802;STU01595;MAT0032;49;3;16-05-0033;TD;0;1;21-11-2025
ABS007803;STU01595;MAT0011;49;3;16-03-0016;EXAMEN;1;3;21-11-2025
ABS007804;STU01595;MAT0028;49;3;17-05-0030;TD;1;3;21-11-2025
ABS007805;STU01595;MAT0019;49;3;16-04-0023;TP;1;1;21-11-2025
ABS007806;STU01595;;49;3;16-03-0032;TD;1;3;21-11-2025
ABS007807;STU01595;MAT0031;49;3;16-05-0029;TD;1;2;21-11-2025
ABS007808;STU01595;MAT0031;49;3;16-05-0032;TP;0;2;21-11-2025
ABS007809;STU01595;MAT0005;49;3;16-04-0027;TD;1;2;21-11-2025
ABS007810;STU01595;;49;3;17-03-0030;TD;0;4;21-11-2025
ABS007811;STU01596;MAT0032;50;3;17-05-0007;TD;1;4;21-11-2025
ABS007812;STU01596;MAT0020;50;3;17-05-0031;EXAMEN;0;3;21-11-2025
ABS007813;STU01597;MAT0008;49;3;16-05-0028;EXAMEN;1;3;21-11-2025
ABS007814;STU01597;MAT0016;49;3;17-03-0030;TP;1;2;21-11-2025
ABS007815;STU01599;MAT0031;49;3;17-03-0023;COURS;1;1;21-11-2025
ABS007816;STU01599;MAT0009;49;3;16-03-0024;TD;0;1;21-11-2025
ABS007817;STU01599;MAT0009;49;3;16-04-0014;TD;0;2;21-11-2025
ABS007818;STU01599;MAT0023;49;3;16-05-0029;EXAMEN;1;1;21-11-2025
ABS007819;STU01599;MAT0034;49;3;16-05-0025;COURS;0;4;21-11-2025
ABS007820;STU01599;MAT0029;49;3;17-03-0034;COURS;1;1;21-11-2025
ABS007821;STU01599;MAT0031;49;3;16-03-0016;TD;0;4;21-11-2025
ABS007822;STU01599;MAT0007;49;3;15-04-0025;COURS;1;2;21-11-2025
ABS007823;STU01599;MAT0026;49;3;16-05-0008;EXAMEN;0;4;21-11-2025
ABS007824;STU01600;MAT0028;50;3;15-04-0021;COURS;0;2;21-11-2025
ABS007825;STU01600;MAT0002;50;3;16-03-0020;TD;1;3;21-11-2025
ABS007826;STU01601;MAT0026;49;3;16-04-0007;TD;0;4;21-11-2025
ABS007827;STU01601;MAT0023;49;3;16-03-0029;TD;1;3;21-11-2025
ABS007828;STU01601;MAT0028;49;3;16-03-0028;TP;1;3;21-11-2025
ABS007829;STU01601;MAT0025;49;3;15-04-0016;EXAMEN;1;4;21-11-2025
ABS007830;STU01601;MAT0017;49;3;16-05-0028;EXAMEN;1;1;21-11-2025
ABS007831;STU01601;MAT0033;49;3;15-04-0012;TP;0;1;21-11-2025
ABS007832;STU01601;MAT0008;49;3;16-03-0033;TD;1;4;21-11-2025
ABS007833;STU01601;MAT0029;49;3;15-04-0013;TP;1;1;21-11-2025
ABS007834;STU01601;MAT0031;49;3;17-03-0031;TD;1;2;21-11-2025
ABS007835;STU01601;MAT0010;49;3;16-03-0012;TP;1;2;21-11-2025
ABS007836;STU01601;MAT0028;49;3;17-03-0022;TD;1;2;21-11-2025
ABS007837;STU01601;MAT0016;49;3;17-03-0030;TP;0;1;21-11-2025
ABS007838;STU01602;MAT0030;50;3;16-04-0018;EXAMEN;1;4;21-11-2025
ABS007839;STU01602;MAT0004;50;3;16-03-0008;COURS;0;3;21-11-2025
ABS007840;STU01602;MAT0008;50;3;16-05-0009;EXAMEN;0;3;21-11-2025
ABS007841;STU01602;MAT0016;50;3;16-04-0026;TD;1;2;21-11-2025
ABS007842;STU01602;MAT0006;50;3;16-04-0023;TP;0;4;21-11-2025
ABS007843;STU01602;MAT0025;50;3;17-05-0027;TD;0;3;21-11-2025
ABS007844;STU01603;MAT0004;49;3;17-05-0023;COURS;1;3;21-11-2025
ABS007845;STU01603;MAT0022;49;3;16-04-0031;EXAMEN;0;2;21-11-2025
ABS007846;STU01603;MAT0015;49;3;17-03-0023;TD;1;4;21-11-2025
ABS007847;STU01603;MAT0035;49;3;16-03-0028;TP;0;4;21-11-2025
ABS007848;STU01603;MAT0021;49;3;17-05-0027;COURS;0;2;21-11-2025
ABS007849;STU01604;MAT0020;50;3;15-04-0029;COURS;1;3;21-11-2025
ABS007850;STU01604;MAT0015;50;3;17-03-0026;TD;1;3;21-11-2025
ABS007851;STU01604;MAT0003;50;3;15-04-0021;COURS;1;4;21-11-2025
ABS007852;STU01604;MAT0032;50;3;17-03-0014;COURS;0;4;21-11-2025
ABS007853;STU01604;MAT0026;50;3;15-04-0013;COURS;0;4;21-11-2025
ABS007854;STU01604;MAT0031;50;3;16-03-0012;TD;0;1;21-11-2025
ABS007855;STU01604;MAT0025;50;3;17-05-0011;TD;1;4;21-11-2025
ABS007856;STU01605;;49;3;16-05-0029;EXAMEN;1;3;21-11-2025
ABS007857;STU01605;MAT0028;49;3;17-03-0023;EXAMEN;0;3;21-11-2025
ABS007858;STU01605;MAT0007;49;3;16-04-0019;COURS;1;2;21-11-2025
ABS007859;STU01605;MAT0009;49;3;16-05-0025;COURS;1;4;21-11-2025
ABS007860;STU01605;MAT0028;49;3;16-04-0023;TP;0;2;21-11-2025
ABS007861;STU01605;MAT0032;49;3;16-03-0025;TP;0;2;21-11-2025
ABS007862;STU01605;MAT0013;49;3;17-05-0019;COURS;1;2;21-11-2025
ABS007863;STU01606;MAT0026;50;3;17-03-0023;COURS;1;3;21-11-2025
ABS007864;STU01606;MAT0035;50;3;17-05-0019;EXAMEN;0;3;21-11-2025
ABS007865;STU01607;MAT0011;49;3;15-04-0028;TD;0;2;21-11-2025
ABS007866;STU01608;MAT0013;50;3;17-03-0007;TP;1;4;21-11-2025
ABS007867;STU01608;MAT0016;50;3;16-04-0019;TP;1;1;21-11-2025
ABS007868;STU01608;MAT0003;50;3;17-05-0034;TP;1;3;21-11-2025
ABS007869;STU01608;MAT0016;50;3;16-05-0024;COURS;1;2;21-11-2025
ABS007870;STU01609;MAT0014;49;3;16-04-0023;TP;0;2;21-11-2025
ABS007871;STU01610;MAT0025;50;3;16-05-0009;EXAMEN;0;4;21-11-2025
ABS007872;STU01610;MAT0007;50;3;15-04-0028;COURS;0;3;21-11-2025
ABS007873;STU01610;MAT0004;50;3;16-03-0012;EXAMEN;1;4;21-11-2025
ABS007874;STU01610;MAT0020;50;3;17-03-0022;TP;1;3;21-11-2025
ABS007875;STU01610;MAT0005;50;3;17-03-0022;TP;1;1;21-11-2025
ABS007876;STU01610;MAT0004;50;3;16-03-0032;COURS;1;1;21-11-2025
ABS007877;STU01610;MAT0004;50;3;17-03-0014;TD;1;3;21-11-2025
ABS007878;STU01610;MAT0002;50;3;16-05-0025;TP;1;1;21-11-2025
ABS007879;STU01610;MAT0016;50;3;17-03-0030;TD;0;1;21-11-2025
ABS007880;STU01611;MAT0019;49;3;17-03-0015;TD;1;4;21-11-2025
ABS007881;STU01611;MAT0025;49;3;15-04-0017;COURS;1;3;21-11-2025
ABS007882;STU01611;MAT0007;49;3;15-04-0024;TP;1;2;21-11-2025
ABS007883;STU01611;MAT0022;49;3;17-03-0019;EXAMEN;0;1;21-11-2025
ABS007884;STU01611;MAT0007;49;3;16-05-0025;TP;1;1;21-11-2025
ABS007885;STU01611;;49;3;16-05-0012;TD;0;2;21-11-2025
ABS007886;STU01612;MAT0031;50;3;16-03-0025;EXAMEN;1;1;21-11-2025
ABS007887;STU01612;MAT0026;50;3;17-03-0019;EXAMEN;1;1;21-11-2025
ABS007888;STU01612;MAT0011;50;3;16-04-0030;EXAMEN;1;1;21-11-2025
ABS007889;STU01612;MAT0033;50;3;16-05-0033;EXAMEN;1;4;21-11-2025
ABS007890;STU01612;MAT0019;50;3;15-04-0021;EXAMEN;1;4;21-11-2025
ABS007891;STU01612;MAT0021;50;3;15-04-0028;EXAMEN;1;4;21-11-2025
ABS007892;STU01613;MAT0003;49;3;17-05-0007;EXAMEN;0;4;21-11-2025
ABS007893;STU01613;MAT0013;49;3;17-05-0011;TD;1;2;21-11-2025
ABS007894;STU01614;MAT0019;50;3;15-04-0021;COURS;1;2;21-11-2025
ABS007895;STU01614;MAT0033;50;3;16-04-0022;EXAMEN;1;4;21-11-2025
ABS007896;STU01614;MAT0016;50;3;16-03-0021;TP;0;4;21-11-2025
ABS007897;STU01614;MAT0024;50;3;17-03-0030;TD;0;4;21-11-2025
ABS007898;STU01616;MAT0022;50;3;17-03-0027;EXAMEN;1;2;21-11-2025
ABS007899;STU01616;MAT0034;50;3;17-05-0023;COURS;1;2;21-11-2025
ABS007900;STU01616;MAT0023;50;3;16-05-0028;TP;1;4;21-11-2025
ABS007901;STU01616;MAT0014;50;3;16-04-0026;COURS;1;2;21-11-2025
ABS007902;STU01616;MAT0003;50;3;15-04-0033;EXAMEN;1;1;21-11-2025
ABS007903;STU01616;;50;3;16-05-0028;EXAMEN;0;1;21-11-2025
ABS007904;STU01616;MAT0019;50;3;16-04-0030;TD;1;3;21-11-2025
ABS007905;STU01616;MAT0032;50;3;16-05-0009;TP;1;4;21-11-2025
ABS007906;STU01616;MAT0035;50;3;17-03-0027;TP;1;4;21-11-2025
ABS007907;STU01616;MAT0008;50;3;16-04-0010;EXAMEN;1;2;21-11-2025
ABS007908;STU01616;MAT0034;50;3;16-04-0026;TP;1;4;21-11-2025
ABS007909;STU01617;MAT0004;49;3;17-05-0034;TP;0;2;21-11-2025
ABS007910;STU01617;MAT0026;49;3;16-05-0029;EXAMEN;0;1;21-11-2025
ABS007911;STU01617;MAT0025;49;3;17-05-0026;TD;1;4;21-11-2025
ABS007912;STU01617;MAT0016;49;3;16-03-0009;TD;1;3;21-11-2025
ABS007913;STU01617;MAT0029;49;3;15-04-0020;COURS;0;1;21-11-2025
ABS007914;STU01618;MAT0022;50;3;17-03-0015;TD;1;1;21-11-2025
ABS007915;STU01618;MAT0006;50;3;15-04-0032;COURS;0;1;21-11-2025
ABS007916;STU01618;MAT0026;50;3;17-03-0010;COURS;0;2;21-11-2025
ABS007917;STU01619;MAT0019;49;3;16-04-0014;COURS;1;4;21-11-2025
ABS007918;STU01619;MAT0006;49;3;17-05-0015;TP;1;3;21-11-2025
ABS007919;STU01619;MAT0021;49;3;15-04-0016;COURS;1;2;21-11-2025
ABS007920;STU01620;MAT0005;50;3;15-04-0025;EXAMEN;1;3;21-11-2025
ABS007921;STU01621;MAT0002;55;3;15-04-0013;TD;1;2;21-11-2025
ABS007922;STU01621;MAT0020;55;3;16-05-0020;EXAMEN;0;1;21-11-2025
ABS007923;STU01621;MAT0017;55;3;15-04-0016;TD;0;3;21-11-2025
ABS007924;STU01621;MAT0005;55;3;17-05-0007;COURS;1;2;21-11-2025
ABS007925;STU01621;MAT0030;55;3;16-04-0015;COURS;1;4;21-11-2025
ABS007926;STU01621;MAT0031;55;3;16-05-0020;EXAMEN;1;1;21-11-2025
ABS007927;STU01622;MAT0022;56;3;15-04-0032;TD;0;3;21-11-2025
ABS007928;STU01622;MAT0018;56;3;16-05-0020;COURS;1;3;21-11-2025
ABS007929;STU01622;MAT0002;56;3;17-03-0018;COURS;1;2;21-11-2025
ABS007930;STU01624;MAT0010;56;3;17-03-0026;TP;1;4;21-11-2025
ABS007931;STU01624;MAT0014;56;3;16-04-0010;TD;1;1;21-11-2025
ABS007932;STU01624;MAT0020;56;3;16-03-0008;COURS;1;4;21-11-2025
ABS007933;STU01624;MAT0016;56;3;16-04-0031;TP;1;1;21-11-2025
ABS007934;STU01624;MAT0007;56;3;17-05-0026;TD;1;3;21-11-2025
ABS007935;STU01624;MAT0007;56;3;17-03-0026;EXAMEN;1;2;21-11-2025
ABS007936;STU01626;MAT0015;56;3;16-03-0017;TD;1;4;21-11-2025
ABS007937;STU01628;MAT0007;56;3;16-05-0016;TD;1;2;21-11-2025
ABS007938;STU01628;MAT0028;56;3;17-03-0007;TD;1;1;21-11-2025
ABS007939;STU01628;MAT0011;56;3;16-05-0013;TP;1;4;21-11-2025
ABS007940;STU01628;MAT0006;56;3;15-04-0025;EXAMEN;1;1;21-11-2025
ABS007941;STU01628;MAT0028;56;3;16-05-0029;COURS;1;1;21-11-2025
ABS007942;STU01628;MAT0010;56;3;17-03-0022;TD;0;3;21-11-2025
ABS007943;STU01628;MAT0016;56;3;17-05-0010;TD;1;1;21-11-2025
ABS007944;STU01628;MAT0023;56;3;16-04-0014;EXAMEN;0;4;21-11-2025
ABS007945;STU01628;MAT0020;56;3;17-05-0011;TP;1;1;21-11-2025
ABS007946;STU01628;MAT0002;56;3;15-04-0029;TP;0;4;21-11-2025
ABS007947;STU01629;MAT0035;55;3;16-05-0012;TD;0;2;21-11-2025
ABS007948;STU01629;MAT0025;55;3;15-04-0016;TD;1;1;21-11-2025
ABS007949;STU01629;MAT0025;55;3;15-04-0013;TD;1;1;21-11-2025
ABS007950;STU01629;MAT0028;55;3;17-03-0023;TP;1;4;21-11-2025
ABS007951;STU01629;MAT0011;55;3;17-03-0011;TD;1;2;21-11-2025
ABS007952;STU01629;MAT0028;55;3;15-04-0012;TD;1;2;21-11-2025
ABS007953;STU01631;MAT0032;55;3;17-03-0023;TP;1;1;21-11-2025
ABS007954;STU01631;MAT0030;55;3;16-04-0015;TP;1;4;21-11-2025
ABS007955;STU01631;MAT0014;55;3;15-04-0016;TP;0;1;21-11-2025
ABS007956;STU01631;MAT0020;55;3;15-04-0021;COURS;1;3;21-11-2025
ABS007957;STU01631;MAT0023;55;3;17-03-0031;TD;0;2;21-11-2025
ABS007958;STU01632;MAT0015;56;3;16-05-0024;TP;1;1;21-11-2025
ABS007959;STU01632;MAT0024;56;3;16-05-0025;TP;1;4;21-11-2025
ABS007960;STU01632;MAT0017;56;3;15-04-0017;EXAMEN;0;1;21-11-2025
ABS007961;STU01632;MAT0029;56;3;16-05-0017;COURS;1;4;21-11-2025
ABS007962;STU01632;;56;3;17-03-0018;COURS;1;2;21-11-2025
ABS007963;STU01633;MAT0029;55;3;16-03-0028;EXAMEN;1;3;21-11-2025
ABS007964;STU01633;MAT0019;55;3;17-05-0034;EXAMEN;0;3;21-11-2025
ABS007965;STU01633;MAT0028;55;3;17-05-0011;COURS;0;2;21-11-2025
ABS007966;STU01633;MAT0028;55;3;16-03-0017;TD;1;1;21-11-2025
ABS007967;STU01633;MAT0002;55;3;16-05-0012;EXAMEN;1;1;21-11-2025
ABS007968;STU01633;MAT0033;55;3;17-05-0023;TD;0;1;21-11-2025
ABS007969;STU01633;MAT0009;55;3;16-05-0033;TP;0;1;21-11-2025
ABS007970;STU01633;MAT0018;55;3;17-03-0027;TD;0;3;21-11-2025
ABS007971;STU01633;MAT0032;55;3;17-05-0015;COURS;0;2;21-11-2025
ABS007972;STU01633;MAT0009;55;3;16-04-0034;COURS;0;1;21-11-2025
ABS007973;STU01633;MAT0011;55;3;17-03-0007;TD;1;2;21-11-2025
ABS007974;STU01633;MAT0030;55;3;15-04-0033;TD;0;3;21-11-2025
ABS007975;STU01634;MAT0011;56;3;16-03-0012;TP;0;1;21-11-2025
ABS007976;STU01634;MAT0031;56;3;16-05-0021;COURS;0;4;21-11-2025
ABS007977;STU01634;MAT0032;56;3;17-05-0010;COURS;1;1;21-11-2025
ABS007978;STU01636;MAT0024;56;3;16-05-0032;TD;1;1;21-11-2025
ABS007979;STU01636;MAT0008;56;3;16-05-0017;TP;0;2;21-11-2025
ABS007980;STU01636;MAT0033;56;3;17-03-0027;EXAMEN;1;1;21-11-2025
ABS007981;STU01636;MAT0030;56;3;16-03-0025;TP;1;1;21-11-2025
ABS007982;STU01636;MAT0029;56;3;17-03-0031;COURS;1;1;21-11-2025
ABS007983;STU01636;MAT0019;56;3;17-03-0019;EXAMEN;0;2;21-11-2025
ABS007984;STU01636;MAT0002;56;3;17-05-0018;COURS;0;4;21-11-2025
ABS007985;STU01638;MAT0029;56;3;16-05-0028;EXAMEN;1;1;21-11-2025
ABS007986;STU01638;MAT0012;56;3;15-04-0016;TP;1;3;21-11-2025
ABS007987;STU01638;MAT0020;56;3;15-04-0009;EXAMEN;1;4;21-11-2025
ABS007988;STU01638;MAT0030;56;3;16-03-0008;COURS;1;1;21-11-2025
ABS007989;STU01640;MAT0010;56;3;17-03-0018;COURS;1;4;21-11-2025
ABS007990;STU01640;MAT0018;56;3;16-03-0013;COURS;1;1;21-11-2025
ABS007991;STU01640;MAT0035;56;3;15-04-0017;EXAMEN;1;1;21-11-2025
ABS007992;STU01640;MAT0018;56;3;17-05-0027;TD;1;1;21-11-2025
ABS007993;STU01640;MAT0005;56;3;16-04-0010;TP;0;1;21-11-2025
ABS007994;STU01640;MAT0034;56;3;17-03-0034;TP;1;1;21-11-2025
ABS007995;STU01641;MAT0022;55;3;15-04-0028;COURS;1;2;21-11-2025
ABS007996;STU01642;MAT0018;56;3;17-05-0010;TD;0;4;21-11-2025
ABS007997;STU01642;;56;3;16-04-0007;COURS;1;1;21-11-2025
ABS007998;STU01642;MAT0007;56;3;16-03-0033;COURS;1;2;21-11-2025
ABS007999;STU01642;MAT0012;56;3;16-05-0012;TP;1;2;21-11-2025
ABS008000;STU01642;MAT0023;56;3;17-03-0019;TP;1;3;21-11-2025
ABS008001;STU01643;MAT0032;55;3;16-05-0025;TP;1;1;21-11-2025
ABS008002;STU01643;MAT0008;55;3;16-04-0026;TP;0;2;21-11-2025
ABS008003;STU01643;MAT0003;55;3;15-04-0025;TD;0;3;21-11-2025
ABS008004;STU01643;MAT0014;55;3;17-05-0026;COURS;1;3;21-11-2025
ABS008005;STU01643;MAT0004;55;3;17-05-0015;COURS;1;1;21-11-2025
ABS008006;STU01643;MAT0027;55;3;17-03-0007;TP;1;1;21-11-2025
ABS008007;STU01643;MAT0014;55;3;16-05-0024;TD;1;2;21-11-2025
ABS008008;STU01643;MAT0031;55;3;17-03-0019;TD;1;4;21-11-2025
ABS008009;STU01643;MAT0016;55;3;16-04-0007;COURS;1;1;21-11-2025
ABS008010;STU01644;MAT0028;56;3;17-03-0027;TP;0;1;21-11-2025
ABS008011;STU01644;MAT0029;56;3;17-03-0019;COURS;0;1;21-11-2025
ABS008012;STU01645;MAT0021;55;3;16-03-0032;TD;1;1;21-11-2025
ABS008013;STU01645;MAT0022;55;3;17-05-0019;TD;1;3;21-11-2025
ABS008014;STU01645;MAT0023;55;3;17-05-0015;TP;1;2;21-11-2025
ABS008015;STU01646;MAT0025;56;3;16-05-0020;TP;0;2;21-11-2025
ABS008016;STU01646;MAT0033;56;3;15-04-0021;COURS;1;4;21-11-2025
ABS008017;STU01646;MAT0033;56;3;16-05-0024;COURS;0;4;21-11-2025
ABS008018;STU01646;MAT0016;56;3;17-05-0027;TD;0;4;21-11-2025
ABS008019;STU01646;MAT0014;56;3;17-03-0027;COURS;1;1;21-11-2025
ABS008020;STU01647;MAT0021;55;3;16-05-0012;TP;1;1;21-11-2025
ABS008021;STU01647;MAT0008;55;3;17-03-0027;TD;1;4;21-11-2025
ABS008022;STU01647;MAT0024;55;3;16-04-0010;COURS;1;4;21-11-2025
ABS008023;STU01647;MAT0018;55;3;17-05-0034;TP;0;4;21-11-2025
ABS008024;STU01649;MAT0029;55;3;16-04-0026;EXAMEN;0;1;21-11-2025
ABS008025;STU01649;MAT0017;55;3;16-03-0017;TP;1;3;21-11-2025
ABS008026;STU01649;MAT0023;55;3;15-04-0025;COURS;1;1;21-11-2025
ABS008027;STU01649;MAT0002;55;3;15-04-0025;COURS;1;3;21-11-2025
ABS008028;STU01649;MAT0002;55;3;16-03-0029;TP;0;3;21-11-2025
ABS008029;STU01649;MAT0028;55;3;16-04-0034;TD;1;3;21-11-2025
ABS008030;STU01649;MAT0008;55;3;16-03-0033;EXAMEN;0;4;21-11-2025
ABS008031;STU01649;MAT0004;55;3;16-05-0013;EXAMEN;1;4;21-11-2025
ABS008032;STU01649;MAT0032;55;3;17-05-0019;TP;1;3;21-11-2025
ABS008033;STU01649;MAT0012;55;3;16-05-0016;COURS;1;2;21-11-2025
ABS008034;STU01650;MAT0032;56;3;15-04-0025;COURS;1;3;21-11-2025
ABS008035;STU01650;MAT0007;56;3;16-05-0009;TD;0;1;21-11-2025
ABS008036;STU01650;MAT0015;56;3;15-04-0021;EXAMEN;0;1;21-11-2025
ABS008037;STU01650;MAT0027;56;3;16-05-0032;COURS;1;2;21-11-2025
ABS008038;STU01650;MAT0008;56;3;16-03-0021;EXAMEN;1;2;21-11-2025
ABS008039;STU01650;MAT0015;56;3;17-05-0027;TP;0;4;21-11-2025
ABS008040;STU01650;MAT0030;56;3;16-03-0009;EXAMEN;0;4;21-11-2025
ABS008041;STU01650;MAT0033;56;3;15-04-0017;COURS;1;2;21-11-2025
ABS008042;STU01650;MAT0028;56;3;16-03-0032;COURS;0;3;21-11-2025
ABS008043;STU01650;MAT0029;56;3;16-03-0033;COURS;0;2;21-11-2025
ABS008044;STU01650;MAT0009;56;3;16-03-0013;COURS;0;3;21-11-2025
ABS008045;STU01650;MAT0003;56;3;17-05-0014;TP;1;4;21-11-2025
ABS008046;STU01650;MAT0020;56;3;16-04-0030;COURS;1;1;21-11-2025
ABS008047;STU01651;MAT0015;55;3;16-04-0014;COURS;1;3;21-11-2025
ABS008048;STU01651;MAT0033;55;3;15-04-0016;TD;0;4;21-11-2025
ABS008049;STU01652;MAT0007;56;3;15-04-0013;TP;1;2;21-11-2025
ABS008050;STU01652;MAT0019;56;3;17-03-0019;TD;0;2;21-11-2025
ABS008051;STU01652;MAT0027;56;3;17-05-0034;TP;1;4;21-11-2025
ABS008052;STU01652;MAT0025;56;3;17-03-0019;TD;1;2;21-11-2025
ABS008053;STU01652;MAT0014;56;3;16-05-0008;TD;0;4;21-11-2025
ABS008054;STU01652;MAT0033;56;3;16-05-0029;COURS;1;1;21-11-2025
ABS008055;STU01652;MAT0006;56;3;17-05-0011;TP;0;3;21-11-2025
ABS008056;STU01652;MAT0009;56;3;16-05-0009;TP;0;1;21-11-2025
ABS008057;STU01652;MAT0013;56;3;16-05-0024;TD;0;1;21-11-2025
ABS008058;STU01652;MAT0005;56;3;15-04-0025;TP;0;3;21-11-2025
ABS008059;STU01652;MAT0031;56;3;17-05-0018;EXAMEN;1;4;21-11-2025
ABS008060;STU01652;MAT0013;56;3;17-03-0018;EXAMEN;1;1;21-11-2025
ABS008061;STU01652;MAT0008;56;3;17-03-0022;TD;0;3;21-11-2025
ABS008062;STU01652;MAT0031;56;3;15-04-0029;TP;0;4;21-11-2025
ABS008063;STU01652;MAT0023;56;3;16-04-0019;TD;0;1;21-11-2025
ABS008064;STU01653;MAT0012;55;3;16-03-0016;TD;0;4;21-11-2025
ABS008065;STU01653;MAT0025;55;3;17-03-0019;TP;0;2;21-11-2025
ABS008066;STU01653;MAT0013;55;3;17-05-0030;TP;1;4;21-11-2025
ABS008067;STU01653;MAT0011;55;3;17-05-0030;COURS;0;3;21-11-2025
ABS008068;STU01653;MAT0011;55;3;17-03-0026;EXAMEN;1;1;21-11-2025
ABS008069;STU01653;MAT0014;55;3;16-05-0028;COURS;1;4;21-11-2025
ABS008070;STU01653;MAT0017;55;3;16-04-0027;TD;0;1;21-11-2025
ABS008071;STU01653;MAT0006;55;3;17-05-0031;EXAMEN;1;2;21-11-2025
ABS008072;STU01653;MAT0005;55;3;16-03-0008;COURS;1;1;21-11-2025
ABS008073;STU01653;MAT0017;55;3;16-03-0028;EXAMEN;0;3;21-11-2025
ABS008074;STU01654;MAT0022;56;3;15-04-0025;EXAMEN;1;4;21-11-2025
ABS008075;STU01654;MAT0006;56;3;17-05-0018;COURS;0;3;21-11-2025
ABS008076;STU01654;MAT0012;56;3;17-03-0022;TD;1;2;21-11-2025
ABS008077;STU01654;;56;3;16-05-0012;TD;0;2;21-11-2025
ABS008078;STU01654;MAT0018;56;3;16-03-0016;COURS;1;4;21-11-2025
ABS008079;STU01654;MAT0028;56;3;16-05-0033;TP;1;4;21-11-2025
ABS008080;STU01654;MAT0014;56;3;15-04-0016;TP;1;2;21-11-2025
ABS008081;STU01654;MAT0007;56;3;16-05-0025;TP;1;1;21-11-2025
ABS008082;STU01655;MAT0016;55;3;15-04-0028;TP;1;1;21-11-2025
ABS008083;STU01655;MAT0003;55;3;17-03-0019;TP;1;4;21-11-2025
ABS008084;STU01655;MAT0008;55;3;16-05-0028;TD;0;2;21-11-2025
ABS008085;STU01655;MAT0018;55;3;16-05-0029;TP;1;3;21-11-2025
ABS008086;STU01655;MAT0020;55;3;15-04-0021;TP;1;4;21-11-2025
ABS008087;STU01655;MAT0020;55;3;16-05-0032;TP;1;1;21-11-2025
ABS008088;STU01655;MAT0012;55;3;17-05-0015;COURS;1;4;21-11-2025
ABS008089;STU01655;MAT0006;55;3;17-03-0026;TP;0;1;21-11-2025
ABS008090;STU01655;MAT0015;55;3;15-04-0009;TD;1;1;21-11-2025
ABS008091;STU01655;MAT0035;55;3;16-04-0014;TD;1;3;21-11-2025
ABS008092;STU01655;MAT0008;55;3;17-05-0019;TD;0;3;21-11-2025
ABS008093;STU01655;MAT0024;55;3;16-04-0015;TD;1;1;21-11-2025
ABS008094;STU01656;MAT0030;56;3;15-04-0032;EXAMEN;1;2;21-11-2025
ABS008095;STU01656;MAT0030;56;3;17-03-0026;COURS;0;2;21-11-2025
ABS008096;STU01656;MAT0026;56;3;16-04-0019;TD;0;4;21-11-2025
ABS008097;STU01659;MAT0011;55;3;16-03-0024;COURS;1;2;21-11-2025
ABS008098;STU01659;;55;3;16-05-0017;EXAMEN;0;3;21-11-2025
ABS008099;STU01660;MAT0003;56;3;17-03-0018;EXAMEN;1;3;21-11-2025
ABS008100;STU01661;MAT0009;55;3;15-04-0020;EXAMEN;1;3;21-11-2025
ABS008101;STU01661;MAT0027;55;3;16-04-0031;TD;0;4;21-11-2025
ABS008102;STU01661;MAT0030;55;3;16-03-0028;TD;0;1;21-11-2025
ABS008103;STU01661;MAT0024;55;3;16-04-0015;EXAMEN;1;3;21-11-2025
ABS008104;STU01661;MAT0018;55;3;16-03-0029;EXAMEN;0;1;21-11-2025
ABS008105;STU01661;MAT0017;55;3;16-03-0016;EXAMEN;1;2;21-11-2025
ABS008106;STU01661;MAT0021;55;3;17-05-0015;TP;0;1;21-11-2025
ABS008107;STU01661;MAT0010;55;3;17-03-0011;TD;0;3;21-11-2025
ABS008108;STU01661;MAT0014;55;3;17-05-0010;COURS;0;1;21-11-2025
ABS008109;STU01663;MAT0010;55;3;16-03-0025;TD;0;1;21-11-2025
ABS008110;STU01663;MAT0020;55;3;16-03-0029;COURS;1;4;21-11-2025
ABS008111;STU01663;MAT0029;55;3;15-04-0032;COURS;1;4;21-11-2025
ABS008112;STU01663;MAT0011;55;3;16-05-0013;TD;1;4;21-11-2025
ABS008113;STU01663;MAT0004;55;3;15-04-0016;COURS;1;4;21-11-2025
ABS008114;STU01663;MAT0021;55;3;16-04-0014;TP;1;4;21-11-2025
ABS008115;STU01663;MAT0023;55;3;17-03-0018;COURS;1;2;21-11-2025
ABS008116;STU01663;MAT0024;55;3;16-03-0013;TP;1;1;21-11-2025
ABS008117;STU01663;MAT0022;55;3;16-03-0012;TD;0;2;21-11-2025
ABS008118;STU01663;MAT0017;55;3;16-04-0030;EXAMEN;1;2;21-11-2025
ABS008119;STU01663;MAT0028;55;3;15-04-0008;EXAMEN;1;4;21-11-2025
ABS008120;STU01664;MAT0012;56;3;16-04-0023;TD;0;3;21-11-2025
ABS008121;STU01664;MAT0032;56;3;16-04-0031;TD;0;3;21-11-2025
ABS008122;STU01664;MAT0015;56;3;15-04-0017;TD;0;3;21-11-2025
ABS008123;STU01665;MAT0019;55;3;17-03-0019;TP;0;2;21-11-2025
ABS008124;STU01665;MAT0004;55;3;17-05-0019;EXAMEN;0;3;21-11-2025
ABS008125;STU01665;MAT0013;55;3;16-05-0025;TD;1;4;21-11-2025
ABS008126;STU01666;MAT0002;56;3;17-03-0010;EXAMEN;1;3;21-11-2025
ABS008127;STU01666;MAT0034;56;3;16-05-0012;TP;0;3;21-11-2025
ABS008128;STU01667;MAT0028;55;3;16-05-0013;COURS;1;1;21-11-2025
ABS008129;STU01667;MAT0015;55;3;15-04-0033;EXAMEN;0;2;21-11-2025
ABS008130;STU01667;MAT0009;55;3;16-04-0015;COURS;0;3;21-11-2025
ABS008131;STU01667;MAT0019;55;3;16-03-0012;COURS;1;4;21-11-2025
ABS008132;STU01668;MAT0033;56;3;16-04-0022;COURS;0;3;21-11-2025
ABS008133;STU01668;MAT0007;56;3;17-05-0018;TP;1;1;21-11-2025
ABS008134;STU01670;MAT0003;56;3;16-05-0016;TP;0;3;21-11-2025
ABS008135;STU01670;MAT0017;56;3;16-04-0010;COURS;1;4;21-11-2025
ABS008136;STU01670;MAT0023;56;3;15-04-0033;COURS;0;4;21-11-2025
ABS008137;STU01670;MAT0011;56;3;16-05-0025;TD;1;2;21-11-2025
ABS008138;STU01670;MAT0003;56;3;16-04-0027;COURS;1;3;21-11-2025
ABS008139;STU01670;MAT0020;56;3;17-05-0007;EXAMEN;1;2;21-11-2025
ABS008140;STU01671;MAT0031;55;3;16-05-0016;COURS;0;3;21-11-2025
ABS008141;STU01671;MAT0012;55;3;16-05-0032;TP;0;4;21-11-2025
ABS008142;STU01672;MAT0022;56;3;16-03-0020;TD;1;3;21-11-2025
ABS008143;STU01673;MAT0027;55;3;16-05-0017;TD;1;1;21-11-2025
ABS008144;STU01674;MAT0008;56;3;16-05-0029;COURS;1;3;21-11-2025
ABS008145;STU01674;MAT0024;56;3;16-05-0032;TD;0;4;21-11-2025
ABS008146;STU01674;MAT0034;56;3;16-03-0020;EXAMEN;0;2;21-11-2025
ABS008147;STU01675;MAT0014;55;3;17-05-0030;TD;0;1;21-11-2025
ABS008148;STU01676;MAT0034;56;3;16-03-0012;TD;1;3;21-11-2025
ABS008149;STU01676;MAT0005;56;3;16-05-0028;TP;0;1;21-11-2025
ABS008150;STU01676;MAT0009;56;3;17-03-0030;COURS;1;4;21-11-2025
ABS008151;STU01676;MAT0017;56;3;15-04-0021;COURS;1;4;21-11-2025
ABS008152;STU01676;MAT0007;56;3;16-05-0020;TP;1;2;21-11-2025
ABS008153;STU01676;MAT0012;56;3;16-05-0008;COURS;0;3;21-11-2025
ABS008154;STU01676;MAT0010;56;3;16-05-0024;TP;1;4;21-11-2025
ABS008155;STU01676;MAT0033;56;3;17-05-0007;COURS;1;1;21-11-2025
ABS008156;STU01676;MAT0030;56;3;16-05-0012;TP;1;2;21-11-2025
ABS008157;STU01677;MAT0020;55;3;15-04-0012;EXAMEN;0;2;21-11-2025
ABS008158;STU01677;MAT0007;55;3;16-04-0026;TP;1;3;21-11-2025
ABS008159;STU01677;MAT0028;55;3;16-04-0019;TD;1;1;21-11-2025
ABS008160;STU01677;MAT0012;55;3;16-04-0031;EXAMEN;0;2;21-11-2025
ABS008161;STU01677;MAT0034;55;3;17-05-0010;EXAMEN;1;4;21-11-2025
ABS008162;STU01678;MAT0023;56;3;17-05-0015;TD;1;3;21-11-2025
ABS008163;STU01678;MAT0012;56;3;16-03-0024;COURS;1;3;21-11-2025
ABS008164;STU01678;MAT0033;56;3;15-04-0029;COURS;1;3;21-11-2025
ABS008165;STU01678;MAT0010;56;3;16-04-0007;EXAMEN;1;4;21-11-2025
ABS008166;STU01678;MAT0025;56;3;17-05-0011;TP;1;3;21-11-2025
ABS008167;STU01679;MAT0004;55;3;16-04-0026;TP;0;3;21-11-2025
ABS008168;STU01679;MAT0016;55;3;17-03-0018;EXAMEN;1;2;21-11-2025
ABS008169;STU01679;MAT0002;55;3;16-04-0027;EXAMEN;0;2;21-11-2025
ABS008170;STU01679;MAT0034;55;3;16-03-0028;TD;0;1;21-11-2025
ABS008171;STU01679;MAT0012;55;3;16-03-0028;EXAMEN;1;4;21-11-2025
ABS008172;STU01679;MAT0009;55;3;17-05-0022;TP;1;3;21-11-2025
ABS008173;STU01679;MAT0010;55;3;17-03-0007;TD;0;2;21-11-2025
ABS008174;STU01679;MAT0033;55;3;17-03-0011;COURS;1;1;21-11-2025
ABS008175;STU01679;MAT0021;55;3;16-03-0032;TD;1;2;21-11-2025
ABS008176;STU01679;MAT0015;55;3;17-05-0011;TD;1;2;21-11-2025
ABS008177;STU01679;MAT0009;55;3;16-04-0015;TP;0;4;21-11-2025
ABS008178;STU01679;MAT0014;55;3;17-03-0023;COURS;0;3;21-11-2025
ABS008179;STU01680;MAT0013;56;3;16-03-0013;TD;0;3;21-11-2025
ABS008180;STU01680;MAT0026;56;3;16-04-0031;COURS;1;4;21-11-2025
