stage_id,student_id,entreprise_id,type_stage,filiere_id,semestre_id,date_debut,date_fin,encadrant_nom,grade,status
STG00001,STU00001,ENT0007,OBSERVATION,,2,2024-01-14,2024-01-13,Mohamed Mansouri,16.15,TERMINE
STG00002,STU00002,ENT0003,OBSERVATION,,2,2024-01-14,2024-01-13,Mohamed Chakir,14.08,TERMINE
STG00003,STU00003,ENT0001,OBSERVATION,,2,2024-01-14,2024-01-13,Aisha Sabri,14.09,TERMINE
STG00004,STU00005,ENT0011,OBSERVATION,,2,2024-01-14,2024-01-13,Omar Naciri,16.92,TERMINE
STG00005,STU00007,ENT0008,OBSERVATION,,2,2024-01-14,2024-01-13,Mohamed Rami,15.01,TERMINE
STG00006,STU00008,ENT0006,OBSERVATION,,2,2024-01-14,2024-01-13,Hassan Idrissi,14.28,TERMINE
STG00007,STU00009,ENT0006,OBSERVATION,,2,2024-01-14,2024-01-13,Nour El Amrani,17.53,TERMINE
STG00008,STU00010,ENT0003,OBSERVATION,,2,2024-01-14,2024-01-13,Ahmed Idrissi,14.87,TERMINE
STG00009,STU00011,ENT0003,OBSERVATION,,2,2024-01-14,2024-01-13,Aisha Chakir,15.41,TERMINE
STG00010,STU00012,ENT0002,OBSERVATION,,2,2024-01-14,2024-01-13,Ali Sabri,17.68,TERMINE
STG00011,STU00014,ENT0002,OBSERVATION,,2,2024-01-14,2024-01-13,Khadija Alami,16.2,TERMINE
STG00012,STU00015,ENT0020,OBSERVATION,,2,2024-01-14,2024-01-13,Ahmed Alami,17.99,TERMINE
STG00013,STU00016,ENT0019,OBSERVATION,,2,2024-01-14,2024-01-13,Youssef Naciri,17.5,TERMINE
STG00014,STU00017,ENT0006,OBSERVATION,,2,2024-01-14,2024-01-13,Hassan Fassi,17.75,TERMINE
STG00015,STU00018,ENT0007,OBSERVATION,,2,2024-01-14,2024-01-13,Amina Berrada,14.96,TERMINE
STG00016,STU00019,ENT0005,OBSERVATION,,2,2024-01-14,2024-01-13,Aisha Naciri,16.27,TERMINE
STG00017,STU00020,ENT0017,OBSERVATION,,2,2024-01-14,2024-01-13,Mohamed Naciri,14.46,TERMINE
STG00018,STU00021,ENT0015,OBSERVATION,,2,2024-01-14,2024-01-13,Youssef El Amrani,14.21,TERMINE
STG00019,STU00022,ENT0006,OBSERVATION,,2,2024-01-14,2024-01-13,Ahmed Mansouri,15.06,TERMINE
STG00020,STU00023,ENT0018,OBSERVATION,,2,2024-01-14,2024-01-13,Youssef Berrada,16.05,TERMINE
STG00021,STU00024,ENT0011,OBSERVATION,,2,2024-01-14,2024-01-13,Salma Idrissi,15.17,TERMINE
STG00022,STU00026,ENT0016,OBSERVATION,,2,2024-01-14,2024-01-13,Omar Naciri,17.04,TERMINE
STG00023,STU00027,ENT0003,OBSERVATION,,2,2024-01-14,2024-01-13,Mehdi Tazi,14.22,TERMINE
STG00024,STU00028,ENT0018,OBSERVATION,,2,2024-01-14,2024-01-13,Hassan Benali,17.17,TERMINE
STG00025,STU00029,ENT0016,OBSERVATION,,2,2024-01-14,2024-01-13,Omar Alami,16.96,TERMINE
STG00026,STU00030,ENT0011,OBSERVATION,,2,2024-01-14,2024-01-13,Ali Mansouri,15.04,TERMINE
STG00027,STU00031,ENT0016,OBSERVATION,,2,2024-01-14,2024-01-13,Youssef Berrada,14.44,TERMINE
STG00028,STU00032,ENT0016,OBSERVATION,,2,2024-01-14,2024-01-13,Fatima El Amrani,17.1,TERMINE
STG00029,STU00033,ENT0014,OBSERVATION,,2,2024-01-14,2024-01-13,Ahmed Chakir,16.07,TERMINE
STG00030,STU00034,ENT0002,OBSERVATION,,2,2024-01-14,2024-01-13,Mohamed Mansouri,16.12,TERMINE
STG00031,STU00035,ENT0019,OBSERVATION,,2,2024-01-14,2024-01-13,Amina El Amrani,16.03,TERMINE
STG00032,STU00036,ENT0007,OBSERVATION,,2,2024-01-14,2024-01-13,Omar Tazi,17.69,TERMINE
STG00033,STU00038,ENT0003,OBSERVATION,,2,2024-01-14,2024-01-13,Yasmine Sabri,14.46,TERMINE
STG00034,STU00039,ENT0005,OBSERVATION,,2,2024-01-14,2024-01-13,Yasmine Rami,17.55,TERMINE
STG00035,STU00040,ENT0008,OBSERVATION,,2,2024-01-14,2024-01-13,Fatima Chakir,14.57,TERMINE
STG00036,STU00041,ENT0002,OBSERVATION,,2,2024-01-14,2024-01-13,Yasmine El Amrani,17.35,TERMINE
STG00037,STU00042,ENT0018,OBSERVATION,,2,2024-01-14,2024-01-13,Hassan Idrissi,16.19,TERMINE
STG00038,STU00044,ENT0005,OBSERVATION,,2,2024-01-14,2024-01-13,Fatima Mansouri,15.93,TERMINE
STG00039,STU00045,ENT0005,OBSERVATION,,2,2024-01-14,2024-01-13,Youssef Tazi,16.76,TERMINE
STG00040,STU00046,ENT0012,OBSERVATION,,2,2024-01-14,2024-01-13,Salma Benali,14.56,TERMINE
STG00041,STU00047,ENT0011,OBSERVATION,,2,2024-01-14,2024-01-13,Omar Idrissi,14.23,TERMINE
STG00042,STU00048,ENT0001,OBSERVATION,,2,2024-01-14,2024-01-13,Aisha Rami,17.57,TERMINE
STG00043,STU00049,ENT0017,OBSERVATION,,2,2024-01-14,2024-01-13,Aisha Berrada,15.99,TERMINE
STG00044,STU00050,ENT0003,OBSERVATION,,2,2024-01-14,2024-01-13,Mehdi Fassi,17.44,TERMINE
STG00045,STU00051,ENT0003,OBSERVATION,,2,2024-01-14,2024-01-13,Omar Tazi,17.14,TERMINE
STG00046,STU00052,ENT0008,OBSERVATION,,2,2024-01-14,2024-01-13,Amina Tazi,16.89,TERMINE
STG00047,STU00053,ENT0009,OBSERVATION,,2,2024-01-14,2024-01-13,Amina Berrada,14.36,TERMINE
STG00048,STU00054,ENT0016,OBSERVATION,,2,2024-01-14,2024-01-13,Aisha Rami,15.17,TERMINE
STG00049,STU00055,ENT0015,OBSERVATION,,2,2024-01-14,2024-01-13,Salma Alami,14.97,TERMINE
STG00050,STU00056,ENT0005,OBSERVATION,,2,2024-01-14,2024-01-13,Ahmed Alami,15.82,TERMINE
STG00051,STU00057,ENT0009,OBSERVATION,,2,2024-01-14,2024-01-13,Ali Rami,15.2,TERMINE
STG00052,STU00058,ENT0020,OBSERVATION,,2,2024-01-14,2024-01-13,Youssef Fassi,16.45,TERMINE
STG00053,STU00059,ENT0009,OBSERVATION,,2,2024-01-14,2024-01-13,Amina Idrissi,15.6,TERMINE
STG00054,STU00061,ENT0005,OBSERVATION,,2,2024-01-14,2024-01-13,Yasmine Rami,17.85,TERMINE
STG00055,STU00062,ENT0009,OBSERVATION,,2,2024-01-14,2024-01-13,Aisha Rami,16.82,TERMINE
STG00056,STU00063,ENT0005,OBSERVATION,,2,2024-01-14,2024-01-13,Amina Rami,14.53,TERMINE
STG00057,STU00065,ENT0008,OBSERVATION,,2,2024-01-14,2024-01-13,Khadija Rami,14.39,TERMINE
STG00058,STU00066,ENT0005,OBSERVATION,,2,2024-01-14,2024-01-13,Ali Mansouri,15.17,TERMINE
STG00059,STU00067,ENT0015,OBSERVATION,,2,2024-01-14,2024-01-13,Mohamed Alami,16.46,TERMINE
STG00060,STU00068,ENT0005,OBSERVATION,,2,2024-01-14,2024-01-13,Youssef Tazi,17.57,TERMINE
STG00061,STU00069,ENT0010,OBSERVATION,,2,2024-01-14,2024-01-13,Ahmed Tazi,15.39,TERMINE
STG00062,STU00070,ENT0020,OBSERVATION,,2,2024-01-14,2024-01-13,Nour Fassi,15.25,TERMINE
STG00063,STU00071,ENT0018,OBSERVATION,,2,2024-01-14,2024-01-13,Fatima Sabri,17.99,TERMINE
STG00064,STU00072,ENT0009,OBSERVATION,,2,2024-01-14,2024-01-13,Nour Benali,14.46,TERMINE
STG00065,STU00073,ENT0002,OBSERVATION,,2,2024-01-14,2024-01-13,Mehdi Chakir,17.53,TERMINE
STG00066,STU00074,ENT0005,OBSERVATION,,2,2024-01-14,2024-01-13,Fatima Berrada,15.54,TERMINE
STG00067,STU00075,ENT0015,OBSERVATION,,2,2024-01-14,2024-01-13,Khadija Berrada,17.59,TERMINE
STG00068,STU00076,ENT0008,OBSERVATION,,2,2024-01-14,2024-01-13,Aisha Berrada,14.04,TERMINE
STG00069,STU00077,ENT0005,OBSERVATION,,2,2024-01-14,2024-01-13,Mohamed Benjelloun,17.12,TERMINE
STG00070,STU00078,ENT0009,OBSERVATION,,2,2024-01-14,2024-01-13,Mohamed Naciri,14.12,TERMINE
STG00071,STU00079,ENT0014,OBSERVATION,,2,2024-01-14,2024-01-13,Yasmine Alami,16.05,TERMINE
STG00072,STU00080,ENT0014,OBSERVATION,,2,2024-01-14,2024-01-13,Nour Sabri,16.71,TERMINE
STG00073,STU00081,ENT0017,OBSERVATION,,2,2024-01-14,2024-01-13,Aisha Fassi,14.98,TERMINE
STG00074,STU00083,ENT0019,OBSERVATION,,2,2024-01-14,2024-01-13,Fatima Rami,15.58,TERMINE
STG00075,STU00084,ENT0011,OBSERVATION,,2,2024-01-14,2024-01-13,Nour Chakir,15.65,TERMINE
STG00076,STU00085,ENT0019,OBSERVATION,,2,2024-01-14,2024-01-13,Omar Idrissi,17.8,TERMINE
STG00077,STU00086,ENT0015,OBSERVATION,,2,2024-01-14,2024-01-13,Mehdi Idrissi,16.73,TERMINE
STG00078,STU00087,ENT0004,OBSERVATION,,2,2024-01-14,2024-01-13,Khadija Sabri,15.7,TERMINE
STG00079,STU00088,ENT0012,OBSERVATION,,2,2024-01-14,2024-01-13,Youssef Sabri,15.57,TERMINE
STG00080,STU00089,ENT0001,OBSERVATION,,2,2024-01-14,2024-01-13,Hassan El Amrani,16.55,TERMINE
STG00081,STU00090,ENT0002,OBSERVATION,,2,2024-01-14,2024-01-13,Ali Idrissi,17.94,TERMINE
STG00082,STU00091,ENT0012,OBSERVATION,,2,2024-01-14,2024-01-13,Amina El Amrani,16.74,TERMINE
STG00083,STU00093,ENT0004,OBSERVATION,,2,2024-01-14,2024-01-13,Fatima Benjelloun,14.0,TERMINE
STG00084,STU00094,ENT0017,OBSERVATION,,2,2024-01-14,2024-01-13,Karim El Amrani,16.19,TERMINE
STG00085,STU00095,ENT0012,OBSERVATION,,2,2024-01-14,2024-01-13,Nour El Amrani,14.21,TERMINE
STG00086,STU00096,ENT0001,OBSERVATION,,2,2024-01-14,2024-01-13,Mohamed Alami,17.46,TERMINE
STG00087,STU00097,ENT0009,OBSERVATION,,2,2024-01-14,2024-01-13,Karim Tazi,14.77,TERMINE
STG00088,STU00098,ENT0011,OBSERVATION,,2,2024-01-14,2024-01-13,Yasmine Idrissi,15.7,TERMINE
STG00089,STU00099,ENT0019,OBSERVATION,,2,2024-01-14,2024-01-13,Yasmine Chakir,14.31,TERMINE
STG00090,STU00100,ENT0018,OBSERVATION,,2,2024-01-14,2024-01-13,Ali Mansouri,14.08,TERMINE
STG00091,STU00101,ENT0004,OBSERVATION,,2,2024-01-14,2024-01-13,Nour Sabri,17.89,TERMINE
STG00092,STU00102,ENT0020,OBSERVATION,,2,2024-01-14,2024-01-13,Nour Rami,17.37,TERMINE
STG00093,STU00103,ENT0008,OBSERVATION,,2,2024-01-14,2024-01-13,Hassan Benali,15.0,TERMINE
STG00094,STU00104,ENT0004,OBSERVATION,,2,2024-01-14,2024-01-13,Ali Idrissi,15.37,TERMINE
STG00095,STU00106,ENT0010,OBSERVATION,,2,2024-01-14,2024-01-13,Omar Tazi,14.45,TERMINE
STG00096,STU00107,ENT0016,OBSERVATION,,2,2024-01-14,2024-01-13,Ali Alami,16.42,TERMINE
STG00097,STU00108,ENT0001,OBSERVATION,,2,2024-01-14,2024-01-13,Youssef Naciri,17.32,TERMINE
STG00098,STU00109,ENT0009,OBSERVATION,,2,2024-01-14,2024-01-13,Amina Sabri,14.23,TERMINE
STG00099,STU00111,ENT0005,OBSERVATION,,2,2024-01-14,2024-01-13,Khadija Sabri,16.13,TERMINE
STG00100,STU00112,ENT0012,OBSERVATION,,2,2024-01-14,2024-01-13,Ahmed Idrissi,14.48,TERMINE
STG00101,STU00113,ENT0004,OBSERVATION,,2,2024-01-14,2024-01-13,Amina Berrada,15.66,TERMINE
STG00102,STU00114,ENT0003,OBSERVATION,,2,2024-01-14,2024-01-13,Omar Mansouri,15.54,TERMINE
STG00103,STU00115,ENT0011,OBSERVATION,,2,2024-01-14,2024-01-13,Aisha Naciri,17.85,TERMINE
STG00104,STU00116,ENT0015,OBSERVATION,,2,2024-01-14,2024-01-13,Khadija Fassi,14.43,TERMINE
STG00105,STU00117,ENT0003,OBSERVATION,,2,2024-01-14,2024-01-13,Salma Idrissi,14.9,TERMINE
STG00106,STU00119,ENT0003,OBSERVATION,,2,2024-01-14,2024-01-13,Youssef Fassi,15.37,TERMINE
STG00107,STU00120,ENT0019,OBSERVATION,,2,2024-01-14,2024-01-13,Mohamed Chakir,14.06,TERMINE
STG00108,STU00122,ENT0006,OBSERVATION,,2,2024-01-14,2024-01-13,Ali Chakir,14.75,TERMINE
STG00109,STU00125,ENT0009,OBSERVATION,,2,2024-01-14,2024-01-13,Amina Rami,14.29,TERMINE
STG00110,STU00126,ENT0007,OBSERVATION,,2,2024-01-14,2024-01-13,Karim Rami,16.05,TERMINE
STG00111,STU00127,ENT0007,OBSERVATION,,2,2024-01-14,2024-01-13,Mehdi Rami,17.59,TERMINE
STG00112,STU00128,ENT0012,OBSERVATION,,2,2024-01-14,2024-01-13,Nour Sabri,15.44,TERMINE
STG00113,STU00129,ENT0008,OBSERVATION,,2,2024-01-14,2024-01-13,Karim Naciri,15.14,TERMINE
STG00114,STU00130,ENT0018,OBSERVATION,,2,2024-01-14,2024-01-13,Mehdi Benali,14.9,TERMINE
STG00115,STU00131,ENT0013,OBSERVATION,,2,2024-01-14,2024-01-13,Salma Tazi,17.82,TERMINE
STG00116,STU00132,ENT0012,OBSERVATION,,2,2024-01-14,2024-01-13,Amina Idrissi,15.97,TERMINE
STG00117,STU00133,ENT0003,OBSERVATION,,2,2024-01-14,2024-01-13,Hassan Chakir,17.95,TERMINE
STG00118,STU00134,ENT0016,OBSERVATION,,2,2024-01-14,2024-01-13,Nour El Amrani,16.54,TERMINE
STG00119,STU00135,ENT0010,OBSERVATION,,2,2024-01-14,2024-01-13,Aisha Mansouri,14.43,TERMINE
STG00120,STU00136,ENT0019,OBSERVATION,,2,2024-01-14,2024-01-13,Mehdi Benali,16.19,TERMINE
STG00121,STU00137,ENT0004,OBSERVATION,,2,2024-01-14,2024-01-13,Fatima Fassi,14.28,TERMINE
STG00122,STU00138,ENT0007,OBSERVATION,,2,2024-01-14,2024-01-13,Youssef Benjelloun,15.54,TERMINE
STG00123,STU00139,ENT0007,OBSERVATION,,2,2024-01-14,2024-01-13,Fatima Sabri,14.38,TERMINE
STG00124,STU00140,ENT0013,OBSERVATION,,2,2024-01-14,2024-01-13,Ahmed Idrissi,17.85,TERMINE
STG00125,STU00141,ENT0009,OBSERVATION,,2,2024-01-14,2024-01-13,Ahmed Benjelloun,15.54,TERMINE
STG00126,STU00142,ENT0010,OBSERVATION,,2,2024-01-14,2024-01-13,Hassan Alami,14.83,TERMINE
STG00127,STU00143,ENT0010,OBSERVATION,,2,2024-01-14,2024-01-13,Karim Mansouri,16.49,TERMINE
STG00128,STU00144,ENT0007,OBSERVATION,,2,2024-01-14,2024-01-13,Salma Rami,17.23,TERMINE
STG00129,STU00145,ENT0005,OBSERVATION,,2,2024-01-14,2024-01-13,Amina El Amrani,17.22,TERMINE
STG00130,STU00146,ENT0012,OBSERVATION,,2,2024-01-14,2024-01-13,Fatima Naciri,16.16,TERMINE
STG00131,STU00147,ENT0007,OBSERVATION,,2,2024-01-14,2024-01-13,Mehdi Benjelloun,16.85,TERMINE
STG00132,STU00148,ENT0010,OBSERVATION,,2,2024-01-14,2024-01-13,Hassan Fassi,17.04,TERMINE
STG00133,STU00149,ENT0002,OBSERVATION,,2,2024-01-14,2024-01-13,Omar Tazi,17.11,TERMINE
STG00134,STU00150,ENT0016,OBSERVATION,,2,2024-01-14,2024-01-13,Yasmine Benjelloun,17.06,TERMINE
STG00135,STU00151,ENT0010,OBSERVATION,,2,2024-01-14,2024-01-13,Aisha Sabri,15.29,TERMINE
STG00136,STU00152,ENT0020,OBSERVATION,,2,2024-01-14,2024-01-13,Mohamed Chakir,16.06,TERMINE
STG00137,STU00153,ENT0005,OBSERVATION,,2,2024-01-14,2024-01-13,Amina Alami,15.19,TERMINE
STG00138,STU00154,ENT0012,OBSERVATION,,2,2024-01-14,2024-01-13,Karim Naciri,15.86,TERMINE
STG00139,STU00155,ENT0010,OBSERVATION,,2,2024-01-14,2024-01-13,Fatima Rami,15.9,TERMINE
STG00140,STU00156,ENT0014,OBSERVATION,,2,2024-01-14,2024-01-13,Hassan Naciri,17.8,TERMINE
STG00141,STU00157,ENT0019,OBSERVATION,,2,2024-01-14,2024-01-13,Ahmed Naciri,14.13,TERMINE
STG00142,STU00158,ENT0015,OBSERVATION,,2,2024-01-14,2024-01-13,Yasmine Tazi,16.01,TERMINE
STG00143,STU00159,ENT0004,OBSERVATION,,2,2024-01-14,2024-01-13,Hassan Chakir,17.21,TERMINE
STG00144,STU00160,ENT0008,OBSERVATION,,2,2024-01-14,2024-01-13,Mehdi Benjelloun,15.39,TERMINE
STG00145,STU00161,ENT0007,OBSERVATION,,2,2024-01-14,2024-01-13,Mohamed Idrissi,15.94,TERMINE
STG00146,STU00162,ENT0005,OBSERVATION,,2,2024-01-14,2024-01-13,Mohamed Berrada,17.52,TERMINE
STG00147,STU00164,ENT0002,OBSERVATION,,2,2024-01-14,2024-01-13,Hassan Chakir,17.98,TERMINE
STG00148,STU00165,ENT0007,OBSERVATION,,2,2024-01-14,2024-01-13,Yasmine El Amrani,15.1,TERMINE
STG00149,STU00166,ENT0008,OBSERVATION,,2,2024-01-14,2024-01-13,Omar Sabri,14.28,TERMINE
STG00150,STU00167,ENT0016,OBSERVATION,,2,2024-01-14,2024-01-13,Yasmine Fassi,14.23,TERMINE
STG00151,STU00168,ENT0015,OBSERVATION,,2,2024-01-14,2024-01-13,Ahmed Fassi,14.2,TERMINE
STG00152,STU00170,ENT0018,OBSERVATION,,2,2024-01-14,2024-01-13,Nour Rami,15.9,TERMINE
STG00153,STU00171,ENT0011,OBSERVATION,,2,2024-01-14,2024-01-13,Amina Rami,15.2,TERMINE
STG00154,STU00174,ENT0016,OBSERVATION,,2,2024-01-14,2024-01-13,Ali El Amrani,15.57,TERMINE
STG00155,STU00175,ENT0002,OBSERVATION,,2,2024-01-14,2024-01-13,Omar El Amrani,14.5,TERMINE
STG00156,STU00176,ENT0003,OBSERVATION,,2,2024-01-14,2024-01-13,Salma Rami,15.15,TERMINE
STG00157,STU00177,ENT0008,OBSERVATION,,2,2024-01-14,2024-01-13,Nour Tazi,16.99,TERMINE
STG00158,STU00178,ENT0006,OBSERVATION,,2,2024-01-14,2024-01-13,Karim Mansouri,14.49,TERMINE
STG00159,STU00180,ENT0008,OBSERVATION,,2,2024-01-14,2024-01-13,Mohamed Tazi,15.23,TERMINE
STG00160,STU00182,ENT0011,OBSERVATION,,2,2024-01-14,2024-01-13,Yasmine Benali,16.44,TERMINE
STG00161,STU00183,ENT0014,OBSERVATION,,2,2024-01-14,2024-01-13,Fatima Fassi,17.57,TERMINE
STG00162,STU00184,ENT0001,OBSERVATION,,2,2024-01-14,2024-01-13,Ali Tazi,15.71,TERMINE
STG00163,STU00185,ENT0017,OBSERVATION,,2,2024-01-14,2024-01-13,Youssef Tazi,16.78,TERMINE
STG00164,STU00186,ENT0003,OBSERVATION,,2,2024-01-14,2024-01-13,Ahmed Fassi,14.14,TERMINE
STG00165,STU00187,ENT0005,OBSERVATION,,2,2024-01-14,2024-01-13,Karim Benali,17.62,TERMINE
STG00166,STU00188,ENT0012,OBSERVATION,,2,2024-01-14,2024-01-13,Fatima Idrissi,17.86,TERMINE
STG00167,STU00190,ENT0010,OBSERVATION,,2,2024-01-14,2024-01-13,Salma Alami,17.07,TERMINE
STG00168,STU00191,ENT0012,OBSERVATION,,2,2024-01-14,2024-01-13,Yasmine Chakir,16.15,TERMINE
STG00169,STU00192,ENT0007,OBSERVATION,,2,2024-01-14,2024-01-13,Fatima Alami,14.69,TERMINE
STG00170,STU00194,ENT0001,OBSERVATION,,2,2024-01-14,2024-01-13,Amina Rami,14.71,TERMINE
STG00171,STU00196,ENT0020,OBSERVATION,,2,2024-01-14,2024-01-13,Ahmed El Amrani,14.53,TERMINE
STG00172,STU00197,ENT0016,OBSERVATION,,2,2024-01-14,2024-01-13,Youssef El Amrani,15.6,TERMINE
STG00173,STU00198,ENT0013,OBSERVATION,,2,2024-01-14,2024-01-13,Aisha Naciri,17.8,TERMINE
STG00174,STU00199,ENT0003,OBSERVATION,,2,2024-01-14,2024-01-13,Nour Rami,14.56,TERMINE
STG00175,STU00200,ENT0014,OBSERVATION,,2,2024-01-14,2024-01-13,Nour Alami,17.13,TERMINE
STG00176,STU00201,ENT0014,OBSERVATION,,2,2024-01-14,2024-01-13,Salma Mansouri,14.04,TERMINE
STG00177,STU00202,ENT0008,OBSERVATION,,2,2024-01-14,2024-01-13,Khadija Chakir,17.81,TERMINE
STG00178,STU00203,ENT0013,OBSERVATION,,2,2024-01-14,2024-01-13,Aisha Naciri,16.53,TERMINE
STG00179,STU00204,ENT0002,OBSERVATION,,2,2024-01-14,2024-01-13,Khadija Idrissi,16.36,TERMINE
STG00180,STU00205,ENT0015,OBSERVATION,,2,2024-01-14,2024-01-13,Mehdi Berrada,15.99,TERMINE
STG00181,STU00206,ENT0019,OBSERVATION,,2,2024-01-14,2024-01-13,Hassan Alami,14.47,TERMINE
STG00182,STU00207,ENT0009,OBSERVATION,,2,2024-01-14,2024-01-13,Karim Fassi,16.86,TERMINE
STG00183,STU00208,ENT0015,OBSERVATION,,2,2024-01-14,2024-01-13,Fatima Sabri,15.13,TERMINE
STG00184,STU00209,ENT0008,OBSERVATION,,2,2024-01-14,2024-01-13,Amina Sabri,16.1,TERMINE
STG00185,STU00211,ENT0013,OBSERVATION,,2,2024-01-14,2024-01-13,Youssef Fassi,14.92,TERMINE
STG00186,STU00213,ENT0016,OBSERVATION,,2,2024-01-14,2024-01-13,Nour Chakir,17.87,TERMINE
STG00187,STU00214,ENT0008,OBSERVATION,,2,2024-01-14,2024-01-13,Nour Alami,16.6,TERMINE
STG00188,STU00215,ENT0019,OBSERVATION,,2,2024-01-14,2024-01-13,Ahmed Benali,15.13,TERMINE
STG00189,STU00216,ENT0019,OBSERVATION,,2,2024-01-14,2024-01-13,Mehdi Fassi,17.88,TERMINE
STG00190,STU00217,ENT0001,OBSERVATION,,2,2024-01-14,2024-01-13,Ahmed Chakir,17.8,TERMINE
STG00191,STU00218,ENT0001,OBSERVATION,,2,2024-01-14,2024-01-13,Fatima Berrada,16.88,TERMINE
STG00192,STU00220,ENT0014,OBSERVATION,,2,2024-01-14,2024-01-13,Nour Fassi,15.51,TERMINE
STG00193,STU00221,ENT0018,OBSERVATION,,2,2024-01-14,2024-01-13,Amina Benjelloun,14.74,TERMINE
STG00194,STU00222,ENT0016,OBSERVATION,,2,2024-01-14,2024-01-13,Aisha Alami,16.49,TERMINE
STG00195,STU00223,ENT0015,OBSERVATION,,2,2024-01-14,2024-01-13,Omar Berrada,16.5,TERMINE
STG00196,STU00224,ENT0010,OBSERVATION,,2,2024-01-14,2024-01-13,Amina Benjelloun,16.64,TERMINE
STG00197,STU00225,ENT0016,OBSERVATION,,2,2024-01-14,2024-01-13,Hassan Fassi,14.74,TERMINE
STG00198,STU00226,ENT0012,OBSERVATION,,2,2024-01-14,2024-01-13,Mohamed Mansouri,14.59,TERMINE
STG00199,STU00229,ENT0006,OBSERVATION,,2,2024-01-14,2024-01-13,Salma Idrissi,14.03,TERMINE
STG00200,STU00230,ENT0016,OBSERVATION,,2,2024-01-14,2024-01-13,Nour Chakir,15.46,TERMINE
STG00201,STU00231,ENT0010,OBSERVATION,,2,2024-01-14,2024-01-13,Mohamed Benjelloun,15.34,TERMINE
STG00202,STU00232,ENT0005,OBSERVATION,,2,2024-01-14,2024-01-13,Mehdi Tazi,16.11,TERMINE
STG00203,STU00233,ENT0007,OBSERVATION,,2,2024-01-14,2024-01-13,Karim Alami,14.87,TERMINE
STG00204,STU00234,ENT0017,OBSERVATION,,2,2024-01-14,2024-01-13,Mehdi Idrissi,17.8,TERMINE
STG00205,STU00235,ENT0011,OBSERVATION,,2,2024-01-14,2024-01-13,Hassan Alami,15.08,TERMINE
STG00206,STU00237,ENT0010,OBSERVATION,,2,2024-01-14,2024-01-13,Khadija Benjelloun,17.91,TERMINE
STG00207,STU00238,ENT0015,OBSERVATION,,2,2024-01-14,2024-01-13,Hassan Tazi,16.08,TERMINE
STG00208,STU00239,ENT0020,OBSERVATION,,2,2024-01-14,2024-01-13,Fatima Fassi,17.52,TERMINE
STG00209,STU00240,ENT0003,OBSERVATION,,2,2024-01-14,2024-01-13,Yasmine Alami,17.06,TERMINE
STG00210,STU00241,ENT0009,OBSERVATION,,2,2024-01-14,2024-01-13,Fatima Benali,14.85,TERMINE
STG00211,STU00242,ENT0001,OBSERVATION,,2,2024-01-14,2024-01-13,Ahmed Alami,17.09,TERMINE
STG00212,STU00243,ENT0009,OBSERVATION,,2,2024-01-14,2024-01-13,Ali Naciri,16.53,TERMINE
STG00213,STU00244,ENT0011,OBSERVATION,,2,2024-01-14,2024-01-13,Youssef Rami,14.27,TERMINE
STG00214,STU00245,ENT0010,OBSERVATION,,2,2024-01-14,2024-01-13,Mehdi Sabri,17.38,TERMINE
STG00215,STU00247,ENT0015,OBSERVATION,,2,2024-01-14,2024-01-13,Omar Berrada,16.45,TERMINE
STG00216,STU00248,ENT0009,OBSERVATION,,2,2024-01-14,2024-01-13,Ali Benjelloun,15.98,TERMINE
STG00217,STU00249,ENT0016,OBSERVATION,,2,2024-01-14,2024-01-13,Yasmine Benali,15.97,TERMINE
STG00218,STU00250,ENT0020,OBSERVATION,,2,2024-01-14,2024-01-13,Karim Berrada,14.57,TERMINE
STG00219,STU00251,ENT0007,OBSERVATION,,2,2024-01-14,2024-01-13,Ahmed Rami,15.07,TERMINE
STG00220,STU00252,ENT0019,OBSERVATION,,2,2024-01-14,2024-01-13,Karim Sabri,15.5,TERMINE
STG00221,STU00254,ENT0011,OBSERVATION,,2,2024-01-14,2024-01-13,Ahmed Mansouri,14.72,TERMINE
STG00222,STU00255,ENT0013,OBSERVATION,,2,2024-01-14,2024-01-13,Amina Alami,16.95,TERMINE
STG00223,STU00256,ENT0007,OBSERVATION,,2,2024-01-14,2024-01-13,Karim Naciri,14.79,TERMINE
STG00224,STU00257,ENT0017,OBSERVATION,,2,2024-01-14,2024-01-13,Amina Chakir,17.65,TERMINE
STG00225,STU00258,ENT0019,OBSERVATION,,2,2024-01-14,2024-01-13,Aisha Benjelloun,15.23,TERMINE
STG00226,STU00259,ENT0005,OBSERVATION,,2,2024-01-14,2024-01-13,Aisha Benjelloun,17.32,TERMINE
STG00227,STU00260,ENT0016,OBSERVATION,,2,2024-01-14,2024-01-13,Khadija Berrada,16.65,TERMINE
STG00228,STU00261,ENT0015,OBSERVATION,,2,2024-01-14,2024-01-13,Amina Rami,15.11,TERMINE
STG00229,STU00262,ENT0010,OBSERVATION,,2,2024-01-14,2024-01-13,Aisha Chakir,15.5,TERMINE
STG00230,STU00263,ENT0017,OBSERVATION,,2,2024-01-14,2024-01-13,Mohamed Chakir,17.03,TERMINE
STG00231,STU00265,ENT0013,OBSERVATION,,2,2024-01-14,2024-01-13,Ali Mansouri,14.58,TERMINE
STG00232,STU00266,ENT0019,OBSERVATION,,2,2024-01-14,2024-01-13,Mohamed Benjelloun,15.84,TERMINE
STG00233,STU00268,ENT0010,OBSERVATION,,2,2024-01-14,2024-01-13,Fatima Benali,16.39,TERMINE
STG00234,STU00269,ENT0009,OBSERVATION,,2,2024-01-14,2024-01-13,Karim Idrissi,15.21,TERMINE
STG00235,STU00270,ENT0002,OBSERVATION,,2,2024-01-14,2024-01-13,Youssef El Amrani,16.61,TERMINE
STG00236,STU00271,ENT0019,OBSERVATION,,2,2024-01-14,2024-01-13,Salma Sabri,17.53,TERMINE
STG00237,STU00272,ENT0014,OBSERVATION,,2,2024-01-14,2024-01-13,Omar Rami,14.37,TERMINE
STG00238,STU00273,ENT0007,OBSERVATION,,2,2024-01-14,2024-01-13,Nour Berrada,16.41,TERMINE
STG00239,STU00274,ENT0019,OBSERVATION,,2,2024-01-14,2024-01-13,Salma Rami,15.93,TERMINE
STG00240,STU00275,ENT0013,OBSERVATION,,2,2024-01-14,2024-01-13,Yasmine Alami,16.88,TERMINE
STG00241,STU00276,ENT0001,OBSERVATION,,2,2024-01-14,2024-01-13,Youssef El Amrani,15.6,TERMINE
STG00242,STU00277,ENT0001,OBSERVATION,,2,2024-01-14,2024-01-13,Karim Chakir,14.42,TERMINE
STG00243,STU00278,ENT0010,OBSERVATION,,2,2024-01-14,2024-01-13,Mehdi Tazi,15.03,TERMINE
STG00244,STU00280,ENT0004,OBSERVATION,,2,2024-01-14,2024-01-13,Ali Mansouri,17.72,TERMINE
STG00245,STU00281,ENT0018,OBSERVATION,,2,2024-01-14,2024-01-13,Aisha Benali,16.91,TERMINE
STG00246,STU00282,ENT0004,OBSERVATION,,2,2024-01-14,2024-01-13,Karim Naciri,15.09,TERMINE
STG00247,STU00283,ENT0014,OBSERVATION,,2,2024-01-14,2024-01-13,Karim Berrada,17.21,TERMINE
STG00248,STU00284,ENT0010,OBSERVATION,,2,2024-01-14,2024-01-13,Salma El Amrani,17.02,TERMINE
STG00249,STU00285,ENT0002,OBSERVATION,,2,2024-01-14,2024-01-13,Salma Benali,15.37,TERMINE
STG00250,STU00286,ENT0003,OBSERVATION,,2,2024-01-14,2024-01-13,Karim Rami,16.13,TERMINE
STG00251,STU00287,ENT0005,OBSERVATION,,2,2024-01-14,2024-01-13,Khadija Mansouri,15.79,TERMINE
STG00252,STU00288,ENT0017,OBSERVATION,,2,2024-01-14,2024-01-13,Salma Chakir,17.15,TERMINE
STG00253,STU00289,ENT0012,OBSERVATION,,2,2024-01-14,2024-01-13,Omar Sabri,17.76,TERMINE
STG00254,STU00290,ENT0020,OBSERVATION,,2,2024-01-14,2024-01-13,Karim Idrissi,15.79,TERMINE
STG00255,STU00293,ENT0002,OBSERVATION,,2,2024-01-14,2024-01-13,Youssef Idrissi,17.44,TERMINE
STG00256,STU00294,ENT0013,OBSERVATION,,2,2024-01-14,2024-01-13,Aisha Chakir,16.6,TERMINE
STG00257,STU00295,ENT0008,OBSERVATION,,2,2024-01-14,2024-01-13,Youssef Benjelloun,15.8,TERMINE
STG00258,STU00296,ENT0015,OBSERVATION,,2,2024-01-14,2024-01-13,Mehdi Tazi,17.57,TERMINE
STG00259,STU00297,ENT0004,OBSERVATION,,2,2024-01-14,2024-01-13,Ali Chakir,16.92,TERMINE
STG00260,STU00298,ENT0001,OBSERVATION,,2,2024-01-14,2024-01-13,Mohamed Benjelloun,17.26,TERMINE
STG00261,STU00299,ENT0015,OBSERVATION,,2,2024-01-14,2024-01-13,Youssef Chakir,15.52,TERMINE
STG00262,STU00301,ENT0006,OBSERVATION,,2,2024-01-14,2024-01-13,Hassan Tazi,17.89,TERMINE
STG00263,STU00303,ENT0006,OBSERVATION,,2,2024-01-14,2024-01-13,Ahmed Chakir,17.55,TERMINE
STG00264,STU00304,ENT0015,OBSERVATION,,2,2024-01-14,2024-01-13,Aisha Benjelloun,17.46,TERMINE
STG00265,STU00305,ENT0011,OBSERVATION,,2,2024-01-14,2024-01-13,Youssef Alami,15.4,TERMINE
STG00266,STU00307,ENT0020,OBSERVATION,,2,2024-01-14,2024-01-13,Karim Idrissi,16.38,TERMINE
STG00267,STU00308,ENT0013,OBSERVATION,,2,2024-01-14,2024-01-13,Khadija Benali,14.92,TERMINE
STG00268,STU00309,ENT0016,OBSERVATION,,2,2024-01-14,2024-01-13,Khadija Naciri,17.82,TERMINE
STG00269,STU00310,ENT0001,OBSERVATION,,2,2024-01-14,2024-01-13,Nour Naciri,17.91,TERMINE
STG00270,STU00311,ENT0018,OBSERVATION,,2,2024-01-14,2024-01-13,Aisha Rami,15.9,TERMINE
STG00271,STU00312,ENT0005,OBSERVATION,,2,2024-01-14,2024-01-13,Mohamed Alami,15.33,TERMINE
STG00272,STU00313,ENT0005,OBSERVATION,,2,2024-01-14,2024-01-13,Mohamed El Amrani,14.04,TERMINE
STG00273,STU00314,ENT0002,OBSERVATION,,2,2024-01-14,2024-01-13,Amina Rami,14.58,TERMINE
STG00274,STU00317,ENT0017,OBSERVATION,,2,2024-01-14,2024-01-13,Salma Naciri,14.24,TERMINE
STG00275,STU00318,ENT0019,OBSERVATION,,2,2024-01-14,2024-01-13,Omar Idrissi,16.58,TERMINE
STG00276,STU00319,ENT0001,OBSERVATION,,2,2024-01-14,2024-01-13,Yasmine Fassi,16.56,TERMINE
STG00277,STU00320,ENT0010,OBSERVATION,,2,2024-01-14,2024-01-13,Mohamed Benali,15.46,TERMINE
STG00278,STU00321,ENT0002,OBSERVATION,,2,2024-01-14,2024-01-13,Khadija Berrada,17.59,TERMINE
STG00279,STU00322,ENT0009,OBSERVATION,,2,2024-01-14,2024-01-13,Ali Sabri,16.46,TERMINE
STG00280,STU00325,ENT0018,OBSERVATION,,2,2024-01-14,2024-01-13,Mohamed Idrissi,16.5,TERMINE
STG00281,STU00326,ENT0013,OBSERVATION,,2,2024-01-14,2024-01-13,Karim Mansouri,16.29,TERMINE
STG00282,STU00327,ENT0020,OBSERVATION,,2,2024-01-14,2024-01-13,Nour Fassi,16.42,TERMINE
STG00283,STU00328,ENT0020,OBSERVATION,,2,2024-01-14,2024-01-13,Ahmed Rami,17.01,TERMINE
STG00284,STU00329,ENT0012,OBSERVATION,,2,2024-01-14,2024-01-13,Omar Idrissi,16.99,TERMINE
STG00285,STU00331,ENT0010,OBSERVATION,,2,2024-01-14,2024-01-13,Yasmine Fassi,14.45,TERMINE
STG00286,STU00333,ENT0009,OBSERVATION,,2,2024-01-14,2024-01-13,Mohamed Benali,16.71,TERMINE
STG00287,STU00334,ENT0010,OBSERVATION,,2,2024-01-14,2024-01-13,Youssef Tazi,14.06,TERMINE
STG00288,STU00335,ENT0003,OBSERVATION,,2,2024-01-14,2024-01-13,Aisha El Amrani,15.45,TERMINE
STG00289,STU00336,ENT0004,OBSERVATION,,2,2024-01-14,2024-01-13,Yasmine Naciri,16.72,TERMINE
STG00290,STU00337,ENT0017,OBSERVATION,,2,2024-01-14,2024-01-13,Mohamed Benjelloun,16.93,TERMINE
STG00291,STU00338,ENT0003,OBSERVATION,,2,2024-01-14,2024-01-13,Yasmine Benali,14.77,TERMINE
STG00292,STU00339,ENT0017,OBSERVATION,,2,2024-01-14,2024-01-13,Yasmine Benjelloun,17.23,TERMINE
STG00293,STU00340,ENT0004,OBSERVATION,,2,2024-01-14,2024-01-13,Amina Idrissi,14.3,TERMINE
STG00294,STU00341,ENT0003,OBSERVATION,,2,2024-01-14,2024-01-13,Omar Benali,16.03,TERMINE
STG00295,STU00342,ENT0019,OBSERVATION,,2,2024-01-14,2024-01-13,Nour Berrada,17.9,TERMINE
STG00296,STU00343,ENT0013,OBSERVATION,,2,2024-01-14,2024-01-13,Mehdi Rami,14.01,TERMINE
STG00297,STU00345,ENT0012,OBSERVATION,,2,2024-01-14,2024-01-13,Mohamed Fassi,16.46,TERMINE
STG00298,STU00346,ENT0005,OBSERVATION,,2,2024-01-14,2024-01-13,Amina El Amrani,17.26,TERMINE
STG00299,STU00348,ENT0010,OBSERVATION,,2,2024-01-14,2024-01-13,Hassan Idrissi,14.93,TERMINE
STG00300,STU00349,ENT0006,OBSERVATION,,2,2024-01-14,2024-01-13,Yasmine Mansouri,15.74,TERMINE
STG00301,STU00351,ENT0012,OBSERVATION,,2,2024-01-14,2024-01-13,Omar Benjelloun,14.77,TERMINE
STG00302,STU00352,ENT0011,OBSERVATION,,2,2024-01-14,2024-01-13,Hassan Berrada,16.62,TERMINE
STG00303,STU00354,ENT0008,OBSERVATION,,2,2024-01-14,2024-01-13,Fatima Benjelloun,17.05,TERMINE
STG00304,STU00355,ENT0014,OBSERVATION,,2,2024-01-14,2024-01-13,Amina Chakir,17.18,TERMINE
STG00305,STU00356,ENT0002,OBSERVATION,,2,2024-01-14,2024-01-13,Youssef Benjelloun,14.5,TERMINE
STG00306,STU00357,ENT0012,OBSERVATION,,2,2024-01-14,2024-01-13,Omar Sabri,15.83,TERMINE
STG00307,STU00358,ENT0009,OBSERVATION,,2,2024-01-14,2024-01-13,Salma Tazi,15.09,TERMINE
STG00308,STU00359,ENT0014,OBSERVATION,,2,2024-01-14,2024-01-13,Omar Alami,15.37,TERMINE
STG00309,STU00360,ENT0005,OBSERVATION,,2,2024-01-14,2024-01-13,Ahmed Mansouri,16.61,TERMINE
STG00310,STU00361,ENT0019,OBSERVATION,,2,2024-01-14,2024-01-13,Youssef Benali,16.31,TERMINE
STG00311,STU00362,ENT0005,OBSERVATION,,2,2024-01-14,2024-01-13,Hassan Idrissi,15.54,TERMINE
STG00312,STU00363,ENT0013,OBSERVATION,,2,2024-01-14,2024-01-13,Hassan El Amrani,17.15,TERMINE
STG00313,STU00364,ENT0003,OBSERVATION,,2,2024-01-14,2024-01-13,Fatima Alami,15.81,TERMINE
STG00314,STU00365,ENT0006,OBSERVATION,,2,2024-01-14,2024-01-13,Aisha Mansouri,17.75,TERMINE
STG00315,STU00366,ENT0009,OBSERVATION,,2,2024-01-14,2024-01-13,Nour Chakir,14.13,TERMINE
STG00316,STU00367,ENT0004,OBSERVATION,,2,2024-01-14,2024-01-13,Ahmed Rami,16.63,TERMINE
STG00317,STU00368,ENT0007,OBSERVATION,,2,2024-01-14,2024-01-13,Karim Idrissi,15.56,TERMINE
STG00318,STU00370,ENT0017,OBSERVATION,,2,2024-01-14,2024-01-13,Yasmine Benjelloun,16.16,TERMINE
STG00319,STU00372,ENT0004,OBSERVATION,,2,2024-01-14,2024-01-13,Nour Sabri,17.19,TERMINE
STG00320,STU00373,ENT0016,OBSERVATION,,2,2024-01-14,2024-01-13,Karim Chakir,14.75,TERMINE
STG00321,STU00374,ENT0011,OBSERVATION,,2,2024-01-14,2024-01-13,Fatima Sabri,15.72,TERMINE
STG00322,STU00375,ENT0005,OBSERVATION,,2,2024-01-14,2024-01-13,Nour Tazi,16.8,TERMINE
STG00323,STU00376,ENT0006,OBSERVATION,,2,2024-01-14,2024-01-13,Omar Mansouri,15.32,TERMINE
STG00324,STU00377,ENT0007,OBSERVATION,,2,2024-01-14,2024-01-13,Mohamed Rami,15.2,TERMINE
STG00325,STU00378,ENT0016,OBSERVATION,,2,2024-01-14,2024-01-13,Mohamed Berrada,16.4,TERMINE
STG00326,STU00379,ENT0013,OBSERVATION,,2,2024-01-14,2024-01-13,Ali Chakir,14.1,TERMINE
STG00327,STU00380,ENT0009,OBSERVATION,,2,2024-01-14,2024-01-13,Nour Benali,17.72,TERMINE
STG00328,STU00381,ENT0020,OBSERVATION,,2,2024-01-14,2024-01-13,Nour Chakir,17.63,TERMINE
STG00329,STU00384,ENT0014,OBSERVATION,,2,2024-01-14,2024-01-13,Ali Benjelloun,15.29,TERMINE
STG00330,STU00385,ENT0004,OBSERVATION,,2,2024-01-14,2024-01-13,Youssef Berrada,14.68,TERMINE
STG00331,STU00386,ENT0008,OBSERVATION,,2,2024-01-14,2024-01-13,Aisha Tazi,14.23,TERMINE
STG00332,STU00387,ENT0013,OBSERVATION,,2,2024-01-14,2024-01-13,Yasmine Rami,14.87,TERMINE
STG00333,STU00388,ENT0018,OBSERVATION,,2,2024-01-14,2024-01-13,Aisha Berrada,17.93,TERMINE
STG00334,STU00389,ENT0007,OBSERVATION,,2,2024-01-14,2024-01-13,Khadija Benali,16.69,TERMINE
STG00335,STU00390,ENT0011,OBSERVATION,,2,2024-01-14,2024-01-13,Khadija Benali,16.51,TERMINE
STG00336,STU00391,ENT0007,OBSERVATION,,2,2024-01-14,2024-01-13,Aisha Benali,16.56,TERMINE
STG00337,STU00392,ENT0016,OBSERVATION,,2,2024-01-14,2024-01-13,Aisha Naciri,16.42,TERMINE
STG00338,STU00394,ENT0018,OBSERVATION,,2,2024-01-14,2024-01-13,Khadija Benjelloun,17.91,TERMINE
STG00339,STU00395,ENT0005,OBSERVATION,,2,2024-01-14,2024-01-13,Amina Fassi,16.98,TERMINE
STG00340,STU00396,ENT0004,OBSERVATION,,2,2024-01-14,2024-01-13,Amina Benjelloun,14.11,TERMINE
STG00341,STU00397,ENT0008,OBSERVATION,,2,2024-01-14,2024-01-13,Youssef Alami,14.43,TERMINE
STG00342,STU00398,ENT0020,OBSERVATION,,2,2024-01-14,2024-01-13,Amina Benjelloun,15.73,TERMINE
STG00343,STU00399,ENT0020,OBSERVATION,,2,2024-01-14,2024-01-13,Mehdi Berrada,16.04,TERMINE
STG00344,STU00400,ENT0009,OBSERVATION,,2,2024-01-14,2024-01-13,Khadija Idrissi,17.84,TERMINE
STG00345,STU00401,ENT0004,OBSERVATION,,2,2024-01-14,2024-01-13,Ahmed Fassi,16.99,TERMINE
STG00346,STU00402,ENT0003,OBSERVATION,,2,2024-01-14,2024-01-13,Youssef Chakir,17.58,TERMINE
STG00347,STU00403,ENT0017,OBSERVATION,,2,2024-01-14,2024-01-13,Salma Fassi,17.48,TERMINE
STG00348,STU00404,ENT0009,OBSERVATION,,2,2024-01-14,2024-01-13,Hassan Tazi,17.04,TERMINE
STG00349,STU00405,ENT0014,OBSERVATION,,2,2024-01-14,2024-01-13,Mehdi Rami,16.73,TERMINE
STG00350,STU00406,ENT0015,OBSERVATION,,2,2024-01-14,2024-01-13,Yasmine Benjelloun,15.52,TERMINE
STG00351,STU00407,ENT0014,OBSERVATION,,2,2024-01-14,2024-01-13,Nour Fassi,16.16,TERMINE
STG00352,STU00408,ENT0002,OBSERVATION,,2,2024-01-14,2024-01-13,Yasmine Tazi,14.84,TERMINE
STG00353,STU00409,ENT0016,OBSERVATION,,2,2024-01-14,2024-01-13,Karim Tazi,17.82,TERMINE
STG00354,STU00410,ENT0015,OBSERVATION,,2,2024-01-14,2024-01-13,Aisha Sabri,16.22,TERMINE
STG00355,STU00411,ENT0007,OBSERVATION,,2,2024-01-14,2024-01-13,Amina Naciri,17.75,TERMINE
STG00356,STU00412,ENT0007,OBSERVATION,,2,2024-01-14,2024-01-13,Fatima Naciri,16.28,TERMINE
STG00357,STU00413,ENT0016,OBSERVATION,,2,2024-01-14,2024-01-13,Salma Rami,15.01,TERMINE
STG00358,STU00414,ENT0009,OBSERVATION,,2,2024-01-14,2024-01-13,Mehdi Naciri,17.33,TERMINE
STG00359,STU00416,ENT0003,OBSERVATION,,2,2024-01-14,2024-01-13,Aisha Sabri,14.58,TERMINE
STG00360,STU00417,ENT0013,OBSERVATION,,2,2024-01-14,2024-01-13,Youssef Naciri,15.71,TERMINE
STG00361,STU00418,ENT0010,OBSERVATION,,2,2024-01-14,2024-01-13,Karim Chakir,16.64,TERMINE
STG00362,STU00419,ENT0013,OBSERVATION,,2,2024-01-14,2024-01-13,Hassan Fassi,14.04,TERMINE
STG00363,STU00420,ENT0010,OBSERVATION,,2,2024-01-14,2024-01-13,Khadija Benjelloun,14.44,TERMINE
STG00364,STU00422,ENT0012,OBSERVATION,,2,2024-01-14,2024-01-13,Youssef Mansouri,17.54,TERMINE
STG00365,STU00423,ENT0002,OBSERVATION,,2,2024-01-14,2024-01-13,Aisha Naciri,17.14,TERMINE
STG00366,STU00424,ENT0014,OBSERVATION,,2,2024-01-14,2024-01-13,Karim Mansouri,17.39,TERMINE
STG00367,STU00425,ENT0013,OBSERVATION,,2,2024-01-14,2024-01-13,Ali Idrissi,15.58,TERMINE
STG00368,STU00426,ENT0012,OBSERVATION,,2,2024-01-14,2024-01-13,Hassan Naciri,16.73,TERMINE
STG00369,STU00428,ENT0020,OBSERVATION,,2,2024-01-14,2024-01-13,Karim Idrissi,16.11,TERMINE
STG00370,STU00429,ENT0016,OBSERVATION,,2,2024-01-14,2024-01-13,Karim El Amrani,14.97,TERMINE
STG00371,STU00430,ENT0014,OBSERVATION,,2,2024-01-14,2024-01-13,Aisha Rami,15.38,TERMINE
STG00372,STU00431,ENT0009,OBSERVATION,,2,2024-01-14,2024-01-13,Nour Alami,17.8,TERMINE
STG00373,STU00432,ENT0004,OBSERVATION,,2,2024-01-14,2024-01-13,Omar Alami,17.51,TERMINE
STG00374,STU00433,ENT0016,OBSERVATION,,2,2024-01-14,2024-01-13,Amina Tazi,16.4,TERMINE
STG00375,STU00434,ENT0007,OBSERVATION,,2,2024-01-14,2024-01-13,Amina Benjelloun,16.58,TERMINE
STG00376,STU00436,ENT0011,OBSERVATION,,2,2024-01-14,2024-01-13,Khadija Idrissi,15.2,TERMINE
STG00377,STU00437,ENT0019,OBSERVATION,,2,2024-01-14,2024-01-13,Nour Alami,17.45,TERMINE
STG00378,STU00439,ENT0016,OBSERVATION,,2,2024-01-14,2024-01-13,Omar Chakir,15.7,TERMINE
STG00379,STU00440,ENT0011,OBSERVATION,,2,2024-01-14,2024-01-13,Ahmed Benjelloun,14.74,TERMINE
STG00380,STU00441,ENT0017,OBSERVATION,,2,2024-01-14,2024-01-13,Hassan El Amrani,17.29,TERMINE
STG00381,STU00442,ENT0009,OBSERVATION,,2,2024-01-14,2024-01-13,Youssef Alami,14.28,TERMINE
STG00382,STU00443,ENT0017,OBSERVATION,,2,2024-01-14,2024-01-13,Ahmed Benali,15.33,TERMINE
STG00383,STU00444,ENT0009,OBSERVATION,,2,2024-01-14,2024-01-13,Yasmine Rami,17.0,TERMINE
STG00384,STU00445,ENT0010,OBSERVATION,,2,2024-01-14,2024-01-13,Mohamed Chakir,17.3,TERMINE
STG00385,STU00446,ENT0016,OBSERVATION,,2,2024-01-14,2024-01-13,Yasmine Idrissi,15.2,TERMINE
STG00386,STU00447,ENT0015,OBSERVATION,,2,2024-01-14,2024-01-13,Ahmed El Amrani,14.29,TERMINE
STG00387,STU00449,ENT0020,OBSERVATION,,2,2024-01-14,2024-01-13,Youssef Rami,16.65,TERMINE
STG00388,STU00451,ENT0014,OBSERVATION,,2,2024-01-14,2024-01-13,Fatima Tazi,14.02,TERMINE
STG00389,STU00452,ENT0019,OBSERVATION,,2,2024-01-14,2024-01-13,Nour Benjelloun,17.44,TERMINE
STG00390,STU00454,ENT0009,OBSERVATION,,2,2024-01-14,2024-01-13,Mehdi Alami,16.81,TERMINE
STG00391,STU00455,ENT0020,OBSERVATION,,2,2024-01-14,2024-01-13,Youssef Berrada,14.25,TERMINE
STG00392,STU00456,ENT0007,OBSERVATION,,2,2024-01-14,2024-01-13,Khadija Benjelloun,16.15,TERMINE
STG00393,STU00457,ENT0014,OBSERVATION,,2,2024-01-14,2024-01-13,Mohamed Benjelloun,17.96,TERMINE
STG00394,STU00458,ENT0019,OBSERVATION,,2,2024-01-14,2024-01-13,Mohamed Fassi,14.74,TERMINE
STG00395,STU00459,ENT0003,OBSERVATION,,2,2024-01-14,2024-01-13,Mehdi Fassi,17.02,TERMINE
STG00396,STU00460,ENT0016,OBSERVATION,,2,2024-01-14,2024-01-13,Ali Chakir,15.35,TERMINE
STG00397,STU00461,ENT0007,OBSERVATION,,2,2024-01-14,2024-01-13,Amina Mansouri,14.2,TERMINE
STG00398,STU00462,ENT0014,OBSERVATION,,2,2024-01-14,2024-01-13,Mohamed Sabri,14.14,TERMINE
STG00399,STU00464,ENT0002,OBSERVATION,,2,2024-01-14,2024-01-13,Omar Sabri,14.62,TERMINE
STG00400,STU00465,ENT0008,OBSERVATION,,2,2024-01-14,2024-01-13,Aisha Rami,14.31,TERMINE
STG00401,STU00466,ENT0004,OBSERVATION,,2,2024-01-14,2024-01-13,Mehdi Idrissi,17.57,TERMINE
STG00402,STU00467,ENT0009,OBSERVATION,,2,2024-01-14,2024-01-13,Karim Idrissi,17.53,TERMINE
STG00403,STU00468,ENT0002,OBSERVATION,,2,2024-01-14,2024-01-13,Ahmed Rami,14.7,TERMINE
STG00404,STU00470,ENT0011,OBSERVATION,,2,2024-01-14,2024-01-13,Ali El Amrani,17.42,TERMINE
STG00405,STU00472,ENT0016,OBSERVATION,,2,2024-01-14,2024-01-13,Khadija Benali,16.55,TERMINE
STG00406,STU00473,ENT0015,OBSERVATION,,2,2024-01-14,2024-01-13,Aisha Chakir,14.35,TERMINE
STG00407,STU00474,ENT0018,OBSERVATION,,2,2024-01-14,2024-01-13,Omar Alami,14.49,TERMINE
STG00408,STU00475,ENT0015,OBSERVATION,,2,2024-01-14,2024-01-13,Fatima Benjelloun,16.15,TERMINE
STG00409,STU00478,ENT0014,OBSERVATION,,2,2024-01-14,2024-01-13,Omar Benali,17.63,TERMINE
STG00410,STU00479,ENT0001,OBSERVATION,,2,2024-01-14,2024-01-13,Amina Benali,14.12,TERMINE
STG00411,STU00480,ENT0007,OBSERVATION,,2,2024-01-14,2024-01-13,Hassan Rami,15.37,TERMINE
STG00412,STU00481,ENT0001,OBSERVATION,,2,2024-01-14,2024-01-13,Karim Idrissi,16.74,TERMINE
STG00413,STU00483,ENT0006,OBSERVATION,,2,2024-01-14,2024-01-13,Karim Rami,17.92,TERMINE
STG00414,STU00484,ENT0004,OBSERVATION,,2,2024-01-14,2024-01-13,Mohamed Tazi,15.54,TERMINE
STG00415,STU00485,ENT0018,OBSERVATION,,2,2024-01-14,2024-01-13,Yasmine Naciri,16.04,TERMINE
STG00416,STU00486,ENT0016,OBSERVATION,,2,2024-01-14,2024-01-13,Hassan Alami,15.75,TERMINE
STG00417,STU00487,ENT0006,OBSERVATION,,2,2024-01-14,2024-01-13,Aisha Sabri,16.09,TERMINE
STG00418,STU00489,ENT0013,OBSERVATION,,2,2024-01-14,2024-01-13,Fatima Rami,17.72,TERMINE
STG00419,STU00490,ENT0003,OBSERVATION,,2,2024-01-14,2024-01-13,Fatima El Amrani,15.34,TERMINE
STG00420,STU00491,ENT0010,OBSERVATION,,2,2024-01-14,2024-01-13,Amina Alami,14.16,TERMINE
STG00421,STU00492,ENT0011,OBSERVATION,,2,2024-01-14,2024-01-13,Ali Naciri,17.03,TERMINE
STG00422,STU00493,ENT0003,OBSERVATION,,2,2024-01-14,2024-01-13,Yasmine Tazi,15.68,TERMINE
STG00423,STU00494,ENT0004,OBSERVATION,,2,2024-01-14,2024-01-13,Mehdi El Amrani,17.57,TERMINE
STG00424,STU00495,ENT0013,OBSERVATION,,2,2024-01-14,2024-01-13,Omar Naciri,17.33,TERMINE
STG00425,STU00496,ENT0010,OBSERVATION,,2,2024-01-14,2024-01-13,Karim Berrada,17.28,TERMINE
STG00426,STU00497,ENT0008,OBSERVATION,,2,2024-01-14,2024-01-13,Yasmine Fassi,15.2,TERMINE
STG00427,STU00498,ENT0006,OBSERVATION,,2,2024-01-14,2024-01-13,Youssef Sabri,17.59,TERMINE
STG00428,STU00499,ENT0013,OBSERVATION,,2,2024-01-14,2024-01-13,Mehdi Naciri,16.86,TERMINE
STG00429,STU00500,ENT0017,OBSERVATION,,2,2024-01-14,2024-01-13,Fatima Benali,14.82,TERMINE
STG00430,STU00501,ENT0009,OBSERVATION,,2,2024-01-14,2024-01-13,Karim Mansouri,15.02,TERMINE
STG00431,STU00502,ENT0013,OBSERVATION,,2,2024-01-14,2024-01-13,Ali Fassi,15.38,TERMINE
STG00432,STU00503,ENT0002,OBSERVATION,,2,2024-01-14,2024-01-13,Ahmed Tazi,17.46,TERMINE
STG00433,STU00504,ENT0012,OBSERVATION,,2,2024-01-14,2024-01-13,Amina Rami,14.83,TERMINE
STG00434,STU00505,ENT0017,OBSERVATION,,2,2024-01-14,2024-01-13,Karim Alami,17.87,TERMINE
STG00435,STU00506,ENT0010,OBSERVATION,,2,2024-01-14,2024-01-13,Aisha Mansouri,14.63,TERMINE
STG00436,STU00507,ENT0018,OBSERVATION,,2,2024-01-14,2024-01-13,Aisha Benali,15.31,TERMINE
STG00437,STU00508,ENT0016,OBSERVATION,,2,2024-01-14,2024-01-13,Omar Rami,14.53,TERMINE
STG00438,STU00509,ENT0017,OBSERVATION,,2,2024-01-14,2024-01-13,Aisha Idrissi,15.5,TERMINE
STG00439,STU00510,ENT0014,OBSERVATION,,2,2024-01-14,2024-01-13,Khadija Naciri,17.49,TERMINE
STG00440,STU00511,ENT0005,OBSERVATION,,2,2024-01-14,2024-01-13,Aisha Benjelloun,14.3,TERMINE
STG00441,STU00512,ENT0007,OBSERVATION,,2,2024-01-14,2024-01-13,Youssef Tazi,15.98,TERMINE
STG00442,STU00513,ENT0017,OBSERVATION,,2,2024-01-14,2024-01-13,Salma Berrada,17.81,TERMINE
STG00443,STU00514,ENT0009,OBSERVATION,,2,2024-01-14,2024-01-13,Ahmed Berrada,17.77,TERMINE
STG00444,STU00516,ENT0018,OBSERVATION,,2,2024-01-14,2024-01-13,Yasmine Benjelloun,15.76,TERMINE
STG00445,STU00518,ENT0017,OBSERVATION,,2,2024-01-14,2024-01-13,Amina Alami,16.92,TERMINE
STG00446,STU00519,ENT0010,OBSERVATION,,2,2024-01-14,2024-01-13,Ali Rami,16.78,TERMINE
STG00447,STU00520,ENT0012,OBSERVATION,,2,2024-01-14,2024-01-13,Amina El Amrani,17.1,TERMINE
STG00448,STU00521,ENT0011,OBSERVATION,,2,2024-01-14,2024-01-13,Salma Fassi,15.89,TERMINE
STG00449,STU00522,ENT0009,OBSERVATION,,2,2024-01-14,2024-01-13,Youssef El Amrani,17.15,TERMINE
STG00450,STU00523,ENT0018,OBSERVATION,,2,2024-01-14,2024-01-13,Nour Benjelloun,16.19,TERMINE
STG00451,STU00524,ENT0002,OBSERVATION,,2,2024-01-14,2024-01-13,Youssef Sabri,15.18,TERMINE
STG00452,STU00525,ENT0005,OBSERVATION,,2,2024-01-14,2024-01-13,Youssef Chakir,16.18,TERMINE
STG00453,STU00526,ENT0010,OBSERVATION,,2,2024-01-14,2024-01-13,Karim Benjelloun,14.65,TERMINE
STG00454,STU00527,ENT0012,OBSERVATION,,2,2024-01-14,2024-01-13,Aisha Benjelloun,17.8,TERMINE
STG00455,STU00528,ENT0001,OBSERVATION,,2,2024-01-14,2024-01-13,Aisha El Amrani,16.49,TERMINE
STG00456,STU00529,ENT0005,OBSERVATION,,2,2024-01-14,2024-01-13,Mohamed Benali,15.8,TERMINE
STG00457,STU00531,ENT0010,OBSERVATION,,2,2024-01-14,2024-01-13,Mehdi Tazi,14.52,TERMINE
STG00458,STU00532,ENT0007,OBSERVATION,,2,2024-01-14,2024-01-13,Hassan Tazi,17.28,TERMINE
STG00459,STU00533,ENT0009,OBSERVATION,,2,2024-01-14,2024-01-13,Khadija Idrissi,15.23,TERMINE
STG00460,STU00535,ENT0013,OBSERVATION,,2,2024-01-14,2024-01-13,Aisha Benali,17.95,TERMINE
STG00461,STU00536,ENT0003,OBSERVATION,,2,2024-01-14,2024-01-13,Karim Benali,17.39,TERMINE
STG00462,STU00537,ENT0020,OBSERVATION,,2,2024-01-14,2024-01-13,Salma Fassi,14.7,TERMINE
STG00463,STU00538,ENT0010,OBSERVATION,,2,2024-01-14,2024-01-13,Omar Fassi,17.76,TERMINE
STG00464,STU00539,ENT0011,OBSERVATION,,2,2024-01-14,2024-01-13,Mehdi Mansouri,14.18,TERMINE
STG00465,STU00541,ENT0010,OBSERVATION,,2,2024-01-14,2024-01-13,Khadija Fassi,17.96,TERMINE
STG00466,STU00542,ENT0016,OBSERVATION,,2,2024-01-14,2024-01-13,Aisha Rami,14.02,TERMINE
STG00467,STU00544,ENT0004,OBSERVATION,,2,2024-01-14,2024-01-13,Mehdi Idrissi,14.6,TERMINE
STG00468,STU00545,ENT0009,OBSERVATION,,2,2024-01-14,2024-01-13,Nour Sabri,17.16,TERMINE
STG00469,STU00546,ENT0013,OBSERVATION,,2,2024-01-14,2024-01-13,Aisha Naciri,17.79,TERMINE
STG00470,STU00547,ENT0007,OBSERVATION,,2,2024-01-14,2024-01-13,Nour Mansouri,16.07,TERMINE
STG00471,STU00548,ENT0018,OBSERVATION,,2,2024-01-14,2024-01-13,Karim Berrada,14.52,TERMINE
STG00472,STU00551,ENT0019,OBSERVATION,,2,2024-01-14,2024-01-13,Ahmed Benjelloun,16.07,TERMINE
STG00473,STU00552,ENT0016,OBSERVATION,,2,2024-01-14,2024-01-13,Yasmine Alami,14.29,TERMINE
STG00474,STU00554,ENT0013,OBSERVATION,,2,2024-01-14,2024-01-13,Khadija Naciri,17.75,TERMINE
STG00475,STU00555,ENT0001,OBSERVATION,,2,2024-01-14,2024-01-13,Yasmine Tazi,16.79,TERMINE
STG00476,STU00556,ENT0013,OBSERVATION,,2,2024-01-14,2024-01-13,Hassan Mansouri,14.71,TERMINE
STG00477,STU00557,ENT0017,OBSERVATION,,2,2024-01-14,2024-01-13,Amina Fassi,15.66,TERMINE
STG00478,STU00558,ENT0001,OBSERVATION,,2,2024-01-14,2024-01-13,Karim Sabri,14.86,TERMINE
STG00479,STU00559,ENT0015,OBSERVATION,,2,2024-01-14,2024-01-13,Omar Berrada,16.61,TERMINE
STG00480,STU00560,ENT0008,OBSERVATION,,2,2024-01-14,2024-01-13,Ali Alami,17.44,TERMINE
STG00481,STU00561,ENT0011,OBSERVATION,,2,2024-01-14,2024-01-13,Omar Naciri,17.48,TERMINE
STG00482,STU00563,ENT0008,OBSERVATION,,2,2024-01-14,2024-01-13,Fatima El Amrani,16.87,TERMINE
STG00483,STU00564,ENT0019,OBSERVATION,,2,2024-01-14,2024-01-13,Mohamed Rami,15.48,TERMINE
STG00484,STU00565,ENT0005,OBSERVATION,,2,2024-01-14,2024-01-13,Ahmed Rami,14.41,TERMINE
STG00485,STU00566,ENT0003,OBSERVATION,,2,2024-01-14,2024-01-13,Yasmine Benjelloun,17.78,TERMINE
STG00486,STU00567,ENT0011,OBSERVATION,,2,2024-01-14,2024-01-13,Fatima Rami,16.14,TERMINE
STG00487,STU00568,ENT0019,OBSERVATION,,2,2024-01-14,2024-01-13,Ahmed Tazi,15.48,TERMINE
STG00488,STU00569,ENT0001,OBSERVATION,,2,2024-01-14,2024-01-13,Fatima Naciri,15.08,TERMINE
STG00489,STU00570,ENT0020,OBSERVATION,,2,2024-01-14,2024-01-13,Ahmed Rami,16.81,TERMINE
STG00490,STU00571,ENT0012,OBSERVATION,,2,2024-01-14,2024-01-13,Amina Benali,15.87,TERMINE
STG00491,STU00572,ENT0001,OBSERVATION,,2,2024-01-14,2024-01-13,Mehdi Benjelloun,16.42,TERMINE
STG00492,STU00574,ENT0020,OBSERVATION,,2,2024-01-14,2024-01-13,Karim El Amrani,14.63,TERMINE
STG00493,STU00575,ENT0001,OBSERVATION,,2,2024-01-14,2024-01-13,Yasmine Alami,16.92,TERMINE
STG00494,STU00577,ENT0013,OBSERVATION,,2,2024-01-14,2024-01-13,Aisha Berrada,15.64,TERMINE
STG00495,STU00579,ENT0008,OBSERVATION,,2,2024-01-14,2024-01-13,Mehdi Naciri,15.12,TERMINE
STG00496,STU00580,ENT0014,OBSERVATION,,2,2024-01-14,2024-01-13,Salma Benjelloun,16.68,TERMINE
STG00497,STU00581,ENT0014,OBSERVATION,,2,2024-01-14,2024-01-13,Aisha Chakir,17.96,TERMINE
STG00498,STU00582,ENT0005,OBSERVATION,,2,2024-01-14,2024-01-13,Aisha Berrada,16.87,TERMINE
STG00499,STU00583,ENT0004,OBSERVATION,,2,2024-01-14,2024-01-13,Ali Benjelloun,15.72,TERMINE
STG00500,STU00584,ENT0016,OBSERVATION,,2,2024-01-14,2024-01-13,Ahmed Benjelloun,14.27,TERMINE
STG00501,STU00585,ENT0009,OBSERVATION,,2,2024-01-14,2024-01-13,Mehdi Sabri,15.56,TERMINE
STG00502,STU00586,ENT0007,OBSERVATION,,2,2024-01-14,2024-01-13,Ali Benjelloun,14.08,TERMINE
STG00503,STU00587,ENT0020,OBSERVATION,,2,2024-01-14,2024-01-13,Nour Fassi,17.28,TERMINE
STG00504,STU00588,ENT0017,OBSERVATION,,2,2024-01-14,2024-01-13,Ahmed Rami,16.61,TERMINE
STG00505,STU00589,ENT0004,OBSERVATION,,2,2024-01-14,2024-01-13,Omar Mansouri,17.12,TERMINE
STG00506,STU00590,ENT0006,OBSERVATION,,2,2024-01-14,2024-01-13,Khadija Mansouri,16.84,TERMINE
STG00507,STU00591,ENT0008,OBSERVATION,,2,2024-01-14,2024-01-13,Ali El Amrani,17.92,TERMINE
STG00508,STU00592,ENT0017,OBSERVATION,,2,2024-01-14,2024-01-13,Ahmed Rami,17.85,TERMINE
STG00509,STU00593,ENT0011,OBSERVATION,,2,2024-01-14,2024-01-13,Amina Chakir,15.93,TERMINE
STG00510,STU00594,ENT0007,OBSERVATION,,2,2024-01-14,2024-01-13,Fatima Benali,15.91,TERMINE
STG00511,STU00595,ENT0012,OBSERVATION,,2,2024-01-14,2024-01-13,Mohamed Benali,14.87,TERMINE
STG00512,STU00596,ENT0004,OBSERVATION,,2,2024-01-14,2024-01-13,Salma Alami,17.98,TERMINE
STG00513,STU00599,ENT0001,OBSERVATION,,2,2024-01-14,2024-01-13,Yasmine Idrissi,15.97,TERMINE
STG00514,STU00600,ENT0019,OBSERVATION,,2,2024-01-14,2024-01-13,Omar Rami,16.69,TERMINE
STG00515,STU00601,ENT0019,PP,1.0,3,2024-01-14,2023-02-14,Mehdi Sabri,16.08,TERMINE
STG00516,STU00602,ENT0015,PP,1.0,3,2024-01-14,2023-02-14,Yasmine Sabri,17.06,TERMINE
STG00517,STU00604,ENT0011,PP,1.0,3,2024-01-14,2023-02-14,Omar Sabri,16.5,TERMINE
STG00518,STU00605,ENT0009,PP,1.0,3,2024-01-14,2023-02-14,Ali Mansouri,13.89,EN_COURS
STG00519,STU00606,ENT0016,PP,1.0,3,2024-01-14,2023-02-14,Yasmine Berrada,16.2,EN_COURS
STG00520,STU00607,ENT0007,PP,1.0,3,2024-01-14,2023-02-14,Ahmed Naciri,15.25,TERMINE
STG00521,STU00608,ENT0014,PP,1.0,3,2024-01-14,2023-02-14,Fatima Naciri,11.83,EN_COURS
STG00522,STU00609,ENT0003,PP,1.0,3,2024-01-14,2023-02-14,Karim Chakir,14.12,TERMINE
STG00523,STU00610,ENT0020,PP,1.0,3,2024-01-14,2023-02-14,Mehdi Chakir,17.32,TERMINE
STG00524,STU00611,ENT0001,PP,1.0,3,2024-01-14,2023-02-14,Khadija El Amrani,12.27,TERMINE
STG00525,STU00612,ENT0008,PP,1.0,3,2024-01-14,2023-02-14,Khadija Naciri,12.14,TERMINE
STG00526,STU00613,ENT0010,PP,1.0,3,2024-01-14,2023-02-14,Yasmine Chakir,13.2,TERMINE
STG00527,STU00614,ENT0007,PP,1.0,3,2024-01-14,2023-02-14,Nour Rami,13.57,TERMINE
STG00528,STU00615,ENT0017,PP,1.0,3,2024-01-14,2023-02-14,Khadija Fassi,13.12,EN_COURS
STG00529,STU00616,ENT0004,PP,1.0,3,2024-01-14,2023-02-14,Ali Berrada,16.18,TERMINE
STG00530,STU00617,ENT0016,PP,1.0,3,2024-01-14,2023-02-14,Fatima Benjelloun,14.08,EN_COURS
STG00531,STU00619,ENT0004,PP,1.0,3,2024-01-14,2023-02-14,Nour Mansouri,14.69,EN_COURS
STG00532,STU00620,ENT0005,PP,1.0,3,2024-01-14,2023-02-14,Salma Berrada,14.16,TERMINE
STG00533,STU00621,ENT0008,PP,1.0,3,2024-01-14,2023-02-14,Amina El Amrani,17.68,TERMINE
STG00534,STU00622,ENT0015,PP,1.0,3,2024-01-14,2023-02-14,Aisha Berrada,17.97,TERMINE
STG00535,STU00624,ENT0013,PP,1.0,3,2024-01-14,2023-02-14,Yasmine Mansouri,13.23,TERMINE
STG00536,STU00625,ENT0007,PP,1.0,3,2024-01-14,2023-02-14,Ahmed Tazi,14.51,EN_COURS
STG00537,STU00626,ENT0010,PP,1.0,3,2024-01-14,2023-02-14,Omar Naciri,16.97,TERMINE
STG00538,STU00628,ENT0019,PP,1.0,3,2024-01-14,2023-02-14,Karim Benali,16.21,TERMINE
STG00539,STU00629,ENT0020,PP,1.0,3,2024-01-14,2023-02-14,Aisha Benjelloun,11.73,TERMINE
STG00540,STU00630,ENT0018,PP,1.0,3,2024-01-14,2023-02-14,Salma Benjelloun,17.53,TERMINE
STG00541,STU00631,ENT0004,PP,1.0,3,2024-01-14,2023-02-14,Youssef Rami,14.6,TERMINE
STG00542,STU00632,ENT0006,PP,1.0,3,2024-01-14,2023-02-14,Salma Chakir,15.44,EN_COURS
STG00543,STU00634,ENT0006,PP,1.0,3,2024-01-14,2023-02-14,Mohamed Benali,15.35,TERMINE
STG00544,STU00635,ENT0019,PP,1.0,3,2024-01-14,2023-02-14,Aisha Mansouri,14.09,TERMINE
STG00545,STU00636,ENT0014,PP,1.0,3,2024-01-14,2023-02-14,Mohamed Rami,13.08,TERMINE
STG00546,STU00637,ENT0010,PP,1.0,3,2024-01-14,2023-02-14,Amina Sabri,14.14,TERMINE
STG00547,STU00638,ENT0014,PP,1.0,3,2024-01-14,2023-02-14,Hassan Rami,17.38,TERMINE
STG00548,STU00639,ENT0003,PP,1.0,3,2024-01-14,2023-02-14,Mehdi Sabri,11.05,TERMINE
STG00549,STU00640,ENT0012,PP,1.0,3,2024-01-14,2023-02-14,Yasmine Naciri,11.67,TERMINE
STG00550,STU00641,ENT0020,PP,1.0,3,2024-01-14,2023-02-14,Fatima Naciri,17.32,TERMINE
STG00551,STU00642,ENT0011,PP,1.0,3,2024-01-14,2023-02-14,Karim Idrissi,17.45,EN_COURS
STG00552,STU00643,ENT0012,PP,1.0,3,2024-01-14,2023-02-14,Ali Tazi,17.14,TERMINE
STG00553,STU00644,ENT0010,PP,1.0,3,2024-01-14,2023-02-14,Nour Sabri,13.8,TERMINE
STG00554,STU00645,ENT0014,PP,1.0,3,2024-01-14,2023-02-14,Aisha Chakir,12.06,TERMINE
STG00555,STU00646,ENT0020,PP,1.0,3,2024-01-14,2023-02-14,Nour Sabri,11.07,TERMINE
STG00556,STU00647,ENT0009,PP,1.0,3,2024-01-14,2023-02-14,Yasmine El Amrani,16.59,TERMINE
STG00557,STU00648,ENT0005,PP,1.0,3,2024-01-14,2023-02-14,Salma Berrada,12.31,EN_COURS
STG00558,STU00649,ENT0018,PP,1.0,3,2024-01-14,2023-02-14,Ali Benali,16.48,TERMINE
STG00559,STU00651,ENT0011,PP,1.0,3,2024-01-14,2023-02-14,Yasmine Benjelloun,16.3,TERMINE
STG00560,STU00652,ENT0010,PP,1.0,3,2024-01-14,2023-02-14,Khadija Benjelloun,15.71,EN_COURS
STG00561,STU00655,ENT0012,PP,1.0,3,2024-01-14,2023-02-14,Ali Rami,12.72,TERMINE
STG00562,STU00656,ENT0007,PP,1.0,3,2024-01-14,2023-02-14,Ahmed Rami,17.27,EN_COURS
STG00563,STU00657,ENT0016,PP,1.0,3,2024-01-14,2023-02-14,Karim Mansouri,14.61,TERMINE
STG00564,STU00658,ENT0004,PP,1.0,3,2024-01-14,2023-02-14,Youssef Benjelloun,17.0,TERMINE
STG00565,STU00659,ENT0012,PP,1.0,3,2024-01-14,2023-02-14,Ahmed El Amrani,14.23,TERMINE
STG00566,STU00660,ENT0020,PP,1.0,3,2024-01-14,2023-02-14,Aisha Rami,16.55,TERMINE
STG00567,STU00661,ENT0004,PP,2.0,3,2024-01-14,2023-02-14,Amina Idrissi,11.31,TERMINE
STG00568,STU00662,ENT0013,PP,2.0,3,2024-01-14,2023-02-14,Salma Chakir,11.24,TERMINE
STG00569,STU00663,ENT0014,PP,2.0,3,2024-01-14,2023-02-14,Aisha Tazi,14.07,TERMINE
STG00570,STU00664,ENT0009,PP,2.0,3,2024-01-14,2023-02-14,Mohamed Mansouri,13.48,TERMINE
STG00571,STU00665,ENT0018,PP,2.0,3,2024-01-14,2023-02-14,Hassan Benali,17.82,TERMINE
STG00572,STU00666,ENT0017,PP,2.0,3,2024-01-14,2023-02-14,Ali El Amrani,16.82,EN_COURS
STG00573,STU00667,ENT0010,PP,2.0,3,2024-01-14,2023-02-14,Khadija El Amrani,13.51,TERMINE
STG00574,STU00668,ENT0009,PP,2.0,3,2024-01-14,2023-02-14,Ahmed Benali,17.04,TERMINE
STG00575,STU00669,ENT0012,PP,2.0,3,2024-01-14,2023-02-14,Ali Alami,13.0,TERMINE
STG00576,STU00670,ENT0007,PP,2.0,3,2024-01-14,2023-02-14,Yasmine Tazi,15.7,EN_COURS
STG00577,STU00671,ENT0019,PP,2.0,3,2024-01-14,2023-02-14,Ali Sabri,13.9,TERMINE
STG00578,STU00672,ENT0017,PP,2.0,3,2024-01-14,2023-02-14,Karim Chakir,12.23,TERMINE
STG00579,STU00673,ENT0003,PP,2.0,3,2024-01-14,2023-02-14,Khadija Fassi,14.61,EN_COURS
STG00580,STU00674,ENT0010,PP,2.0,3,2024-01-14,2023-02-14,Aisha Rami,16.44,TERMINE
STG00581,STU00676,ENT0018,PP,2.0,3,2024-01-14,2023-02-14,Mehdi Berrada,16.49,TERMINE
STG00582,STU00677,ENT0007,PP,2.0,3,2024-01-14,2023-02-14,Aisha Benali,12.58,TERMINE
STG00583,STU00678,ENT0018,PP,2.0,3,2024-01-14,2023-02-14,Mohamed Benali,12.71,TERMINE
STG00584,STU00679,ENT0016,PP,2.0,3,2024-01-14,2023-02-14,Fatima Tazi,12.03,TERMINE
STG00585,STU00680,ENT0010,PP,2.0,3,2024-01-14,2023-02-14,Mehdi Rami,16.85,EN_COURS
STG00586,STU00681,ENT0002,PP,2.0,3,2024-01-14,2023-02-14,Nour Benali,12.02,TERMINE
STG00587,STU00682,ENT0019,PP,2.0,3,2024-01-14,2023-02-14,Nour Benjelloun,13.6,TERMINE
STG00588,STU00683,ENT0003,PP,2.0,3,2024-01-14,2023-02-14,Mohamed Chakir,11.5,EN_COURS
STG00589,STU00684,ENT0004,PP,2.0,3,2024-01-14,2023-02-14,Omar Rami,15.53,TERMINE
STG00590,STU00685,ENT0009,PP,2.0,3,2024-01-14,2023-02-14,Karim Alami,14.32,TERMINE
STG00591,STU00686,ENT0017,PP,2.0,3,2024-01-14,2023-02-14,Youssef Mansouri,13.0,TERMINE
STG00592,STU00687,ENT0019,PP,2.0,3,2024-01-14,2023-02-14,Yasmine Naciri,17.29,TERMINE
STG00593,STU00688,ENT0020,PP,2.0,3,2024-01-14,2023-02-14,Amina Chakir,15.33,TERMINE
STG00594,STU00689,ENT0008,PP,2.0,3,2024-01-14,2023-02-14,Nour Idrissi,11.86,TERMINE
STG00595,STU00690,ENT0007,PP,2.0,3,2024-01-14,2023-02-14,Mohamed Tazi,15.86,TERMINE
STG00596,STU00691,ENT0013,PP,2.0,3,2024-01-14,2023-02-14,Ali Tazi,16.58,EN_COURS
STG00597,STU00692,ENT0008,PP,2.0,3,2024-01-14,2023-02-14,Khadija Naciri,15.96,EN_COURS
STG00598,STU00693,ENT0004,PP,2.0,3,2024-01-14,2023-02-14,Karim Naciri,11.8,TERMINE
STG00599,STU00694,ENT0016,PP,2.0,3,2024-01-14,2023-02-14,Hassan Mansouri,12.04,TERMINE
STG00600,STU00695,ENT0006,PP,2.0,3,2024-01-14,2023-02-14,Khadija El Amrani,14.42,TERMINE
STG00601,STU00698,ENT0018,PP,2.0,3,2024-01-14,2023-02-14,Mehdi Berrada,12.87,TERMINE
STG00602,STU00699,ENT0004,PP,2.0,3,2024-01-14,2023-02-14,Khadija Berrada,15.59,TERMINE
STG00603,STU00700,ENT0004,PP,2.0,3,2024-01-14,2023-02-14,Salma El Amrani,13.1,TERMINE
STG00604,STU00701,ENT0002,PP,2.0,3,2024-01-14,2023-02-14,Khadija Idrissi,12.49,EN_COURS
STG00605,STU00702,ENT0007,PP,2.0,3,2024-01-14,2023-02-14,Karim Fassi,12.07,TERMINE
STG00606,STU00703,ENT0011,PP,2.0,3,2024-01-14,2023-02-14,Mehdi Mansouri,11.88,EN_COURS
STG00607,STU00704,ENT0011,PP,2.0,3,2024-01-14,2023-02-14,Nour Berrada,11.33,TERMINE
STG00608,STU00705,ENT0017,PP,2.0,3,2024-01-14,2023-02-14,Amina Sabri,14.82,TERMINE
STG00609,STU00706,ENT0005,PP,2.0,3,2024-01-14,2023-02-14,Amina Benjelloun,13.68,EN_COURS
STG00610,STU00707,ENT0016,PP,2.0,3,2024-01-14,2023-02-14,Nour Sabri,11.96,TERMINE
STG00611,STU00708,ENT0019,PP,2.0,3,2024-01-14,2023-02-14,Ali Tazi,16.31,TERMINE
STG00612,STU00709,ENT0010,PP,2.0,3,2024-01-14,2023-02-14,Salma Idrissi,13.81,EN_COURS
STG00613,STU00711,ENT0005,PP,2.0,3,2024-01-14,2023-02-14,Karim Chakir,17.57,EN_COURS
STG00614,STU00712,ENT0015,PP,2.0,3,2024-01-14,2023-02-14,Ahmed Idrissi,15.48,TERMINE
STG00615,STU00713,ENT0011,PP,2.0,3,2024-01-14,2023-02-14,Omar El Amrani,11.43,TERMINE
STG00616,STU00714,ENT0015,PP,2.0,3,2024-01-14,2023-02-14,Mohamed Benali,13.0,TERMINE
STG00617,STU00715,ENT0016,PP,2.0,3,2024-01-14,2023-02-14,Nour Mansouri,11.14,TERMINE
STG00618,STU00716,ENT0016,PP,2.0,3,2024-01-14,2023-02-14,Salma Mansouri,11.76,TERMINE
STG00619,STU00717,ENT0019,PP,2.0,3,2024-01-14,2023-02-14,Khadija Fassi,11.42,TERMINE
STG00620,STU00718,ENT0007,PP,2.0,3,2024-01-14,2023-02-14,Omar Idrissi,11.87,TERMINE
STG00621,STU00719,ENT0012,PP,2.0,3,2024-01-14,2023-02-14,Mehdi Fassi,11.64,EN_COURS
STG00622,STU00720,ENT0019,PP,2.0,3,2024-01-14,2023-02-14,Fatima Sabri,12.32,TERMINE
STG00623,STU00721,ENT0013,PP,3.0,3,2024-01-14,2023-02-14,Mehdi Idrissi,12.73,TERMINE
STG00624,STU00722,ENT0010,PP,3.0,3,2024-01-14,2023-02-14,Nour Chakir,12.32,TERMINE
STG00625,STU00723,ENT0004,PP,3.0,3,2024-01-14,2023-02-14,Hassan Fassi,17.44,TERMINE
STG00626,STU00725,ENT0016,PP,3.0,3,2024-01-14,2023-02-14,Hassan Berrada,13.74,TERMINE
STG00627,STU00726,ENT0018,PP,3.0,3,2024-01-14,2023-02-14,Salma El Amrani,13.18,TERMINE
STG00628,STU00727,ENT0014,PP,3.0,3,2024-01-14,2023-02-14,Hassan Fassi,11.61,TERMINE
STG00629,STU00728,ENT0014,PP,3.0,3,2024-01-14,2023-02-14,Youssef Alami,16.57,EN_COURS
STG00630,STU00729,ENT0012,PP,3.0,3,2024-01-14,2023-02-14,Youssef Idrissi,12.57,TERMINE
STG00631,STU00730,ENT0015,PP,3.0,3,2024-01-14,2023-02-14,Khadija Alami,14.22,TERMINE
STG00632,STU00731,ENT0008,PP,3.0,3,2024-01-14,2023-02-14,Omar Naciri,15.46,EN_COURS
STG00633,STU00732,ENT0016,PP,3.0,3,2024-01-14,2023-02-14,Salma Alami,11.04,TERMINE
STG00634,STU00733,ENT0003,PP,3.0,3,2024-01-14,2023-02-14,Omar Berrada,17.43,TERMINE
STG00635,STU00735,ENT0015,PP,3.0,3,2024-01-14,2023-02-14,Salma Mansouri,16.55,TERMINE
STG00636,STU00736,ENT0011,PP,3.0,3,2024-01-14,2023-02-14,Youssef Berrada,13.95,TERMINE
STG00637,STU00737,ENT0010,PP,3.0,3,2024-01-14,2023-02-14,Aisha Idrissi,12.49,TERMINE
STG00638,STU00739,ENT0009,PP,3.0,3,2024-01-14,2023-02-14,Hassan Berrada,13.57,TERMINE
STG00639,STU00740,ENT0019,PP,3.0,3,2024-01-14,2023-02-14,Mohamed Benali,11.94,TERMINE
STG00640,STU00741,ENT0009,PP,3.0,3,2024-01-14,2023-02-14,Hassan Chakir,14.7,TERMINE
STG00641,STU00742,ENT0020,PP,3.0,3,2024-01-14,2023-02-14,Mehdi Benali,12.61,TERMINE
STG00642,STU00744,ENT0005,PP,3.0,3,2024-01-14,2023-02-14,Karim El Amrani,14.42,TERMINE
STG00643,STU00745,ENT0002,PP,3.0,3,2024-01-14,2023-02-14,Hassan Tazi,16.66,TERMINE
STG00644,STU00746,ENT0009,PP,3.0,3,2024-01-14,2023-02-14,Hassan Alami,15.28,TERMINE
STG00645,STU00747,ENT0016,PP,3.0,3,2024-01-14,2023-02-14,Amina Mansouri,12.31,EN_COURS
STG00646,STU00748,ENT0005,PP,3.0,3,2024-01-14,2023-02-14,Hassan Mansouri,15.08,TERMINE
STG00647,STU00750,ENT0013,PP,3.0,3,2024-01-14,2023-02-14,Fatima Benjelloun,13.97,TERMINE
STG00648,STU00751,ENT0020,PP,3.0,3,2024-01-14,2023-02-14,Salma Rami,14.48,TERMINE
STG00649,STU00753,ENT0002,PP,3.0,3,2024-01-14,2023-02-14,Karim Benali,16.47,EN_COURS
STG00650,STU00754,ENT0011,PP,3.0,3,2024-01-14,2023-02-14,Omar El Amrani,12.14,TERMINE
STG00651,STU00755,ENT0011,PP,3.0,3,2024-01-14,2023-02-14,Khadija El Amrani,12.07,TERMINE
STG00652,STU00756,ENT0019,PP,3.0,3,2024-01-14,2023-02-14,Mehdi Benali,17.83,TERMINE
STG00653,STU00757,ENT0015,PP,3.0,3,2024-01-14,2023-02-14,Fatima Mansouri,14.1,TERMINE
STG00654,STU00758,ENT0013,PP,3.0,3,2024-01-14,2023-02-14,Nour Sabri,17.81,TERMINE
STG00655,STU00759,ENT0008,PP,3.0,3,2024-01-14,2023-02-14,Ali Berrada,12.14,TERMINE
STG00656,STU00760,ENT0015,PP,3.0,3,2024-01-14,2023-02-14,Fatima Rami,16.29,TERMINE
STG00657,STU00761,ENT0009,PP,3.0,3,2024-01-14,2023-02-14,Khadija Rami,15.16,TERMINE
STG00658,STU00762,ENT0016,PP,3.0,3,2024-01-14,2023-02-14,Hassan Mansouri,17.25,TERMINE
STG00659,STU00763,ENT0017,PP,3.0,3,2024-01-14,2023-02-14,Mohamed Berrada,17.66,TERMINE
STG00660,STU00764,ENT0001,PP,3.0,3,2024-01-14,2023-02-14,Hassan Berrada,13.84,TERMINE
STG00661,STU00765,ENT0003,PP,3.0,3,2024-01-14,2023-02-14,Ahmed Tazi,17.08,TERMINE
STG00662,STU00766,ENT0015,PP,3.0,3,2024-01-14,2023-02-14,Yasmine Mansouri,16.88,EN_COURS
STG00663,STU00767,ENT0013,PP,3.0,3,2024-01-14,2023-02-14,Mehdi Naciri,17.49,EN_COURS
STG00664,STU00768,ENT0010,PP,3.0,3,2024-01-14,2023-02-14,Fatima Fassi,17.5,TERMINE
STG00665,STU00769,ENT0010,PP,3.0,3,2024-01-14,2023-02-14,Fatima Benali,12.53,TERMINE
STG00666,STU00771,ENT0002,PP,3.0,3,2024-01-14,2023-02-14,Fatima Tazi,11.43,EN_COURS
STG00667,STU00772,ENT0013,PP,3.0,3,2024-01-14,2023-02-14,Hassan Tazi,14.93,TERMINE
STG00668,STU00773,ENT0015,PP,3.0,3,2024-01-14,2023-02-14,Khadija Idrissi,12.45,TERMINE
STG00669,STU00774,ENT0002,PP,3.0,3,2024-01-14,2023-02-14,Fatima El Amrani,14.97,TERMINE
STG00670,STU00775,ENT0017,PP,3.0,3,2024-01-14,2023-02-14,Amina Rami,14.32,TERMINE
STG00671,STU00776,ENT0001,PP,3.0,3,2024-01-14,2023-02-14,Khadija Chakir,15.54,TERMINE
STG00672,STU00777,ENT0019,PP,3.0,3,2024-01-14,2023-02-14,Amina Berrada,16.48,EN_COURS
STG00673,STU00778,ENT0014,PP,3.0,3,2024-01-14,2023-02-14,Fatima Berrada,17.18,EN_COURS
STG00674,STU00779,ENT0019,PP,3.0,3,2024-01-14,2023-02-14,Aisha Sabri,11.09,TERMINE
STG00675,STU00780,ENT0008,PP,3.0,3,2024-01-14,2023-02-14,Ali Sabri,17.5,TERMINE
STG00676,STU00781,ENT0010,PP,4.0,3,2024-01-14,2023-02-14,Ali Mansouri,11.55,EN_COURS
STG00677,STU00782,ENT0011,PP,4.0,3,2024-01-14,2023-02-14,Khadija Alami,17.21,TERMINE
STG00678,STU00784,ENT0020,PP,4.0,3,2024-01-14,2023-02-14,Ali Alami,14.89,EN_COURS
STG00679,STU00785,ENT0014,PP,4.0,3,2024-01-14,2023-02-14,Youssef Benali,11.41,TERMINE
STG00680,STU00786,ENT0005,PP,4.0,3,2024-01-14,2023-02-14,Salma Sabri,16.0,EN_COURS
STG00681,STU00787,ENT0020,PP,4.0,3,2024-01-14,2023-02-14,Mohamed Mansouri,17.34,TERMINE
STG00682,STU00788,ENT0003,PP,4.0,3,2024-01-14,2023-02-14,Omar Naciri,13.23,TERMINE
STG00683,STU00789,ENT0012,PP,4.0,3,2024-01-14,2023-02-14,Ahmed Alami,14.66,TERMINE
STG00684,STU00790,ENT0015,PP,4.0,3,2024-01-14,2023-02-14,Karim Naciri,15.11,TERMINE
STG00685,STU00791,ENT0013,PP,4.0,3,2024-01-14,2023-02-14,Karim Benali,14.26,EN_COURS
STG00686,STU00792,ENT0006,PP,4.0,3,2024-01-14,2023-02-14,Ali Sabri,17.15,TERMINE
STG00687,STU00793,ENT0015,PP,4.0,3,2024-01-14,2023-02-14,Omar Mansouri,12.3,EN_COURS
STG00688,STU00794,ENT0014,PP,4.0,3,2024-01-14,2023-02-14,Karim Fassi,17.73,EN_COURS
STG00689,STU00795,ENT0002,PP,4.0,3,2024-01-14,2023-02-14,Nour Naciri,13.93,TERMINE
STG00690,STU00796,ENT0014,PP,4.0,3,2024-01-14,2023-02-14,Aisha Naciri,16.16,TERMINE
STG00691,STU00797,ENT0017,PP,4.0,3,2024-01-14,2023-02-14,Omar Benjelloun,17.05,TERMINE
STG00692,STU00798,ENT0007,PP,4.0,3,2024-01-14,2023-02-14,Ali El Amrani,14.51,TERMINE
STG00693,STU00799,ENT0004,PP,4.0,3,2024-01-14,2023-02-14,Aisha Rami,13.8,TERMINE
STG00694,STU00800,ENT0009,PP,4.0,3,2024-01-14,2023-02-14,Youssef Alami,17.03,TERMINE
STG00695,STU00801,ENT0013,PP,4.0,3,2024-01-14,2023-02-14,Nour Rami,15.19,TERMINE
STG00696,STU00802,ENT0006,PP,4.0,3,2024-01-14,2023-02-14,Nour Fassi,13.21,TERMINE
STG00697,STU00805,ENT0014,PP,4.0,3,2024-01-14,2023-02-14,Ali Naciri,13.68,TERMINE
STG00698,STU00806,ENT0003,PP,4.0,3,2024-01-14,2023-02-14,Mohamed El Amrani,12.36,TERMINE
STG00699,STU00807,ENT0012,PP,4.0,3,2024-01-14,2023-02-14,Youssef Tazi,13.44,TERMINE
STG00700,STU00808,ENT0010,PP,4.0,3,2024-01-14,2023-02-14,Amina Naciri,11.21,TERMINE
STG00701,STU00809,ENT0018,PP,4.0,3,2024-01-14,2023-02-14,Youssef Chakir,12.35,TERMINE
STG00702,STU00810,ENT0018,PP,4.0,3,2024-01-14,2023-02-14,Ali El Amrani,11.54,TERMINE
STG00703,STU00811,ENT0011,PP,4.0,3,2024-01-14,2023-02-14,Karim Benali,12.21,EN_COURS
STG00704,STU00813,ENT0007,PP,4.0,3,2024-01-14,2023-02-14,Amina Tazi,11.56,EN_COURS
STG00705,STU00814,ENT0018,PP,4.0,3,2024-01-14,2023-02-14,Mohamed Fassi,15.68,TERMINE
STG00706,STU00815,ENT0018,PP,4.0,3,2024-01-14,2023-02-14,Ahmed Benjelloun,12.84,TERMINE
STG00707,STU00816,ENT0001,PP,4.0,3,2024-01-14,2023-02-14,Hassan Fassi,12.06,TERMINE
STG00708,STU00817,ENT0018,PP,4.0,3,2024-01-14,2023-02-14,Yasmine Chakir,16.79,EN_COURS
STG00709,STU00820,ENT0009,PP,4.0,3,2024-01-14,2023-02-14,Aisha Chakir,17.69,TERMINE
STG00710,STU00821,ENT0016,PP,4.0,3,2024-01-14,2023-02-14,Khadija Alami,11.74,TERMINE
STG00711,STU00822,ENT0011,PP,4.0,3,2024-01-14,2023-02-14,Yasmine Sabri,11.54,TERMINE
STG00712,STU00823,ENT0003,PP,4.0,3,2024-01-14,2023-02-14,Nour Naciri,17.99,TERMINE
STG00713,STU00824,ENT0006,PP,4.0,3,2024-01-14,2023-02-14,Ali Benali,15.86,EN_COURS
STG00714,STU00825,ENT0009,PP,4.0,3,2024-01-14,2023-02-14,Mohamed Benjelloun,11.82,TERMINE
STG00715,STU00827,ENT0009,PP,4.0,3,2024-01-14,2023-02-14,Mohamed Berrada,15.41,TERMINE
STG00716,STU00828,ENT0005,PP,4.0,3,2024-01-14,2023-02-14,Khadija Fassi,15.2,TERMINE
STG00717,STU00829,ENT0018,PP,4.0,3,2024-01-14,2023-02-14,Salma Benali,11.63,TERMINE
STG00718,STU00830,ENT0017,PP,4.0,3,2024-01-14,2023-02-14,Mohamed Benali,16.68,TERMINE
STG00719,STU00831,ENT0001,PP,4.0,3,2024-01-14,2023-02-14,Youssef Alami,13.4,TERMINE
STG00720,STU00832,ENT0007,PP,4.0,3,2024-01-14,2023-02-14,Khadija Fassi,17.71,TERMINE
STG00721,STU00834,ENT0011,PP,4.0,3,2024-01-14,2023-02-14,Ali Idrissi,16.4,TERMINE
STG00722,STU00835,ENT0017,PP,4.0,3,2024-01-14,2023-02-14,Karim Rami,12.74,TERMINE
STG00723,STU00836,ENT0013,PP,4.0,3,2024-01-14,2023-02-14,Fatima Naciri,12.97,EN_COURS
STG00724,STU00837,ENT0006,PP,4.0,3,2024-01-14,2023-02-14,Khadija El Amrani,12.23,TERMINE
STG00725,STU00838,ENT0003,PP,4.0,3,2024-01-14,2023-02-14,Aisha Benjelloun,15.91,EN_COURS
STG00726,STU00839,ENT0016,PP,4.0,3,2024-01-14,2023-02-14,Amina Tazi,11.25,TERMINE
STG00727,STU00840,ENT0003,PP,4.0,3,2024-01-14,2023-02-14,Karim El Amrani,15.77,TERMINE
STG00728,STU00841,ENT0010,PP,5.0,3,2024-01-14,2023-02-14,Amina Berrada,17.21,EN_COURS
STG00729,STU00842,ENT0010,PP,5.0,3,2024-01-14,2023-02-14,Nour Tazi,16.55,TERMINE
STG00730,STU00843,ENT0015,PP,5.0,3,2024-01-14,2023-02-14,Mehdi Benjelloun,13.39,TERMINE
STG00731,STU00844,ENT0011,PP,5.0,3,2024-01-14,2023-02-14,Mehdi El Amrani,15.42,EN_COURS
STG00732,STU00848,ENT0014,PP,5.0,3,2024-01-14,2023-02-14,Mohamed Benali,17.27,TERMINE
STG00733,STU00849,ENT0012,PP,5.0,3,2024-01-14,2023-02-14,Omar Berrada,17.28,TERMINE
STG00734,STU00850,ENT0017,PP,5.0,3,2024-01-14,2023-02-14,Karim Mansouri,11.59,TERMINE
STG00735,STU00851,ENT0004,PP,5.0,3,2024-01-14,2023-02-14,Ahmed Mansouri,16.75,EN_COURS
STG00736,STU00852,ENT0014,PP,5.0,3,2024-01-14,2023-02-14,Youssef Tazi,11.29,TERMINE
STG00737,STU00853,ENT0020,PP,5.0,3,2024-01-14,2023-02-14,Mehdi Tazi,13.63,TERMINE
STG00738,STU00854,ENT0013,PP,5.0,3,2024-01-14,2023-02-14,Fatima El Amrani,15.94,EN_COURS
STG00739,STU00856,ENT0017,PP,5.0,3,2024-01-14,2023-02-14,Ahmed Tazi,11.54,TERMINE
STG00740,STU00857,ENT0009,PP,5.0,3,2024-01-14,2023-02-14,Amina Berrada,12.82,TERMINE
STG00741,STU00859,ENT0004,PP,5.0,3,2024-01-14,2023-02-14,Hassan Tazi,15.84,TERMINE
STG00742,STU00860,ENT0001,PP,5.0,3,2024-01-14,2023-02-14,Salma Alami,17.36,TERMINE
STG00743,STU00861,ENT0009,PP,5.0,3,2024-01-14,2023-02-14,Fatima Tazi,16.3,TERMINE
STG00744,STU00862,ENT0016,PP,5.0,3,2024-01-14,2023-02-14,Hassan Berrada,16.85,TERMINE
STG00745,STU00863,ENT0001,PP,5.0,3,2024-01-14,2023-02-14,Aisha El Amrani,16.81,TERMINE
STG00746,STU00864,ENT0003,PP,5.0,3,2024-01-14,2023-02-14,Yasmine Berrada,11.04,TERMINE
STG00747,STU00865,ENT0003,PP,5.0,3,2024-01-14,2023-02-14,Amina Rami,12.23,TERMINE
STG00748,STU00866,ENT0004,PP,5.0,3,2024-01-14,2023-02-14,Yasmine Tazi,15.5,TERMINE
STG00749,STU00867,ENT0012,PP,5.0,3,2024-01-14,2023-02-14,Omar El Amrani,17.11,TERMINE
STG00750,STU00868,ENT0005,PP,5.0,3,2024-01-14,2023-02-14,Mehdi Alami,15.34,TERMINE
STG00751,STU00869,ENT0018,PP,5.0,3,2024-01-14,2023-02-14,Hassan Naciri,11.35,EN_COURS
STG00752,STU00870,ENT0016,PP,5.0,3,2024-01-14,2023-02-14,Youssef Mansouri,15.81,TERMINE
STG00753,STU00871,ENT0014,PP,5.0,3,2024-01-14,2023-02-14,Nour El Amrani,16.35,EN_COURS
STG00754,STU00872,ENT0010,PP,5.0,3,2024-01-14,2023-02-14,Ahmed Sabri,14.08,EN_COURS
STG00755,STU00873,ENT0009,PP,5.0,3,2024-01-14,2023-02-14,Nour Alami,12.6,EN_COURS
STG00756,STU00874,ENT0006,PP,5.0,3,2024-01-14,2023-02-14,Aisha Idrissi,15.76,EN_COURS
STG00757,STU00875,ENT0004,PP,5.0,3,2024-01-14,2023-02-14,Mehdi Berrada,14.34,TERMINE
STG00758,STU00876,ENT0002,PP,5.0,3,2024-01-14,2023-02-14,Salma Benali,11.47,TERMINE
STG00759,STU00877,ENT0001,PP,5.0,3,2024-01-14,2023-02-14,Mehdi Mansouri,15.49,TERMINE
STG00760,STU00878,ENT0002,PP,5.0,3,2024-01-14,2023-02-14,Omar Benjelloun,15.83,EN_COURS
STG00761,STU00879,ENT0005,PP,5.0,3,2024-01-14,2023-02-14,Karim Benjelloun,11.14,TERMINE
STG00762,STU00880,ENT0009,PP,5.0,3,2024-01-14,2023-02-14,Karim Fassi,11.16,TERMINE
STG00763,STU00881,ENT0019,PP,5.0,3,2024-01-14,2023-02-14,Omar Idrissi,13.56,EN_COURS
STG00764,STU00882,ENT0011,PP,5.0,3,2024-01-14,2023-02-14,Salma Sabri,14.53,TERMINE
STG00765,STU00883,ENT0016,PP,5.0,3,2024-01-14,2023-02-14,Mohamed El Amrani,16.65,TERMINE
STG00766,STU00884,ENT0001,PP,5.0,3,2024-01-14,2023-02-14,Mohamed El Amrani,17.94,TERMINE
STG00767,STU00885,ENT0020,PP,5.0,3,2024-01-14,2023-02-14,Ahmed Benali,13.08,TERMINE
STG00768,STU00886,ENT0011,PP,5.0,3,2024-01-14,2023-02-14,Mohamed Benali,17.38,TERMINE
STG00769,STU00887,ENT0015,PP,5.0,3,2024-01-14,2023-02-14,Amina Benjelloun,13.21,EN_COURS
STG00770,STU00888,ENT0016,PP,5.0,3,2024-01-14,2023-02-14,Hassan Idrissi,16.77,EN_COURS
STG00771,STU00889,ENT0001,PP,5.0,3,2024-01-14,2023-02-14,Fatima Naciri,14.76,EN_COURS
STG00772,STU00890,ENT0014,PP,5.0,3,2024-01-14,2023-02-14,Fatima Rami,14.11,EN_COURS
STG00773,STU00891,ENT0020,PP,5.0,3,2024-01-14,2023-02-14,Yasmine Berrada,13.03,TERMINE
STG00774,STU00892,ENT0014,PP,5.0,3,2024-01-14,2023-02-14,Salma Mansouri,16.62,EN_COURS
STG00775,STU00893,ENT0018,PP,5.0,3,2024-01-14,2023-02-14,Mehdi Benali,16.78,EN_COURS
STG00776,STU00894,ENT0017,PP,5.0,3,2024-01-14,2023-02-14,Mehdi Chakir,11.8,TERMINE
STG00777,STU00896,ENT0013,PP,5.0,3,2024-01-14,2023-02-14,Hassan Benali,17.77,TERMINE
STG00778,STU00897,ENT0016,PP,5.0,3,2024-01-14,2023-02-14,Karim Benjelloun,15.78,EN_COURS
STG00779,STU00898,ENT0008,PP,5.0,3,2024-01-14,2023-02-14,Yasmine Mansouri,11.66,TERMINE
STG00780,STU00899,ENT0016,PP,5.0,3,2024-01-14,2023-02-14,Yasmine Fassi,11.9,TERMINE
STG00781,STU00900,ENT0020,PP,5.0,3,2024-01-14,2023-02-14,Salma Mansouri,11.79,TERMINE
STG00782,STU00901,ENT0002,PP,6.0,3,2024-01-14,2023-02-14,Amina Chakir,13.92,TERMINE
STG00783,STU00902,ENT0007,PP,6.0,3,2024-01-14,2023-02-14,Mehdi Benali,16.83,TERMINE
STG00784,STU00903,ENT0016,PP,6.0,3,2024-01-14,2023-02-14,Ahmed Fassi,14.05,TERMINE
STG00785,STU00904,ENT0008,PP,6.0,3,2024-01-14,2023-02-14,Aisha Chakir,15.13,TERMINE
STG00786,STU00905,ENT0015,PP,6.0,3,2024-01-14,2023-02-14,Amina Benjelloun,12.53,TERMINE
STG00787,STU00907,ENT0011,PP,6.0,3,2024-01-14,2023-02-14,Salma Benjelloun,16.89,EN_COURS
STG00788,STU00908,ENT0013,PP,6.0,3,2024-01-14,2023-02-14,Nour Naciri,11.99,TERMINE
STG00789,STU00909,ENT0018,PP,6.0,3,2024-01-14,2023-02-14,Fatima Idrissi,13.5,EN_COURS
STG00790,STU00911,ENT0008,PP,6.0,3,2024-01-14,2023-02-14,Aisha Rami,12.72,EN_COURS
STG00791,STU00912,ENT0019,PP,6.0,3,2024-01-14,2023-02-14,Fatima Benjelloun,16.22,TERMINE
STG00792,STU00913,ENT0007,PP,6.0,3,2024-01-14,2023-02-14,Yasmine Benali,11.24,EN_COURS
STG00793,STU00914,ENT0002,PP,6.0,3,2024-01-14,2023-02-14,Karim Sabri,13.67,TERMINE
STG00794,STU00915,ENT0017,PP,6.0,3,2024-01-14,2023-02-14,Hassan Benali,13.26,EN_COURS
STG00795,STU00916,ENT0018,PP,6.0,3,2024-01-14,2023-02-14,Karim Rami,11.77,EN_COURS
STG00796,STU00918,ENT0013,PP,6.0,3,2024-01-14,2023-02-14,Ahmed Idrissi,14.57,EN_COURS
STG00797,STU00919,ENT0012,PP,6.0,3,2024-01-14,2023-02-14,Yasmine Naciri,13.49,EN_COURS
STG00798,STU00920,ENT0017,PP,6.0,3,2024-01-14,2023-02-14,Omar Idrissi,12.21,TERMINE
STG00799,STU00921,ENT0010,PP,6.0,3,2024-01-14,2023-02-14,Omar Berrada,14.46,TERMINE
STG00800,STU00922,ENT0015,PP,6.0,3,2024-01-14,2023-02-14,Youssef Mansouri,13.75,EN_COURS
STG00801,STU00924,ENT0001,PP,6.0,3,2024-01-14,2023-02-14,Mehdi Benjelloun,14.45,TERMINE
STG00802,STU00925,ENT0018,PP,6.0,3,2024-01-14,2023-02-14,Khadija Alami,16.39,EN_COURS
STG00803,STU00927,ENT0017,PP,6.0,3,2024-01-14,2023-02-14,Yasmine Benali,15.52,TERMINE
STG00804,STU00928,ENT0008,PP,6.0,3,2024-01-14,2023-02-14,Aisha Naciri,17.96,TERMINE
STG00805,STU00929,ENT0020,PP,6.0,3,2024-01-14,2023-02-14,Mehdi Alami,11.55,TERMINE
STG00806,STU00930,ENT0003,PP,6.0,3,2024-01-14,2023-02-14,Aisha Sabri,16.39,TERMINE
STG00807,STU00931,ENT0017,PP,6.0,3,2024-01-14,2023-02-14,Yasmine El Amrani,11.35,TERMINE
STG00808,STU00932,ENT0006,PP,6.0,3,2024-01-14,2023-02-14,Mohamed Chakir,17.63,TERMINE
STG00809,STU00933,ENT0001,PP,6.0,3,2024-01-14,2023-02-14,Ali Mansouri,11.81,TERMINE
STG00810,STU00934,ENT0014,PP,6.0,3,2024-01-14,2023-02-14,Ahmed Berrada,11.24,TERMINE
STG00811,STU00935,ENT0017,PP,6.0,3,2024-01-14,2023-02-14,Mehdi Berrada,14.29,TERMINE
STG00812,STU00936,ENT0019,PP,6.0,3,2024-01-14,2023-02-14,Fatima Rami,12.58,EN_COURS
STG00813,STU00937,ENT0005,PP,6.0,3,2024-01-14,2023-02-14,Khadija Benjelloun,17.22,EN_COURS
STG00814,STU00938,ENT0003,PP,6.0,3,2024-01-14,2023-02-14,Ahmed Benali,11.71,TERMINE
STG00815,STU00939,ENT0018,PP,6.0,3,2024-01-14,2023-02-14,Fatima Benjelloun,16.41,EN_COURS
STG00816,STU00940,ENT0019,PP,6.0,3,2024-01-14,2023-02-14,Ali Benali,17.59,TERMINE
STG00817,STU00941,ENT0010,PP,6.0,3,2024-01-14,2023-02-14,Khadija Fassi,12.11,EN_COURS
STG00818,STU00942,ENT0006,PP,6.0,3,2024-01-14,2023-02-14,Salma Fassi,11.99,TERMINE
STG00819,STU00944,ENT0001,PP,6.0,3,2024-01-14,2023-02-14,Youssef Benjelloun,14.9,TERMINE
STG00820,STU00945,ENT0010,PP,6.0,3,2024-01-14,2023-02-14,Karim Fassi,16.03,EN_COURS
STG00821,STU00947,ENT0016,PP,6.0,3,2024-01-14,2023-02-14,Karim Rami,14.99,TERMINE
STG00822,STU00948,ENT0008,PP,6.0,3,2024-01-14,2023-02-14,Ali Benjelloun,17.92,EN_COURS
STG00823,STU00949,ENT0004,PP,6.0,3,2024-01-14,2023-02-14,Mohamed Rami,11.38,EN_COURS
STG00824,STU00951,ENT0001,PP,6.0,3,2024-01-14,2023-02-14,Aisha Tazi,14.08,TERMINE
STG00825,STU00952,ENT0014,PP,6.0,3,2024-01-14,2023-02-14,Youssef Mansouri,15.46,TERMINE
STG00826,STU00953,ENT0001,PP,6.0,3,2024-01-14,2023-02-14,Aisha Benjelloun,11.39,TERMINE
STG00827,STU00954,ENT0017,PP,6.0,3,2024-01-14,2023-02-14,Youssef Rami,16.02,TERMINE
STG00828,STU00955,ENT0006,PP,6.0,3,2024-01-14,2023-02-14,Fatima Fassi,11.96,TERMINE
STG00829,STU00957,ENT0019,PP,6.0,3,2024-01-14,2023-02-14,Salma Benjelloun,15.04,TERMINE
STG00830,STU00958,ENT0001,PP,6.0,3,2024-01-14,2023-02-14,Mohamed Tazi,12.26,EN_COURS
STG00831,STU00959,ENT0019,PP,6.0,3,2024-01-14,2023-02-14,Nour Naciri,17.37,TERMINE
STG00832,STU00960,ENT0017,PP,6.0,3,2024-01-14,2023-02-14,Karim Sabri,16.02,EN_COURS
STG00833,STU00962,ENT0017,PFA,1.0,3,2023-12-15,2023-02-14,Amina Benjelloun,13.86,EN_COURS
STG00834,STU00963,ENT0010,PFA,1.0,3,2023-12-15,2023-02-14,Karim Fassi,17.4,TERMINE
STG00835,STU00964,ENT0017,PFA,1.0,3,2023-12-15,2023-02-14,Ali El Amrani,15.26,TERMINE
STG00836,STU00965,ENT0006,PFA,1.0,3,2023-12-15,2023-02-14,Mehdi Idrissi,11.05,TERMINE
STG00837,STU00966,ENT0009,PFA,1.0,3,2023-12-15,2023-02-14,Khadija Alami,17.88,TERMINE
STG00838,STU00967,ENT0004,PFA,1.0,3,2023-12-15,2023-02-14,Nour Benali,17.13,TERMINE
STG00839,STU00968,ENT0012,PFA,1.0,3,2023-12-15,2023-02-14,Salma Tazi,12.71,EN_COURS
STG00840,STU00969,ENT0002,PFA,1.0,3,2023-12-15,2023-02-14,Omar Mansouri,11.15,TERMINE
STG00841,STU00970,ENT0008,PFA,1.0,3,2023-12-15,2023-02-14,Yasmine Rami,11.17,TERMINE
STG00842,STU00971,ENT0017,PFA,1.0,3,2023-12-15,2023-02-14,Youssef Sabri,17.28,EN_COURS
STG00843,STU00972,ENT0012,PFA,1.0,3,2023-12-15,2023-02-14,Youssef Chakir,16.2,TERMINE
STG00844,STU00973,ENT0007,PFA,1.0,3,2023-12-15,2023-02-14,Mehdi Naciri,17.64,TERMINE
STG00845,STU00974,ENT0008,PFA,1.0,3,2023-12-15,2023-02-14,Mehdi Idrissi,17.81,TERMINE
STG00846,STU00976,ENT0004,PFA,1.0,3,2023-12-15,2023-02-14,Yasmine Sabri,11.74,EN_COURS
STG00847,STU00977,ENT0015,PFA,1.0,3,2023-12-15,2023-02-14,Fatima Tazi,16.72,TERMINE
STG00848,STU00979,ENT0016,PFA,1.0,3,2023-12-15,2023-02-14,Ahmed Chakir,13.65,TERMINE
STG00849,STU00980,ENT0002,PFA,1.0,3,2023-12-15,2023-02-14,Hassan Rami,13.76,TERMINE
STG00850,STU00981,ENT0003,PFA,1.0,3,2023-12-15,2023-02-14,Khadija Alami,15.54,TERMINE
STG00851,STU00982,ENT0014,PFA,1.0,3,2023-12-15,2023-02-14,Youssef Mansouri,16.99,TERMINE
STG00852,STU00983,ENT0013,PFA,1.0,3,2023-12-15,2023-02-14,Fatima Sabri,15.67,EN_COURS
STG00853,STU00984,ENT0009,PFA,1.0,3,2023-12-15,2023-02-14,Nour Chakir,15.35,TERMINE
STG00854,STU00985,ENT0015,PFA,1.0,3,2023-12-15,2023-02-14,Fatima Idrissi,11.7,TERMINE
STG00855,STU00986,ENT0014,PFA,1.0,3,2023-12-15,2023-02-14,Karim Fassi,12.24,EN_COURS
STG00856,STU00988,ENT0017,PFA,1.0,3,2023-12-15,2023-02-14,Ahmed Mansouri,11.72,TERMINE
STG00857,STU00989,ENT0011,PFA,1.0,3,2023-12-15,2023-02-14,Yasmine El Amrani,17.13,TERMINE
STG00858,STU00990,ENT0015,PFA,1.0,3,2023-12-15,2023-02-14,Karim Tazi,14.66,EN_COURS
STG00859,STU00991,ENT0017,PFA,1.0,3,2023-12-15,2023-02-14,Aisha Benali,13.07,EN_COURS
STG00860,STU00992,ENT0014,PFA,1.0,3,2023-12-15,2023-02-14,Mohamed Benali,13.98,TERMINE
STG00861,STU00993,ENT0006,PFA,1.0,3,2023-12-15,2023-02-14,Omar Rami,17.37,EN_COURS
STG00862,STU00994,ENT0003,PFA,1.0,3,2023-12-15,2023-02-14,Aisha Sabri,17.58,TERMINE
STG00863,STU00995,ENT0015,PFA,1.0,3,2023-12-15,2023-02-14,Hassan Mansouri,12.36,TERMINE
STG00864,STU00996,ENT0020,PFA,1.0,3,2023-12-15,2023-02-14,Khadija Benali,12.36,TERMINE
STG00865,STU00997,ENT0009,PFA,1.0,3,2023-12-15,2023-02-14,Salma Fassi,14.93,EN_COURS
STG00866,STU00998,ENT0018,PFA,1.0,3,2023-12-15,2023-02-14,Youssef Benjelloun,17.54,EN_COURS
STG00867,STU00999,ENT0004,PFA,1.0,3,2023-12-15,2023-02-14,Mohamed Naciri,15.67,TERMINE
STG00868,STU01000,ENT0014,PFA,1.0,3,2023-12-15,2023-02-14,Ali Naciri,16.92,TERMINE
STG00869,STU01001,ENT0005,PFA,1.0,3,2023-12-15,2023-02-14,Ahmed Fassi,11.84,EN_COURS
STG00870,STU01002,ENT0003,PFA,1.0,3,2023-12-15,2023-02-14,Omar Tazi,17.47,TERMINE
STG00871,STU01003,ENT0014,PFA,1.0,3,2023-12-15,2023-02-14,Yasmine Mansouri,11.53,EN_COURS
STG00872,STU01004,ENT0014,PFA,1.0,3,2023-12-15,2023-02-14,Aisha Benali,12.77,EN_COURS
STG00873,STU01005,ENT0014,PFA,1.0,3,2023-12-15,2023-02-14,Aisha Rami,13.29,TERMINE
STG00874,STU01006,ENT0018,PFA,1.0,3,2023-12-15,2023-02-14,Aisha Alami,17.47,TERMINE
STG00875,STU01007,ENT0018,PFA,1.0,3,2023-12-15,2023-02-14,Mehdi Sabri,13.6,TERMINE
STG00876,STU01008,ENT0016,PFA,1.0,3,2023-12-15,2023-02-14,Fatima Tazi,11.02,TERMINE
STG00877,STU01009,ENT0001,PFA,1.0,3,2023-12-15,2023-02-14,Mehdi Sabri,12.49,TERMINE
STG00878,STU01010,ENT0004,PFA,1.0,3,2023-12-15,2023-02-14,Amina Tazi,14.05,TERMINE
STG00879,STU01011,ENT0020,PFA,1.0,3,2023-12-15,2023-02-14,Nour Idrissi,12.79,EN_COURS
STG00880,STU01012,ENT0016,PFA,1.0,3,2023-12-15,2023-02-14,Youssef Berrada,11.78,TERMINE
STG00881,STU01013,ENT0009,PFA,1.0,3,2023-12-15,2023-02-14,Karim Naciri,14.87,TERMINE
STG00882,STU01014,ENT0008,PFA,1.0,3,2023-12-15,2023-02-14,Nour Tazi,11.93,EN_COURS
STG00883,STU01015,ENT0008,PFA,1.0,3,2023-12-15,2023-02-14,Mohamed Benali,13.04,TERMINE
STG00884,STU01016,ENT0012,PFA,1.0,3,2023-12-15,2023-02-14,Karim Benjelloun,14.26,TERMINE
STG00885,STU01018,ENT0004,PFA,1.0,3,2023-12-15,2023-02-14,Salma Berrada,13.52,EN_COURS
STG00886,STU01019,ENT0014,PFA,1.0,3,2023-12-15,2023-02-14,Karim Rami,15.12,TERMINE
STG00887,STU01020,ENT0016,PFA,1.0,3,2023-12-15,2023-02-14,Mohamed Chakir,15.47,TERMINE
STG00888,STU01021,ENT0001,PFA,2.0,3,2023-12-15,2023-02-14,Omar Berrada,17.73,TERMINE
STG00889,STU01022,ENT0013,PFA,2.0,3,2023-12-15,2023-02-14,Amina Tazi,17.21,TERMINE
STG00890,STU01023,ENT0003,PFA,2.0,3,2023-12-15,2023-02-14,Mehdi Idrissi,11.58,TERMINE
STG00891,STU01025,ENT0015,PFA,2.0,3,2023-12-15,2023-02-14,Ahmed Berrada,15.29,TERMINE
STG00892,STU01026,ENT0007,PFA,2.0,3,2023-12-15,2023-02-14,Youssef Berrada,13.05,TERMINE
STG00893,STU01027,ENT0004,PFA,2.0,3,2023-12-15,2023-02-14,Mehdi Mansouri,17.13,TERMINE
STG00894,STU01029,ENT0020,PFA,2.0,3,2023-12-15,2023-02-14,Youssef El Amrani,12.32,TERMINE
STG00895,STU01031,ENT0008,PFA,2.0,3,2023-12-15,2023-02-14,Ahmed Mansouri,12.49,TERMINE
STG00896,STU01032,ENT0004,PFA,2.0,3,2023-12-15,2023-02-14,Hassan Naciri,15.99,TERMINE
STG00897,STU01033,ENT0019,PFA,2.0,3,2023-12-15,2023-02-14,Youssef Chakir,13.36,TERMINE
STG00898,STU01034,ENT0020,PFA,2.0,3,2023-12-15,2023-02-14,Youssef Benali,14.57,EN_COURS
STG00899,STU01035,ENT0001,PFA,2.0,3,2023-12-15,2023-02-14,Yasmine Sabri,11.01,EN_COURS
STG00900,STU01036,ENT0004,PFA,2.0,3,2023-12-15,2023-02-14,Mohamed Fassi,11.39,TERMINE
STG00901,STU01038,ENT0008,PFA,2.0,3,2023-12-15,2023-02-14,Fatima Naciri,15.48,TERMINE
STG00902,STU01039,ENT0011,PFA,2.0,3,2023-12-15,2023-02-14,Mehdi Fassi,16.96,TERMINE
STG00903,STU01040,ENT0018,PFA,2.0,3,2023-12-15,2023-02-14,Karim Benjelloun,15.23,EN_COURS
STG00904,STU01041,ENT0003,PFA,2.0,3,2023-12-15,2023-02-14,Omar Benali,14.01,TERMINE
STG00905,STU01042,ENT0015,PFA,2.0,3,2023-12-15,2023-02-14,Salma Sabri,12.58,TERMINE
STG00906,STU01043,ENT0006,PFA,2.0,3,2023-12-15,2023-02-14,Fatima Chakir,13.15,TERMINE
STG00907,STU01044,ENT0012,PFA,2.0,3,2023-12-15,2023-02-14,Youssef Chakir,16.46,TERMINE
STG00908,STU01045,ENT0018,PFA,2.0,3,2023-12-15,2023-02-14,Youssef Rami,13.48,TERMINE
STG00909,STU01046,ENT0018,PFA,2.0,3,2023-12-15,2023-02-14,Mohamed Naciri,13.84,TERMINE
STG00910,STU01047,ENT0003,PFA,2.0,3,2023-12-15,2023-02-14,Karim Fassi,11.91,TERMINE
STG00911,STU01048,ENT0015,PFA,2.0,3,2023-12-15,2023-02-14,Aisha Chakir,13.54,EN_COURS
STG00912,STU01049,ENT0012,PFA,2.0,3,2023-12-15,2023-02-14,Nour Sabri,12.18,TERMINE
STG00913,STU01050,ENT0015,PFA,2.0,3,2023-12-15,2023-02-14,Karim Alami,14.86,TERMINE
STG00914,STU01051,ENT0012,PFA,2.0,3,2023-12-15,2023-02-14,Amina Tazi,14.69,TERMINE
STG00915,STU01053,ENT0012,PFA,2.0,3,2023-12-15,2023-02-14,Mohamed Sabri,14.27,EN_COURS
STG00916,STU01054,ENT0020,PFA,2.0,3,2023-12-15,2023-02-14,Ali Benali,11.29,TERMINE
STG00917,STU01055,ENT0005,PFA,2.0,3,2023-12-15,2023-02-14,Karim Benjelloun,16.23,TERMINE
STG00918,STU01056,ENT0007,PFA,2.0,3,2023-12-15,2023-02-14,Karim Benjelloun,12.85,TERMINE
STG00919,STU01057,ENT0010,PFA,2.0,3,2023-12-15,2023-02-14,Nour Tazi,15.79,TERMINE
STG00920,STU01058,ENT0011,PFA,2.0,3,2023-12-15,2023-02-14,Ali Rami,14.13,TERMINE
STG00921,STU01059,ENT0014,PFA,2.0,3,2023-12-15,2023-02-14,Yasmine Benjelloun,12.83,TERMINE
STG00922,STU01060,ENT0010,PFA,2.0,3,2023-12-15,2023-02-14,Nour Idrissi,13.38,TERMINE
STG00923,STU01061,ENT0020,PFA,2.0,3,2023-12-15,2023-02-14,Ali Benali,16.9,TERMINE
STG00924,STU01062,ENT0018,PFA,2.0,3,2023-12-15,2023-02-14,Yasmine Tazi,14.81,EN_COURS
STG00925,STU01064,ENT0003,PFA,2.0,3,2023-12-15,2023-02-14,Omar Benali,14.56,TERMINE
STG00926,STU01065,ENT0014,PFA,2.0,3,2023-12-15,2023-02-14,Mehdi Naciri,17.27,EN_COURS
STG00927,STU01066,ENT0012,PFA,2.0,3,2023-12-15,2023-02-14,Fatima Mansouri,16.46,TERMINE
STG00928,STU01067,ENT0002,PFA,2.0,3,2023-12-15,2023-02-14,Salma Sabri,14.54,EN_COURS
STG00929,STU01068,ENT0015,PFA,2.0,3,2023-12-15,2023-02-14,Ahmed El Amrani,11.89,TERMINE
STG00930,STU01069,ENT0017,PFA,2.0,3,2023-12-15,2023-02-14,Fatima Sabri,17.72,TERMINE
STG00931,STU01070,ENT0020,PFA,2.0,3,2023-12-15,2023-02-14,Mehdi Idrissi,11.35,TERMINE
STG00932,STU01071,ENT0002,PFA,2.0,3,2023-12-15,2023-02-14,Karim Sabri,16.61,EN_COURS
STG00933,STU01072,ENT0002,PFA,2.0,3,2023-12-15,2023-02-14,Mehdi Idrissi,16.54,TERMINE
STG00934,STU01073,ENT0015,PFA,2.0,3,2023-12-15,2023-02-14,Fatima Benali,11.07,TERMINE
STG00935,STU01074,ENT0005,PFA,2.0,3,2023-12-15,2023-02-14,Mohamed Chakir,14.18,TERMINE
STG00936,STU01075,ENT0008,PFA,2.0,3,2023-12-15,2023-02-14,Karim Benjelloun,15.79,TERMINE
STG00937,STU01076,ENT0015,PFA,2.0,3,2023-12-15,2023-02-14,Aisha Sabri,15.0,TERMINE
STG00938,STU01077,ENT0001,PFA,2.0,3,2023-12-15,2023-02-14,Hassan Berrada,12.16,TERMINE
STG00939,STU01078,ENT0006,PFA,2.0,3,2023-12-15,2023-02-14,Aisha Naciri,15.91,TERMINE
STG00940,STU01079,ENT0010,PFA,2.0,3,2023-12-15,2023-02-14,Omar Chakir,12.7,EN_COURS
STG00941,STU01080,ENT0018,PFA,2.0,3,2023-12-15,2023-02-14,Karim Alami,14.58,TERMINE
STG00942,STU01081,ENT0006,PFA,3.0,3,2023-12-15,2023-02-14,Nour Benali,17.71,EN_COURS
STG00943,STU01082,ENT0010,PFA,3.0,3,2023-12-15,2023-02-14,Salma Rami,16.91,EN_COURS
STG00944,STU01084,ENT0007,PFA,3.0,3,2023-12-15,2023-02-14,Khadija Alami,11.09,TERMINE
STG00945,STU01085,ENT0009,PFA,3.0,3,2023-12-15,2023-02-14,Mohamed Berrada,17.38,TERMINE
STG00946,STU01086,ENT0015,PFA,3.0,3,2023-12-15,2023-02-14,Khadija Mansouri,14.36,TERMINE
STG00947,STU01087,ENT0008,PFA,3.0,3,2023-12-15,2023-02-14,Ali Berrada,12.58,TERMINE
STG00948,STU01088,ENT0018,PFA,3.0,3,2023-12-15,2023-02-14,Karim Rami,17.13,TERMINE
STG00949,STU01089,ENT0007,PFA,3.0,3,2023-12-15,2023-02-14,Fatima Tazi,11.84,TERMINE
STG00950,STU01090,ENT0010,PFA,3.0,3,2023-12-15,2023-02-14,Karim Idrissi,13.09,TERMINE
STG00951,STU01091,ENT0001,PFA,3.0,3,2023-12-15,2023-02-14,Salma Sabri,15.57,TERMINE
STG00952,STU01092,ENT0012,PFA,3.0,3,2023-12-15,2023-02-14,Nour Berrada,15.31,TERMINE
STG00953,STU01094,ENT0011,PFA,3.0,3,2023-12-15,2023-02-14,Karim Chakir,15.13,EN_COURS
STG00954,STU01095,ENT0018,PFA,3.0,3,2023-12-15,2023-02-14,Omar El Amrani,11.65,TERMINE
STG00955,STU01096,ENT0010,PFA,3.0,3,2023-12-15,2023-02-14,Khadija Idrissi,11.2,TERMINE
STG00956,STU01097,ENT0001,PFA,3.0,3,2023-12-15,2023-02-14,Ali Sabri,16.84,TERMINE
STG00957,STU01100,ENT0003,PFA,3.0,3,2023-12-15,2023-02-14,Fatima Benali,15.22,EN_COURS
STG00958,STU01101,ENT0019,PFA,3.0,3,2023-12-15,2023-02-14,Mehdi Alami,15.28,TERMINE
STG00959,STU01103,ENT0007,PFA,3.0,3,2023-12-15,2023-02-14,Youssef Benali,17.36,EN_COURS
STG00960,STU01104,ENT0002,PFA,3.0,3,2023-12-15,2023-02-14,Nour Tazi,16.66,TERMINE
STG00961,STU01105,ENT0005,PFA,3.0,3,2023-12-15,2023-02-14,Khadija Idrissi,17.23,EN_COURS
STG00962,STU01106,ENT0020,PFA,3.0,3,2023-12-15,2023-02-14,Yasmine Rami,12.06,TERMINE
STG00963,STU01107,ENT0006,PFA,3.0,3,2023-12-15,2023-02-14,Salma Sabri,13.85,TERMINE
STG00964,STU01108,ENT0016,PFA,3.0,3,2023-12-15,2023-02-14,Omar Sabri,14.3,TERMINE
STG00965,STU01109,ENT0014,PFA,3.0,3,2023-12-15,2023-02-14,Ali Tazi,17.3,TERMINE
STG00966,STU01110,ENT0018,PFA,3.0,3,2023-12-15,2023-02-14,Salma Benali,12.55,TERMINE
STG00967,STU01111,ENT0009,PFA,3.0,3,2023-12-15,2023-02-14,Fatima Tazi,11.23,TERMINE
STG00968,STU01113,ENT0010,PFA,3.0,3,2023-12-15,2023-02-14,Khadija Alami,16.19,EN_COURS
STG00969,STU01114,ENT0015,PFA,3.0,3,2023-12-15,2023-02-14,Yasmine Naciri,15.39,TERMINE
STG00970,STU01115,ENT0014,PFA,3.0,3,2023-12-15,2023-02-14,Karim Sabri,12.86,TERMINE
STG00971,STU01116,ENT0006,PFA,3.0,3,2023-12-15,2023-02-14,Salma Alami,17.92,TERMINE
STG00972,STU01117,ENT0015,PFA,3.0,3,2023-12-15,2023-02-14,Yasmine El Amrani,15.71,TERMINE
STG00973,STU01118,ENT0002,PFA,3.0,3,2023-12-15,2023-02-14,Hassan Chakir,15.17,TERMINE
STG00974,STU01119,ENT0020,PFA,3.0,3,2023-12-15,2023-02-14,Ahmed Chakir,16.98,TERMINE
STG00975,STU01120,ENT0009,PFA,3.0,3,2023-12-15,2023-02-14,Youssef Rami,13.78,EN_COURS
STG00976,STU01121,ENT0010,PFA,3.0,3,2023-12-15,2023-02-14,Amina Fassi,13.44,TERMINE
STG00977,STU01122,ENT0004,PFA,3.0,3,2023-12-15,2023-02-14,Mohamed El Amrani,17.12,EN_COURS
STG00978,STU01124,ENT0018,PFA,3.0,3,2023-12-15,2023-02-14,Khadija Chakir,14.07,TERMINE
STG00979,STU01125,ENT0005,PFA,3.0,3,2023-12-15,2023-02-14,Mehdi Sabri,14.91,EN_COURS
STG00980,STU01126,ENT0013,PFA,3.0,3,2023-12-15,2023-02-14,Aisha Alami,17.78,TERMINE
STG00981,STU01127,ENT0006,PFA,3.0,3,2023-12-15,2023-02-14,Omar Rami,16.67,TERMINE
STG00982,STU01128,ENT0009,PFA,3.0,3,2023-12-15,2023-02-14,Salma Idrissi,11.56,TERMINE
STG00983,STU01130,ENT0008,PFA,3.0,3,2023-12-15,2023-02-14,Salma Benali,15.39,TERMINE
STG00984,STU01131,ENT0018,PFA,3.0,3,2023-12-15,2023-02-14,Salma Fassi,13.59,TERMINE
STG00985,STU01132,ENT0010,PFA,3.0,3,2023-12-15,2023-02-14,Khadija Berrada,13.85,EN_COURS
STG00986,STU01133,ENT0006,PFA,3.0,3,2023-12-15,2023-02-14,Omar Tazi,17.37,TERMINE
STG00987,STU01134,ENT0020,PFA,3.0,3,2023-12-15,2023-02-14,Ali Mansouri,14.53,EN_COURS
STG00988,STU01135,ENT0006,PFA,3.0,3,2023-12-15,2023-02-14,Amina Alami,13.0,TERMINE
STG00989,STU01136,ENT0011,PFA,3.0,3,2023-12-15,2023-02-14,Ahmed Tazi,12.96,TERMINE
STG00990,STU01138,ENT0016,PFA,3.0,3,2023-12-15,2023-02-14,Hassan Fassi,17.97,EN_COURS
STG00991,STU01139,ENT0019,PFA,3.0,3,2023-12-15,2023-02-14,Aisha El Amrani,17.52,TERMINE
STG00992,STU01140,ENT0016,PFA,3.0,3,2023-12-15,2023-02-14,Aisha El Amrani,13.64,TERMINE
STG00993,STU01141,ENT0018,PFA,4.0,3,2023-12-15,2023-02-14,Ahmed Mansouri,12.62,TERMINE
STG00994,STU01142,ENT0001,PFA,4.0,3,2023-12-15,2023-02-14,Khadija Fassi,12.79,TERMINE
STG00995,STU01143,ENT0017,PFA,4.0,3,2023-12-15,2023-02-14,Omar Rami,11.19,EN_COURS
STG00996,STU01144,ENT0001,PFA,4.0,3,2023-12-15,2023-02-14,Ali Naciri,17.93,TERMINE
STG00997,STU01146,ENT0018,PFA,4.0,3,2023-12-15,2023-02-14,Mehdi Rami,17.33,EN_COURS
STG00998,STU01147,ENT0013,PFA,4.0,3,2023-12-15,2023-02-14,Mohamed Rami,16.82,TERMINE
STG00999,STU01148,ENT0013,PFA,4.0,3,2023-12-15,2023-02-14,Mohamed Idrissi,15.11,TERMINE
STG01000,STU01149,ENT0013,PFA,4.0,3,2023-12-15,2023-02-14,Karim Sabri,15.92,TERMINE
STG01001,STU01150,ENT0004,PFA,4.0,3,2023-12-15,2023-02-14,Hassan Mansouri,12.06,TERMINE
STG01002,STU01151,ENT0006,PFA,4.0,3,2023-12-15,2023-02-14,Karim Idrissi,15.32,TERMINE
STG01003,STU01152,ENT0020,PFA,4.0,3,2023-12-15,2023-02-14,Salma Berrada,11.68,EN_COURS
STG01004,STU01153,ENT0013,PFA,4.0,3,2023-12-15,2023-02-14,Hassan Tazi,12.25,EN_COURS
STG01005,STU01154,ENT0004,PFA,4.0,3,2023-12-15,2023-02-14,Youssef Tazi,14.42,TERMINE
STG01006,STU01155,ENT0008,PFA,4.0,3,2023-12-15,2023-02-14,Hassan Idrissi,14.04,TERMINE
STG01007,STU01156,ENT0008,PFA,4.0,3,2023-12-15,2023-02-14,Fatima Benjelloun,11.48,EN_COURS
STG01008,STU01157,ENT0019,PFA,4.0,3,2023-12-15,2023-02-14,Ali Tazi,14.57,EN_COURS
STG01009,STU01158,ENT0010,PFA,4.0,3,2023-12-15,2023-02-14,Youssef Tazi,12.86,EN_COURS
STG01010,STU01160,ENT0019,PFA,4.0,3,2023-12-15,2023-02-14,Mehdi Sabri,15.54,TERMINE
STG01011,STU01162,ENT0005,PFA,4.0,3,2023-12-15,2023-02-14,Mohamed Benali,11.78,TERMINE
STG01012,STU01163,ENT0001,PFA,4.0,3,2023-12-15,2023-02-14,Hassan Idrissi,15.29,TERMINE
STG01013,STU01164,ENT0014,PFA,4.0,3,2023-12-15,2023-02-14,Fatima Benali,13.97,TERMINE
STG01014,STU01165,ENT0018,PFA,4.0,3,2023-12-15,2023-02-14,Fatima Benjelloun,13.71,TERMINE
STG01015,STU01166,ENT0002,PFA,4.0,3,2023-12-15,2023-02-14,Aisha Sabri,16.33,TERMINE
STG01016,STU01167,ENT0017,PFA,4.0,3,2023-12-15,2023-02-14,Mohamed Benjelloun,15.26,TERMINE
STG01017,STU01168,ENT0015,PFA,4.0,3,2023-12-15,2023-02-14,Mohamed Idrissi,14.3,TERMINE
STG01018,STU01169,ENT0013,PFA,4.0,3,2023-12-15,2023-02-14,Yasmine El Amrani,14.74,TERMINE
STG01019,STU01170,ENT0013,PFA,4.0,3,2023-12-15,2023-02-14,Karim Alami,13.02,TERMINE
STG01020,STU01171,ENT0013,PFA,4.0,3,2023-12-15,2023-02-14,Fatima Rami,16.6,EN_COURS
STG01021,STU01172,ENT0019,PFA,4.0,3,2023-12-15,2023-02-14,Hassan Berrada,17.02,TERMINE
STG01022,STU01173,ENT0017,PFA,4.0,3,2023-12-15,2023-02-14,Omar Naciri,17.75,TERMINE
STG01023,STU01174,ENT0005,PFA,4.0,3,2023-12-15,2023-02-14,Hassan Fassi,14.26,TERMINE
STG01024,STU01175,ENT0011,PFA,4.0,3,2023-12-15,2023-02-14,Omar Benali,16.59,EN_COURS
STG01025,STU01176,ENT0003,PFA,4.0,3,2023-12-15,2023-02-14,Ahmed Rami,16.74,TERMINE
STG01026,STU01178,ENT0020,PFA,4.0,3,2023-12-15,2023-02-14,Ahmed Tazi,11.32,TERMINE
STG01027,STU01179,ENT0001,PFA,4.0,3,2023-12-15,2023-02-14,Amina Fassi,14.44,TERMINE
STG01028,STU01180,ENT0017,PFA,4.0,3,2023-12-15,2023-02-14,Yasmine Sabri,15.65,TERMINE
STG01029,STU01181,ENT0010,PFA,4.0,3,2023-12-15,2023-02-14,Amina Berrada,17.76,TERMINE
STG01030,STU01182,ENT0004,PFA,4.0,3,2023-12-15,2023-02-14,Youssef Rami,15.33,TERMINE
STG01031,STU01183,ENT0018,PFA,4.0,3,2023-12-15,2023-02-14,Aisha Idrissi,12.76,TERMINE
STG01032,STU01184,ENT0014,PFA,4.0,3,2023-12-15,2023-02-14,Karim Rami,17.82,TERMINE
STG01033,STU01185,ENT0013,PFA,4.0,3,2023-12-15,2023-02-14,Omar Benjelloun,15.78,TERMINE
STG01034,STU01187,ENT0016,PFA,4.0,3,2023-12-15,2023-02-14,Hassan Sabri,15.23,EN_COURS
STG01035,STU01188,ENT0012,PFA,4.0,3,2023-12-15,2023-02-14,Aisha Idrissi,13.32,EN_COURS
STG01036,STU01189,ENT0019,PFA,4.0,3,2023-12-15,2023-02-14,Youssef Tazi,15.41,EN_COURS
STG01037,STU01190,ENT0001,PFA,4.0,3,2023-12-15,2023-02-14,Youssef Benali,16.78,TERMINE
STG01038,STU01191,ENT0016,PFA,4.0,3,2023-12-15,2023-02-14,Ahmed Mansouri,15.39,EN_COURS
STG01039,STU01192,ENT0017,PFA,4.0,3,2023-12-15,2023-02-14,Mehdi Idrissi,14.23,TERMINE
STG01040,STU01194,ENT0016,PFA,4.0,3,2023-12-15,2023-02-14,Mehdi Mansouri,17.16,TERMINE
STG01041,STU01195,ENT0020,PFA,4.0,3,2023-12-15,2023-02-14,Salma El Amrani,12.16,TERMINE
STG01042,STU01196,ENT0008,PFA,4.0,3,2023-12-15,2023-02-14,Aisha Tazi,16.15,EN_COURS
STG01043,STU01197,ENT0015,PFA,4.0,3,2023-12-15,2023-02-14,Salma Benjelloun,14.54,TERMINE
STG01044,STU01198,ENT0003,PFA,4.0,3,2023-12-15,2023-02-14,Mohamed Alami,11.01,TERMINE
STG01045,STU01200,ENT0018,PFA,4.0,3,2023-12-15,2023-02-14,Omar Fassi,14.22,TERMINE
STG01046,STU01201,ENT0019,PFA,5.0,3,2023-12-15,2023-02-14,Mehdi Benjelloun,16.91,EN_COURS
STG01047,STU01202,ENT0018,PFA,5.0,3,2023-12-15,2023-02-14,Mohamed Rami,12.43,TERMINE
STG01048,STU01204,ENT0003,PFA,5.0,3,2023-12-15,2023-02-14,Salma Idrissi,12.86,TERMINE
STG01049,STU01205,ENT0006,PFA,5.0,3,2023-12-15,2023-02-14,Karim Sabri,14.88,TERMINE
STG01050,STU01206,ENT0009,PFA,5.0,3,2023-12-15,2023-02-14,Yasmine Alami,11.21,TERMINE
STG01051,STU01207,ENT0019,PFA,5.0,3,2023-12-15,2023-02-14,Aisha Mansouri,16.72,TERMINE
STG01052,STU01209,ENT0012,PFA,5.0,3,2023-12-15,2023-02-14,Fatima Rami,17.37,TERMINE
STG01053,STU01210,ENT0012,PFA,5.0,3,2023-12-15,2023-02-14,Omar Fassi,17.67,TERMINE
STG01054,STU01211,ENT0016,PFA,5.0,3,2023-12-15,2023-02-14,Youssef Benali,11.37,TERMINE
STG01055,STU01212,ENT0015,PFA,5.0,3,2023-12-15,2023-02-14,Amina Rami,15.25,EN_COURS
STG01056,STU01213,ENT0014,PFA,5.0,3,2023-12-15,2023-02-14,Ali Berrada,11.3,TERMINE
STG01057,STU01214,ENT0009,PFA,5.0,3,2023-12-15,2023-02-14,Mohamed Rami,11.32,TERMINE
STG01058,STU01215,ENT0015,PFA,5.0,3,2023-12-15,2023-02-14,Nour Sabri,17.28,EN_COURS
STG01059,STU01216,ENT0020,PFA,5.0,3,2023-12-15,2023-02-14,Ahmed Berrada,13.97,TERMINE
STG01060,STU01217,ENT0018,PFA,5.0,3,2023-12-15,2023-02-14,Mehdi Fassi,14.21,TERMINE
STG01061,STU01218,ENT0016,PFA,5.0,3,2023-12-15,2023-02-14,Nour Idrissi,14.49,EN_COURS
STG01062,STU01219,ENT0020,PFA,5.0,3,2023-12-15,2023-02-14,Salma El Amrani,13.78,TERMINE
STG01063,STU01220,ENT0010,PFA,5.0,3,2023-12-15,2023-02-14,Salma Alami,11.49,EN_COURS
STG01064,STU01221,ENT0017,PFA,5.0,3,2023-12-15,2023-02-14,Aisha Chakir,13.55,TERMINE
STG01065,STU01222,ENT0020,PFA,5.0,3,2023-12-15,2023-02-14,Amina Rami,13.94,TERMINE
STG01066,STU01223,ENT0020,PFA,5.0,3,2023-12-15,2023-02-14,Omar Sabri,11.45,TERMINE
STG01067,STU01224,ENT0002,PFA,5.0,3,2023-12-15,2023-02-14,Aisha Fassi,14.64,TERMINE
STG01068,STU01225,ENT0013,PFA,5.0,3,2023-12-15,2023-02-14,Ahmed Mansouri,13.48,EN_COURS
STG01069,STU01226,ENT0007,PFA,5.0,3,2023-12-15,2023-02-14,Karim Rami,12.28,TERMINE
STG01070,STU01227,ENT0010,PFA,5.0,3,2023-12-15,2023-02-14,Aisha Chakir,13.83,TERMINE
STG01071,STU01228,ENT0019,PFA,5.0,3,2023-12-15,2023-02-14,Karim Mansouri,17.76,TERMINE
STG01072,STU01229,ENT0010,PFA,5.0,3,2023-12-15,2023-02-14,Youssef Naciri,11.16,EN_COURS
STG01073,STU01230,ENT0006,PFA,5.0,3,2023-12-15,2023-02-14,Salma Mansouri,12.13,TERMINE
STG01074,STU01231,ENT0011,PFA,5.0,3,2023-12-15,2023-02-14,Ahmed Idrissi,12.32,EN_COURS
STG01075,STU01233,ENT0016,PFA,5.0,3,2023-12-15,2023-02-14,Aisha Benjelloun,13.03,TERMINE
STG01076,STU01234,ENT0008,PFA,5.0,3,2023-12-15,2023-02-14,Nour Mansouri,13.33,TERMINE
STG01077,STU01235,ENT0004,PFA,5.0,3,2023-12-15,2023-02-14,Mohamed Mansouri,11.4,TERMINE
STG01078,STU01236,ENT0016,PFA,5.0,3,2023-12-15,2023-02-14,Mohamed Berrada,11.9,EN_COURS
STG01079,STU01237,ENT0011,PFA,5.0,3,2023-12-15,2023-02-14,Omar Mansouri,12.02,TERMINE
STG01080,STU01238,ENT0002,PFA,5.0,3,2023-12-15,2023-02-14,Karim Naciri,12.35,TERMINE
STG01081,STU01239,ENT0004,PFA,5.0,3,2023-12-15,2023-02-14,Mohamed Alami,16.2,EN_COURS
STG01082,STU01240,ENT0004,PFA,5.0,3,2023-12-15,2023-02-14,Yasmine El Amrani,14.6,EN_COURS
STG01083,STU01241,ENT0007,PFA,5.0,3,2023-12-15,2023-02-14,Mehdi Rami,15.17,TERMINE
STG01084,STU01242,ENT0006,PFA,5.0,3,2023-12-15,2023-02-14,Mohamed Alami,15.99,TERMINE
STG01085,STU01243,ENT0007,PFA,5.0,3,2023-12-15,2023-02-14,Aisha Tazi,12.69,TERMINE
STG01086,STU01244,ENT0003,PFA,5.0,3,2023-12-15,2023-02-14,Omar Idrissi,15.15,TERMINE
STG01087,STU01245,ENT0006,PFA,5.0,3,2023-12-15,2023-02-14,Youssef Benjelloun,15.35,EN_COURS
STG01088,STU01246,ENT0001,PFA,5.0,3,2023-12-15,2023-02-14,Mohamed Sabri,16.13,TERMINE
STG01089,STU01247,ENT0014,PFA,5.0,3,2023-12-15,2023-02-14,Karim Tazi,14.18,TERMINE
STG01090,STU01249,ENT0017,PFA,5.0,3,2023-12-15,2023-02-14,Mohamed Sabri,15.78,TERMINE
STG01091,STU01250,ENT0007,PFA,5.0,3,2023-12-15,2023-02-14,Mohamed Mansouri,13.14,TERMINE
STG01092,STU01251,ENT0018,PFA,5.0,3,2023-12-15,2023-02-14,Youssef Benjelloun,16.13,TERMINE
STG01093,STU01252,ENT0004,PFA,5.0,3,2023-12-15,2023-02-14,Mohamed Berrada,15.86,EN_COURS
STG01094,STU01253,ENT0017,PFA,5.0,3,2023-12-15,2023-02-14,Ahmed Chakir,15.89,EN_COURS
STG01095,STU01254,ENT0002,PFA,5.0,3,2023-12-15,2023-02-14,Ahmed Berrada,11.98,EN_COURS
STG01096,STU01255,ENT0001,PFA,5.0,3,2023-12-15,2023-02-14,Aisha El Amrani,11.25,EN_COURS
STG01097,STU01256,ENT0014,PFA,5.0,3,2023-12-15,2023-02-14,Aisha Chakir,16.31,TERMINE
STG01098,STU01257,ENT0002,PFA,5.0,3,2023-12-15,2023-02-14,Youssef Tazi,15.95,TERMINE
STG01099,STU01258,ENT0007,PFA,5.0,3,2023-12-15,2023-02-14,Mohamed Benjelloun,16.27,TERMINE
STG01100,STU01259,ENT0006,PFA,5.0,3,2023-12-15,2023-02-14,Youssef Tazi,11.18,TERMINE
STG01101,STU01260,ENT0017,PFA,5.0,3,2023-12-15,2023-02-14,Amina Tazi,13.12,TERMINE
STG01102,STU01261,ENT0008,PFA,6.0,3,2023-12-15,2023-02-14,Salma Benali,12.61,TERMINE
STG01103,STU01262,ENT0009,PFA,6.0,3,2023-12-15,2023-02-14,Hassan Rami,12.3,EN_COURS
STG01104,STU01263,ENT0014,PFA,6.0,3,2023-12-15,2023-02-14,Ahmed Naciri,16.87,EN_COURS
STG01105,STU01264,ENT0001,PFA,6.0,3,2023-12-15,2023-02-14,Yasmine Tazi,14.96,TERMINE
STG01106,STU01265,ENT0014,PFA,6.0,3,2023-12-15,2023-02-14,Ali Tazi,11.66,EN_COURS
STG01107,STU01266,ENT0003,PFA,6.0,3,2023-12-15,2023-02-14,Hassan Benjelloun,11.06,TERMINE
STG01108,STU01268,ENT0018,PFA,6.0,3,2023-12-15,2023-02-14,Aisha Berrada,15.91,TERMINE
STG01109,STU01269,ENT0008,PFA,6.0,3,2023-12-15,2023-02-14,Youssef Tazi,14.1,TERMINE
STG01110,STU01270,ENT0008,PFA,6.0,3,2023-12-15,2023-02-14,Mehdi Mansouri,16.58,EN_COURS
STG01111,STU01271,ENT0015,PFA,6.0,3,2023-12-15,2023-02-14,Youssef Berrada,17.63,TERMINE
STG01112,STU01272,ENT0020,PFA,6.0,3,2023-12-15,2023-02-14,Salma Rami,16.0,EN_COURS
STG01113,STU01273,ENT0015,PFA,6.0,3,2023-12-15,2023-02-14,Amina Idrissi,14.08,TERMINE
STG01114,STU01274,ENT0004,PFA,6.0,3,2023-12-15,2023-02-14,Youssef Mansouri,12.55,TERMINE
STG01115,STU01275,ENT0015,PFA,6.0,3,2023-12-15,2023-02-14,Nour Tazi,16.07,TERMINE
STG01116,STU01277,ENT0012,PFA,6.0,3,2023-12-15,2023-02-14,Mehdi Berrada,13.74,TERMINE
STG01117,STU01278,ENT0018,PFA,6.0,3,2023-12-15,2023-02-14,Mehdi El Amrani,11.87,TERMINE
STG01118,STU01279,ENT0008,PFA,6.0,3,2023-12-15,2023-02-14,Youssef Naciri,17.14,EN_COURS
STG01119,STU01280,ENT0012,PFA,6.0,3,2023-12-15,2023-02-14,Ahmed Tazi,15.71,TERMINE
STG01120,STU01281,ENT0019,PFA,6.0,3,2023-12-15,2023-02-14,Ahmed Berrada,15.02,TERMINE
STG01121,STU01282,ENT0017,PFA,6.0,3,2023-12-15,2023-02-14,Aisha Berrada,12.51,TERMINE
STG01122,STU01283,ENT0006,PFA,6.0,3,2023-12-15,2023-02-14,Omar Benjelloun,11.74,TERMINE
STG01123,STU01284,ENT0007,PFA,6.0,3,2023-12-15,2023-02-14,Mohamed Benali,12.26,TERMINE
STG01124,STU01285,ENT0008,PFA,6.0,3,2023-12-15,2023-02-14,Youssef Benjelloun,13.48,TERMINE
STG01125,STU01286,ENT0016,PFA,6.0,3,2023-12-15,2023-02-14,Salma Idrissi,12.73,TERMINE
STG01126,STU01287,ENT0013,PFA,6.0,3,2023-12-15,2023-02-14,Mohamed Naciri,13.57,TERMINE
STG01127,STU01288,ENT0006,PFA,6.0,3,2023-12-15,2023-02-14,Karim Mansouri,15.3,TERMINE
STG01128,STU01289,ENT0006,PFA,6.0,3,2023-12-15,2023-02-14,Ali Naciri,15.38,TERMINE
STG01129,STU01291,ENT0018,PFA,6.0,3,2023-12-15,2023-02-14,Ali Naciri,12.35,TERMINE
STG01130,STU01292,ENT0020,PFA,6.0,3,2023-12-15,2023-02-14,Mohamed Naciri,14.18,TERMINE
STG01131,STU01293,ENT0016,PFA,6.0,3,2023-12-15,2023-02-14,Nour Mansouri,13.44,TERMINE
STG01132,STU01294,ENT0005,PFA,6.0,3,2023-12-15,2023-02-14,Omar Berrada,16.5,EN_COURS
STG01133,STU01295,ENT0002,PFA,6.0,3,2023-12-15,2023-02-14,Fatima Mansouri,12.45,TERMINE
STG01134,STU01296,ENT0019,PFA,6.0,3,2023-12-15,2023-02-14,Youssef Naciri,16.1,TERMINE
STG01135,STU01297,ENT0018,PFA,6.0,3,2023-12-15,2023-02-14,Karim Chakir,15.84,TERMINE
STG01136,STU01298,ENT0002,PFA,6.0,3,2023-12-15,2023-02-14,Mohamed Alami,12.45,TERMINE
STG01137,STU01299,ENT0016,PFA,6.0,3,2023-12-15,2023-02-14,Salma Berrada,12.01,TERMINE
STG01138,STU01300,ENT0008,PFA,6.0,3,2023-12-15,2023-02-14,Omar Berrada,13.43,TERMINE
STG01139,STU01301,ENT0007,PFA,6.0,3,2023-12-15,2023-02-14,Salma Chakir,15.75,TERMINE
STG01140,STU01302,ENT0016,PFA,6.0,3,2023-12-15,2023-02-14,Aisha Benali,14.22,TERMINE
STG01141,STU01303,ENT0010,PFA,6.0,3,2023-12-15,2023-02-14,Mohamed Idrissi,14.95,TERMINE
STG01142,STU01304,ENT0011,PFA,6.0,3,2023-12-15,2023-02-14,Karim Mansouri,11.72,TERMINE
STG01143,STU01305,ENT0007,PFA,6.0,3,2023-12-15,2023-02-14,Amina Mansouri,15.0,TERMINE
STG01144,STU01306,ENT0012,PFA,6.0,3,2023-12-15,2023-02-14,Fatima Benjelloun,16.65,EN_COURS
STG01145,STU01307,ENT0010,PFA,6.0,3,2023-12-15,2023-02-14,Aisha Benali,11.02,TERMINE
STG01146,STU01308,ENT0016,PFA,6.0,3,2023-12-15,2023-02-14,Yasmine Mansouri,12.61,TERMINE
STG01147,STU01310,ENT0004,PFA,6.0,3,2023-12-15,2023-02-14,Mehdi Idrissi,16.48,TERMINE
STG01148,STU01311,ENT0015,PFA,6.0,3,2023-12-15,2023-02-14,Yasmine Sabri,14.5,TERMINE
STG01149,STU01312,ENT0017,PFA,6.0,3,2023-12-15,2023-02-14,Nour Naciri,13.52,TERMINE
STG01150,STU01313,ENT0006,PFA,6.0,3,2023-12-15,2023-02-14,Hassan Idrissi,16.65,TERMINE
STG01151,STU01314,ENT0001,PFA,6.0,3,2023-12-15,2023-02-14,Yasmine Tazi,11.11,EN_COURS
STG01152,STU01315,ENT0005,PFA,6.0,3,2023-12-15,2023-02-14,Mohamed Idrissi,13.77,TERMINE
STG01153,STU01316,ENT0003,PFA,6.0,3,2023-12-15,2023-02-14,Salma Sabri,17.03,TERMINE
STG01154,STU01317,ENT0003,PFA,6.0,3,2023-12-15,2023-02-14,Mehdi Idrissi,13.57,TERMINE
STG01155,STU01318,ENT0004,PFA,6.0,3,2023-12-15,2023-02-14,Ali Rami,12.2,TERMINE
STG01156,STU01319,ENT0016,PFA,6.0,3,2023-12-15,2023-02-14,Nour Alami,17.87,TERMINE
STG01157,STU01320,ENT0016,PFA,6.0,3,2023-12-15,2023-02-14,Karim Benjelloun,11.76,EN_COURS
STG01158,STU01321,ENT0007,PFE,1.0,4,2023-08-17,2023-02-14,Yasmine Berrada,17.95,EN_COURS
STG01159,STU01322,ENT0007,PFE,1.0,4,2023-08-17,2023-02-14,Nour Tazi,14.05,EN_COURS
STG01160,STU01323,ENT0012,PFE,1.0,4,2023-08-17,2023-02-14,Mohamed Fassi,11.5,TERMINE
STG01161,STU01324,ENT0004,PFE,1.0,4,2023-08-17,2023-02-14,Ali Berrada,16.88,TERMINE
STG01162,STU01325,ENT0017,PFE,1.0,4,2023-08-17,2023-02-14,Nour Benali,12.8,TERMINE
STG01163,STU01326,ENT0002,PFE,1.0,4,2023-08-17,2023-02-14,Omar Berrada,17.18,EN_COURS
STG01164,STU01327,ENT0007,PFE,1.0,4,2023-08-17,2023-02-14,Amina Naciri,16.23,TERMINE
STG01165,STU01329,ENT0002,PFE,1.0,4,2023-08-17,2023-02-14,Amina Tazi,11.08,TERMINE
STG01166,STU01330,ENT0010,PFE,1.0,4,2023-08-17,2023-02-14,Ali Fassi,16.88,EN_COURS
STG01167,STU01331,ENT0020,PFE,1.0,4,2023-08-17,2023-02-14,Salma Alami,14.2,EN_COURS
STG01168,STU01332,ENT0007,PFE,1.0,4,2023-08-17,2023-02-14,Mohamed Mansouri,12.19,TERMINE
STG01169,STU01333,ENT0001,PFE,1.0,4,2023-08-17,2023-02-14,Yasmine Benjelloun,12.3,EN_COURS
STG01170,STU01334,ENT0003,PFE,1.0,4,2023-08-17,2023-02-14,Ahmed Tazi,14.29,TERMINE
STG01171,STU01335,ENT0011,PFE,1.0,4,2023-08-17,2023-02-14,Aisha Tazi,11.85,TERMINE
STG01172,STU01336,ENT0016,PFE,1.0,4,2023-08-17,2023-02-14,Ahmed Chakir,13.47,TERMINE
STG01173,STU01337,ENT0005,PFE,1.0,4,2023-08-17,2023-02-14,Salma Sabri,16.46,EN_COURS
STG01174,STU01338,ENT0016,PFE,1.0,4,2023-08-17,2023-02-14,Hassan Benjelloun,13.01,TERMINE
STG01175,STU01339,ENT0020,PFE,1.0,4,2023-08-17,2023-02-14,Yasmine Mansouri,14.5,EN_COURS
STG01176,STU01340,ENT0013,PFE,1.0,4,2023-08-17,2023-02-14,Omar Naciri,12.63,TERMINE
STG01177,STU01341,ENT0014,PFE,1.0,4,2023-08-17,2023-02-14,Aisha Benali,17.02,TERMINE
STG01178,STU01343,ENT0020,PFE,1.0,4,2023-08-17,2023-02-14,Omar Mansouri,12.64,TERMINE
STG01179,STU01344,ENT0004,PFE,1.0,4,2023-08-17,2023-02-14,Khadija Tazi,11.62,TERMINE
STG01180,STU01345,ENT0009,PFE,1.0,4,2023-08-17,2023-02-14,Nour El Amrani,14.65,TERMINE
STG01181,STU01347,ENT0002,PFE,1.0,4,2023-08-17,2023-02-14,Hassan Fassi,14.99,TERMINE
STG01182,STU01348,ENT0002,PFE,1.0,4,2023-08-17,2023-02-14,Mehdi Fassi,11.09,EN_COURS
STG01183,STU01349,ENT0007,PFE,1.0,4,2023-08-17,2023-02-14,Karim El Amrani,13.6,TERMINE
STG01184,STU01350,ENT0015,PFE,1.0,4,2023-08-17,2023-02-14,Nour Alami,16.94,TERMINE
STG01185,STU01351,ENT0019,PFE,1.0,4,2023-08-17,2023-02-14,Salma Fassi,17.26,TERMINE
STG01186,STU01352,ENT0002,PFE,1.0,4,2023-08-17,2023-02-14,Fatima Fassi,16.68,TERMINE
STG01187,STU01353,ENT0020,PFE,1.0,4,2023-08-17,2023-02-14,Nour Naciri,15.3,TERMINE
STG01188,STU01354,ENT0006,PFE,1.0,4,2023-08-17,2023-02-14,Nour Berrada,17.18,EN_COURS
STG01189,STU01355,ENT0008,PFE,1.0,4,2023-08-17,2023-02-14,Ali Sabri,17.57,TERMINE
STG01190,STU01356,ENT0016,PFE,1.0,4,2023-08-17,2023-02-14,Aisha Fassi,16.85,EN_COURS
STG01191,STU01357,ENT0012,PFE,1.0,4,2023-08-17,2023-02-14,Ali Benali,14.0,TERMINE
STG01192,STU01358,ENT0017,PFE,1.0,4,2023-08-17,2023-02-14,Amina Benali,15.87,EN_COURS
STG01193,STU01359,ENT0006,PFE,1.0,4,2023-08-17,2023-02-14,Aisha Sabri,15.69,TERMINE
STG01194,STU01360,ENT0015,PFE,1.0,4,2023-08-17,2023-02-14,Hassan Benali,11.53,TERMINE
STG01195,STU01362,ENT0005,PFE,1.0,4,2023-08-17,2023-02-14,Omar Tazi,15.94,TERMINE
STG01196,STU01363,ENT0006,PFE,1.0,4,2023-08-17,2023-02-14,Youssef Naciri,15.16,TERMINE
STG01197,STU01364,ENT0003,PFE,1.0,4,2023-08-17,2023-02-14,Omar Tazi,13.56,EN_COURS
STG01198,STU01365,ENT0019,PFE,1.0,4,2023-08-17,2023-02-14,Mohamed Idrissi,14.43,EN_COURS
STG01199,STU01366,ENT0009,PFE,1.0,4,2023-08-17,2023-02-14,Mehdi Alami,17.67,TERMINE
STG01200,STU01367,ENT0001,PFE,1.0,4,2023-08-17,2023-02-14,Hassan Tazi,17.33,TERMINE
STG01201,STU01368,ENT0008,PFE,1.0,4,2023-08-17,2023-02-14,Hassan Chakir,17.64,TERMINE
STG01202,STU01369,ENT0005,PFE,1.0,4,2023-08-17,2023-02-14,Omar Rami,14.96,TERMINE
STG01203,STU01371,ENT0003,PFE,1.0,4,2023-08-17,2023-02-14,Khadija Mansouri,12.15,TERMINE
STG01204,STU01372,ENT0014,PFE,1.0,4,2023-08-17,2023-02-14,Nour Benali,16.39,TERMINE
STG01205,STU01373,ENT0002,PFE,1.0,4,2023-08-17,2023-02-14,Ahmed Rami,17.71,TERMINE
STG01206,STU01374,ENT0005,PFE,1.0,4,2023-08-17,2023-02-14,Mohamed Berrada,12.95,TERMINE
STG01207,STU01375,ENT0008,PFE,1.0,4,2023-08-17,2023-02-14,Nour Benjelloun,12.83,EN_COURS
STG01208,STU01376,ENT0014,PFE,1.0,4,2023-08-17,2023-02-14,Fatima Sabri,16.49,TERMINE
STG01209,STU01377,ENT0020,PFE,1.0,4,2023-08-17,2023-02-14,Mohamed El Amrani,15.71,TERMINE
STG01210,STU01379,ENT0019,PFE,1.0,4,2023-08-17,2023-02-14,Youssef El Amrani,14.81,TERMINE
STG01211,STU01380,ENT0008,PFE,1.0,4,2023-08-17,2023-02-14,Hassan Chakir,11.78,EN_COURS
STG01212,STU01381,ENT0019,PFE,2.0,4,2023-08-17,2023-02-14,Karim Fassi,15.82,TERMINE
STG01213,STU01382,ENT0020,PFE,2.0,4,2023-08-17,2023-02-14,Fatima Tazi,17.67,TERMINE
STG01214,STU01383,ENT0016,PFE,2.0,4,2023-08-17,2023-02-14,Amina Tazi,12.39,TERMINE
STG01215,STU01384,ENT0002,PFE,2.0,4,2023-08-17,2023-02-14,Ali Chakir,14.47,TERMINE
STG01216,STU01385,ENT0006,PFE,2.0,4,2023-08-17,2023-02-14,Karim El Amrani,12.92,TERMINE
STG01217,STU01386,ENT0014,PFE,2.0,4,2023-08-17,2023-02-14,Yasmine Naciri,16.06,TERMINE
STG01218,STU01387,ENT0016,PFE,2.0,4,2023-08-17,2023-02-14,Nour Fassi,17.24,TERMINE
STG01219,STU01389,ENT0018,PFE,2.0,4,2023-08-17,2023-02-14,Ahmed Rami,14.66,TERMINE
STG01220,STU01390,ENT0003,PFE,2.0,4,2023-08-17,2023-02-14,Ahmed Alami,13.87,TERMINE
STG01221,STU01391,ENT0008,PFE,2.0,4,2023-08-17,2023-02-14,Hassan Fassi,16.91,TERMINE
STG01222,STU01393,ENT0017,PFE,2.0,4,2023-08-17,2023-02-14,Aisha Sabri,14.97,TERMINE
STG01223,STU01394,ENT0007,PFE,2.0,4,2023-08-17,2023-02-14,Amina Sabri,14.86,EN_COURS
STG01224,STU01395,ENT0004,PFE,2.0,4,2023-08-17,2023-02-14,Nour Naciri,12.44,TERMINE
STG01225,STU01397,ENT0012,PFE,2.0,4,2023-08-17,2023-02-14,Ahmed Mansouri,16.74,TERMINE
STG01226,STU01398,ENT0014,PFE,2.0,4,2023-08-17,2023-02-14,Ahmed El Amrani,15.62,TERMINE
STG01227,STU01399,ENT0016,PFE,2.0,4,2023-08-17,2023-02-14,Omar Benjelloun,15.9,EN_COURS
STG01228,STU01400,ENT0009,PFE,2.0,4,2023-08-17,2023-02-14,Aisha Benali,17.68,TERMINE
STG01229,STU01401,ENT0005,PFE,2.0,4,2023-08-17,2023-02-14,Aisha Idrissi,16.65,TERMINE
STG01230,STU01402,ENT0007,PFE,2.0,4,2023-08-17,2023-02-14,Ali Naciri,13.52,EN_COURS
STG01231,STU01403,ENT0020,PFE,2.0,4,2023-08-17,2023-02-14,Nour Alami,13.27,TERMINE
STG01232,STU01404,ENT0015,PFE,2.0,4,2023-08-17,2023-02-14,Omar Alami,12.77,TERMINE
STG01233,STU01405,ENT0013,PFE,2.0,4,2023-08-17,2023-02-14,Nour Fassi,16.07,EN_COURS
STG01234,STU01406,ENT0007,PFE,2.0,4,2023-08-17,2023-02-14,Ahmed Tazi,12.22,EN_COURS
STG01235,STU01407,ENT0007,PFE,2.0,4,2023-08-17,2023-02-14,Khadija Mansouri,12.74,TERMINE
STG01236,STU01408,ENT0008,PFE,2.0,4,2023-08-17,2023-02-14,Nour Berrada,15.41,TERMINE
STG01237,STU01409,ENT0006,PFE,2.0,4,2023-08-17,2023-02-14,Khadija Naciri,11.25,TERMINE
STG01238,STU01410,ENT0008,PFE,2.0,4,2023-08-17,2023-02-14,Fatima Berrada,17.54,TERMINE
STG01239,STU01411,ENT0019,PFE,2.0,4,2023-08-17,2023-02-14,Salma Benali,14.73,TERMINE
STG01240,STU01412,ENT0017,PFE,2.0,4,2023-08-17,2023-02-14,Ahmed Idrissi,16.69,EN_COURS
STG01241,STU01413,ENT0004,PFE,2.0,4,2023-08-17,2023-02-14,Khadija Sabri,12.35,TERMINE
STG01242,STU01414,ENT0012,PFE,2.0,4,2023-08-17,2023-02-14,Youssef Berrada,17.84,EN_COURS
STG01243,STU01415,ENT0001,PFE,2.0,4,2023-08-17,2023-02-14,Nour Alami,16.85,TERMINE
STG01244,STU01416,ENT0016,PFE,2.0,4,2023-08-17,2023-02-14,Mehdi Fassi,14.12,TERMINE
STG01245,STU01417,ENT0017,PFE,2.0,4,2023-08-17,2023-02-14,Khadija Naciri,11.58,EN_COURS
STG01246,STU01420,ENT0014,PFE,2.0,4,2023-08-17,2023-02-14,Mohamed Berrada,16.22,TERMINE
STG01247,STU01421,ENT0011,PFE,2.0,4,2023-08-17,2023-02-14,Aisha Alami,16.86,TERMINE
STG01248,STU01422,ENT0016,PFE,2.0,4,2023-08-17,2023-02-14,Salma Tazi,14.77,TERMINE
STG01249,STU01423,ENT0013,PFE,2.0,4,2023-08-17,2023-02-14,Ahmed Berrada,11.79,TERMINE
STG01250,STU01424,ENT0002,PFE,2.0,4,2023-08-17,2023-02-14,Fatima Fassi,17.37,TERMINE
STG01251,STU01426,ENT0001,PFE,2.0,4,2023-08-17,2023-02-14,Mohamed El Amrani,16.33,TERMINE
STG01252,STU01427,ENT0014,PFE,2.0,4,2023-08-17,2023-02-14,Fatima Benali,15.12,EN_COURS
STG01253,STU01428,ENT0009,PFE,2.0,4,2023-08-17,2023-02-14,Salma El Amrani,14.23,TERMINE
STG01254,STU01429,ENT0013,PFE,2.0,4,2023-08-17,2023-02-14,Fatima El Amrani,13.6,TERMINE
STG01255,STU01430,ENT0011,PFE,2.0,4,2023-08-17,2023-02-14,Karim Rami,17.08,TERMINE
STG01256,STU01431,ENT0009,PFE,2.0,4,2023-08-17,2023-02-14,Amina Alami,14.89,EN_COURS
STG01257,STU01432,ENT0001,PFE,2.0,4,2023-08-17,2023-02-14,Karim Benali,13.6,TERMINE
STG01258,STU01433,ENT0004,PFE,2.0,4,2023-08-17,2023-02-14,Ahmed Fassi,16.85,TERMINE
STG01259,STU01434,ENT0014,PFE,2.0,4,2023-08-17,2023-02-14,Salma Benjelloun,16.44,TERMINE
STG01260,STU01435,ENT0019,PFE,2.0,4,2023-08-17,2023-02-14,Khadija Rami,14.71,TERMINE
STG01261,STU01436,ENT0008,PFE,2.0,4,2023-08-17,2023-02-14,Ahmed Mansouri,13.86,TERMINE
STG01262,STU01437,ENT0019,PFE,2.0,4,2023-08-17,2023-02-14,Yasmine Sabri,12.09,TERMINE
STG01263,STU01438,ENT0017,PFE,2.0,4,2023-08-17,2023-02-14,Youssef Idrissi,16.48,TERMINE
STG01264,STU01439,ENT0013,PFE,2.0,4,2023-08-17,2023-02-14,Ahmed Tazi,15.87,TERMINE
STG01265,STU01440,ENT0014,PFE,2.0,4,2023-08-17,2023-02-14,Karim Chakir,11.69,EN_COURS
STG01266,STU01441,ENT0020,PFE,3.0,4,2023-08-17,2023-02-14,Aisha Naciri,17.4,TERMINE
STG01267,STU01442,ENT0007,PFE,3.0,4,2023-08-17,2023-02-14,Fatima Idrissi,13.48,TERMINE
STG01268,STU01443,ENT0008,PFE,3.0,4,2023-08-17,2023-02-14,Fatima Naciri,16.73,TERMINE
STG01269,STU01444,ENT0008,PFE,3.0,4,2023-08-17,2023-02-14,Khadija Naciri,16.02,EN_COURS
STG01270,STU01446,ENT0016,PFE,3.0,4,2023-08-17,2023-02-14,Mohamed Berrada,17.32,TERMINE
STG01271,STU01447,ENT0009,PFE,3.0,4,2023-08-17,2023-02-14,Amina Tazi,12.84,TERMINE
STG01272,STU01448,ENT0014,PFE,3.0,4,2023-08-17,2023-02-14,Amina Rami,15.29,TERMINE
STG01273,STU01449,ENT0017,PFE,3.0,4,2023-08-17,2023-02-14,Hassan Mansouri,12.26,TERMINE
STG01274,STU01450,ENT0007,PFE,3.0,4,2023-08-17,2023-02-14,Mehdi El Amrani,11.92,EN_COURS
STG01275,STU01451,ENT0013,PFE,3.0,4,2023-08-17,2023-02-14,Omar Idrissi,16.78,TERMINE
STG01276,STU01452,ENT0020,PFE,3.0,4,2023-08-17,2023-02-14,Aisha El Amrani,15.93,EN_COURS
STG01277,STU01453,ENT0007,PFE,3.0,4,2023-08-17,2023-02-14,Karim Naciri,14.64,TERMINE
STG01278,STU01454,ENT0012,PFE,3.0,4,2023-08-17,2023-02-14,Ahmed Tazi,13.28,TERMINE
STG01279,STU01456,ENT0006,PFE,3.0,4,2023-08-17,2023-02-14,Mohamed Rami,17.55,TERMINE
STG01280,STU01458,ENT0008,PFE,3.0,4,2023-08-17,2023-02-14,Khadija Tazi,17.51,TERMINE
STG01281,STU01459,ENT0005,PFE,3.0,4,2023-08-17,2023-02-14,Yasmine Fassi,12.39,TERMINE
STG01282,STU01460,ENT0003,PFE,3.0,4,2023-08-17,2023-02-14,Amina Sabri,15.34,EN_COURS
STG01283,STU01461,ENT0020,PFE,3.0,4,2023-08-17,2023-02-14,Youssef Benali,13.1,TERMINE
STG01284,STU01462,ENT0001,PFE,3.0,4,2023-08-17,2023-02-14,Salma Idrissi,16.57,EN_COURS
STG01285,STU01463,ENT0006,PFE,3.0,4,2023-08-17,2023-02-14,Mehdi Rami,14.35,TERMINE
STG01286,STU01464,ENT0008,PFE,3.0,4,2023-08-17,2023-02-14,Salma Tazi,17.67,EN_COURS
STG01287,STU01465,ENT0008,PFE,3.0,4,2023-08-17,2023-02-14,Salma Rami,13.63,EN_COURS
STG01288,STU01466,ENT0006,PFE,3.0,4,2023-08-17,2023-02-14,Omar Benjelloun,14.02,EN_COURS
STG01289,STU01467,ENT0006,PFE,3.0,4,2023-08-17,2023-02-14,Salma Tazi,11.11,EN_COURS
STG01290,STU01468,ENT0009,PFE,3.0,4,2023-08-17,2023-02-14,Salma Chakir,11.63,TERMINE
STG01291,STU01469,ENT0015,PFE,3.0,4,2023-08-17,2023-02-14,Amina Berrada,14.3,TERMINE
STG01292,STU01470,ENT0013,PFE,3.0,4,2023-08-17,2023-02-14,Mehdi Mansouri,17.41,TERMINE
STG01293,STU01471,ENT0010,PFE,3.0,4,2023-08-17,2023-02-14,Fatima El Amrani,13.1,TERMINE
STG01294,STU01472,ENT0018,PFE,3.0,4,2023-08-17,2023-02-14,Fatima Benjelloun,16.28,TERMINE
STG01295,STU01473,ENT0011,PFE,3.0,4,2023-08-17,2023-02-14,Khadija Benali,13.18,TERMINE
STG01296,STU01474,ENT0015,PFE,3.0,4,2023-08-17,2023-02-14,Nour Fassi,15.37,TERMINE
STG01297,STU01475,ENT0017,PFE,3.0,4,2023-08-17,2023-02-14,Nour Berrada,13.01,EN_COURS
STG01298,STU01477,ENT0001,PFE,3.0,4,2023-08-17,2023-02-14,Fatima Idrissi,16.0,TERMINE
STG01299,STU01478,ENT0005,PFE,3.0,4,2023-08-17,2023-02-14,Khadija Idrissi,11.8,TERMINE
STG01300,STU01479,ENT0005,PFE,3.0,4,2023-08-17,2023-02-14,Karim Tazi,15.61,EN_COURS
STG01301,STU01480,ENT0019,PFE,3.0,4,2023-08-17,2023-02-14,Salma Benjelloun,13.6,TERMINE
STG01302,STU01482,ENT0002,PFE,3.0,4,2023-08-17,2023-02-14,Yasmine Alami,15.88,TERMINE
STG01303,STU01483,ENT0008,PFE,3.0,4,2023-08-17,2023-02-14,Karim Berrada,15.78,TERMINE
STG01304,STU01484,ENT0007,PFE,3.0,4,2023-08-17,2023-02-14,Ali Tazi,14.14,EN_COURS
STG01305,STU01485,ENT0015,PFE,3.0,4,2023-08-17,2023-02-14,Aisha Naciri,17.2,EN_COURS
STG01306,STU01486,ENT0017,PFE,3.0,4,2023-08-17,2023-02-14,Omar El Amrani,12.57,TERMINE
STG01307,STU01488,ENT0007,PFE,3.0,4,2023-08-17,2023-02-14,Salma Benali,17.71,TERMINE
STG01308,STU01489,ENT0001,PFE,3.0,4,2023-08-17,2023-02-14,Khadija Alami,17.33,EN_COURS
STG01309,STU01490,ENT0013,PFE,3.0,4,2023-08-17,2023-02-14,Nour Benjelloun,15.38,TERMINE
STG01310,STU01491,ENT0014,PFE,3.0,4,2023-08-17,2023-02-14,Youssef El Amrani,12.3,TERMINE
STG01311,STU01492,ENT0012,PFE,3.0,4,2023-08-17,2023-02-14,Karim Chakir,17.3,TERMINE
STG01312,STU01494,ENT0014,PFE,3.0,4,2023-08-17,2023-02-14,Nour Naciri,13.42,TERMINE
STG01313,STU01495,ENT0006,PFE,3.0,4,2023-08-17,2023-02-14,Karim Tazi,16.67,TERMINE
STG01314,STU01496,ENT0016,PFE,3.0,4,2023-08-17,2023-02-14,Aisha Idrissi,17.31,TERMINE
STG01315,STU01498,ENT0017,PFE,3.0,4,2023-08-17,2023-02-14,Mohamed Berrada,13.34,TERMINE
STG01316,STU01499,ENT0008,PFE,3.0,4,2023-08-17,2023-02-14,Youssef Berrada,15.65,TERMINE
STG01317,STU01500,ENT0011,PFE,3.0,4,2023-08-17,2023-02-14,Mehdi Benali,11.56,TERMINE
STG01318,STU01502,ENT0012,PFE,4.0,4,2023-08-17,2023-02-14,Yasmine Berrada,15.84,TERMINE
STG01319,STU01503,ENT0008,PFE,4.0,4,2023-08-17,2023-02-14,Khadija Sabri,12.6,TERMINE
STG01320,STU01504,ENT0014,PFE,4.0,4,2023-08-17,2023-02-14,Ali Berrada,14.1,TERMINE
STG01321,STU01505,ENT0015,PFE,4.0,4,2023-08-17,2023-02-14,Khadija Rami,17.77,TERMINE
STG01322,STU01507,ENT0003,PFE,4.0,4,2023-08-17,2023-02-14,Fatima Idrissi,15.39,TERMINE
STG01323,STU01508,ENT0010,PFE,4.0,4,2023-08-17,2023-02-14,Aisha Idrissi,17.63,TERMINE
STG01324,STU01509,ENT0018,PFE,4.0,4,2023-08-17,2023-02-14,Youssef Tazi,11.08,TERMINE
STG01325,STU01510,ENT0007,PFE,4.0,4,2023-08-17,2023-02-14,Youssef Tazi,14.61,TERMINE
STG01326,STU01511,ENT0003,PFE,4.0,4,2023-08-17,2023-02-14,Mehdi Berrada,14.37,EN_COURS
STG01327,STU01512,ENT0020,PFE,4.0,4,2023-08-17,2023-02-14,Hassan Mansouri,15.86,TERMINE
STG01328,STU01513,ENT0009,PFE,4.0,4,2023-08-17,2023-02-14,Fatima Alami,11.64,TERMINE
STG01329,STU01514,ENT0003,PFE,4.0,4,2023-08-17,2023-02-14,Fatima Rami,13.32,TERMINE
STG01330,STU01515,ENT0010,PFE,4.0,4,2023-08-17,2023-02-14,Hassan Fassi,12.62,EN_COURS
STG01331,STU01516,ENT0013,PFE,4.0,4,2023-08-17,2023-02-14,Aisha Chakir,13.84,EN_COURS
STG01332,STU01518,ENT0012,PFE,4.0,4,2023-08-17,2023-02-14,Amina Berrada,15.62,TERMINE
STG01333,STU01519,ENT0006,PFE,4.0,4,2023-08-17,2023-02-14,Nour Sabri,17.61,TERMINE
STG01334,STU01520,ENT0003,PFE,4.0,4,2023-08-17,2023-02-14,Nour Alami,11.66,TERMINE
STG01335,STU01521,ENT0004,PFE,4.0,4,2023-08-17,2023-02-14,Youssef Mansouri,14.37,TERMINE
STG01336,STU01522,ENT0020,PFE,4.0,4,2023-08-17,2023-02-14,Mohamed Benjelloun,17.97,TERMINE
STG01337,STU01523,ENT0008,PFE,4.0,4,2023-08-17,2023-02-14,Salma Benjelloun,16.54,TERMINE
STG01338,STU01524,ENT0002,PFE,4.0,4,2023-08-17,2023-02-14,Ali Chakir,17.47,TERMINE
STG01339,STU01525,ENT0014,PFE,4.0,4,2023-08-17,2023-02-14,Yasmine Sabri,12.51,TERMINE
STG01340,STU01526,ENT0014,PFE,4.0,4,2023-08-17,2023-02-14,Youssef Alami,16.59,TERMINE
STG01341,STU01527,ENT0017,PFE,4.0,4,2023-08-17,2023-02-14,Mehdi Benali,12.62,TERMINE
STG01342,STU01529,ENT0017,PFE,4.0,4,2023-08-17,2023-02-14,Youssef Naciri,12.72,TERMINE
STG01343,STU01530,ENT0002,PFE,4.0,4,2023-08-17,2023-02-14,Hassan Sabri,17.9,TERMINE
STG01344,STU01531,ENT0001,PFE,4.0,4,2023-08-17,2023-02-14,Yasmine Mansouri,14.67,TERMINE
STG01345,STU01532,ENT0003,PFE,4.0,4,2023-08-17,2023-02-14,Aisha Naciri,17.62,TERMINE
STG01346,STU01533,ENT0009,PFE,4.0,4,2023-08-17,2023-02-14,Nour Naciri,17.2,TERMINE
STG01347,STU01534,ENT0020,PFE,4.0,4,2023-08-17,2023-02-14,Ahmed Fassi,11.13,EN_COURS
STG01348,STU01535,ENT0020,PFE,4.0,4,2023-08-17,2023-02-14,Omar Tazi,15.04,TERMINE
STG01349,STU01536,ENT0008,PFE,4.0,4,2023-08-17,2023-02-14,Mehdi Rami,12.2,EN_COURS
STG01350,STU01537,ENT0008,PFE,4.0,4,2023-08-17,2023-02-14,Omar El Amrani,11.5,EN_COURS
STG01351,STU01538,ENT0010,PFE,4.0,4,2023-08-17,2023-02-14,Karim El Amrani,16.26,EN_COURS
STG01352,STU01539,ENT0016,PFE,4.0,4,2023-08-17,2023-02-14,Amina Rami,13.65,TERMINE
STG01353,STU01541,ENT0018,PFE,4.0,4,2023-08-17,2023-02-14,Aisha Alami,14.32,TERMINE
STG01354,STU01542,ENT0014,PFE,4.0,4,2023-08-17,2023-02-14,Salma Mansouri,11.81,EN_COURS
STG01355,STU01543,ENT0006,PFE,4.0,4,2023-08-17,2023-02-14,Mehdi El Amrani,12.98,EN_COURS
STG01356,STU01544,ENT0015,PFE,4.0,4,2023-08-17,2023-02-14,Khadija Alami,16.22,TERMINE
STG01357,STU01545,ENT0015,PFE,4.0,4,2023-08-17,2023-02-14,Youssef Rami,14.1,TERMINE
STG01358,STU01546,ENT0011,PFE,4.0,4,2023-08-17,2023-02-14,Ali Idrissi,17.96,TERMINE
STG01359,STU01547,ENT0015,PFE,4.0,4,2023-08-17,2023-02-14,Salma Idrissi,11.72,EN_COURS
STG01360,STU01548,ENT0007,PFE,4.0,4,2023-08-17,2023-02-14,Ali Idrissi,14.79,TERMINE
STG01361,STU01549,ENT0006,PFE,4.0,4,2023-08-17,2023-02-14,Youssef Idrissi,11.7,TERMINE
STG01362,STU01550,ENT0011,PFE,4.0,4,2023-08-17,2023-02-14,Yasmine Benjelloun,11.47,TERMINE
STG01363,STU01551,ENT0006,PFE,4.0,4,2023-08-17,2023-02-14,Mehdi Rami,11.29,EN_COURS
STG01364,STU01552,ENT0011,PFE,4.0,4,2023-08-17,2023-02-14,Karim Fassi,14.36,EN_COURS
STG01365,STU01553,ENT0005,PFE,4.0,4,2023-08-17,2023-02-14,Youssef Tazi,15.57,EN_COURS
STG01366,STU01554,ENT0008,PFE,4.0,4,2023-08-17,2023-02-14,Karim Tazi,14.18,TERMINE
STG01367,STU01555,ENT0004,PFE,4.0,4,2023-08-17,2023-02-14,Aisha Chakir,11.65,TERMINE
STG01368,STU01556,ENT0002,PFE,4.0,4,2023-08-17,2023-02-14,Ahmed Rami,12.12,TERMINE
STG01369,STU01558,ENT0010,PFE,4.0,4,2023-08-17,2023-02-14,Ahmed Sabri,17.62,TERMINE
STG01370,STU01560,ENT0015,PFE,4.0,4,2023-08-17,2023-02-14,Yasmine Fassi,13.61,TERMINE
STG01371,STU01561,ENT0017,PFE,5.0,4,2023-08-17,2023-02-14,Hassan Mansouri,13.02,TERMINE
STG01372,STU01562,ENT0019,PFE,5.0,4,2023-08-17,2023-02-14,Salma Sabri,12.67,TERMINE
STG01373,STU01563,ENT0005,PFE,5.0,4,2023-08-17,2023-02-14,Khadija Idrissi,16.07,EN_COURS
STG01374,STU01564,ENT0003,PFE,5.0,4,2023-08-17,2023-02-14,Karim Berrada,12.32,EN_COURS
STG01375,STU01565,ENT0011,PFE,5.0,4,2023-08-17,2023-02-14,Mehdi El Amrani,16.05,TERMINE
STG01376,STU01566,ENT0005,PFE,5.0,4,2023-08-17,2023-02-14,Salma Alami,12.36,TERMINE
STG01377,STU01567,ENT0018,PFE,5.0,4,2023-08-17,2023-02-14,Ali Benali,17.22,TERMINE
STG01378,STU01568,ENT0020,PFE,5.0,4,2023-08-17,2023-02-14,Nour Idrissi,15.0,TERMINE
STG01379,STU01569,ENT0013,PFE,5.0,4,2023-08-17,2023-02-14,Khadija Benjelloun,14.17,EN_COURS
STG01380,STU01570,ENT0016,PFE,5.0,4,2023-08-17,2023-02-14,Amina Fassi,17.01,EN_COURS
STG01381,STU01572,ENT0007,PFE,5.0,4,2023-08-17,2023-02-14,Karim El Amrani,17.26,TERMINE
STG01382,STU01573,ENT0020,PFE,5.0,4,2023-08-17,2023-02-14,Omar Rami,15.44,EN_COURS
STG01383,STU01574,ENT0006,PFE,5.0,4,2023-08-17,2023-02-14,Omar Tazi,11.41,TERMINE
STG01384,STU01575,ENT0012,PFE,5.0,4,2023-08-17,2023-02-14,Karim Idrissi,15.22,EN_COURS
STG01385,STU01576,ENT0003,PFE,5.0,4,2023-08-17,2023-02-14,Ahmed Mansouri,14.02,EN_COURS
STG01386,STU01577,ENT0005,PFE,5.0,4,2023-08-17,2023-02-14,Khadija Chakir,14.17,TERMINE
STG01387,STU01578,ENT0019,PFE,5.0,4,2023-08-17,2023-02-14,Youssef Mansouri,14.43,TERMINE
STG01388,STU01580,ENT0006,PFE,5.0,4,2023-08-17,2023-02-14,Karim Tazi,15.7,EN_COURS
STG01389,STU01582,ENT0016,PFE,5.0,4,2023-08-17,2023-02-14,Aisha Sabri,13.2,TERMINE
STG01390,STU01584,ENT0016,PFE,5.0,4,2023-08-17,2023-02-14,Mohamed Benali,16.74,TERMINE
STG01391,STU01585,ENT0003,PFE,5.0,4,2023-08-17,2023-02-14,Ali Idrissi,16.31,EN_COURS
STG01392,STU01588,ENT0001,PFE,5.0,4,2023-08-17,2023-02-14,Khadija Sabri,12.08,TERMINE
STG01393,STU01590,ENT0015,PFE,5.0,4,2023-08-17,2023-02-14,Salma Chakir,15.28,TERMINE
STG01394,STU01591,ENT0004,PFE,5.0,4,2023-08-17,2023-02-14,Fatima Mansouri,14.35,EN_COURS
STG01395,STU01592,ENT0010,PFE,5.0,4,2023-08-17,2023-02-14,Mehdi Berrada,16.94,TERMINE
STG01396,STU01593,ENT0018,PFE,5.0,4,2023-08-17,2023-02-14,Amina Alami,12.95,TERMINE
STG01397,STU01595,ENT0020,PFE,5.0,4,2023-08-17,2023-02-14,Ahmed Benali,15.75,TERMINE
STG01398,STU01596,ENT0001,PFE,5.0,4,2023-08-17,2023-02-14,Khadija El Amrani,13.95,TERMINE
STG01399,STU01597,ENT0013,PFE,5.0,4,2023-08-17,2023-02-14,Yasmine Tazi,12.21,EN_COURS
STG01400,STU01598,ENT0006,PFE,5.0,4,2023-08-17,2023-02-14,Karim Idrissi,13.49,EN_COURS
STG01401,STU01599,ENT0011,PFE,5.0,4,2023-08-17,2023-02-14,Khadija Chakir,14.48,EN_COURS
STG01402,STU01600,ENT0014,PFE,5.0,4,2023-08-17,2023-02-14,Ali Sabri,14.65,TERMINE
STG01403,STU01601,ENT0016,PFE,5.0,4,2023-08-17,2023-02-14,Nour Mansouri,11.49,TERMINE
STG01404,STU01602,ENT0011,PFE,5.0,4,2023-08-17,2023-02-14,Mehdi Rami,17.39,TERMINE
STG01405,STU01603,ENT0004,PFE,5.0,4,2023-08-17,2023-02-14,Mohamed Idrissi,15.28,TERMINE
STG01406,STU01604,ENT0011,PFE,5.0,4,2023-08-17,2023-02-14,Nour Mansouri,11.86,EN_COURS
STG01407,STU01605,ENT0008,PFE,5.0,4,2023-08-17,2023-02-14,Nour Sabri,15.29,TERMINE
STG01408,STU01606,ENT0010,PFE,5.0,4,2023-08-17,2023-02-14,Youssef Berrada,14.65,TERMINE
STG01409,STU01608,ENT0015,PFE,5.0,4,2023-08-17,2023-02-14,Youssef Sabri,17.35,TERMINE
STG01410,STU01609,ENT0009,PFE,5.0,4,2023-08-17,2023-02-14,Karim Rami,11.52,TERMINE
STG01411,STU01610,ENT0016,PFE,5.0,4,2023-08-17,2023-02-14,Fatima El Amrani,16.36,TERMINE
STG01412,STU01611,ENT0009,PFE,5.0,4,2023-08-17,2023-02-14,Youssef Rami,11.22,TERMINE
STG01413,STU01612,ENT0002,PFE,5.0,4,2023-08-17,2023-02-14,Youssef Rami,14.13,TERMINE
STG01414,STU01613,ENT0016,PFE,5.0,4,2023-08-17,2023-02-14,Ahmed Benjelloun,17.27,TERMINE
STG01415,STU01614,ENT0013,PFE,5.0,4,2023-08-17,2023-02-14,Aisha Naciri,11.92,TERMINE
STG01416,STU01615,ENT0004,PFE,5.0,4,2023-08-17,2023-02-14,Fatima Rami,14.18,TERMINE
STG01417,STU01616,ENT0004,PFE,5.0,4,2023-08-17,2023-02-14,Ali Naciri,12.64,TERMINE
STG01418,STU01617,ENT0002,PFE,5.0,4,2023-08-17,2023-02-14,Ahmed Sabri,12.94,TERMINE
STG01419,STU01618,ENT0007,PFE,5.0,4,2023-08-17,2023-02-14,Ahmed Alami,17.91,EN_COURS
STG01420,STU01619,ENT0004,PFE,5.0,4,2023-08-17,2023-02-14,Khadija Mansouri,13.35,EN_COURS
STG01421,STU01620,ENT0016,PFE,5.0,4,2023-08-17,2023-02-14,Ali Mansouri,13.32,TERMINE
STG01422,STU01621,ENT0012,PFE,6.0,4,2023-08-17,2023-02-14,Nour Sabri,11.13,TERMINE
STG01423,STU01622,ENT0002,PFE,6.0,4,2023-08-17,2023-02-14,Yasmine Sabri,13.35,TERMINE
STG01424,STU01623,ENT0004,PFE,6.0,4,2023-08-17,2023-02-14,Yasmine Berrada,16.18,TERMINE
STG01425,STU01624,ENT0008,PFE,6.0,4,2023-08-17,2023-02-14,Fatima El Amrani,16.06,TERMINE
STG01426,STU01625,ENT0020,PFE,6.0,4,2023-08-17,2023-02-14,Ahmed Mansouri,11.47,TERMINE
STG01427,STU01627,ENT0017,PFE,6.0,4,2023-08-17,2023-02-14,Amina Benjelloun,15.96,EN_COURS
STG01428,STU01628,ENT0001,PFE,6.0,4,2023-08-17,2023-02-14,Ahmed Sabri,13.0,TERMINE
STG01429,STU01629,ENT0014,PFE,6.0,4,2023-08-17,2023-02-14,Mehdi Rami,12.54,TERMINE
STG01430,STU01630,ENT0011,PFE,6.0,4,2023-08-17,2023-02-14,Karim Benali,16.13,TERMINE
STG01431,STU01632,ENT0012,PFE,6.0,4,2023-08-17,2023-02-14,Ahmed Mansouri,13.76,EN_COURS
STG01432,STU01633,ENT0017,PFE,6.0,4,2023-08-17,2023-02-14,Khadija Fassi,12.92,TERMINE
STG01433,STU01634,ENT0013,PFE,6.0,4,2023-08-17,2023-02-14,Salma Naciri,13.36,TERMINE
STG01434,STU01635,ENT0011,PFE,6.0,4,2023-08-17,2023-02-14,Amina Benali,15.21,TERMINE
STG01435,STU01636,ENT0001,PFE,6.0,4,2023-08-17,2023-02-14,Fatima Fassi,12.16,EN_COURS
STG01436,STU01637,ENT0007,PFE,6.0,4,2023-08-17,2023-02-14,Omar Idrissi,15.98,TERMINE
STG01437,STU01638,ENT0007,PFE,6.0,4,2023-08-17,2023-02-14,Khadija Mansouri,11.47,EN_COURS
STG01438,STU01639,ENT0005,PFE,6.0,4,2023-08-17,2023-02-14,Omar Fassi,11.25,TERMINE
STG01439,STU01640,ENT0013,PFE,6.0,4,2023-08-17,2023-02-14,Mehdi Chakir,17.72,TERMINE
STG01440,STU01641,ENT0009,PFE,6.0,4,2023-08-17,2023-02-14,Hassan Fassi,16.95,EN_COURS
STG01441,STU01642,ENT0002,PFE,6.0,4,2023-08-17,2023-02-14,Hassan Idrissi,15.02,TERMINE
STG01442,STU01643,ENT0014,PFE,6.0,4,2023-08-17,2023-02-14,Mohamed Berrada,11.95,TERMINE
STG01443,STU01644,ENT0016,PFE,6.0,4,2023-08-17,2023-02-14,Salma Naciri,16.79,TERMINE
STG01444,STU01646,ENT0004,PFE,6.0,4,2023-08-17,2023-02-14,Yasmine Chakir,13.92,TERMINE
STG01445,STU01647,ENT0002,PFE,6.0,4,2023-08-17,2023-02-14,Aisha Berrada,13.11,TERMINE
STG01446,STU01648,ENT0004,PFE,6.0,4,2023-08-17,2023-02-14,Nour El Amrani,17.66,TERMINE
STG01447,STU01649,ENT0018,PFE,6.0,4,2023-08-17,2023-02-14,Salma Benjelloun,15.04,TERMINE
STG01448,STU01650,ENT0019,PFE,6.0,4,2023-08-17,2023-02-14,Khadija Mansouri,16.02,TERMINE
STG01449,STU01651,ENT0013,PFE,6.0,4,2023-08-17,2023-02-14,Omar Benali,12.28,TERMINE
STG01450,STU01652,ENT0011,PFE,6.0,4,2023-08-17,2023-02-14,Ahmed Sabri,13.28,TERMINE
STG01451,STU01653,ENT0014,PFE,6.0,4,2023-08-17,2023-02-14,Fatima Benjelloun,11.06,TERMINE
STG01452,STU01654,ENT0011,PFE,6.0,4,2023-08-17,2023-02-14,Omar Benjelloun,14.71,TERMINE
STG01453,STU01655,ENT0001,PFE,6.0,4,2023-08-17,2023-02-14,Ahmed Tazi,13.29,TERMINE
STG01454,STU01656,ENT0019,PFE,6.0,4,2023-08-17,2023-02-14,Fatima Sabri,13.76,TERMINE
STG01455,STU01657,ENT0001,PFE,6.0,4,2023-08-17,2023-02-14,Fatima Mansouri,15.52,TERMINE
STG01456,STU01658,ENT0006,PFE,6.0,4,2023-08-17,2023-02-14,Youssef Tazi,11.05,TERMINE
STG01457,STU01659,ENT0005,PFE,6.0,4,2023-08-17,2023-02-14,Karim Mansouri,15.36,TERMINE
STG01458,STU01660,ENT0008,PFE,6.0,4,2023-08-17,2023-02-14,Salma Berrada,15.57,EN_COURS
STG01459,STU01661,ENT0006,PFE,6.0,4,2023-08-17,2023-02-14,Salma Fassi,15.26,EN_COURS
STG01460,STU01662,ENT0014,PFE,6.0,4,2023-08-17,2023-02-14,Ahmed Benali,17.1,TERMINE
STG01461,STU01663,ENT0014,PFE,6.0,4,2023-08-17,2023-02-14,Amina Sabri,14.41,EN_COURS
STG01462,STU01664,ENT0019,PFE,6.0,4,2023-08-17,2023-02-14,Nour El Amrani,11.42,EN_COURS
STG01463,STU01665,ENT0018,PFE,6.0,4,2023-08-17,2023-02-14,Khadija Benali,17.99,TERMINE
STG01464,STU01666,ENT0015,PFE,6.0,4,2023-08-17,2023-02-14,Ali Benali,12.25,EN_COURS
STG01465,STU01667,ENT0018,PFE,6.0,4,2023-08-17,2023-02-14,Karim Tazi,14.29,EN_COURS
STG01466,STU01668,ENT0020,PFE,6.0,4,2023-08-17,2023-02-14,Yasmine Alami,12.46,EN_COURS
STG01467,STU01669,ENT0016,PFE,6.0,4,2023-08-17,2023-02-14,Omar Tazi,11.74,TERMINE
STG01468,STU01670,ENT0020,PFE,6.0,4,2023-08-17,2023-02-14,Aisha Benali,13.92,TERMINE
STG01469,STU01671,ENT0014,PFE,6.0,4,2023-08-17,2023-02-14,Ali Tazi,13.27,TERMINE
STG01470,STU01672,ENT0002,PFE,6.0,4,2023-08-17,2023-02-14,Nour Idrissi,15.02,TERMINE
STG01471,STU01673,ENT0020,PFE,6.0,4,2023-08-17,2023-02-14,Khadija Chakir,13.76,TERMINE
STG01472,STU01675,ENT0009,PFE,6.0,4,2023-08-17,2023-02-14,Amina Tazi,14.18,TERMINE
STG01473,STU01676,ENT0014,PFE,6.0,4,2023-08-17,2023-02-14,Karim Berrada,16.6,EN_COURS
STG01474,STU01677,ENT0017,PFE,6.0,4,2023-08-17,2023-02-14,Youssef Benjelloun,13.26,TERMINE
STG01475,STU01678,ENT0005,PFE,6.0,4,2023-08-17,2023-02-14,Amina Benali,16.22,TERMINE
STG01476,STU01680,ENT0013,PFE,6.0,4,2023-08-17,2023-02-14,Salma Benali,12.47,TERMINE
