note_id,student_id,matiere_id,semestre_id,type_evaluation,note,coefficient,date_examen,group_id,note_ponderee
NOT000001,STU00001,MAT0007,2,PROJET,13.49,2,2024-04-16,2,26.98
NOT000002,STU00001,MAT0016,4,TP,11.59,3,2023-04-16,2,34.77
NOT000003,STU00001,MAT0012,2,CC,13.94,2,2024-05-16,2,27.88
NOT000004,STU00001,MAT0023,4,EXAMEN,16.57,2,2023-05-16,2,33.14
NOT000005,STU00001,MAT0010,1,PROJET,11.3,1,2024-05-17,2,11.3
NOT000006,STU00001,MAT0017,1,PROJET,11.3,2,2023-04-16,2,22.6
NOT000007,STU00002,MAT0022,4,PROJET,16.74,2,2023-04-15,3,33.48
NOT000008,STU00002,MAT0032,2,EXAMEN,14.3,2,2024-04-15,3,28.6
NOT000009,STU00002,MAT0014,1,PROJET,10.59,2,2024-04-16,3,21.18
NOT000010,STU00002,MAT0004,4,CC,13.63,3,2024-04-16,3,40.89
NOT000011,STU00002,MAT0016,1,CC,10.61,3,2024-04-15,3,31.829998
NOT000012,STU00002,MAT0028,3,PROJET,10.6,3,2023-05-17,3,31.800001
NOT000013,STU00002,MAT0023,4,PROJET,12.73,3,2024-05-17,3,38.19
NOT000014,STU00002,MAT0021,4,PROJET,6.26,2,2023-04-16,3,12.52
NOT000015,STU00003,MAT0015,3,TP,6.83,3,2024-04-15,4,20.49
NOT000016,STU00003,MAT0016,2,EXAMEN,10.31,1,2023-04-15,4,10.31
NOT000017,STU00003,MAT0019,2,PROJET,8.96,3,2023-05-16,4,26.880001
NOT000018,STU00003,MAT0011,2,PROJET,12.94,1,2023-04-16,4,12.94
NOT000019,STU00003,MAT0003,4,PROJET,9.28,3,2023-04-16,4,27.84
NOT000020,STU00003,MAT0035,2,CC,7.76,2,2024-04-16,4,15.52
NOT000021,STU00003,MAT0017,2,TP,16.4,3,2023-04-15,4,49.199997
NOT000022,STU00004,MAT0029,1,TP,11.32,3,2023-05-17,5,33.96
NOT000023,STU00004,MAT0006,2,PROJET,12.2,1,2023-04-15,5,12.2
NOT000024,STU00004,MAT0029,1,EXAMEN,7.73,2,2023-04-16,5,15.46
NOT000025,STU00004,MAT0026,4,PROJET,10.37,3,2024-05-16,5,31.11
NOT000026,STU00004,MAT0016,3,EXAMEN,12.33,1,2023-05-17,5,12.33
NOT000027,STU00004,MAT0030,4,EXAMEN,8.55,2,2023-04-15,5,17.1
NOT000028,STU00004,MAT0033,1,CC,13.13,3,2024-05-16,5,39.39
NOT000029,STU00004,MAT0026,1,PROJET,10.2,3,2024-04-15,5,30.599998
NOT000030,STU00005,MAT0002,3,TP,11.12,2,2023-04-16,6,22.24
NOT000031,STU00005,MAT0001,4,CC,10.19,2,2023-04-16,6,20.38
NOT000032,STU00005,MAT0008,3,PROJET,17.56,1,2023-04-15,6,17.56
NOT000033,STU00005,MAT0021,1,CC,11.96,2,2024-05-16,6,23.92
NOT000034,STU00005,MAT0015,4,CC,8.83,2,2023-04-15,6,17.66
NOT000035,STU00005,MAT0014,2,CC,14.47,2,2024-05-17,6,28.94
NOT000036,STU00005,MAT0015,2,CC,8.34,2,2023-05-17,6,16.68
NOT000037,STU00005,MAT0002,4,EXAMEN,12.63,1,2023-05-16,6,12.63
NOT000038,STU00005,MAT0024,1,PROJET,6.12,2,2024-05-16,6,12.24
NOT000039,STU00005,MAT0012,2,TP,8.02,3,2024-04-15,6,24.060001
NOT000040,STU00006,MAT0010,4,TP,12.59,3,2023-04-16,7,37.77
NOT000041,STU00006,MAT0007,1,CC,14.22,3,2023-04-16,7,42.66
NOT000042,STU00006,MAT0018,4,PROJET,12.51,3,2024-04-16,7,37.53
NOT000043,STU00006,MAT0003,1,TP,11.65,1,2024-05-16,7,11.65
NOT000044,STU00006,MAT0005,1,EXAMEN,11.1,3,2024-05-16,7,33.300003
NOT000045,STU00006,MAT0030,1,PROJET,7.56,3,2023-05-16,7,22.68
NOT000046,STU00006,MAT0018,1,CC,9.84,1,2024-05-17,7,9.84
NOT000047,STU00006,MAT0003,1,CC,10.62,2,2024-05-16,7,21.24
NOT000048,STU00006,MAT0011,3,PROJET,15.17,2,2023-05-16,7,30.34
NOT000049,STU00006,MAT0030,1,TP,13.03,1,2024-05-16,7,13.03
NOT000050,STU00007,MAT0032,3,TP,6.71,2,2024-04-16,8,13.42
NOT000051,STU00007,MAT0015,1,CC,12.97,2,2023-05-16,8,25.94
NOT000052,STU00007,MAT0031,3,TP,10.84,3,2024-04-16,8,32.52
NOT000053,STU00007,MAT0008,4,EXAMEN,9.97,2,2023-05-16,8,19.94
NOT000054,STU00007,MAT0010,2,TP,13.84,1,2024-05-17,8,13.84
NOT000055,STU00007,MAT0018,1,TP,15.09,2,2024-04-15,8,30.18
NOT000056,STU00008,MAT0015,4,TP,14.79,3,2024-05-17,9,44.37
NOT000057,STU00008,MAT0024,2,PROJET,9.48,2,2024-05-16,9,18.96
NOT000058,STU00008,MAT0030,1,CC,11.07,2,2024-05-16,9,22.14
NOT000059,STU00008,MAT0023,2,TP,12.99,2,2024-05-17,9,25.98
NOT000060,STU00008,MAT0022,1,PROJET,14.93,2,2023-05-17,9,29.86
NOT000061,STU00008,MAT0025,2,TP,10.56,2,2023-04-16,9,21.12
NOT000062,STU00009,MAT0033,2,PROJET,11.44,1,2023-05-16,10,11.44
NOT000063,STU00009,MAT0019,1,PROJET,8.68,2,2024-05-16,10,17.36
NOT000064,STU00009,MAT0006,1,PROJET,8.41,3,2024-04-15,10,25.23
NOT000065,STU00009,MAT0002,2,EXAMEN,14.44,2,2024-04-16,10,28.88
NOT000066,STU00009,MAT0005,2,CC,16.07,1,2023-04-15,10,16.07
NOT000067,STU00009,MAT0031,4,PROJET,11.78,2,2023-04-15,10,23.56
NOT000068,STU00009,MAT0034,1,TP,15.01,3,2024-04-15,10,45.03
NOT000069,STU00009,MAT0017,4,CC,13.08,3,2023-04-16,10,39.239998
NOT000070,STU00009,MAT0012,2,TP,10.06,2,2024-04-15,10,20.12
NOT000071,STU00009,MAT0033,3,CC,13.08,2,2023-04-16,10,26.16
NOT000072,STU00010,MAT0031,3,EXAMEN,16.61,2,2023-04-15,11,33.22
NOT000073,STU00010,MAT0023,4,EXAMEN,11.89,2,2024-05-17,11,23.78
NOT000074,STU00010,MAT0029,4,PROJET,16.69,2,2023-05-16,11,33.38
NOT000075,STU00010,MAT0029,2,PROJET,4.14,1,2023-05-16,11,4.14
NOT000076,STU00010,MAT0002,3,PROJET,14.47,3,2023-05-16,11,43.41
NOT000077,STU00010,MAT0017,1,TP,12.26,1,2024-05-16,11,12.26
NOT000078,STU00010,MAT0014,2,PROJET,11.1,3,2023-05-17,11,33.300003
NOT000079,STU00011,MAT0029,1,PROJET,12.28,1,2024-04-15,2,12.28
NOT000080,STU00011,MAT0014,2,CC,6.04,3,2024-04-15,2,18.119999
NOT000081,STU00011,MAT0002,1,CC,11.34,2,2024-05-16,2,22.68
NOT000082,STU00011,MAT0006,1,TP,13.07,3,2023-04-15,2,39.21
NOT000083,STU00011,MAT0008,1,EXAMEN,16.43,3,2024-04-15,2,49.29
NOT000084,STU00011,MAT0003,3,TP,10.45,3,2024-05-16,2,31.349998
NOT000085,STU00011,MAT0021,2,CC,9.57,2,2023-04-15,2,19.14
NOT000086,STU00011,MAT0027,3,TP,10.49,2,2024-04-15,2,20.98
NOT000087,STU00011,MAT0032,3,TP,14.75,2,2023-05-17,2,29.5
NOT000088,STU00011,MAT0007,2,TP,12.99,2,2024-05-17,2,25.98
NOT000089,STU00012,MAT0017,2,TP,10.41,2,2023-04-15,3,20.82
NOT000090,STU00012,MAT0005,1,TP,13.54,1,2024-04-15,3,13.54
NOT000091,STU00012,MAT0031,3,PROJET,12.29,3,2023-04-15,3,36.87
NOT000092,STU00012,MAT0030,1,TP,14.91,1,2023-05-16,3,14.91
NOT000093,STU00012,MAT0032,1,TP,9.89,2,2023-04-16,3,19.78
NOT000094,STU00012,MAT0014,4,PROJET,11.02,2,2023-04-16,3,22.04
NOT000095,STU00012,MAT0032,1,PROJET,10.82,2,2024-04-15,3,21.64
NOT000096,STU00013,MAT0007,4,PROJET,7.61,3,2023-04-15,4,22.83
NOT000097,STU00013,MAT0019,1,EXAMEN,12.89,1,2023-04-15,4,12.89
NOT000098,STU00013,MAT0033,2,EXAMEN,12.78,3,2024-04-16,4,38.34
NOT000099,STU00013,MAT0033,4,EXAMEN,12.02,1,2023-05-17,4,12.02
NOT000100,STU00013,MAT0024,1,PROJET,11.3,2,2023-05-16,4,22.6
NOT000101,STU00013,MAT0014,4,EXAMEN,7.75,1,2024-05-17,4,7.75
NOT000102,STU00013,MAT0030,1,EXAMEN,10.74,2,2023-04-15,4,21.48
NOT000103,STU00013,MAT0031,1,TP,10.97,2,2024-05-16,4,21.94
NOT000104,STU00013,MAT0021,4,CC,9.59,2,2023-05-17,4,19.18
NOT000105,STU00013,MAT0016,4,CC,11.52,2,2024-04-15,4,23.04
NOT000106,STU00014,MAT0024,4,EXAMEN,13.21,2,2023-05-16,5,26.42
NOT000107,STU00014,MAT0001,2,TP,17.66,1,2024-05-16,5,17.66
NOT000108,STU00014,MAT0021,4,TP,12.52,2,2024-05-16,5,25.04
NOT000109,STU00014,MAT0028,1,PROJET,12.77,3,2023-05-16,5,38.31
NOT000110,STU00014,MAT0025,2,PROJET,11.78,3,2023-04-16,5,35.34
NOT000111,STU00014,MAT0001,3,PROJET,6.24,2,2024-04-15,5,12.48
NOT000112,STU00014,MAT0013,1,CC,11.92,3,2023-04-15,5,35.760002
NOT000113,STU00015,MAT0031,4,EXAMEN,12.18,1,2024-04-16,6,12.18
NOT000114,STU00015,MAT0014,4,PROJET,19.39,2,2024-04-15,6,38.78
NOT000115,STU00015,MAT0008,4,PROJET,11.42,3,2023-04-16,6,34.260002
NOT000116,STU00015,MAT0001,2,TP,12.9,3,2023-05-16,6,38.699997
NOT000117,STU00015,MAT0023,3,EXAMEN,11.9,2,2023-04-15,6,23.8
NOT000118,STU00015,MAT0012,4,CC,8.49,2,2023-04-15,6,16.98
NOT000119,STU00015,MAT0002,4,EXAMEN,15.43,2,2024-05-16,6,30.86
NOT000120,STU00015,MAT0018,4,TP,14.26,2,2024-05-16,6,28.52
NOT000121,STU00015,MAT0021,4,PROJET,14.37,1,2024-04-15,6,14.37
NOT000122,STU00016,MAT0015,4,EXAMEN,9.27,1,2024-04-15,7,9.27
NOT000123,STU00016,MAT0032,2,EXAMEN,16.21,3,2023-04-15,7,48.629997
NOT000124,STU00016,MAT0016,2,CC,7.79,2,2023-04-15,7,15.58
NOT000125,STU00016,MAT0003,3,PROJET,13.76,1,2024-05-17,7,13.76
NOT000126,STU00016,MAT0022,3,CC,18.57,3,2023-05-17,7,55.71
NOT000127,STU00016,MAT0013,3,CC,9.03,3,2023-05-17,7,27.09
NOT000128,STU00016,MAT0005,4,CC,10.3,2,2023-04-15,7,20.6
NOT000129,STU00017,MAT0005,1,EXAMEN,12.3,3,2024-05-16,8,36.9
NOT000130,STU00017,MAT0012,1,PROJET,10.49,2,2023-05-17,8,20.98
NOT000131,STU00017,MAT0035,3,PROJET,7.35,2,2024-04-16,8,14.7
NOT000132,STU00017,MAT0021,4,TP,12.21,3,2024-05-17,8,36.63
NOT000133,STU00017,MAT0033,3,CC,8.81,3,2023-05-16,8,26.43
NOT000134,STU00017,MAT0003,2,PROJET,13.42,2,2024-05-17,8,26.84
NOT000135,STU00017,MAT0033,2,PROJET,9.24,2,2023-04-16,8,18.48
NOT000136,STU00017,MAT0031,4,TP,16.65,2,2024-05-16,8,33.3
NOT000137,STU00018,MAT0029,4,EXAMEN,9.65,2,2024-05-17,9,19.3
NOT000138,STU00018,MAT0019,3,PROJET,11.03,3,2024-05-16,9,33.09
NOT000139,STU00018,MAT0003,1,EXAMEN,14.44,2,2024-04-16,9,28.88
NOT000140,STU00018,MAT0035,1,EXAMEN,8.31,3,2023-04-15,9,24.93
NOT000141,STU00018,MAT0015,4,TP,12.68,3,2024-05-17,9,38.04
NOT000142,STU00018,MAT0006,3,CC,15.92,2,2023-05-16,9,31.84
NOT000143,STU00019,MAT0031,2,PROJET,7.18,1,2024-05-17,10,7.18
NOT000144,STU00019,MAT0023,2,PROJET,12.55,2,2024-04-16,10,25.1
NOT000145,STU00019,MAT0035,1,CC,12.78,1,2024-05-17,10,12.78
NOT000146,STU00019,MAT0029,2,TP,14.35,1,2024-05-17,10,14.35
NOT000147,STU00019,MAT0021,4,EXAMEN,8.29,3,2023-04-15,10,24.869999
NOT000148,STU00019,MAT0007,3,PROJET,8.04,2,2024-04-15,10,16.08
NOT000149,STU00019,MAT0026,4,PROJET,13.57,2,2023-05-16,10,27.14
NOT000150,STU00019,MAT0011,1,TP,12.89,3,2023-04-16,10,38.670002
NOT000151,STU00019,MAT0035,3,TP,12.75,2,2024-05-16,10,25.5
NOT000152,STU00020,MAT0006,4,EXAMEN,13.04,2,2024-04-16,11,26.08
NOT000153,STU00020,MAT0019,2,EXAMEN,9.96,2,2023-04-16,11,19.92
NOT000154,STU00020,MAT0001,3,PROJET,12.7,3,2023-04-16,11,38.1
NOT000155,STU00020,MAT0014,2,EXAMEN,12.88,3,2024-05-16,11,38.64
NOT000156,STU00020,MAT0006,2,CC,9.86,1,2024-05-16,11,9.86
NOT000157,STU00020,MAT0035,4,CC,17.6,1,2024-04-16,11,17.6
NOT000158,STU00020,MAT0014,2,TP,13.42,3,2024-04-16,11,40.260002
NOT000159,STU00021,MAT0006,2,PROJET,8.43,1,2023-05-17,2,8.43
NOT000160,STU00021,MAT0017,3,EXAMEN,13.97,1,2023-05-16,2,13.97
NOT000161,STU00021,MAT0032,2,PROJET,9.08,3,2024-05-17,2,27.24
NOT000162,STU00021,MAT0010,3,EXAMEN,14.36,2,2024-05-17,2,28.72
NOT000163,STU00021,MAT0006,1,TP,15.48,2,2023-05-16,2,30.96
NOT000164,STU00021,MAT0013,4,EXAMEN,9.54,2,2023-04-16,2,19.08
NOT000165,STU00021,MAT0011,4,PROJET,14.89,1,2024-05-16,2,14.89
NOT000166,STU00021,MAT0026,1,PROJET,13.24,1,2023-05-17,2,13.24
NOT000167,STU00021,MAT0019,2,TP,14.47,2,2023-05-16,2,28.94
NOT000168,STU00022,MAT0004,1,PROJET,17.69,1,2023-04-16,3,17.69
NOT000169,STU00022,MAT0030,2,EXAMEN,11.26,2,2024-04-15,3,22.52
NOT000170,STU00022,MAT0035,4,TP,9.74,2,2024-05-17,3,19.48
NOT000171,STU00022,MAT0008,1,PROJET,9.33,2,2024-05-17,3,18.66
NOT000172,STU00022,MAT0013,1,CC,9.55,2,2024-04-15,3,19.1
NOT000173,STU00022,MAT0008,4,EXAMEN,11.77,2,2023-04-16,3,23.54
NOT000174,STU00022,MAT0032,2,PROJET,13.02,2,2023-05-17,3,26.04
NOT000175,STU00023,MAT0005,1,CC,12.83,2,2023-05-16,4,25.66
NOT000176,STU00023,MAT0007,4,EXAMEN,14.48,1,2023-05-17,4,14.48
NOT000177,STU00023,MAT0027,1,PROJET,12.04,2,2024-05-17,4,24.08
NOT000178,STU00023,MAT0030,3,TP,16.36,2,2023-04-16,4,32.72
NOT000179,STU00023,MAT0026,2,CC,11.21,2,2024-05-17,4,22.42
NOT000180,STU00023,MAT0027,3,TP,20.0,2,2024-05-16,4,40.0
NOT000181,STU00024,MAT0002,4,CC,13.88,2,2024-05-17,5,27.76
NOT000182,STU00024,MAT0006,1,EXAMEN,9.43,2,2023-04-15,5,18.86
NOT000183,STU00024,MAT0013,2,EXAMEN,8.79,2,2024-04-15,5,17.58
NOT000184,STU00024,MAT0006,1,PROJET,13.45,2,2024-04-16,5,26.9
NOT000185,STU00024,MAT0032,2,CC,11.33,2,2024-05-16,5,22.66
NOT000186,STU00024,MAT0024,1,CC,14.14,2,2024-05-17,5,28.28
NOT000187,STU00024,MAT0005,4,CC,13.42,2,2024-05-17,5,26.84
NOT000188,STU00024,MAT0014,1,PROJET,11.78,1,2024-04-16,5,11.78
NOT000189,STU00025,MAT0028,4,CC,9.46,2,2023-04-16,6,18.92
NOT000190,STU00025,MAT0010,3,CC,7.46,1,2024-04-15,6,7.46
NOT000191,STU00025,MAT0027,2,PROJET,10.66,3,2023-04-15,6,31.98
NOT000192,STU00025,MAT0006,2,CC,14.57,1,2024-05-17,6,14.57
NOT000193,STU00025,MAT0028,4,EXAMEN,12.64,2,2023-05-16,6,25.28
NOT000194,STU00025,MAT0022,3,PROJET,8.26,3,2023-04-16,6,24.78
NOT000195,STU00025,MAT0011,4,CC,12.52,2,2023-04-15,6,25.04
NOT000196,STU00025,MAT0007,4,PROJET,13.16,1,2023-05-16,6,13.16
NOT000197,STU00025,MAT0025,3,PROJET,9.35,2,2023-04-16,6,18.7
NOT000198,STU00026,MAT0014,4,PROJET,12.46,1,2023-04-16,7,12.46
NOT000199,STU00026,MAT0025,1,EXAMEN,12.17,3,2024-05-17,7,36.510002
NOT000200,STU00026,MAT0016,4,EXAMEN,8.57,2,2024-04-15,7,17.14
NOT000201,STU00026,MAT0030,2,EXAMEN,13.07,2,2024-05-16,7,26.14
NOT000202,STU00026,MAT0030,2,PROJET,13.68,1,2023-04-15,7,13.68
NOT000203,STU00026,MAT0034,2,TP,15.25,1,2023-04-15,7,15.25
NOT000204,STU00026,MAT0009,2,PROJET,15.16,2,2024-05-17,7,30.32
NOT000205,STU00026,MAT0022,1,TP,7.87,2,2023-04-16,7,15.74
NOT000206,STU00026,MAT0020,4,TP,9.19,2,2024-05-16,7,18.38
NOT000207,STU00026,MAT0026,2,TP,13.55,2,2024-04-15,7,27.1
NOT000208,STU00027,MAT0014,2,EXAMEN,13.54,2,2023-04-15,8,27.08
NOT000209,STU00027,MAT0009,1,TP,13.55,1,2023-05-17,8,13.55
NOT000210,STU00027,MAT0027,3,EXAMEN,20.0,3,2024-04-16,8,60.0
NOT000211,STU00027,MAT0002,2,TP,13.71,1,2023-05-17,8,13.71
NOT000212,STU00027,MAT0019,1,CC,15.41,2,2023-05-17,8,30.82
NOT000213,STU00027,MAT0014,1,PROJET,14.86,1,2023-04-15,8,14.86
NOT000214,STU00027,MAT0008,3,CC,13.95,2,2024-04-15,8,27.9
NOT000215,STU00027,MAT0014,4,CC,11.05,2,2024-05-16,8,22.1
NOT000216,STU00028,MAT0016,4,EXAMEN,14.28,1,2024-04-15,9,14.28
NOT000217,STU00028,MAT0002,3,CC,9.68,3,2024-05-16,9,29.04
NOT000218,STU00028,MAT0019,4,PROJET,11.29,2,2024-05-17,9,22.58
NOT000219,STU00028,MAT0020,4,TP,10.54,2,2024-05-17,9,21.08
NOT000220,STU00028,MAT0030,3,PROJET,12.25,3,2023-05-16,9,36.75
NOT000221,STU00028,MAT0022,2,EXAMEN,18.94,3,2024-05-16,9,56.82
NOT000222,STU00029,MAT0012,3,PROJET,6.4,3,2024-05-17,10,19.2
NOT000223,STU00029,MAT0006,3,TP,14.06,2,2024-05-17,10,28.12
NOT000224,STU00029,MAT0027,4,PROJET,7.16,2,2024-05-17,10,14.32
NOT000225,STU00029,MAT0012,1,TP,10.58,1,2024-05-17,10,10.58
NOT000226,STU00029,MAT0004,1,EXAMEN,15.27,2,2024-05-17,10,30.54
NOT000227,STU00029,MAT0007,2,EXAMEN,12.19,3,2024-04-16,10,36.57
NOT000228,STU00029,MAT0019,2,TP,8.77,1,2024-04-15,10,8.77
NOT000229,STU00029,MAT0021,2,PROJET,9.85,3,2023-04-15,10,29.550001
NOT000230,STU00030,MAT0012,2,EXAMEN,14.04,1,2023-04-16,11,14.04
NOT000231,STU00030,MAT0016,4,PROJET,9.81,2,2024-05-16,11,19.62
NOT000232,STU00030,MAT0015,3,CC,12.65,3,2024-05-17,11,37.949997
NOT000233,STU00030,MAT0023,2,TP,12.14,2,2024-05-17,11,24.28
NOT000234,STU00030,MAT0020,3,PROJET,10.05,3,2024-05-16,11,30.150002
NOT000235,STU00030,MAT0004,3,PROJET,18.43,2,2024-05-16,11,36.86
NOT000236,STU00030,MAT0010,4,PROJET,13.9,3,2024-05-17,11,41.699997
NOT000237,STU00030,MAT0025,3,CC,5.92,2,2023-05-16,11,11.84
NOT000238,STU00030,MAT0002,2,TP,12.56,3,2023-05-17,11,37.68
NOT000239,STU00031,MAT0007,2,EXAMEN,10.01,2,2024-05-17,2,20.02
NOT000240,STU00031,MAT0034,1,TP,14.56,3,2024-04-15,2,43.68
NOT000241,STU00031,MAT0008,2,CC,9.62,3,2023-05-16,2,28.86
NOT000242,STU00031,MAT0021,1,PROJET,11.66,1,2024-05-17,2,11.66
NOT000243,STU00031,MAT0023,2,EXAMEN,13.51,2,2024-04-15,2,27.02
NOT000244,STU00031,MAT0032,1,EXAMEN,14.6,1,2023-04-15,2,14.6
NOT000245,STU00031,MAT0025,3,CC,8.4,1,2023-05-16,2,8.4
NOT000246,STU00031,MAT0034,3,CC,11.0,1,2023-05-16,2,11.0
NOT000247,STU00031,MAT0033,2,PROJET,10.58,2,2024-05-16,2,21.16
NOT000248,STU00031,MAT0006,1,TP,10.04,3,2024-05-17,2,30.119999
NOT000249,STU00032,MAT0008,2,EXAMEN,17.3,3,2024-04-16,3,51.899998
NOT000250,STU00032,MAT0017,2,TP,13.21,1,2024-04-16,3,13.21
NOT000251,STU00032,MAT0024,2,CC,8.22,1,2023-05-16,3,8.22
NOT000252,STU00032,MAT0031,3,PROJET,14.75,1,2023-05-17,3,14.75
NOT000253,STU00032,MAT0016,1,EXAMEN,18.37,2,2024-05-17,3,36.74
NOT000254,STU00032,MAT0009,4,CC,15.1,2,2023-05-16,3,30.2
NOT000255,STU00032,MAT0001,1,TP,7.44,2,2024-05-16,3,14.88
NOT000256,STU00032,MAT0007,1,CC,10.55,3,2023-04-16,3,31.650002
NOT000257,STU00032,MAT0022,4,PROJET,15.8,2,2024-04-16,3,31.6
NOT000258,STU00032,MAT0012,4,TP,9.88,1,2023-04-16,3,9.88
NOT000259,STU00033,MAT0004,2,EXAMEN,13.33,3,2024-05-17,4,39.989998
NOT000260,STU00033,MAT0014,3,CC,14.32,3,2023-05-16,4,42.96
NOT000261,STU00033,MAT0006,3,CC,9.22,2,2024-04-16,4,18.44
NOT000262,STU00033,MAT0005,3,CC,11.82,3,2024-05-16,4,35.46
NOT000263,STU00033,MAT0002,4,CC,2.28,3,2023-05-17,4,6.84
NOT000264,STU00033,MAT0002,2,EXAMEN,8.93,2,2023-04-16,4,17.86
NOT000265,STU00033,MAT0013,1,CC,11.24,1,2023-05-17,4,11.24
NOT000266,STU00034,MAT0023,1,EXAMEN,8.26,3,2024-04-16,5,24.78
NOT000267,STU00034,MAT0032,2,TP,16.9,2,2024-04-15,5,33.8
NOT000268,STU00034,MAT0023,2,CC,7.71,2,2023-04-16,5,15.42
NOT000269,STU00034,MAT0001,3,PROJET,10.68,3,2024-05-16,5,32.04
NOT000270,STU00034,MAT0031,3,CC,12.39,3,2024-05-17,5,37.170002
NOT000271,STU00034,MAT0018,3,TP,16.32,3,2024-04-16,5,48.96
NOT000272,STU00034,MAT0006,1,EXAMEN,7.69,2,2024-04-15,5,15.38
NOT000273,STU00035,MAT0001,2,PROJET,15.49,2,2023-05-16,6,30.98
NOT000274,STU00035,MAT0029,2,EXAMEN,12.03,2,2024-04-15,6,24.06
NOT000275,STU00035,MAT0035,3,EXAMEN,9.06,1,2024-05-16,6,9.06
NOT000276,STU00035,MAT0011,4,PROJET,13.39,3,2024-04-16,6,40.170002
NOT000277,STU00035,MAT0001,3,TP,12.6,1,2023-05-16,6,12.6
NOT000278,STU00035,MAT0028,2,PROJET,10.2,2,2023-04-15,6,20.4
NOT000279,STU00035,MAT0029,2,TP,12.21,2,2023-05-16,6,24.42
NOT000280,STU00036,MAT0008,2,CC,10.84,3,2023-05-17,7,32.52
NOT000281,STU00036,MAT0020,2,TP,12.34,1,2023-05-17,7,12.34
NOT000282,STU00036,MAT0013,3,CC,13.99,3,2023-04-16,7,41.97
NOT000283,STU00036,MAT0018,2,EXAMEN,16.76,2,2023-04-16,7,33.52
NOT000284,STU00036,MAT0002,1,EXAMEN,8.29,2,2023-05-17,7,16.58
NOT000285,STU00036,MAT0023,4,EXAMEN,18.4,2,2024-05-16,7,36.8
NOT000286,STU00036,MAT0016,3,EXAMEN,6.14,2,2024-04-15,7,12.28
NOT000287,STU00036,MAT0030,2,TP,11.54,2,2024-05-16,7,23.08
NOT000288,STU00037,MAT0033,3,TP,13.76,2,2024-05-17,8,27.52
NOT000289,STU00037,MAT0015,3,EXAMEN,12.84,1,2024-04-15,8,12.84
NOT000290,STU00037,MAT0029,4,PROJET,10.13,2,2023-04-15,8,20.26
NOT000291,STU00037,MAT0001,1,TP,11.38,2,2024-05-17,8,22.76
NOT000292,STU00037,MAT0008,2,TP,10.52,3,2023-05-17,8,31.560001
NOT000293,STU00037,MAT0034,1,PROJET,10.23,3,2024-04-15,8,30.689999
NOT000294,STU00037,MAT0011,2,TP,14.55,1,2024-05-17,8,14.55
NOT000295,STU00037,MAT0003,1,CC,13.07,2,2023-04-16,8,26.14
NOT000296,STU00037,MAT0010,2,TP,9.92,2,2024-04-16,8,19.84
NOT000297,STU00037,MAT0013,3,TP,14.7,3,2023-04-15,8,44.1
NOT000298,STU00038,MAT0014,3,EXAMEN,12.92,1,2023-05-17,9,12.92
NOT000299,STU00038,MAT0007,2,EXAMEN,14.44,3,2024-04-16,9,43.32
NOT000300,STU00038,MAT0013,1,PROJET,13.89,3,2023-04-15,9,41.670002
NOT000301,STU00038,MAT0018,4,TP,9.51,3,2024-05-16,9,28.53
NOT000302,STU00038,MAT0025,2,EXAMEN,10.32,1,2024-05-17,9,10.32
NOT000303,STU00038,MAT0021,4,CC,14.24,2,2023-05-16,9,28.48
NOT000304,STU00038,MAT0021,2,EXAMEN,13.83,2,2023-05-16,9,27.66
NOT000305,STU00039,MAT0032,4,TP,11.94,3,2023-05-17,10,35.82
NOT000306,STU00039,MAT0020,4,TP,12.35,2,2024-05-16,10,24.7
NOT000307,STU00039,MAT0035,2,PROJET,15.83,1,2024-04-16,10,15.83
NOT000308,STU00039,MAT0026,3,TP,10.23,2,2023-05-16,10,20.46
NOT000309,STU00039,MAT0033,3,CC,13.64,1,2023-05-16,10,13.64
NOT000310,STU00039,MAT0017,3,CC,11.39,3,2024-04-15,10,34.170002
NOT000311,STU00039,MAT0030,2,PROJET,11.35,1,2023-04-15,10,11.35
NOT000312,STU00040,MAT0008,3,CC,15.3,2,2023-05-16,11,30.6
NOT000313,STU00040,MAT0028,4,EXAMEN,14.48,2,2023-04-16,11,28.96
NOT000314,STU00040,MAT0023,4,CC,14.44,2,2024-05-17,11,28.88
NOT000315,STU00040,MAT0018,4,CC,15.92,3,2023-05-17,11,47.760002
NOT000316,STU00040,MAT0015,1,EXAMEN,12.06,1,2023-05-16,11,12.06
NOT000317,STU00040,MAT0016,4,EXAMEN,14.05,2,2024-04-16,11,28.1
NOT000318,STU00040,MAT0014,3,TP,11.07,2,2023-05-16,11,22.14
NOT000319,STU00040,MAT0022,3,CC,12.97,2,2023-05-16,11,25.94
NOT000320,STU00041,MAT0014,3,CC,11.61,2,2024-04-16,2,23.22
NOT000321,STU00041,MAT0003,3,EXAMEN,12.29,3,2024-05-17,2,36.87
NOT000322,STU00041,MAT0024,1,PROJET,13.79,1,2023-05-16,2,13.79
NOT000323,STU00041,MAT0014,4,TP,9.55,2,2024-04-16,2,19.1
NOT000324,STU00041,MAT0020,4,PROJET,18.28,3,2023-05-17,2,54.840004
NOT000325,STU00041,MAT0014,2,TP,8.98,2,2024-05-16,2,17.96
NOT000326,STU00041,MAT0007,3,EXAMEN,8.36,2,2023-04-16,2,16.72
NOT000327,STU00041,MAT0022,2,TP,15.47,1,2024-05-16,2,15.47
NOT000328,STU00041,MAT0006,1,PROJET,14.37,3,2024-04-15,2,43.11
NOT000329,STU00041,MAT0017,2,EXAMEN,13.87,3,2024-05-16,2,41.61
NOT000330,STU00042,MAT0034,3,PROJET,13.89,2,2024-05-16,3,27.78
NOT000331,STU00042,MAT0030,1,CC,11.96,1,2024-04-16,3,11.96
NOT000332,STU00042,MAT0017,2,EXAMEN,9.31,1,2024-04-16,3,9.31
NOT000333,STU00042,MAT0032,3,CC,12.23,3,2024-04-16,3,36.69
NOT000334,STU00042,MAT0008,3,EXAMEN,9.97,2,2024-04-15,3,19.94
NOT000335,STU00042,MAT0002,3,EXAMEN,14.93,2,2024-05-17,3,29.86
NOT000336,STU00042,MAT0005,2,EXAMEN,11.56,2,2024-04-15,3,23.12
NOT000337,STU00042,MAT0008,2,PROJET,9.52,2,2023-04-16,3,19.04
NOT000338,STU00042,MAT0006,2,EXAMEN,11.04,2,2024-04-16,3,22.08
NOT000339,STU00042,MAT0020,1,CC,13.24,2,2024-04-15,3,26.48
NOT000340,STU00043,MAT0011,3,EXAMEN,10.31,2,2023-04-15,4,20.62
NOT000341,STU00043,MAT0008,1,CC,9.53,2,2024-05-17,4,19.06
NOT000342,STU00043,MAT0018,2,TP,12.73,1,2024-05-16,4,12.73
NOT000343,STU00043,MAT0002,1,EXAMEN,12.73,2,2023-04-15,4,25.46
NOT000344,STU00043,MAT0003,3,CC,10.48,2,2024-05-17,4,20.96
NOT000345,STU00043,MAT0030,2,TP,10.59,3,2024-05-17,4,31.77
NOT000346,STU00043,MAT0022,2,CC,12.7,1,2023-04-16,4,12.7
NOT000347,STU00043,MAT0028,3,PROJET,7.66,3,2023-04-15,4,22.98
NOT000348,STU00044,MAT0009,3,EXAMEN,7.78,3,2023-05-16,5,23.34
NOT000349,STU00044,MAT0021,3,EXAMEN,9.84,1,2024-04-15,5,9.84
NOT000350,STU00044,MAT0010,3,TP,11.36,2,2024-05-17,5,22.72
NOT000351,STU00044,MAT0033,1,EXAMEN,12.93,3,2024-05-16,5,38.79
NOT000352,STU00044,MAT0006,3,PROJET,16.43,2,2023-05-17,5,32.86
NOT000353,STU00044,MAT0012,2,CC,14.57,2,2024-05-16,5,29.14
NOT000354,STU00045,MAT0025,4,CC,11.52,2,2024-05-16,6,23.04
NOT000355,STU00045,MAT0032,3,CC,11.94,3,2024-04-16,6,35.82
NOT000356,STU00045,MAT0010,3,TP,8.99,2,2024-04-15,6,17.98
NOT000357,STU00045,MAT0018,3,TP,11.94,3,2024-04-16,6,35.82
NOT000358,STU00045,MAT0016,3,PROJET,11.13,1,2023-04-16,6,11.13
NOT000359,STU00045,MAT0007,1,PROJET,12.97,2,2023-05-17,6,25.94
NOT000360,STU00045,MAT0024,1,EXAMEN,9.52,3,2023-05-17,6,28.560001
NOT000361,STU00046,MAT0028,3,EXAMEN,13.56,3,2024-04-15,7,40.68
NOT000362,STU00046,MAT0025,3,EXAMEN,16.6,2,2024-04-16,7,33.2
NOT000363,STU00046,MAT0003,2,CC,11.67,3,2024-05-17,7,35.010002
NOT000364,STU00046,MAT0022,2,PROJET,13.21,3,2024-05-17,7,39.63
NOT000365,STU00046,MAT0022,2,TP,14.07,2,2024-05-17,7,28.14
NOT000366,STU00046,MAT0029,4,EXAMEN,10.8,2,2023-05-17,7,21.6
NOT000367,STU00047,MAT0015,3,PROJET,12.67,1,2023-04-15,8,12.67
NOT000368,STU00047,MAT0025,2,CC,12.04,2,2024-04-16,8,24.08
NOT000369,STU00047,MAT0024,1,PROJET,12.29,2,2023-05-17,8,24.58
NOT000370,STU00047,MAT0013,4,PROJET,9.68,2,2023-04-16,8,19.36
NOT000371,STU00047,MAT0034,1,CC,12.07,2,2023-05-17,8,24.14
NOT000372,STU00047,MAT0030,1,CC,13.49,3,2024-05-16,8,40.47
NOT000373,STU00047,MAT0035,3,CC,16.35,3,2023-05-16,8,49.050003
NOT000374,STU00047,MAT0008,1,TP,14.88,1,2024-05-17,8,14.88
NOT000375,STU00047,MAT0027,1,EXAMEN,18.46,2,2024-05-16,8,36.92
NOT000376,STU00047,MAT0021,1,PROJET,9.7,3,2024-05-17,8,29.099998
NOT000377,STU00048,MAT0014,3,PROJET,14.62,2,2023-05-17,9,29.24
NOT000378,STU00048,MAT0010,1,TP,12.55,2,2024-04-15,9,25.1
NOT000379,STU00048,MAT0004,1,EXAMEN,18.57,2,2023-04-16,9,37.14
NOT000380,STU00048,MAT0015,2,PROJET,9.58,2,2023-04-15,9,19.16
NOT000381,STU00048,MAT0035,3,PROJET,9.48,2,2023-04-15,9,18.96
NOT000382,STU00048,MAT0003,2,CC,10.2,2,2023-05-17,9,20.4
NOT000383,STU00048,MAT0022,2,PROJET,5.63,2,2024-04-15,9,11.26
NOT000384,STU00049,MAT0023,3,CC,10.42,1,2024-05-16,10,10.42
NOT000385,STU00049,MAT0009,2,TP,9.72,2,2023-04-16,10,19.44
NOT000386,STU00049,MAT0015,1,TP,12.45,3,2024-04-15,10,37.35
NOT000387,STU00049,MAT0019,3,EXAMEN,13.03,3,2023-04-16,10,39.09
NOT000388,STU00049,MAT0001,3,EXAMEN,17.63,1,2024-05-16,10,17.63
NOT000389,STU00049,MAT0019,1,CC,14.85,1,2024-05-16,10,14.85
NOT000390,STU00049,MAT0010,3,TP,10.27,2,2023-04-16,10,20.54
NOT000391,STU00049,MAT0028,2,EXAMEN,9.3,2,2024-05-16,10,18.6
NOT000392,STU00049,MAT0028,2,TP,13.48,1,2024-04-16,10,13.48
NOT000393,STU00050,MAT0002,3,TP,8.04,2,2024-04-15,11,16.08
NOT000394,STU00050,MAT0016,1,PROJET,17.49,3,2024-04-15,11,52.47
NOT000395,STU00050,MAT0026,1,CC,15.54,2,2024-04-15,11,31.08
NOT000396,STU00050,MAT0032,3,PROJET,10.59,1,2023-04-15,11,10.59
NOT000397,STU00050,MAT0027,3,CC,6.86,2,2023-05-17,11,13.72
NOT000398,STU00050,MAT0008,3,CC,16.06,1,2024-04-16,11,16.06
NOT000399,STU00050,MAT0019,4,TP,11.66,2,2024-05-16,11,23.32
NOT000400,STU00051,MAT0032,4,EXAMEN,15.71,2,2024-04-15,2,31.42
NOT000401,STU00051,MAT0005,4,CC,7.22,1,2023-04-15,2,7.22
NOT000402,STU00051,MAT0011,2,TP,10.2,2,2023-04-16,2,20.4
NOT000403,STU00051,MAT0032,3,EXAMEN,12.02,3,2024-04-16,2,36.06
NOT000404,STU00051,MAT0003,3,CC,12.14,2,2023-04-15,2,24.28
NOT000405,STU00051,MAT0001,1,TP,10.65,2,2023-05-17,2,21.3
NOT000406,STU00051,MAT0010,2,EXAMEN,13.87,2,2024-05-17,2,27.74
NOT000407,STU00052,MAT0018,3,EXAMEN,8.8,1,2024-05-17,3,8.8
NOT000408,STU00052,MAT0022,4,EXAMEN,11.57,3,2024-05-17,3,34.71
NOT000409,STU00052,MAT0010,4,TP,12.36,2,2023-05-16,3,24.72
NOT000410,STU00052,MAT0004,4,CC,13.54,2,2024-04-15,3,27.08
NOT000411,STU00052,MAT0006,2,CC,14.13,2,2024-05-16,3,28.26
NOT000412,STU00052,MAT0029,3,TP,8.63,2,2023-04-16,3,17.26
NOT000413,STU00052,MAT0002,4,TP,7.4,2,2024-05-16,3,14.8
NOT000414,STU00052,MAT0003,3,EXAMEN,15.83,3,2023-04-16,3,47.489998
NOT000415,STU00052,MAT0004,3,PROJET,13.0,2,2023-04-16,3,26.0
NOT000416,STU00053,MAT0005,1,PROJET,9.75,3,2023-05-16,4,29.25
NOT000417,STU00053,MAT0035,2,PROJET,16.65,1,2024-05-16,4,16.65
NOT000418,STU00053,MAT0035,3,PROJET,12.35,2,2023-05-16,4,24.7
NOT000419,STU00053,MAT0002,2,EXAMEN,15.54,2,2024-05-17,4,31.08
NOT000420,STU00053,MAT0035,4,CC,12.2,1,2023-05-17,4,12.2
NOT000421,STU00053,MAT0020,2,CC,18.18,1,2024-04-15,4,18.18
NOT000422,STU00053,MAT0010,4,EXAMEN,17.27,2,2024-04-16,4,34.54
NOT000423,STU00053,MAT0025,3,EXAMEN,11.25,1,2023-04-15,4,11.25
NOT000424,STU00053,MAT0027,3,TP,14.91,2,2023-04-16,4,29.82
NOT000425,STU00054,MAT0033,3,CC,13.94,1,2024-05-17,5,13.94
NOT000426,STU00054,MAT0027,1,CC,16.11,2,2023-05-17,5,32.22
NOT000427,STU00054,MAT0002,4,EXAMEN,9.11,1,2023-05-16,5,9.11
NOT000428,STU00054,MAT0022,3,CC,14.06,3,2024-05-17,5,42.18
NOT000429,STU00054,MAT0009,4,CC,15.18,2,2024-04-16,5,30.36
NOT000430,STU00054,MAT0002,2,PROJET,6.72,3,2024-05-16,5,20.16
NOT000431,STU00055,MAT0015,3,TP,8.45,2,2024-04-16,6,16.9
NOT000432,STU00055,MAT0008,3,TP,5.88,2,2023-05-16,6,11.76
NOT000433,STU00055,MAT0004,1,TP,11.19,1,2024-04-15,6,11.19
NOT000434,STU00055,MAT0031,1,PROJET,14.15,1,2024-04-15,6,14.15
NOT000435,STU00055,MAT0016,1,TP,16.51,2,2024-04-16,6,33.02
NOT000436,STU00055,MAT0022,3,CC,12.22,3,2024-04-15,6,36.66
NOT000437,STU00055,MAT0020,2,CC,16.89,2,2024-04-15,6,33.78
NOT000438,STU00055,MAT0033,2,TP,7.86,2,2023-05-16,6,15.72
NOT000439,STU00056,MAT0003,3,EXAMEN,6.89,1,2023-05-17,7,6.89
NOT000440,STU00056,MAT0020,4,TP,11.83,2,2023-05-17,7,23.66
NOT000441,STU00056,MAT0020,2,CC,13.15,2,2023-05-17,7,26.3
NOT000442,STU00056,MAT0023,4,EXAMEN,11.9,3,2024-05-16,7,35.699997
NOT000443,STU00056,MAT0027,3,EXAMEN,5.8,2,2024-05-17,7,11.6
NOT000444,STU00056,MAT0004,3,EXAMEN,11.73,1,2023-04-16,7,11.73
NOT000445,STU00056,MAT0022,2,CC,8.09,1,2023-04-15,7,8.09
NOT000446,STU00056,MAT0033,2,EXAMEN,14.01,2,2023-05-16,7,28.02
NOT000447,STU00056,MAT0028,3,TP,13.1,2,2024-05-17,7,26.2
NOT000448,STU00056,MAT0035,4,CC,9.18,2,2024-05-16,7,18.36
NOT000449,STU00057,MAT0017,3,TP,10.46,3,2024-04-15,8,31.380001
NOT000450,STU00057,MAT0014,2,CC,8.82,2,2023-04-16,8,17.64
NOT000451,STU00057,MAT0034,2,PROJET,11.81,2,2024-04-15,8,23.62
NOT000452,STU00057,MAT0022,1,CC,14.87,2,2024-05-17,8,29.74
NOT000453,STU00057,MAT0035,2,CC,9.04,2,2024-04-16,8,18.08
NOT000454,STU00057,MAT0020,3,PROJET,13.51,2,2023-04-15,8,27.02
NOT000455,STU00057,MAT0024,2,CC,10.41,2,2023-05-17,8,20.82
NOT000456,STU00057,MAT0018,2,PROJET,9.62,2,2024-04-16,8,19.24
NOT000457,STU00057,MAT0013,3,EXAMEN,11.68,1,2023-04-15,8,11.68
NOT000458,STU00057,MAT0008,4,TP,8.89,1,2023-05-16,8,8.89
NOT000459,STU00058,MAT0030,1,TP,10.34,2,2023-05-16,9,20.68
NOT000460,STU00058,MAT0029,2,PROJET,8.41,1,2024-04-16,9,8.41
NOT000461,STU00058,MAT0004,1,CC,17.89,1,2024-05-17,9,17.89
NOT000462,STU00058,MAT0008,2,PROJET,12.11,2,2024-04-16,9,24.22
NOT000463,STU00058,MAT0028,4,TP,9.9,2,2024-05-16,9,19.8
NOT000464,STU00058,MAT0024,4,TP,12.64,2,2023-04-16,9,25.28
NOT000465,STU00059,MAT0021,1,TP,11.66,1,2023-05-17,10,11.66
NOT000466,STU00059,MAT0009,3,PROJET,11.34,1,2024-05-16,10,11.34
NOT000467,STU00059,MAT0011,3,EXAMEN,13.84,1,2023-04-15,10,13.84
NOT000468,STU00059,MAT0009,3,EXAMEN,14.27,2,2023-04-15,10,28.54
NOT000469,STU00059,MAT0022,2,CC,10.41,2,2024-05-16,10,20.82
NOT000470,STU00059,MAT0003,4,TP,10.27,2,2023-05-16,10,20.54
NOT000471,STU00059,MAT0018,2,CC,11.17,3,2023-05-17,10,33.510002
NOT000472,STU00059,MAT0032,2,EXAMEN,5.09,2,2024-05-17,10,10.18
NOT000473,STU00059,MAT0006,3,CC,7.45,2,2023-04-16,10,14.9
NOT000474,STU00059,MAT0012,4,CC,16.1,2,2023-05-16,10,32.2
NOT000475,STU00060,MAT0035,2,EXAMEN,16.93,1,2023-04-16,11,16.93
NOT000476,STU00060,MAT0015,3,EXAMEN,11.25,2,2023-05-17,11,22.5
NOT000477,STU00060,MAT0012,2,PROJET,13.73,3,2024-05-16,11,41.19
NOT000478,STU00060,MAT0010,4,CC,12.93,2,2023-04-16,11,25.86
NOT000479,STU00060,MAT0006,1,EXAMEN,20.0,3,2024-05-16,11,60.0
NOT000480,STU00060,MAT0017,1,EXAMEN,15.36,2,2023-04-15,11,30.72
NOT000481,STU00060,MAT0019,2,TP,11.62,2,2024-04-16,11,23.24
NOT000482,STU00060,MAT0008,3,EXAMEN,9.13,2,2023-05-16,11,18.26
NOT000483,STU00060,MAT0031,1,EXAMEN,7.18,2,2024-05-17,11,14.36
NOT000484,STU00060,MAT0032,2,TP,12.61,1,2023-04-16,11,12.61
NOT000485,STU00061,MAT0002,4,TP,9.73,1,2024-04-16,2,9.73
NOT000486,STU00061,MAT0007,4,CC,7.73,2,2023-04-15,2,15.46
NOT000487,STU00061,MAT0008,2,EXAMEN,10.06,1,2024-04-15,2,10.06
NOT000488,STU00061,MAT0024,4,PROJET,8.76,3,2023-05-17,2,26.28
NOT000489,STU00061,MAT0027,4,TP,17.06,2,2024-04-15,2,34.12
NOT000490,STU00061,MAT0019,1,TP,14.64,1,2023-05-17,2,14.64
NOT000491,STU00061,MAT0020,2,EXAMEN,11.98,3,2024-05-16,2,35.94
NOT000492,STU00061,MAT0002,4,TP,16.44,2,2023-05-17,2,32.88
NOT000493,STU00062,MAT0035,1,CC,12.23,3,2024-04-16,3,36.69
NOT000494,STU00062,MAT0030,3,CC,9.42,2,2023-04-16,3,18.84
NOT000495,STU00062,MAT0015,2,TP,16.57,3,2023-04-16,3,49.71
NOT000496,STU00062,MAT0025,3,TP,13.62,2,2023-04-15,3,27.24
NOT000497,STU00062,MAT0010,4,EXAMEN,8.89,3,2023-05-16,3,26.670002
NOT000498,STU00062,MAT0035,3,PROJET,11.43,2,2024-05-16,3,22.86
NOT000499,STU00062,MAT0011,1,TP,9.37,2,2024-04-15,3,18.74
NOT000500,STU00062,MAT0009,2,PROJET,7.85,1,2024-04-16,3,7.85
NOT000501,STU00062,MAT0017,2,TP,14.78,2,2023-05-17,3,29.56
NOT000502,STU00062,MAT0019,3,CC,17.73,2,2024-05-16,3,35.46
NOT000503,STU00063,MAT0021,4,TP,7.8,2,2024-05-16,4,15.6
NOT000504,STU00063,MAT0004,2,TP,13.69,2,2023-05-16,4,27.38
NOT000505,STU00063,MAT0002,1,CC,10.05,2,2023-04-16,4,20.1
NOT000506,STU00063,MAT0035,2,CC,10.54,2,2023-05-17,4,21.08
NOT000507,STU00063,MAT0016,1,TP,10.22,3,2024-04-16,4,30.66
NOT000508,STU00063,MAT0018,1,CC,9.41,2,2023-04-16,4,18.82
NOT000509,STU00063,MAT0006,3,CC,12.15,2,2023-05-17,4,24.3
NOT000510,STU00063,MAT0003,1,PROJET,9.51,2,2023-04-15,4,19.02
NOT000511,STU00063,MAT0019,4,PROJET,12.81,1,2023-04-16,4,12.81
NOT000512,STU00064,MAT0017,2,PROJET,11.85,2,2023-04-16,5,23.7
NOT000513,STU00064,MAT0004,1,TP,11.28,2,2023-04-16,5,22.56
NOT000514,STU00064,MAT0026,3,TP,9.28,2,2023-05-17,5,18.56
NOT000515,STU00064,MAT0008,3,EXAMEN,10.27,3,2024-04-16,5,30.810001
NOT000516,STU00064,MAT0008,3,CC,14.27,3,2023-05-16,5,42.81
NOT000517,STU00064,MAT0009,4,TP,13.5,2,2024-05-16,5,27.0
NOT000518,STU00064,MAT0024,3,TP,9.07,2,2023-05-16,5,18.14
NOT000519,STU00065,MAT0001,1,TP,12.3,3,2023-05-17,6,36.9
NOT000520,STU00065,MAT0029,4,EXAMEN,14.25,2,2024-05-16,6,28.5
NOT000521,STU00065,MAT0010,4,EXAMEN,6.99,1,2023-05-17,6,6.99
NOT000522,STU00065,MAT0013,3,TP,13.63,3,2023-05-16,6,40.89
NOT000523,STU00065,MAT0019,4,TP,10.01,2,2023-04-15,6,20.02
NOT000524,STU00065,MAT0008,4,TP,13.71,1,2023-04-16,6,13.71
NOT000525,STU00066,MAT0004,3,PROJET,9.71,1,2023-05-17,7,9.71
NOT000526,STU00066,MAT0022,4,TP,6.59,1,2023-04-16,7,6.59
NOT000527,STU00066,MAT0035,2,PROJET,7.12,2,2023-05-16,7,14.24
NOT000528,STU00066,MAT0005,3,CC,12.14,2,2023-04-16,7,24.28
NOT000529,STU00066,MAT0021,1,PROJET,12.78,2,2023-05-17,7,25.56
NOT000530,STU00066,MAT0019,4,TP,9.29,3,2024-05-17,7,27.869999
NOT000531,STU00066,MAT0015,1,EXAMEN,13.92,2,2023-05-17,7,27.84
NOT000532,STU00066,MAT0002,2,TP,7.02,2,2024-04-16,7,14.04
NOT000533,STU00067,MAT0033,1,PROJET,11.8,2,2024-04-15,8,23.6
NOT000534,STU00067,MAT0014,4,TP,8.37,2,2023-04-16,8,16.74
NOT000535,STU00067,MAT0031,2,TP,10.04,2,2024-05-17,8,20.08
NOT000536,STU00067,MAT0022,1,PROJET,12.14,2,2023-04-16,8,24.28
NOT000537,STU00067,MAT0021,3,EXAMEN,9.42,2,2023-04-16,8,18.84
NOT000538,STU00067,MAT0027,1,PROJET,10.85,1,2024-05-17,8,10.85
NOT000539,STU00068,MAT0031,1,CC,15.02,1,2023-04-15,9,15.02
NOT000540,STU00068,MAT0005,1,CC,10.27,3,2023-04-15,9,30.810001
NOT000541,STU00068,MAT0015,3,TP,14.51,2,2024-05-16,9,29.02
NOT000542,STU00068,MAT0030,2,PROJET,8.61,2,2024-04-15,9,17.22
NOT000543,STU00068,MAT0005,1,EXAMEN,13.59,2,2023-05-16,9,27.18
NOT000544,STU00068,MAT0012,4,CC,16.32,2,2023-05-17,9,32.64
NOT000545,STU00068,MAT0015,1,PROJET,4.59,3,2023-05-17,9,13.77
NOT000546,STU00068,MAT0007,2,PROJET,9.61,2,2023-05-17,9,19.22
NOT000547,STU00068,MAT0010,1,EXAMEN,13.73,2,2024-05-17,9,27.46
NOT000548,STU00068,MAT0004,1,PROJET,11.39,2,2023-05-16,9,22.78
NOT000549,STU00069,MAT0034,1,TP,13.11,2,2024-04-15,10,26.22
NOT000550,STU00069,MAT0005,2,PROJET,10.19,3,2024-04-16,10,30.57
NOT000551,STU00069,MAT0024,3,PROJET,12.26,2,2023-04-15,10,24.52
NOT000552,STU00069,MAT0007,4,PROJET,11.53,1,2024-04-15,10,11.53
NOT000553,STU00069,MAT0025,4,PROJET,15.5,3,2024-05-17,10,46.5
NOT000554,STU00069,MAT0008,4,CC,12.76,2,2024-04-15,10,25.52
NOT000555,STU00070,MAT0020,4,EXAMEN,13.01,3,2024-05-16,11,39.03
NOT000556,STU00070,MAT0001,4,CC,10.76,2,2023-05-16,11,21.52
NOT000557,STU00070,MAT0017,1,PROJET,10.54,2,2023-05-17,11,21.08
NOT000558,STU00070,MAT0026,3,CC,10.7,3,2023-04-16,11,32.1
NOT000559,STU00070,MAT0010,1,CC,13.18,3,2023-05-17,11,39.54
NOT000560,STU00070,MAT0026,2,PROJET,10.74,2,2024-04-15,11,21.48
NOT000561,STU00070,MAT0032,4,PROJET,12.87,3,2023-05-17,11,38.61
NOT000562,STU00070,MAT0025,3,PROJET,18.23,2,2023-04-16,11,36.46
NOT000563,STU00070,MAT0031,4,TP,14.61,3,2024-05-17,11,43.829998
NOT000564,STU00070,MAT0029,4,EXAMEN,11.02,2,2024-04-16,11,22.04
NOT000565,STU00071,MAT0018,4,CC,15.6,2,2024-05-17,2,31.2
NOT000566,STU00071,MAT0033,3,CC,10.78,1,2024-04-16,2,10.78
NOT000567,STU00071,MAT0021,3,TP,5.89,2,2024-04-15,2,11.78
NOT000568,STU00071,MAT0031,1,CC,8.98,3,2023-04-15,2,26.939999
NOT000569,STU00071,MAT0033,3,PROJET,6.39,1,2023-05-17,2,6.39
NOT000570,STU00071,MAT0027,2,CC,10.95,3,2023-04-16,2,32.85
NOT000571,STU00072,MAT0011,2,CC,12.06,2,2023-05-16,3,24.12
NOT000572,STU00072,MAT0011,2,TP,17.03,2,2024-04-16,3,34.06
NOT000573,STU00072,MAT0025,2,PROJET,12.98,1,2024-05-16,3,12.98
NOT000574,STU00072,MAT0006,2,PROJET,11.34,2,2024-05-16,3,22.68
NOT000575,STU00072,MAT0027,3,TP,14.49,3,2024-05-17,3,43.47
NOT000576,STU00072,MAT0004,1,EXAMEN,5.37,2,2023-05-17,3,10.74
NOT000577,STU00072,MAT0012,3,TP,12.71,2,2024-04-15,3,25.42
NOT000578,STU00072,MAT0008,4,TP,14.31,3,2023-04-16,3,42.93
NOT000579,STU00072,MAT0026,1,EXAMEN,7.56,2,2024-04-15,3,15.12
NOT000580,STU00073,MAT0011,4,PROJET,15.43,2,2023-05-16,4,30.86
NOT000581,STU00073,MAT0017,4,CC,13.02,3,2024-05-16,4,39.06
NOT000582,STU00073,MAT0021,4,EXAMEN,10.75,3,2023-04-16,4,32.25
NOT000583,STU00073,MAT0009,3,PROJET,13.9,2,2023-04-15,4,27.8
NOT000584,STU00073,MAT0021,4,TP,18.81,3,2024-05-16,4,56.43
NOT000585,STU00073,MAT0017,2,PROJET,12.55,1,2024-05-16,4,12.55
NOT000586,STU00073,MAT0028,2,PROJET,12.74,1,2024-04-15,4,12.74
NOT000587,STU00073,MAT0008,4,CC,10.62,1,2023-05-17,4,10.62
NOT000588,STU00073,MAT0031,4,PROJET,9.45,3,2024-04-15,4,28.349998
NOT000589,STU00074,MAT0012,4,TP,14.49,1,2023-04-15,5,14.49
NOT000590,STU00074,MAT0016,1,PROJET,9.43,2,2024-04-16,5,18.86
NOT000591,STU00074,MAT0033,4,TP,12.21,2,2024-04-15,5,24.42
NOT000592,STU00074,MAT0021,3,TP,10.57,2,2024-04-15,5,21.14
NOT000593,STU00074,MAT0020,2,CC,13.44,2,2023-04-16,5,26.88
NOT000594,STU00074,MAT0026,4,TP,13.0,1,2024-05-16,5,13.0
NOT000595,STU00074,MAT0002,2,TP,15.11,2,2023-04-16,5,30.22
NOT000596,STU00074,MAT0002,1,EXAMEN,10.47,1,2024-05-16,5,10.47
NOT000597,STU00074,MAT0026,4,EXAMEN,11.19,2,2024-04-15,5,22.38
NOT000598,STU00075,MAT0021,4,CC,9.06,3,2024-04-15,6,27.18
NOT000599,STU00075,MAT0027,1,TP,10.67,3,2024-05-16,6,32.010002
NOT000600,STU00075,MAT0021,1,CC,13.13,2,2023-05-17,6,26.26
NOT000601,STU00075,MAT0033,2,PROJET,14.27,2,2024-05-17,6,28.54
NOT000602,STU00075,MAT0004,3,TP,9.23,1,2024-05-17,6,9.23
NOT000603,STU00075,MAT0013,3,CC,14.61,3,2024-05-16,6,43.829998
NOT000604,STU00075,MAT0016,2,TP,16.07,2,2023-04-15,6,32.14
NOT000605,STU00075,MAT0003,4,CC,13.24,3,2024-05-16,6,39.72
NOT000606,STU00076,MAT0009,2,TP,17.63,3,2023-04-15,7,52.89
NOT000607,STU00076,MAT0017,3,EXAMEN,9.68,1,2023-04-15,7,9.68
NOT000608,STU00076,MAT0007,1,TP,8.27,3,2023-05-17,7,24.810001
NOT000609,STU00076,MAT0035,3,CC,6.66,3,2023-05-16,7,19.98
NOT000610,STU00076,MAT0021,4,CC,16.49,2,2024-05-17,7,32.98
NOT000611,STU00076,MAT0030,2,PROJET,13.96,1,2024-04-16,7,13.96
NOT000612,STU00076,MAT0035,3,PROJET,11.83,2,2024-05-16,7,23.66
NOT000613,STU00076,MAT0033,3,EXAMEN,12.84,2,2023-04-16,7,25.68
NOT000614,STU00076,MAT0029,1,CC,8.62,2,2023-05-16,7,17.24
NOT000615,STU00076,MAT0032,3,TP,19.34,2,2023-05-17,7,38.68
NOT000616,STU00077,MAT0002,2,EXAMEN,12.39,1,2023-04-16,8,12.39
NOT000617,STU00077,MAT0013,3,TP,12.33,3,2023-05-16,8,36.989998
NOT000618,STU00077,MAT0020,1,CC,14.18,1,2024-05-17,8,14.18
NOT000619,STU00077,MAT0009,4,TP,13.44,2,2024-05-17,8,26.88
NOT000620,STU00077,MAT0025,2,EXAMEN,12.67,3,2023-04-15,8,38.010002
NOT000621,STU00077,MAT0013,4,TP,9.63,2,2024-04-15,8,19.26
NOT000622,STU00077,MAT0005,4,TP,13.41,2,2024-05-17,8,26.82
NOT000623,STU00077,MAT0005,1,EXAMEN,17.65,3,2024-04-15,8,52.949997
NOT000624,STU00077,MAT0030,2,EXAMEN,16.04,3,2024-05-17,8,48.120003
NOT000625,STU00077,MAT0021,2,CC,16.78,2,2023-04-15,8,33.56
NOT000626,STU00078,MAT0005,3,PROJET,10.47,2,2023-05-16,9,20.94
NOT000627,STU00078,MAT0018,2,TP,9.03,2,2023-04-15,9,18.06
NOT000628,STU00078,MAT0030,2,TP,11.62,2,2023-04-16,9,23.24
NOT000629,STU00078,MAT0026,2,CC,12.17,3,2023-05-16,9,36.510002
NOT000630,STU00078,MAT0015,3,EXAMEN,15.28,2,2023-05-16,9,30.56
NOT000631,STU00078,MAT0022,4,PROJET,6.92,2,2023-04-15,9,13.84
NOT000632,STU00079,MAT0032,4,TP,16.59,2,2024-05-17,10,33.18
NOT000633,STU00079,MAT0032,1,EXAMEN,11.53,2,2024-04-16,10,23.06
NOT000634,STU00079,MAT0012,4,PROJET,10.72,2,2023-04-16,10,21.44
NOT000635,STU00079,MAT0007,2,EXAMEN,8.96,1,2023-04-16,10,8.96
NOT000636,STU00079,MAT0033,4,TP,7.04,1,2024-04-16,10,7.04
NOT000637,STU00079,MAT0005,3,TP,14.47,2,2024-04-16,10,28.94
NOT000638,STU00080,MAT0021,1,CC,12.22,2,2024-04-16,11,24.44
NOT000639,STU00080,MAT0032,4,TP,8.13,2,2024-05-17,11,16.26
NOT000640,STU00080,MAT0027,2,TP,8.11,3,2023-04-15,11,24.329998
NOT000641,STU00080,MAT0018,2,EXAMEN,10.99,1,2024-04-16,11,10.99
NOT000642,STU00080,MAT0024,3,CC,17.01,3,2024-04-15,11,51.03
NOT000643,STU00080,MAT0022,2,EXAMEN,11.22,3,2023-04-15,11,33.66
NOT000644,STU00080,MAT0016,3,CC,7.49,3,2023-05-17,11,22.47
NOT000645,STU00080,MAT0010,1,PROJET,11.26,3,2024-04-16,11,33.78
NOT000646,STU00080,MAT0019,3,PROJET,11.18,3,2023-04-16,11,33.54
NOT000647,STU00081,MAT0007,4,TP,3.91,1,2023-05-17,2,3.91
NOT000648,STU00081,MAT0023,2,EXAMEN,11.84,2,2023-05-17,2,23.68
NOT000649,STU00081,MAT0003,3,EXAMEN,11.31,2,2023-04-16,2,22.62
NOT000650,STU00081,MAT0008,2,EXAMEN,14.09,3,2024-04-16,2,42.27
NOT000651,STU00081,MAT0022,2,PROJET,17.55,1,2023-05-17,2,17.55
NOT000652,STU00081,MAT0005,2,CC,15.38,2,2024-04-16,2,30.76
NOT000653,STU00081,MAT0035,4,CC,11.19,1,2024-04-16,2,11.19
NOT000654,STU00081,MAT0014,2,EXAMEN,8.68,2,2023-05-16,2,17.36
NOT000655,STU00082,MAT0026,4,EXAMEN,19.72,2,2023-05-17,3,39.44
NOT000656,STU00082,MAT0003,4,EXAMEN,12.18,2,2023-05-17,3,24.36
NOT000657,STU00082,MAT0034,4,EXAMEN,12.04,1,2023-05-16,3,12.04
NOT000658,STU00082,MAT0004,1,EXAMEN,11.93,2,2024-05-16,3,23.86
NOT000659,STU00082,MAT0034,1,EXAMEN,12.59,2,2024-05-17,3,25.18
NOT000660,STU00082,MAT0001,4,PROJET,11.57,1,2023-05-17,3,11.57
NOT000661,STU00082,MAT0025,4,CC,10.28,2,2023-04-15,3,20.56
NOT000662,STU00082,MAT0023,3,TP,10.36,1,2023-05-16,3,10.36
NOT000663,STU00083,MAT0001,4,PROJET,11.9,3,2023-04-15,4,35.699997
NOT000664,STU00083,MAT0004,1,CC,10.37,2,2024-05-16,4,20.74
NOT000665,STU00083,MAT0011,2,TP,9.86,2,2024-04-16,4,19.72
NOT000666,STU00083,MAT0030,3,PROJET,12.32,1,2024-04-16,4,12.32
NOT000667,STU00083,MAT0032,3,TP,11.24,2,2024-05-17,4,22.48
NOT000668,STU00083,MAT0020,3,CC,16.51,2,2023-04-15,4,33.02
NOT000669,STU00083,MAT0007,3,TP,4.05,2,2024-05-16,4,8.1
NOT000670,STU00083,MAT0016,1,TP,15.27,2,2023-05-17,4,30.54
NOT000671,STU00083,MAT0002,4,EXAMEN,15.74,1,2024-05-17,4,15.74
NOT000672,STU00083,MAT0032,3,EXAMEN,5.78,2,2023-05-16,4,11.56
NOT000673,STU00084,MAT0008,4,CC,10.97,2,2024-04-16,5,21.94
NOT000674,STU00084,MAT0018,2,EXAMEN,10.89,2,2024-05-17,5,21.78
NOT000675,STU00084,MAT0020,4,PROJET,7.78,1,2024-04-16,5,7.78
NOT000676,STU00084,MAT0005,3,PROJET,9.67,1,2023-04-15,5,9.67
NOT000677,STU00084,MAT0007,2,TP,8.67,3,2023-04-16,5,26.01
NOT000678,STU00084,MAT0032,2,TP,17.26,1,2023-05-16,5,17.26
NOT000679,STU00084,MAT0020,1,PROJET,14.81,1,2023-05-17,5,14.81
NOT000680,STU00085,MAT0032,4,TP,15.81,1,2023-04-16,6,15.81
NOT000681,STU00085,MAT0016,3,TP,14.17,2,2023-05-16,6,28.34
NOT000682,STU00085,MAT0020,4,CC,8.61,1,2023-04-15,6,8.61
NOT000683,STU00085,MAT0029,2,EXAMEN,10.43,3,2024-04-15,6,31.29
NOT000684,STU00085,MAT0020,4,TP,13.47,3,2024-04-16,6,40.41
NOT000685,STU00085,MAT0022,4,EXAMEN,8.33,1,2024-04-16,6,8.33
NOT000686,STU00085,MAT0002,4,EXAMEN,14.14,2,2023-04-15,6,28.28
NOT000687,STU00085,MAT0034,4,PROJET,11.28,3,2023-04-15,6,33.84
NOT000688,STU00085,MAT0029,2,EXAMEN,10.88,3,2024-05-16,6,32.64
NOT000689,STU00086,MAT0033,3,TP,14.13,3,2023-05-17,7,42.39
NOT000690,STU00086,MAT0010,2,CC,13.33,2,2024-04-15,7,26.66
NOT000691,STU00086,MAT0033,4,EXAMEN,10.92,2,2023-04-15,7,21.84
NOT000692,STU00086,MAT0001,4,PROJET,15.48,1,2024-04-15,7,15.48
NOT000693,STU00086,MAT0020,2,PROJET,8.76,1,2024-04-16,7,8.76
NOT000694,STU00086,MAT0011,4,PROJET,13.85,2,2023-05-16,7,27.7
NOT000695,STU00086,MAT0025,1,PROJET,13.78,2,2024-04-16,7,27.56
NOT000696,STU00086,MAT0025,1,EXAMEN,11.07,2,2023-04-15,7,22.14
NOT000697,STU00087,MAT0034,4,TP,12.98,2,2024-04-16,8,25.96
NOT000698,STU00087,MAT0017,4,TP,8.25,3,2024-04-16,8,24.75
NOT000699,STU00087,MAT0020,4,PROJET,14.77,3,2023-05-17,8,44.31
NOT000700,STU00087,MAT0016,2,PROJET,11.45,2,2024-04-16,8,22.9
NOT000701,STU00087,MAT0011,3,TP,10.43,1,2023-05-17,8,10.43
NOT000702,STU00087,MAT0009,3,EXAMEN,15.15,1,2023-04-16,8,15.15
NOT000703,STU00087,MAT0034,4,PROJET,9.89,2,2024-05-16,8,19.78
NOT000704,STU00087,MAT0023,3,PROJET,7.77,2,2024-05-17,8,15.54
NOT000705,STU00088,MAT0002,3,EXAMEN,7.33,3,2023-05-17,9,21.99
NOT000706,STU00088,MAT0034,4,TP,13.82,3,2023-05-16,9,41.46
NOT000707,STU00088,MAT0028,3,CC,8.16,2,2023-04-16,9,16.32
NOT000708,STU00088,MAT0034,1,CC,17.26,2,2023-05-17,9,34.52
NOT000709,STU00088,MAT0004,2,TP,5.75,2,2023-05-16,9,11.5
NOT000710,STU00088,MAT0006,2,PROJET,17.09,2,2023-05-16,9,34.18
NOT000711,STU00088,MAT0004,4,EXAMEN,12.63,2,2023-05-16,9,25.26
NOT000712,STU00088,MAT0010,4,EXAMEN,11.71,1,2023-04-15,9,11.71
NOT000713,STU00088,MAT0027,4,EXAMEN,10.37,3,2024-05-17,9,31.11
NOT000714,STU00089,MAT0026,2,CC,13.2,2,2024-05-16,10,26.4
NOT000715,STU00089,MAT0016,3,CC,11.89,1,2023-05-16,10,11.89
NOT000716,STU00089,MAT0020,1,PROJET,15.31,3,2023-05-16,10,45.93
NOT000717,STU00089,MAT0001,3,EXAMEN,12.34,2,2024-05-16,10,24.68
NOT000718,STU00089,MAT0014,2,PROJET,12.45,2,2024-04-15,10,24.9
NOT000719,STU00089,MAT0031,1,PROJET,10.91,3,2023-05-16,10,32.73
NOT000720,STU00089,MAT0031,4,PROJET,11.83,2,2023-04-16,10,23.66
NOT000721,STU00090,MAT0011,2,PROJET,12.92,2,2024-04-16,11,25.84
NOT000722,STU00090,MAT0035,2,PROJET,6.87,3,2023-04-15,11,20.61
NOT000723,STU00090,MAT0033,3,TP,7.96,3,2024-04-16,11,23.880001
NOT000724,STU00090,MAT0018,4,PROJET,14.23,3,2023-04-15,11,42.69
NOT000725,STU00090,MAT0033,3,CC,12.51,2,2023-05-16,11,25.02
NOT000726,STU00090,MAT0008,4,TP,11.45,3,2023-04-15,11,34.35
NOT000727,STU00090,MAT0006,2,CC,12.06,2,2024-05-17,11,24.12
NOT000728,STU00090,MAT0028,3,PROJET,13.04,2,2023-04-15,11,26.08
NOT000729,STU00091,MAT0034,2,PROJET,10.38,2,2023-05-16,2,20.76
NOT000730,STU00091,MAT0025,4,TP,9.67,2,2024-04-16,2,19.34
NOT000731,STU00091,MAT0025,3,EXAMEN,12.59,3,2024-05-16,2,37.77
NOT000732,STU00091,MAT0035,2,PROJET,9.06,2,2024-04-16,2,18.12
NOT000733,STU00091,MAT0002,4,EXAMEN,13.22,2,2023-04-15,2,26.44
NOT000734,STU00091,MAT0009,2,CC,6.89,3,2023-04-16,2,20.67
NOT000735,STU00091,MAT0020,2,PROJET,15.09,3,2024-05-17,2,45.27
NOT000736,STU00092,MAT0025,4,TP,13.42,1,2023-04-15,3,13.42
NOT000737,STU00092,MAT0016,3,TP,12.77,3,2023-04-15,3,38.31
NOT000738,STU00092,MAT0002,1,PROJET,14.95,2,2023-04-16,3,29.9
NOT000739,STU00092,MAT0005,4,TP,17.0,3,2023-04-15,3,51.0
NOT000740,STU00092,MAT0009,4,TP,15.04,2,2024-05-17,3,30.08
NOT000741,STU00092,MAT0015,3,EXAMEN,6.48,1,2023-05-17,3,6.48
NOT000742,STU00093,MAT0024,4,PROJET,8.16,2,2023-04-15,4,16.32
NOT000743,STU00093,MAT0024,2,TP,10.13,2,2024-05-16,4,20.26
NOT000744,STU00093,MAT0003,2,CC,12.08,2,2024-04-15,4,24.16
NOT000745,STU00093,MAT0006,4,CC,13.55,3,2023-05-16,4,40.65
NOT000746,STU00093,MAT0027,4,CC,9.82,2,2024-05-17,4,19.64
NOT000747,STU00093,MAT0021,2,TP,12.56,2,2024-04-15,4,25.12
NOT000748,STU00093,MAT0033,3,CC,9.73,2,2024-04-15,4,19.46
NOT000749,STU00094,MAT0010,3,EXAMEN,10.17,3,2023-04-15,5,30.51
NOT000750,STU00094,MAT0008,4,CC,7.78,3,2023-04-15,5,23.34
NOT000751,STU00094,MAT0003,1,TP,9.23,2,2024-05-17,5,18.46
NOT000752,STU00094,MAT0033,4,PROJET,7.94,2,2024-04-16,5,15.88
NOT000753,STU00094,MAT0007,4,PROJET,9.07,1,2023-05-17,5,9.07
NOT000754,STU00094,MAT0013,4,PROJET,15.16,1,2024-05-17,5,15.16
NOT000755,STU00094,MAT0016,1,TP,9.15,2,2024-04-15,5,18.3
NOT000756,STU00094,MAT0020,3,EXAMEN,19.9,2,2024-05-17,5,39.8
NOT000757,STU00094,MAT0019,3,TP,13.48,1,2024-05-16,5,13.48
NOT000758,STU00094,MAT0010,3,PROJET,12.55,3,2023-04-15,5,37.65
NOT000759,STU00095,MAT0022,3,PROJET,9.42,3,2023-05-16,6,28.26
NOT000760,STU00095,MAT0022,3,EXAMEN,14.1,3,2023-04-16,6,42.300003
NOT000761,STU00095,MAT0001,1,PROJET,10.27,2,2023-04-15,6,20.54
NOT000762,STU00095,MAT0029,3,PROJET,12.37,3,2023-04-16,6,37.11
NOT000763,STU00095,MAT0005,4,PROJET,19.68,2,2024-05-17,6,39.36
NOT000764,STU00095,MAT0007,4,EXAMEN,11.71,3,2023-05-17,6,35.13
NOT000765,STU00095,MAT0029,1,EXAMEN,15.45,1,2024-04-16,6,15.45
NOT000766,STU00095,MAT0032,4,TP,9.89,3,2024-04-15,6,29.670002
NOT000767,STU00095,MAT0008,1,PROJET,11.9,2,2024-04-16,6,23.8
NOT000768,STU00095,MAT0024,1,TP,17.31,1,2024-05-16,6,17.31
NOT000769,STU00096,MAT0024,1,PROJET,10.12,2,2023-05-17,7,20.24
NOT000770,STU00096,MAT0028,3,EXAMEN,17.44,2,2024-05-16,7,34.88
NOT000771,STU00096,MAT0002,4,PROJET,14.12,2,2024-04-15,7,28.24
NOT000772,STU00096,MAT0020,3,EXAMEN,10.31,3,2024-04-15,7,30.93
NOT000773,STU00096,MAT0030,2,TP,13.9,1,2023-05-17,7,13.9
NOT000774,STU00096,MAT0028,1,PROJET,14.92,3,2024-05-17,7,44.760002
NOT000775,STU00096,MAT0006,1,EXAMEN,13.87,3,2024-04-16,7,41.61
NOT000776,STU00096,MAT0002,1,TP,7.29,2,2024-04-15,7,14.58
NOT000777,STU00096,MAT0031,4,PROJET,9.82,2,2023-04-15,7,19.64
NOT000778,STU00097,MAT0019,3,PROJET,11.26,2,2024-04-16,8,22.52
NOT000779,STU00097,MAT0034,3,PROJET,11.78,3,2024-05-17,8,35.34
NOT000780,STU00097,MAT0027,4,EXAMEN,13.86,3,2024-05-16,8,41.579998
NOT000781,STU00097,MAT0006,1,PROJET,12.53,2,2023-04-15,8,25.06
NOT000782,STU00097,MAT0003,3,PROJET,7.99,1,2024-04-16,8,7.99
NOT000783,STU00097,MAT0023,3,CC,13.14,1,2024-05-17,8,13.14
NOT000784,STU00097,MAT0027,1,TP,13.83,2,2024-05-16,8,27.66
NOT000785,STU00097,MAT0027,4,CC,13.68,2,2023-05-16,8,27.36
NOT000786,STU00097,MAT0007,1,PROJET,15.24,2,2023-04-15,8,30.48
NOT000787,STU00097,MAT0027,3,PROJET,14.5,3,2023-05-17,8,43.5
NOT000788,STU00098,MAT0033,2,TP,13.38,2,2023-05-16,9,26.76
NOT000789,STU00098,MAT0012,3,PROJET,11.79,2,2023-04-15,9,23.58
NOT000790,STU00098,MAT0005,4,PROJET,7.02,2,2024-05-16,9,14.04
NOT000791,STU00098,MAT0027,3,CC,13.29,2,2024-05-16,9,26.58
NOT000792,STU00098,MAT0028,1,PROJET,12.62,3,2023-04-15,9,37.86
NOT000793,STU00098,MAT0030,2,CC,12.81,2,2023-04-15,9,25.62
NOT000794,STU00098,MAT0006,2,EXAMEN,8.17,3,2024-05-16,9,24.51
NOT000795,STU00099,MAT0035,3,TP,8.76,2,2023-04-15,10,17.52
NOT000796,STU00099,MAT0006,4,PROJET,15.16,2,2023-05-16,10,30.32
NOT000797,STU00099,MAT0032,3,CC,11.88,2,2024-05-17,10,23.76
NOT000798,STU00099,MAT0028,2,PROJET,14.04,2,2024-04-16,10,28.08
NOT000799,STU00099,MAT0022,3,TP,12.08,1,2023-04-15,10,12.08
NOT000800,STU00099,MAT0021,1,EXAMEN,12.09,3,2024-04-16,10,36.27
NOT000801,STU00100,MAT0022,3,TP,14.81,2,2023-05-16,11,29.62
NOT000802,STU00100,MAT0009,3,CC,10.45,1,2023-04-16,11,10.45
NOT000803,STU00100,MAT0023,2,PROJET,12.29,3,2023-05-16,11,36.87
NOT000804,STU00100,MAT0008,3,EXAMEN,10.61,2,2024-05-17,11,21.22
NOT000805,STU00100,MAT0004,1,CC,10.7,1,2024-04-16,11,10.7
NOT000806,STU00100,MAT0010,1,CC,11.07,3,2023-04-15,11,33.21
NOT000807,STU00100,MAT0012,4,CC,12.67,3,2023-05-17,11,38.010002
NOT000808,STU00100,MAT0028,4,PROJET,10.56,3,2024-04-16,11,31.68
NOT000809,STU00100,MAT0008,3,PROJET,15.77,3,2023-04-15,11,47.31
NOT000810,STU00100,MAT0006,4,PROJET,9.32,3,2023-04-16,11,27.96
NOT000811,STU00101,MAT0003,1,EXAMEN,11.44,3,2023-04-16,2,34.32
NOT000812,STU00101,MAT0015,2,PROJET,10.68,2,2024-05-17,2,21.36
NOT000813,STU00101,MAT0007,4,PROJET,16.34,3,2023-04-16,2,49.02
NOT000814,STU00101,MAT0007,4,TP,12.59,3,2023-05-16,2,37.77
NOT000815,STU00101,MAT0011,3,TP,15.1,2,2024-05-16,2,30.2
NOT000816,STU00101,MAT0025,1,CC,7.54,1,2023-04-15,2,7.54
NOT000817,STU00102,MAT0002,2,EXAMEN,12.8,1,2023-04-16,3,12.8
NOT000818,STU00102,MAT0016,4,EXAMEN,14.67,3,2024-05-16,3,44.010002
NOT000819,STU00102,MAT0034,1,CC,12.25,2,2023-04-15,3,24.5
NOT000820,STU00102,MAT0010,1,EXAMEN,15.2,3,2024-05-17,3,45.6
NOT000821,STU00102,MAT0030,1,EXAMEN,10.45,2,2024-05-17,3,20.9
NOT000822,STU00102,MAT0019,4,CC,16.23,3,2023-05-16,3,48.69
NOT000823,STU00102,MAT0028,1,PROJET,18.9,1,2024-05-17,3,18.9
NOT000824,STU00103,MAT0006,3,TP,10.91,2,2023-05-16,4,21.82
NOT000825,STU00103,MAT0012,2,EXAMEN,10.66,1,2024-04-15,4,10.66
NOT000826,STU00103,MAT0031,1,PROJET,16.36,1,2023-04-15,4,16.36
NOT000827,STU00103,MAT0013,3,TP,16.74,1,2024-04-16,4,16.74
NOT000828,STU00103,MAT0033,3,CC,10.43,3,2024-05-16,4,31.29
NOT000829,STU00103,MAT0031,1,CC,10.74,2,2024-04-16,4,21.48
NOT000830,STU00103,MAT0008,3,TP,11.15,2,2023-04-16,4,22.3
NOT000831,STU00103,MAT0002,2,EXAMEN,7.97,2,2023-04-16,4,15.94
NOT000832,STU00103,MAT0031,1,TP,9.24,1,2024-04-16,4,9.24
NOT000833,STU00103,MAT0018,2,TP,8.99,1,2024-04-16,4,8.99
NOT000834,STU00104,MAT0004,2,EXAMEN,9.7,2,2024-05-16,5,19.4
NOT000835,STU00104,MAT0008,4,CC,11.9,3,2023-05-17,5,35.699997
NOT000836,STU00104,MAT0027,3,PROJET,12.7,2,2023-05-17,5,25.4
NOT000837,STU00104,MAT0007,1,TP,16.65,3,2024-04-16,5,49.949997
NOT000838,STU00104,MAT0002,2,TP,9.0,2,2023-05-17,5,18.0
NOT000839,STU00104,MAT0007,1,EXAMEN,14.95,2,2023-04-15,5,29.9
NOT000840,STU00105,MAT0012,2,EXAMEN,11.36,2,2024-04-16,6,22.72
NOT000841,STU00105,MAT0026,2,PROJET,11.85,1,2024-05-17,6,11.85
NOT000842,STU00105,MAT0012,4,TP,14.02,2,2024-05-16,6,28.04
NOT000843,STU00105,MAT0032,2,PROJET,8.63,2,2024-04-15,6,17.26
NOT000844,STU00105,MAT0013,3,TP,13.15,2,2024-05-16,6,26.3
NOT000845,STU00105,MAT0008,1,EXAMEN,12.5,2,2024-05-16,6,25.0
NOT000846,STU00105,MAT0005,1,CC,13.48,3,2023-04-15,6,40.44
NOT000847,STU00106,MAT0025,3,CC,12.87,2,2023-05-17,7,25.74
NOT000848,STU00106,MAT0012,3,CC,19.37,1,2024-04-16,7,19.37
NOT000849,STU00106,MAT0029,3,CC,10.09,3,2023-05-17,7,30.27
NOT000850,STU00106,MAT0022,4,TP,10.41,2,2024-04-15,7,20.82
NOT000851,STU00106,MAT0013,3,TP,10.13,2,2023-05-17,7,20.26
NOT000852,STU00106,MAT0023,3,PROJET,10.33,1,2023-04-15,7,10.33
NOT000853,STU00106,MAT0024,1,EXAMEN,10.09,2,2023-04-15,7,20.18
NOT000854,STU00107,MAT0032,1,TP,15.57,3,2024-05-17,8,46.71
NOT000855,STU00107,MAT0001,1,EXAMEN,16.26,3,2023-04-16,8,48.78
NOT000856,STU00107,MAT0005,3,PROJET,10.29,2,2024-04-15,8,20.58
NOT000857,STU00107,MAT0015,2,PROJET,9.5,1,2024-04-16,8,9.5
NOT000858,STU00107,MAT0028,3,CC,13.41,3,2024-04-15,8,40.23
NOT000859,STU00107,MAT0025,4,PROJET,10.34,2,2024-05-16,8,20.68
NOT000860,STU00107,MAT0010,3,TP,13.9,2,2023-05-16,8,27.8
NOT000861,STU00107,MAT0011,4,PROJET,12.61,2,2023-04-15,8,25.22
NOT000862,STU00108,MAT0014,3,CC,7.45,2,2023-04-15,9,14.9
NOT000863,STU00108,MAT0006,2,EXAMEN,16.64,2,2024-04-16,9,33.28
NOT000864,STU00108,MAT0016,3,EXAMEN,17.39,1,2024-04-15,9,17.39
NOT000865,STU00108,MAT0016,2,CC,10.16,1,2023-05-16,9,10.16
NOT000866,STU00108,MAT0004,1,PROJET,10.84,2,2023-04-16,9,21.68
NOT000867,STU00108,MAT0030,1,TP,12.86,3,2023-04-16,9,38.579998
NOT000868,STU00109,MAT0005,3,TP,13.0,1,2024-05-16,10,13.0
NOT000869,STU00109,MAT0015,2,PROJET,13.98,3,2024-05-17,10,41.94
NOT000870,STU00109,MAT0001,4,CC,18.03,3,2023-04-16,10,54.090004
NOT000871,STU00109,MAT0028,4,EXAMEN,11.47,2,2023-05-17,10,22.94
NOT000872,STU00109,MAT0003,2,PROJET,9.61,2,2024-05-16,10,19.22
NOT000873,STU00109,MAT0016,3,CC,7.86,2,2023-04-16,10,15.72
NOT000874,STU00109,MAT0020,3,CC,9.81,2,2023-05-17,10,19.62
NOT000875,STU00110,MAT0017,2,EXAMEN,11.9,2,2024-05-17,11,23.8
NOT000876,STU00110,MAT0023,3,EXAMEN,17.38,2,2023-04-15,11,34.76
NOT000877,STU00110,MAT0015,3,TP,10.45,2,2023-04-15,11,20.9
NOT000878,STU00110,MAT0012,1,EXAMEN,12.67,2,2023-05-16,11,25.34
NOT000879,STU00110,MAT0001,2,TP,11.95,1,2024-05-16,11,11.95
NOT000880,STU00110,MAT0001,1,PROJET,15.57,2,2023-05-17,11,31.14
NOT000881,STU00111,MAT0006,1,EXAMEN,19.58,3,2023-05-17,2,58.739998
NOT000882,STU00111,MAT0026,3,CC,10.41,3,2023-05-16,2,31.23
NOT000883,STU00111,MAT0022,3,EXAMEN,10.53,3,2024-04-15,2,31.59
NOT000884,STU00111,MAT0022,3,TP,15.13,1,2023-05-17,2,15.13
NOT000885,STU00111,MAT0028,2,TP,14.05,2,2023-05-16,2,28.1
NOT000886,STU00111,MAT0018,1,PROJET,17.54,1,2024-04-16,2,17.54
NOT000887,STU00111,MAT0008,4,PROJET,13.75,2,2024-04-16,2,27.5
NOT000888,STU00111,MAT0034,3,PROJET,10.92,2,2023-04-16,2,21.84
NOT000889,STU00111,MAT0013,2,CC,13.77,3,2023-05-16,2,41.31
NOT000890,STU00111,MAT0023,4,CC,15.33,3,2023-04-15,2,45.989998
NOT000891,STU00112,MAT0002,3,PROJET,14.46,1,2024-04-15,3,14.46
NOT000892,STU00112,MAT0022,1,CC,13.52,3,2024-05-17,3,40.56
NOT000893,STU00112,MAT0012,1,TP,15.2,1,2024-05-16,3,15.2
NOT000894,STU00112,MAT0028,1,CC,15.51,1,2024-05-16,3,15.51
NOT000895,STU00112,MAT0018,3,EXAMEN,16.15,2,2023-04-16,3,32.3
NOT000896,STU00112,MAT0018,4,PROJET,13.95,3,2023-05-16,3,41.85
NOT000897,STU00112,MAT0014,1,CC,11.5,3,2023-04-16,3,34.5
NOT000898,STU00112,MAT0032,4,TP,12.44,1,2024-05-16,3,12.44
NOT000899,STU00113,MAT0013,3,EXAMEN,15.62,2,2023-05-17,4,31.24
NOT000900,STU00113,MAT0018,3,TP,9.55,2,2023-04-16,4,19.1
NOT000901,STU00113,MAT0016,4,TP,13.11,2,2023-05-17,4,26.22
NOT000902,STU00113,MAT0027,1,EXAMEN,10.82,2,2024-04-15,4,21.64
NOT000903,STU00113,MAT0016,2,TP,12.09,2,2024-04-16,4,24.18
NOT000904,STU00113,MAT0015,2,EXAMEN,15.84,2,2024-05-16,4,31.68
NOT000905,STU00113,MAT0032,3,TP,12.57,3,2023-04-15,4,37.71
NOT000906,STU00113,MAT0011,4,CC,12.14,2,2023-05-17,4,24.28
NOT000907,STU00113,MAT0032,4,CC,7.92,2,2024-04-15,4,15.84
NOT000908,STU00113,MAT0008,1,PROJET,14.24,3,2024-04-15,4,42.72
NOT000909,STU00114,MAT0023,1,EXAMEN,13.94,2,2023-05-16,5,27.88
NOT000910,STU00114,MAT0017,4,CC,18.49,2,2024-04-16,5,36.98
NOT000911,STU00114,MAT0028,4,PROJET,11.08,2,2023-05-17,5,22.16
NOT000912,STU00114,MAT0018,3,EXAMEN,12.66,1,2024-05-16,5,12.66
NOT000913,STU00114,MAT0034,1,EXAMEN,12.75,2,2024-05-17,5,25.5
NOT000914,STU00114,MAT0011,4,TP,16.73,3,2024-05-16,5,50.19
NOT000915,STU00114,MAT0002,1,CC,11.71,1,2024-04-16,5,11.71
NOT000916,STU00114,MAT0008,1,TP,12.84,2,2023-05-16,5,25.68
NOT000917,STU00115,MAT0002,1,EXAMEN,13.82,3,2023-04-15,6,41.46
NOT000918,STU00115,MAT0011,2,TP,12.56,3,2024-05-16,6,37.68
NOT000919,STU00115,MAT0004,1,CC,10.66,3,2023-04-15,6,31.98
NOT000920,STU00115,MAT0007,2,TP,12.58,3,2024-04-15,6,37.739998
NOT000921,STU00115,MAT0027,2,EXAMEN,15.22,1,2023-05-16,6,15.22
NOT000922,STU00115,MAT0005,4,EXAMEN,8.92,1,2023-05-17,6,8.92
NOT000923,STU00116,MAT0016,2,EXAMEN,12.4,1,2023-05-17,7,12.4
NOT000924,STU00116,MAT0008,2,EXAMEN,9.9,3,2023-04-15,7,29.699999
NOT000925,STU00116,MAT0025,2,TP,15.59,2,2024-05-16,7,31.18
NOT000926,STU00116,MAT0021,4,EXAMEN,7.43,3,2024-04-16,7,22.289999
NOT000927,STU00116,MAT0015,2,PROJET,10.32,3,2024-04-15,7,30.96
NOT000928,STU00116,MAT0012,4,TP,13.13,2,2024-04-15,7,26.26
NOT000929,STU00116,MAT0006,1,PROJET,16.7,2,2023-04-16,7,33.4
NOT000930,STU00116,MAT0012,1,CC,11.8,2,2023-04-16,7,23.6
NOT000931,STU00117,MAT0002,3,TP,10.33,3,2024-05-16,8,30.99
NOT000932,STU00117,MAT0002,2,EXAMEN,17.64,1,2023-04-16,8,17.64
NOT000933,STU00117,MAT0027,1,CC,7.66,2,2024-05-16,8,15.32
NOT000934,STU00117,MAT0016,1,TP,5.4,1,2024-05-17,8,5.4
NOT000935,STU00117,MAT0029,2,PROJET,13.32,2,2024-05-16,8,26.64
NOT000936,STU00117,MAT0017,3,PROJET,10.49,2,2024-05-16,8,20.98
NOT000937,STU00118,MAT0021,4,EXAMEN,8.94,3,2023-04-16,9,26.82
NOT000938,STU00118,MAT0031,3,TP,14.13,2,2023-04-16,9,28.26
NOT000939,STU00118,MAT0003,4,TP,12.73,1,2024-04-16,9,12.73
NOT000940,STU00118,MAT0007,2,PROJET,10.31,3,2024-05-16,9,30.93
NOT000941,STU00118,MAT0019,2,TP,8.16,2,2023-04-16,9,16.32
NOT000942,STU00118,MAT0003,2,CC,14.62,2,2023-04-16,9,29.24
NOT000943,STU00118,MAT0019,3,CC,13.95,1,2024-04-15,9,13.95
NOT000944,STU00118,MAT0009,4,EXAMEN,11.7,2,2024-04-15,9,23.4
NOT000945,STU00119,MAT0033,1,CC,17.54,3,2023-05-16,10,52.620003
NOT000946,STU00119,MAT0020,1,PROJET,8.79,2,2023-05-17,10,17.58
NOT000947,STU00119,MAT0027,2,TP,7.42,3,2024-05-16,10,22.26
NOT000948,STU00119,MAT0003,3,EXAMEN,9.92,2,2023-04-16,10,19.84
NOT000949,STU00119,MAT0030,1,EXAMEN,11.86,1,2024-05-16,10,11.86
NOT000950,STU00119,MAT0024,3,TP,12.73,2,2023-05-17,10,25.46
NOT000951,STU00120,MAT0011,2,TP,11.28,2,2023-05-16,11,22.56
NOT000952,STU00120,MAT0026,3,PROJET,13.06,1,2024-05-16,11,13.06
NOT000953,STU00120,MAT0032,2,EXAMEN,8.25,1,2023-04-16,11,8.25
NOT000954,STU00120,MAT0010,2,PROJET,16.33,1,2024-04-16,11,16.33
NOT000955,STU00120,MAT0007,4,EXAMEN,11.75,1,2023-04-16,11,11.75
NOT000956,STU00120,MAT0035,2,EXAMEN,15.35,2,2023-05-17,11,30.7
NOT000957,STU00120,MAT0020,1,PROJET,13.03,2,2023-04-15,11,26.06
NOT000958,STU00120,MAT0017,4,PROJET,13.37,2,2024-05-17,11,26.74
NOT000959,STU00121,MAT0021,2,PROJET,13.71,3,2023-05-17,2,41.13
NOT000960,STU00121,MAT0024,1,PROJET,13.34,1,2023-05-17,2,13.34
NOT000961,STU00121,MAT0019,1,CC,13.93,1,2023-04-16,2,13.93
NOT000962,STU00121,MAT0021,4,TP,15.99,2,2024-04-16,2,31.98
NOT000963,STU00121,MAT0002,4,CC,12.59,2,2023-04-15,2,25.18
NOT000964,STU00121,MAT0028,4,TP,14.13,2,2023-04-16,2,28.26
NOT000965,STU00121,MAT0007,2,TP,11.73,1,2024-04-16,2,11.73
NOT000966,STU00121,MAT0012,1,CC,16.32,2,2024-05-17,2,32.64
NOT000967,STU00122,MAT0012,2,CC,9.97,2,2023-05-16,3,19.94
NOT000968,STU00122,MAT0006,3,EXAMEN,17.4,3,2023-05-17,3,52.199997
NOT000969,STU00122,MAT0033,2,PROJET,11.88,2,2023-05-17,3,23.76
NOT000970,STU00122,MAT0016,2,PROJET,7.71,2,2023-05-17,3,15.42
NOT000971,STU00122,MAT0030,1,TP,12.38,2,2023-04-15,3,24.76
NOT000972,STU00122,MAT0014,4,PROJET,9.96,1,2023-05-17,3,9.96
NOT000973,STU00122,MAT0017,1,PROJET,14.52,2,2024-05-16,3,29.04
NOT000974,STU00123,MAT0021,1,EXAMEN,10.04,2,2023-05-16,4,20.08
NOT000975,STU00123,MAT0022,4,CC,10.66,2,2024-05-16,4,21.32
NOT000976,STU00123,MAT0019,2,TP,6.33,3,2023-05-17,4,18.99
NOT000977,STU00123,MAT0016,2,PROJET,10.64,2,2023-04-15,4,21.28
NOT000978,STU00123,MAT0001,4,EXAMEN,4.73,3,2023-05-17,4,14.190001
NOT000979,STU00123,MAT0017,3,CC,7.25,2,2023-04-15,4,14.5
NOT000980,STU00123,MAT0010,4,EXAMEN,14.28,1,2023-05-17,4,14.28
NOT000981,STU00124,MAT0013,3,TP,14.36,3,2024-05-16,5,43.079998
NOT000982,STU00124,MAT0032,3,CC,13.28,1,2024-05-16,5,13.28
NOT000983,STU00124,MAT0002,3,CC,9.1,3,2023-05-17,5,27.300001
NOT000984,STU00124,MAT0022,3,EXAMEN,11.86,2,2024-04-15,5,23.72
NOT000985,STU00124,MAT0001,2,EXAMEN,11.99,2,2023-05-17,5,23.98
NOT000986,STU00124,MAT0016,3,PROJET,8.52,1,2023-05-17,5,8.52
NOT000987,STU00124,MAT0027,2,CC,16.51,2,2023-05-17,5,33.02
NOT000988,STU00124,MAT0016,3,EXAMEN,14.63,1,2023-05-16,5,14.63
NOT000989,STU00124,MAT0034,3,TP,11.34,2,2023-05-17,5,22.68
NOT000990,STU00124,MAT0012,3,PROJET,12.08,2,2024-05-17,5,24.16
NOT000991,STU00125,MAT0032,4,CC,12.63,1,2024-05-17,6,12.63
NOT000992,STU00125,MAT0022,3,CC,5.87,2,2023-05-16,6,11.74
NOT000993,STU00125,MAT0016,4,PROJET,11.26,2,2023-04-15,6,22.52
NOT000994,STU00125,MAT0010,4,CC,9.95,1,2023-05-16,6,9.95
NOT000995,STU00125,MAT0023,1,EXAMEN,9.0,1,2024-04-16,6,9.0
NOT000996,STU00125,MAT0002,1,PROJET,11.16,2,2024-05-17,6,22.32
NOT000997,STU00125,MAT0014,4,CC,17.39,3,2023-04-15,6,52.17
NOT000998,STU00125,MAT0028,2,TP,13.92,2,2023-05-17,6,27.84
NOT000999,STU00126,MAT0025,1,CC,10.29,2,2023-04-15,7,20.58
NOT001000,STU00126,MAT0029,3,TP,13.72,1,2023-05-17,7,13.72
NOT001001,STU00126,MAT0022,2,EXAMEN,16.2,2,2023-05-17,7,32.4
NOT001002,STU00126,MAT0015,1,TP,14.77,1,2023-05-16,7,14.77
NOT001003,STU00126,MAT0010,2,CC,12.18,1,2024-04-15,7,12.18
NOT001004,STU00126,MAT0003,3,TP,10.06,3,2023-04-16,7,30.18
NOT001005,STU00126,MAT0002,1,CC,14.09,3,2024-05-16,7,42.27
NOT001006,STU00126,MAT0034,2,CC,13.18,3,2023-05-16,7,39.54
NOT001007,STU00126,MAT0027,3,PROJET,14.69,3,2024-05-17,7,44.07
NOT001008,STU00126,MAT0013,4,CC,13.91,3,2024-05-16,7,41.73
NOT001009,STU00127,MAT0035,3,TP,15.15,2,2023-04-16,8,30.3
NOT001010,STU00127,MAT0012,2,PROJET,10.39,2,2023-04-15,8,20.78
NOT001011,STU00127,MAT0003,1,CC,15.95,2,2023-05-17,8,31.9
NOT001012,STU00127,MAT0020,1,TP,12.59,2,2023-04-16,8,25.18
NOT001013,STU00127,MAT0034,3,EXAMEN,18.23,3,2024-05-17,8,54.69
NOT001014,STU00127,MAT0019,4,TP,9.93,2,2024-04-16,8,19.86
NOT001015,STU00127,MAT0032,3,TP,17.21,2,2023-04-16,8,34.42
NOT001016,STU00127,MAT0022,1,TP,12.59,2,2024-04-15,8,25.18
NOT001017,STU00128,MAT0027,1,TP,10.05,1,2024-05-16,9,10.05
NOT001018,STU00128,MAT0012,4,TP,10.55,1,2024-04-15,9,10.55
NOT001019,STU00128,MAT0008,2,TP,11.04,3,2024-04-16,9,33.12
NOT001020,STU00128,MAT0008,4,PROJET,13.27,2,2023-05-16,9,26.54
NOT001021,STU00128,MAT0024,4,EXAMEN,13.57,2,2024-05-16,9,27.14
NOT001022,STU00128,MAT0007,3,CC,10.28,3,2023-04-16,9,30.84
NOT001023,STU00128,MAT0006,2,EXAMEN,11.93,2,2023-05-17,9,23.86
NOT001024,STU00128,MAT0027,3,TP,18.43,2,2023-05-16,9,36.86
NOT001025,STU00128,MAT0027,3,PROJET,17.18,3,2023-05-17,9,51.54
NOT001026,STU00128,MAT0017,1,CC,13.31,1,2024-04-15,9,13.31
NOT001027,STU00129,MAT0012,3,PROJET,12.11,2,2023-04-15,10,24.22
NOT001028,STU00129,MAT0021,3,PROJET,12.36,2,2024-04-15,10,24.72
NOT001029,STU00129,MAT0018,1,TP,13.84,2,2024-05-17,10,27.68
NOT001030,STU00129,MAT0022,1,TP,8.93,1,2023-04-16,10,8.93
NOT001031,STU00129,MAT0005,1,CC,11.23,2,2023-05-17,10,22.46
NOT001032,STU00129,MAT0012,4,EXAMEN,6.99,3,2024-04-15,10,20.97
NOT001033,STU00130,MAT0014,1,PROJET,13.2,2,2023-05-17,11,26.4
NOT001034,STU00130,MAT0020,1,CC,13.94,1,2024-05-16,11,13.94
NOT001035,STU00130,MAT0002,2,CC,10.55,2,2024-04-16,11,21.1
NOT001036,STU00130,MAT0002,1,CC,16.72,2,2023-05-16,11,33.44
NOT001037,STU00130,MAT0025,2,CC,8.32,3,2024-05-16,11,24.96
NOT001038,STU00130,MAT0024,4,EXAMEN,7.61,3,2024-05-17,11,22.83
NOT001039,STU00130,MAT0020,1,CC,12.67,1,2023-05-16,11,12.67
NOT001040,STU00130,MAT0033,3,EXAMEN,15.14,2,2023-04-16,11,30.28
NOT001041,STU00131,MAT0012,1,PROJET,17.05,2,2023-04-16,2,34.1
NOT001042,STU00131,MAT0017,1,CC,10.62,2,2024-04-15,2,21.24
NOT001043,STU00131,MAT0006,4,TP,15.24,3,2023-05-16,2,45.72
NOT001044,STU00131,MAT0028,1,CC,11.88,3,2023-05-17,2,35.64
NOT001045,STU00131,MAT0033,1,CC,11.48,2,2024-05-17,2,22.96
NOT001046,STU00131,MAT0016,2,TP,14.65,3,2023-05-17,2,43.949997
NOT001047,STU00131,MAT0020,1,EXAMEN,13.96,2,2024-05-16,2,27.92
NOT001048,STU00132,MAT0014,2,TP,7.27,1,2023-05-17,3,7.27
NOT001049,STU00132,MAT0015,4,TP,16.43,2,2023-05-16,3,32.86
NOT001050,STU00132,MAT0035,1,EXAMEN,16.14,2,2024-04-15,3,32.28
NOT001051,STU00132,MAT0019,3,PROJET,10.12,2,2023-05-16,3,20.24
NOT001052,STU00132,MAT0020,3,PROJET,13.19,2,2023-05-16,3,26.38
NOT001053,STU00132,MAT0017,4,PROJET,13.48,2,2024-05-17,3,26.96
NOT001054,STU00133,MAT0022,3,CC,12.78,2,2023-05-17,4,25.56
NOT001055,STU00133,MAT0001,4,CC,10.35,2,2024-04-15,4,20.7
NOT001056,STU00133,MAT0011,2,CC,9.99,1,2024-04-15,4,9.99
NOT001057,STU00133,MAT0023,3,CC,11.92,2,2024-05-17,4,23.84
NOT001058,STU00133,MAT0034,4,PROJET,15.52,3,2023-04-15,4,46.56
NOT001059,STU00133,MAT0012,3,TP,13.63,2,2024-04-16,4,27.26
NOT001060,STU00133,MAT0007,2,CC,10.89,2,2023-04-16,4,21.78
NOT001061,STU00133,MAT0011,4,TP,14.32,2,2024-05-16,4,28.64
NOT001062,STU00133,MAT0019,4,EXAMEN,3.45,3,2024-05-16,4,10.35
NOT001063,STU00133,MAT0006,3,PROJET,15.45,3,2024-04-15,4,46.35
NOT001064,STU00134,MAT0006,1,TP,6.78,2,2023-04-15,5,13.56
NOT001065,STU00134,MAT0004,2,PROJET,10.91,2,2023-05-17,5,21.82
NOT001066,STU00134,MAT0007,4,EXAMEN,8.64,1,2024-04-16,5,8.64
NOT001067,STU00134,MAT0015,4,PROJET,8.12,2,2023-05-16,5,16.24
NOT001068,STU00134,MAT0022,1,EXAMEN,15.48,2,2024-05-17,5,30.96
NOT001069,STU00134,MAT0015,2,TP,10.6,1,2024-04-15,5,10.6
NOT001070,STU00134,MAT0022,2,EXAMEN,13.04,3,2023-04-15,5,39.12
NOT001071,STU00134,MAT0029,1,CC,11.86,2,2023-05-17,5,23.72
NOT001072,STU00134,MAT0026,3,EXAMEN,13.43,2,2023-04-15,5,26.86
NOT001073,STU00134,MAT0029,2,TP,12.23,3,2023-04-15,5,36.69
NOT001074,STU00135,MAT0014,4,PROJET,8.15,1,2024-04-15,6,8.15
NOT001075,STU00135,MAT0006,3,EXAMEN,14.99,3,2023-04-16,6,44.97
NOT001076,STU00135,MAT0009,3,EXAMEN,10.52,2,2023-04-15,6,21.04
NOT001077,STU00135,MAT0026,2,EXAMEN,7.33,1,2023-04-16,6,7.33
NOT001078,STU00135,MAT0019,4,CC,10.72,1,2023-05-16,6,10.72
NOT001079,STU00135,MAT0001,4,CC,16.5,2,2024-05-17,6,33.0
NOT001080,STU00135,MAT0001,3,EXAMEN,14.55,2,2024-04-16,6,29.1
NOT001081,STU00135,MAT0030,1,PROJET,10.95,1,2024-04-16,6,10.95
NOT001082,STU00136,MAT0030,4,PROJET,10.95,2,2023-04-16,7,21.9
NOT001083,STU00136,MAT0007,4,CC,11.04,3,2023-04-16,7,33.12
NOT001084,STU00136,MAT0034,3,PROJET,18.23,1,2023-04-16,7,18.23
NOT001085,STU00136,MAT0017,1,CC,13.15,3,2024-05-16,7,39.449997
NOT001086,STU00136,MAT0028,1,EXAMEN,13.29,3,2024-05-16,7,39.87
NOT001087,STU00136,MAT0034,3,PROJET,15.09,3,2023-05-16,7,45.27
NOT001088,STU00136,MAT0035,2,EXAMEN,12.72,1,2023-05-16,7,12.72
NOT001089,STU00136,MAT0012,1,CC,11.22,2,2023-05-16,7,22.44
NOT001090,STU00136,MAT0034,2,EXAMEN,11.41,3,2024-05-17,7,34.23
NOT001091,STU00136,MAT0004,4,CC,11.79,2,2023-05-16,7,23.58
NOT001092,STU00137,MAT0024,3,CC,11.89,3,2023-04-15,8,35.670002
NOT001093,STU00137,MAT0007,4,CC,14.18,1,2024-05-16,8,14.18
NOT001094,STU00137,MAT0032,3,PROJET,12.16,2,2023-05-16,8,24.32
NOT001095,STU00137,MAT0004,4,EXAMEN,14.2,1,2024-05-17,8,14.2
NOT001096,STU00137,MAT0026,2,PROJET,11.76,3,2023-05-17,8,35.28
NOT001097,STU00137,MAT0007,1,PROJET,12.24,2,2024-05-16,8,24.48
NOT001098,STU00137,MAT0009,2,TP,6.01,1,2024-05-17,8,6.01
NOT001099,STU00137,MAT0019,4,TP,14.75,3,2024-04-16,8,44.25
NOT001100,STU00138,MAT0025,2,EXAMEN,13.04,3,2023-04-16,9,39.12
NOT001101,STU00138,MAT0023,3,PROJET,14.99,1,2023-04-16,9,14.99
NOT001102,STU00138,MAT0028,2,EXAMEN,3.31,2,2023-04-16,9,6.62
NOT001103,STU00138,MAT0010,3,TP,18.27,2,2024-04-16,9,36.54
NOT001104,STU00138,MAT0015,4,PROJET,11.58,2,2023-04-15,9,23.16
NOT001105,STU00138,MAT0035,1,CC,15.32,2,2024-04-15,9,30.64
NOT001106,STU00138,MAT0004,3,EXAMEN,8.88,1,2024-05-17,9,8.88
NOT001107,STU00138,MAT0012,2,PROJET,13.84,2,2023-05-17,9,27.68
NOT001108,STU00138,MAT0023,4,EXAMEN,8.84,2,2024-04-16,9,17.68
NOT001109,STU00138,MAT0011,3,CC,10.13,1,2023-05-16,9,10.13
NOT001110,STU00139,MAT0012,1,PROJET,17.74,2,2024-05-16,10,35.48
NOT001111,STU00139,MAT0009,1,CC,11.43,3,2023-05-16,10,34.29
NOT001112,STU00139,MAT0024,4,EXAMEN,12.65,1,2024-05-16,10,12.65
NOT001113,STU00139,MAT0032,2,TP,14.61,1,2024-05-16,10,14.61
NOT001114,STU00139,MAT0021,2,TP,13.49,3,2024-04-15,10,40.47
NOT001115,STU00139,MAT0004,3,TP,12.45,1,2023-05-17,10,12.45
NOT001116,STU00139,MAT0009,1,EXAMEN,13.09,1,2023-05-16,10,13.09
NOT001117,STU00139,MAT0018,1,PROJET,19.21,3,2023-05-16,10,57.629997
NOT001118,STU00139,MAT0020,2,TP,11.83,3,2024-04-15,10,35.489998
NOT001119,STU00139,MAT0005,1,PROJET,12.6,2,2024-04-15,10,25.2
NOT001120,STU00140,MAT0018,3,PROJET,15.15,2,2023-04-15,11,30.3
NOT001121,STU00140,MAT0034,3,TP,15.32,2,2023-04-15,11,30.64
NOT001122,STU00140,MAT0032,1,CC,15.56,3,2024-05-16,11,46.68
NOT001123,STU00140,MAT0005,3,EXAMEN,13.92,2,2023-05-16,11,27.84
NOT001124,STU00140,MAT0012,2,EXAMEN,8.57,2,2023-05-16,11,17.14
NOT001125,STU00140,MAT0003,2,TP,16.9,2,2024-04-15,11,33.8
NOT001126,STU00140,MAT0002,1,TP,8.56,3,2023-04-16,11,25.68
NOT001127,STU00140,MAT0017,1,CC,12.91,1,2024-05-17,11,12.91
NOT001128,STU00140,MAT0022,1,EXAMEN,9.74,2,2023-04-16,11,19.48
NOT001129,STU00141,MAT0033,4,TP,11.81,1,2023-04-15,2,11.81
NOT001130,STU00141,MAT0004,3,TP,12.99,2,2023-04-15,2,25.98
NOT001131,STU00141,MAT0030,2,CC,12.96,2,2024-04-16,2,25.92
NOT001132,STU00141,MAT0022,4,EXAMEN,13.27,2,2023-04-15,2,26.54
NOT001133,STU00141,MAT0009,3,PROJET,16.84,2,2023-04-15,2,33.68
NOT001134,STU00141,MAT0024,4,CC,13.36,3,2024-05-17,2,40.079998
NOT001135,STU00141,MAT0020,1,PROJET,11.27,3,2024-05-17,2,33.81
NOT001136,STU00141,MAT0010,1,TP,14.89,2,2023-05-16,2,29.78
NOT001137,STU00141,MAT0035,2,PROJET,15.57,2,2023-04-15,2,31.14
NOT001138,STU00142,MAT0020,3,PROJET,8.32,2,2024-05-17,3,16.64
NOT001139,STU00142,MAT0032,3,EXAMEN,13.79,2,2024-05-16,3,27.58
NOT001140,STU00142,MAT0035,4,EXAMEN,14.1,1,2023-05-17,3,14.1
NOT001141,STU00142,MAT0006,3,TP,11.11,2,2023-05-16,3,22.22
NOT001142,STU00142,MAT0006,1,CC,16.13,3,2024-05-17,3,48.39
NOT001143,STU00142,MAT0007,2,TP,11.55,2,2023-04-15,3,23.1
NOT001144,STU00142,MAT0007,3,CC,12.38,3,2024-04-15,3,37.14
NOT001145,STU00143,MAT0012,1,CC,11.48,1,2024-05-17,4,11.48
NOT001146,STU00143,MAT0011,4,PROJET,12.05,2,2023-05-17,4,24.1
NOT001147,STU00143,MAT0018,4,PROJET,8.71,2,2024-04-16,4,17.42
NOT001148,STU00143,MAT0004,2,PROJET,7.68,2,2023-04-15,4,15.36
NOT001149,STU00143,MAT0020,2,CC,16.78,1,2023-04-15,4,16.78
NOT001150,STU00143,MAT0017,3,TP,9.46,2,2024-04-16,4,18.92
NOT001151,STU00144,MAT0020,3,CC,9.03,2,2023-05-17,5,18.06
NOT001152,STU00144,MAT0034,2,PROJET,5.54,2,2023-05-17,5,11.08
NOT001153,STU00144,MAT0026,1,CC,10.08,3,2024-04-15,5,30.24
NOT001154,STU00144,MAT0018,4,PROJET,8.03,2,2024-04-16,5,16.06
NOT001155,STU00144,MAT0014,4,CC,16.93,3,2023-05-16,5,50.79
NOT001156,STU00144,MAT0004,3,EXAMEN,15.03,2,2023-04-15,5,30.06
NOT001157,STU00144,MAT0002,1,TP,9.94,3,2024-05-17,5,29.82
NOT001158,STU00144,MAT0023,2,PROJET,18.76,1,2023-05-16,5,18.76
NOT001159,STU00144,MAT0028,2,PROJET,14.95,2,2023-04-15,5,29.9
NOT001160,STU00144,MAT0010,1,CC,11.03,2,2024-05-16,5,22.06
NOT001161,STU00145,MAT0018,3,CC,4.5,3,2023-04-16,6,13.5
NOT001162,STU00145,MAT0015,1,PROJET,18.87,3,2023-04-16,6,56.61
NOT001163,STU00145,MAT0009,1,CC,7.83,3,2023-05-17,6,23.49
NOT001164,STU00145,MAT0034,2,TP,7.06,2,2024-04-15,6,14.12
NOT001165,STU00145,MAT0008,4,TP,15.07,2,2024-04-15,6,30.14
NOT001166,STU00145,MAT0032,1,CC,19.32,3,2023-04-15,6,57.96
NOT001167,STU00145,MAT0009,4,TP,16.15,2,2023-05-16,6,32.3
NOT001168,STU00146,MAT0007,4,PROJET,13.69,2,2023-05-16,7,27.38
NOT001169,STU00146,MAT0002,1,EXAMEN,13.78,2,2023-04-15,7,27.56
NOT001170,STU00146,MAT0008,2,EXAMEN,14.56,2,2024-04-16,7,29.12
NOT001171,STU00146,MAT0024,4,PROJET,14.28,2,2023-05-16,7,28.56
NOT001172,STU00146,MAT0014,1,PROJET,12.84,1,2024-05-17,7,12.84
NOT001173,STU00146,MAT0006,3,TP,12.31,1,2024-04-15,7,12.31
NOT001174,STU00146,MAT0016,1,EXAMEN,11.81,3,2024-05-16,7,35.43
NOT001175,STU00146,MAT0031,4,EXAMEN,9.74,3,2024-05-17,7,29.22
NOT001176,STU00147,MAT0023,3,PROJET,11.16,2,2024-05-16,8,22.32
NOT001177,STU00147,MAT0028,2,PROJET,6.92,3,2023-05-16,8,20.76
NOT001178,STU00147,MAT0017,1,CC,11.7,2,2024-05-16,8,23.4
NOT001179,STU00147,MAT0033,1,CC,9.03,3,2024-05-16,8,27.09
NOT001180,STU00147,MAT0014,4,TP,8.69,2,2024-05-17,8,17.38
NOT001181,STU00147,MAT0008,2,PROJET,12.54,2,2023-04-15,8,25.08
NOT001182,STU00147,MAT0009,1,EXAMEN,16.18,2,2024-05-16,8,32.36
NOT001183,STU00147,MAT0020,3,PROJET,14.75,1,2023-04-16,8,14.75
NOT001184,STU00148,MAT0033,3,TP,7.29,2,2023-04-15,9,14.58
NOT001185,STU00148,MAT0004,1,EXAMEN,9.03,1,2024-04-15,9,9.03
NOT001186,STU00148,MAT0024,4,CC,14.82,2,2023-04-15,9,29.64
NOT001187,STU00148,MAT0004,3,EXAMEN,9.05,1,2024-05-16,9,9.05
NOT001188,STU00148,MAT0027,2,EXAMEN,11.33,2,2023-04-16,9,22.66
NOT001189,STU00148,MAT0003,4,CC,13.65,2,2024-05-16,9,27.3
NOT001190,STU00149,MAT0017,4,CC,9.09,1,2024-04-16,10,9.09
NOT001191,STU00149,MAT0023,1,CC,12.32,2,2023-04-16,10,24.64
NOT001192,STU00149,MAT0014,3,EXAMEN,8.0,2,2023-04-15,10,16.0
NOT001193,STU00149,MAT0014,3,PROJET,10.2,2,2023-05-17,10,20.4
NOT001194,STU00149,MAT0020,2,TP,12.96,2,2024-04-16,10,25.92
NOT001195,STU00149,MAT0022,2,EXAMEN,7.22,1,2023-04-15,10,7.22
NOT001196,STU00149,MAT0007,1,TP,13.32,1,2023-04-15,10,13.32
NOT001197,STU00149,MAT0023,2,EXAMEN,11.94,2,2024-05-16,10,23.88
NOT001198,STU00149,MAT0029,2,CC,13.66,3,2024-05-16,10,40.98
NOT001199,STU00150,MAT0014,2,PROJET,12.67,1,2024-05-16,11,12.67
NOT001200,STU00150,MAT0006,4,CC,16.09,3,2023-04-15,11,48.27
NOT001201,STU00150,MAT0009,2,CC,12.38,2,2024-04-15,11,24.76
NOT001202,STU00150,MAT0023,4,TP,10.71,2,2024-04-15,11,21.42
NOT001203,STU00150,MAT0019,2,EXAMEN,12.37,1,2024-05-16,11,12.37
NOT001204,STU00150,MAT0010,2,CC,13.63,3,2024-05-16,11,40.89
NOT001205,STU00150,MAT0020,1,CC,12.15,1,2024-05-16,11,12.15
NOT001206,STU00150,MAT0019,3,PROJET,12.12,3,2023-04-16,11,36.36
NOT001207,STU00150,MAT0008,4,CC,9.89,3,2024-04-16,11,29.670002
NOT001208,STU00151,MAT0012,1,CC,10.01,2,2024-05-17,2,20.02
NOT001209,STU00151,MAT0017,4,EXAMEN,7.79,1,2023-04-15,2,7.79
NOT001210,STU00151,MAT0021,2,PROJET,17.25,3,2023-04-16,2,51.75
NOT001211,STU00151,MAT0013,3,CC,8.27,2,2024-04-15,2,16.54
NOT001212,STU00151,MAT0005,1,TP,9.92,2,2024-04-15,2,19.84
NOT001213,STU00151,MAT0025,3,PROJET,9.84,3,2024-04-16,2,29.52
NOT001214,STU00151,MAT0008,1,TP,14.68,3,2024-04-15,2,44.04
NOT001215,STU00152,MAT0015,1,EXAMEN,11.12,2,2024-04-15,3,22.24
NOT001216,STU00152,MAT0025,3,CC,15.74,1,2024-04-16,3,15.74
NOT001217,STU00152,MAT0008,3,TP,9.98,1,2023-05-16,3,9.98
NOT001218,STU00152,MAT0018,2,EXAMEN,12.84,2,2024-05-16,3,25.68
NOT001219,STU00152,MAT0015,2,TP,9.49,3,2023-05-17,3,28.47
NOT001220,STU00152,MAT0031,3,EXAMEN,18.44,1,2024-04-16,3,18.44
NOT001221,STU00152,MAT0013,3,EXAMEN,8.44,2,2023-04-16,3,16.88
NOT001222,STU00153,MAT0018,3,CC,12.93,3,2023-04-15,4,38.79
NOT001223,STU00153,MAT0033,4,CC,13.9,1,2023-05-17,4,13.9
NOT001224,STU00153,MAT0023,3,PROJET,13.24,2,2023-05-16,4,26.48
NOT001225,STU00153,MAT0021,4,EXAMEN,11.44,2,2024-04-15,4,22.88
NOT001226,STU00153,MAT0025,4,CC,11.61,2,2023-05-16,4,23.22
NOT001227,STU00153,MAT0022,1,PROJET,12.13,1,2023-04-15,4,12.13
NOT001228,STU00153,MAT0031,1,TP,11.56,1,2024-05-17,4,11.56
NOT001229,STU00154,MAT0009,4,EXAMEN,14.89,2,2023-04-16,5,29.78
NOT001230,STU00154,MAT0016,4,PROJET,18.63,3,2023-05-16,5,55.89
NOT001231,STU00154,MAT0013,4,CC,10.33,2,2024-05-16,5,20.66
NOT001232,STU00154,MAT0012,2,PROJET,7.89,2,2023-05-17,5,15.78
NOT001233,STU00154,MAT0030,2,EXAMEN,11.74,2,2023-04-15,5,23.48
NOT001234,STU00154,MAT0008,2,CC,19.74,2,2024-05-17,5,39.48
NOT001235,STU00154,MAT0013,1,EXAMEN,9.59,2,2023-04-15,5,19.18
NOT001236,STU00154,MAT0017,2,TP,16.92,3,2024-04-15,5,50.760002
NOT001237,STU00154,MAT0010,2,CC,17.03,2,2024-04-16,5,34.06
NOT001238,STU00154,MAT0025,4,CC,10.34,2,2023-05-17,5,20.68
NOT001239,STU00155,MAT0030,4,EXAMEN,13.71,2,2023-04-15,6,27.42
NOT001240,STU00155,MAT0002,4,PROJET,16.89,2,2024-05-16,6,33.78
NOT001241,STU00155,MAT0016,4,EXAMEN,10.86,3,2024-04-15,6,32.579998
NOT001242,STU00155,MAT0010,2,EXAMEN,11.39,2,2023-04-16,6,22.78
NOT001243,STU00155,MAT0021,3,CC,10.25,3,2023-04-16,6,30.75
NOT001244,STU00155,MAT0016,4,TP,8.96,3,2024-05-16,6,26.880001
NOT001245,STU00156,MAT0010,1,PROJET,10.05,2,2024-05-16,7,20.1
NOT001246,STU00156,MAT0008,4,TP,8.33,2,2023-04-16,7,16.66
NOT001247,STU00156,MAT0033,2,PROJET,12.1,2,2024-05-16,7,24.2
NOT001248,STU00156,MAT0017,1,EXAMEN,9.69,3,2023-05-16,7,29.07
NOT001249,STU00156,MAT0013,4,CC,12.7,3,2023-04-16,7,38.1
NOT001250,STU00156,MAT0012,3,PROJET,7.33,2,2023-05-17,7,14.66
NOT001251,STU00157,MAT0012,3,PROJET,12.99,2,2024-04-15,8,25.98
NOT001252,STU00157,MAT0034,1,TP,14.5,3,2023-05-16,8,43.5
NOT001253,STU00157,MAT0023,1,CC,6.02,1,2023-05-17,8,6.02
NOT001254,STU00157,MAT0015,3,PROJET,13.12,2,2023-05-17,8,26.24
NOT001255,STU00157,MAT0029,4,PROJET,15.68,2,2023-05-16,8,31.36
NOT001256,STU00157,MAT0035,3,EXAMEN,8.37,2,2023-04-16,8,16.74
NOT001257,STU00157,MAT0008,1,EXAMEN,17.02,3,2023-04-16,8,51.06
NOT001258,STU00157,MAT0012,3,TP,13.26,1,2023-04-15,8,13.26
NOT001259,STU00157,MAT0031,2,TP,9.88,2,2023-05-17,8,19.76
NOT001260,STU00157,MAT0034,2,EXAMEN,11.83,2,2023-04-15,8,23.66
NOT001261,STU00158,MAT0033,4,CC,13.67,2,2023-05-17,9,27.34
NOT001262,STU00158,MAT0006,2,TP,12.23,2,2024-05-16,9,24.46
NOT001263,STU00158,MAT0007,3,PROJET,13.62,2,2023-04-15,9,27.24
NOT001264,STU00158,MAT0029,3,EXAMEN,9.24,3,2023-05-16,9,27.72
NOT001265,STU00158,MAT0022,1,CC,12.51,2,2024-04-16,9,25.02
NOT001266,STU00158,MAT0020,3,PROJET,7.76,1,2024-05-17,9,7.76
NOT001267,STU00158,MAT0030,3,CC,11.67,2,2024-04-15,9,23.34
NOT001268,STU00159,MAT0033,2,TP,9.29,1,2024-04-16,10,9.29
NOT001269,STU00159,MAT0015,4,EXAMEN,9.79,1,2024-04-16,10,9.79
NOT001270,STU00159,MAT0029,2,EXAMEN,15.71,1,2024-04-16,10,15.71
NOT001271,STU00159,MAT0012,2,EXAMEN,15.27,2,2024-05-17,10,30.54
NOT001272,STU00159,MAT0003,2,EXAMEN,13.83,2,2024-04-16,10,27.66
NOT001273,STU00159,MAT0015,4,EXAMEN,8.72,1,2023-05-16,10,8.72
NOT001274,STU00159,MAT0023,1,TP,11.05,2,2024-05-17,10,22.1
NOT001275,STU00159,MAT0029,2,PROJET,15.64,1,2023-04-16,10,15.64
NOT001276,STU00160,MAT0019,4,EXAMEN,12.43,2,2024-05-17,11,24.86
NOT001277,STU00160,MAT0019,4,TP,18.96,2,2024-05-16,11,37.92
NOT001278,STU00160,MAT0019,2,PROJET,13.18,2,2024-04-15,11,26.36
NOT001279,STU00160,MAT0033,1,PROJET,12.58,3,2023-04-15,11,37.739998
NOT001280,STU00160,MAT0024,4,TP,11.07,3,2023-04-16,11,33.21
NOT001281,STU00160,MAT0028,2,TP,12.4,2,2023-04-16,11,24.8
NOT001282,STU00160,MAT0001,2,CC,11.54,3,2023-04-15,11,34.62
NOT001283,STU00161,MAT0031,1,PROJET,14.12,2,2023-05-17,2,28.24
NOT001284,STU00161,MAT0024,4,CC,14.87,3,2023-04-16,2,44.61
NOT001285,STU00161,MAT0005,1,EXAMEN,9.64,3,2024-05-17,2,28.920002
NOT001286,STU00161,MAT0025,2,TP,8.01,3,2024-05-17,2,24.03
NOT001287,STU00161,MAT0032,3,CC,6.49,2,2024-05-16,2,12.98
NOT001288,STU00161,MAT0027,3,PROJET,13.52,2,2024-04-15,2,27.04
NOT001289,STU00162,MAT0004,1,TP,8.69,3,2023-05-16,3,26.07
NOT001290,STU00162,MAT0008,3,PROJET,5.54,2,2024-05-16,3,11.08
NOT001291,STU00162,MAT0022,4,TP,13.17,1,2024-05-17,3,13.17
NOT001292,STU00162,MAT0035,4,EXAMEN,19.48,2,2024-05-16,3,38.96
NOT001293,STU00162,MAT0033,4,PROJET,11.98,3,2024-04-16,3,35.94
NOT001294,STU00162,MAT0011,1,PROJET,14.52,2,2024-04-15,3,29.04
NOT001295,STU00162,MAT0001,1,TP,12.25,2,2023-05-16,3,24.5
NOT001296,STU00162,MAT0024,3,TP,11.7,3,2024-04-16,3,35.1
NOT001297,STU00162,MAT0016,2,EXAMEN,14.76,1,2024-04-15,3,14.76
NOT001298,STU00162,MAT0018,3,PROJET,11.13,2,2024-05-16,3,22.26
NOT001299,STU00163,MAT0002,3,PROJET,12.8,1,2023-04-16,4,12.8
NOT001300,STU00163,MAT0017,1,CC,12.97,3,2024-05-17,4,38.91
NOT001301,STU00163,MAT0012,1,EXAMEN,10.0,2,2024-04-16,4,20.0
NOT001302,STU00163,MAT0007,3,CC,14.98,2,2023-05-16,4,29.96
NOT001303,STU00163,MAT0022,1,TP,11.48,2,2024-05-17,4,22.96
NOT001304,STU00163,MAT0009,3,PROJET,9.73,2,2023-04-15,4,19.46
NOT001305,STU00163,MAT0024,1,CC,13.61,1,2023-04-16,4,13.61
NOT001306,STU00163,MAT0033,1,TP,9.3,2,2024-04-16,4,18.6
NOT001307,STU00164,MAT0028,4,EXAMEN,12.08,1,2024-04-15,5,12.08
NOT001308,STU00164,MAT0009,2,TP,11.97,2,2023-05-16,5,23.94
NOT001309,STU00164,MAT0004,2,PROJET,15.26,1,2024-05-16,5,15.26
NOT001310,STU00164,MAT0005,1,TP,13.42,3,2023-05-16,5,40.260002
NOT001311,STU00164,MAT0030,3,CC,11.92,1,2024-05-17,5,11.92
NOT001312,STU00164,MAT0001,3,PROJET,14.45,1,2024-05-17,5,14.45
NOT001313,STU00164,MAT0004,4,PROJET,16.17,2,2024-05-16,5,32.34
NOT001314,STU00165,MAT0006,3,TP,13.67,2,2023-05-17,6,27.34
NOT001315,STU00165,MAT0007,1,EXAMEN,12.03,2,2024-05-17,6,24.06
NOT001316,STU00165,MAT0002,4,EXAMEN,8.06,2,2024-04-15,6,16.12
NOT001317,STU00165,MAT0015,2,CC,8.8,3,2024-04-15,6,26.400002
NOT001318,STU00165,MAT0010,3,EXAMEN,11.08,3,2023-04-16,6,33.239998
NOT001319,STU00165,MAT0023,2,TP,10.17,2,2023-04-16,6,20.34
NOT001320,STU00166,MAT0016,3,EXAMEN,11.44,1,2024-04-15,7,11.44
NOT001321,STU00166,MAT0007,3,TP,12.17,3,2023-05-16,7,36.510002
NOT001322,STU00166,MAT0025,1,EXAMEN,13.59,2,2023-04-16,7,27.18
NOT001323,STU00166,MAT0012,4,PROJET,11.79,2,2024-05-17,7,23.58
NOT001324,STU00166,MAT0027,4,EXAMEN,13.46,3,2023-04-16,7,40.38
NOT001325,STU00166,MAT0027,3,EXAMEN,12.19,2,2024-04-15,7,24.38
NOT001326,STU00166,MAT0018,1,PROJET,6.07,1,2024-05-17,7,6.07
NOT001327,STU00166,MAT0024,2,PROJET,9.18,3,2024-04-15,7,27.54
NOT001328,STU00167,MAT0016,2,EXAMEN,11.57,2,2023-04-15,8,23.14
NOT001329,STU00167,MAT0014,1,CC,8.37,3,2023-05-17,8,25.11
NOT001330,STU00167,MAT0030,2,EXAMEN,13.8,2,2024-05-16,8,27.6
NOT001331,STU00167,MAT0011,4,TP,16.59,1,2023-04-16,8,16.59
NOT001332,STU00167,MAT0031,2,CC,15.66,2,2024-05-16,8,31.32
NOT001333,STU00167,MAT0022,4,CC,11.36,2,2024-05-16,8,22.72
NOT001334,STU00167,MAT0005,4,CC,16.47,2,2024-05-17,8,32.94
NOT001335,STU00167,MAT0005,2,CC,12.45,1,2023-05-16,8,12.45
NOT001336,STU00168,MAT0015,2,PROJET,10.99,1,2024-04-15,9,10.99
NOT001337,STU00168,MAT0003,3,EXAMEN,10.16,3,2023-04-16,9,30.48
NOT001338,STU00168,MAT0018,2,EXAMEN,11.09,2,2024-04-16,9,22.18
NOT001339,STU00168,MAT0015,4,TP,10.84,2,2024-05-16,9,21.68
NOT001340,STU00168,MAT0009,1,CC,12.51,1,2023-05-17,9,12.51
NOT001341,STU00168,MAT0006,4,CC,12.48,2,2024-05-16,9,24.96
NOT001342,STU00168,MAT0009,1,PROJET,12.01,2,2023-05-17,9,24.02
NOT001343,STU00168,MAT0027,4,EXAMEN,13.31,2,2024-04-15,9,26.62
NOT001344,STU00168,MAT0028,4,TP,15.57,1,2023-04-15,9,15.57
NOT001345,STU00168,MAT0035,2,PROJET,14.85,3,2024-04-16,9,44.550003
NOT001346,STU00169,MAT0016,2,PROJET,7.55,3,2023-04-15,10,22.650002
NOT001347,STU00169,MAT0012,4,EXAMEN,4.34,2,2023-04-15,10,8.68
NOT001348,STU00169,MAT0013,1,CC,14.8,2,2023-05-16,10,29.6
NOT001349,STU00169,MAT0019,2,CC,7.9,1,2023-04-16,10,7.9
NOT001350,STU00169,MAT0010,4,PROJET,11.33,3,2024-05-16,10,33.989998
NOT001351,STU00169,MAT0003,1,TP,8.49,3,2024-04-15,10,25.47
NOT001352,STU00169,MAT0016,1,CC,6.59,1,2024-05-16,10,6.59
NOT001353,STU00169,MAT0011,3,EXAMEN,13.62,2,2023-04-15,10,27.24
NOT001354,STU00170,MAT0015,1,TP,14.28,2,2023-05-17,11,28.56
NOT001355,STU00170,MAT0023,3,CC,10.27,2,2023-05-17,11,20.54
NOT001356,STU00170,MAT0002,2,PROJET,4.23,2,2023-05-16,11,8.46
NOT001357,STU00170,MAT0031,2,TP,10.36,2,2023-05-17,11,20.72
NOT001358,STU00170,MAT0034,3,CC,13.18,1,2024-05-17,11,13.18
NOT001359,STU00170,MAT0004,4,PROJET,7.56,3,2023-04-16,11,22.68
NOT001360,STU00170,MAT0024,1,EXAMEN,12.55,3,2024-04-15,11,37.65
NOT001361,STU00170,MAT0010,3,EXAMEN,11.95,2,2024-04-16,11,23.9
NOT001362,STU00170,MAT0027,3,PROJET,13.74,3,2024-05-16,11,41.22
NOT001363,STU00171,MAT0024,2,EXAMEN,12.36,3,2024-04-15,2,37.079998
NOT001364,STU00171,MAT0032,3,CC,9.08,2,2024-05-17,2,18.16
NOT001365,STU00171,MAT0032,1,TP,15.59,2,2024-05-16,2,31.18
NOT001366,STU00171,MAT0030,3,CC,11.52,2,2023-04-16,2,23.04
NOT001367,STU00171,MAT0028,2,TP,11.92,3,2024-04-16,2,35.760002
NOT001368,STU00171,MAT0012,4,PROJET,9.2,2,2024-05-17,2,18.4
NOT001369,STU00171,MAT0034,4,CC,10.67,2,2023-05-16,2,21.34
NOT001370,STU00172,MAT0021,1,EXAMEN,9.35,2,2023-05-16,3,18.7
NOT001371,STU00172,MAT0001,1,PROJET,11.48,2,2024-05-16,3,22.96
NOT001372,STU00172,MAT0005,4,CC,17.14,2,2024-04-16,3,34.28
NOT001373,STU00172,MAT0003,4,EXAMEN,7.88,2,2023-04-16,3,15.76
NOT001374,STU00172,MAT0031,2,EXAMEN,7.16,2,2023-04-16,3,14.32
NOT001375,STU00172,MAT0035,2,EXAMEN,16.41,3,2024-05-16,3,49.23
NOT001376,STU00172,MAT0023,3,CC,11.37,2,2023-05-17,3,22.74
NOT001377,STU00173,MAT0017,1,CC,9.99,2,2023-05-16,4,19.98
NOT001378,STU00173,MAT0026,3,TP,15.12,1,2023-05-17,4,15.12
NOT001379,STU00173,MAT0025,2,EXAMEN,10.18,1,2023-05-17,4,10.18
NOT001380,STU00173,MAT0004,4,CC,17.48,2,2023-05-16,4,34.96
NOT001381,STU00173,MAT0002,1,EXAMEN,14.03,3,2024-04-15,4,42.09
NOT001382,STU00173,MAT0009,3,CC,10.54,2,2023-05-16,4,21.08
NOT001383,STU00173,MAT0026,2,CC,18.47,2,2023-04-15,4,36.94
NOT001384,STU00173,MAT0035,1,EXAMEN,10.18,3,2024-04-15,4,30.54
NOT001385,STU00174,MAT0009,3,CC,14.23,3,2024-04-16,5,42.69
NOT001386,STU00174,MAT0033,4,CC,12.9,3,2024-04-16,5,38.699997
NOT001387,STU00174,MAT0010,2,CC,15.91,3,2024-04-16,5,47.73
NOT001388,STU00174,MAT0002,3,PROJET,16.68,3,2023-05-17,5,50.04
NOT001389,STU00174,MAT0025,3,PROJET,12.1,3,2024-04-16,5,36.300003
NOT001390,STU00174,MAT0018,1,EXAMEN,9.74,3,2023-05-17,5,29.22
NOT001391,STU00174,MAT0021,3,CC,13.38,1,2024-04-15,5,13.38
NOT001392,STU00174,MAT0021,1,EXAMEN,9.97,1,2023-05-16,5,9.97
NOT001393,STU00174,MAT0025,4,EXAMEN,18.04,1,2024-05-16,5,18.04
NOT001394,STU00174,MAT0011,4,CC,12.41,2,2023-05-17,5,24.82
NOT001395,STU00175,MAT0021,2,TP,10.9,3,2023-04-16,6,32.699997
NOT001396,STU00175,MAT0008,3,PROJET,12.55,3,2023-04-16,6,37.65
NOT001397,STU00175,MAT0028,1,TP,7.96,3,2023-04-15,6,23.880001
NOT001398,STU00175,MAT0005,3,PROJET,9.09,2,2024-04-16,6,18.18
NOT001399,STU00175,MAT0030,3,CC,15.6,2,2024-05-17,6,31.2
NOT001400,STU00175,MAT0021,1,CC,10.03,3,2024-04-16,6,30.09
NOT001401,STU00175,MAT0006,2,TP,8.86,1,2024-04-16,6,8.86
NOT001402,STU00175,MAT0016,3,PROJET,13.61,2,2023-04-15,6,27.22
NOT001403,STU00175,MAT0026,4,CC,15.56,2,2024-05-17,6,31.12
NOT001404,STU00176,MAT0022,1,CC,14.16,3,2024-04-16,7,42.48
NOT001405,STU00176,MAT0019,1,CC,14.99,2,2023-05-16,7,29.98
NOT001406,STU00176,MAT0006,1,CC,9.73,1,2024-05-17,7,9.73
NOT001407,STU00176,MAT0005,2,EXAMEN,7.73,1,2023-04-15,7,7.73
NOT001408,STU00176,MAT0034,1,TP,16.5,2,2024-05-16,7,33.0
NOT001409,STU00176,MAT0013,3,PROJET,11.03,3,2024-05-16,7,33.09
NOT001410,STU00176,MAT0023,4,CC,11.25,1,2023-04-15,7,11.25
NOT001411,STU00177,MAT0031,1,EXAMEN,15.98,1,2023-04-15,8,15.98
NOT001412,STU00177,MAT0030,2,EXAMEN,13.67,2,2024-04-15,8,27.34
NOT001413,STU00177,MAT0005,4,TP,13.37,2,2024-05-17,8,26.74
NOT001414,STU00177,MAT0011,1,PROJET,18.5,1,2023-04-15,8,18.5
NOT001415,STU00177,MAT0020,1,CC,10.07,2,2024-04-16,8,20.14
NOT001416,STU00177,MAT0010,4,CC,14.78,2,2024-04-15,8,29.56
NOT001417,STU00177,MAT0030,3,TP,12.17,1,2023-04-15,8,12.17
NOT001418,STU00177,MAT0025,4,CC,12.81,2,2023-04-15,8,25.62
NOT001419,STU00177,MAT0033,3,PROJET,16.59,2,2024-04-15,8,33.18
NOT001420,STU00177,MAT0030,4,PROJET,13.52,2,2023-05-17,8,27.04
NOT001421,STU00178,MAT0007,4,CC,13.61,2,2024-05-17,9,27.22
NOT001422,STU00178,MAT0003,4,PROJET,15.22,2,2024-05-17,9,30.44
NOT001423,STU00178,MAT0018,1,CC,10.91,2,2023-05-17,9,21.82
NOT001424,STU00178,MAT0017,2,EXAMEN,9.48,1,2024-05-17,9,9.48
NOT001425,STU00178,MAT0002,2,EXAMEN,8.87,2,2023-04-16,9,17.74
NOT001426,STU00178,MAT0009,1,EXAMEN,6.1,2,2024-05-17,9,12.2
NOT001427,STU00178,MAT0017,3,TP,18.17,2,2023-05-17,9,36.34
NOT001428,STU00178,MAT0005,3,EXAMEN,8.69,1,2023-05-17,9,8.69
NOT001429,STU00178,MAT0026,3,TP,11.34,2,2024-04-16,9,22.68
NOT001430,STU00179,MAT0028,2,CC,11.17,2,2024-05-17,10,22.34
NOT001431,STU00179,MAT0013,2,TP,12.92,1,2023-04-16,10,12.92
NOT001432,STU00179,MAT0007,2,TP,14.45,1,2023-05-16,10,14.45
NOT001433,STU00179,MAT0016,3,PROJET,14.58,2,2023-04-16,10,29.16
NOT001434,STU00179,MAT0027,2,PROJET,10.25,1,2024-04-15,10,10.25
NOT001435,STU00179,MAT0008,4,TP,11.5,2,2023-04-16,10,23.0
NOT001436,STU00179,MAT0010,2,CC,12.85,1,2023-04-16,10,12.85
NOT001437,STU00179,MAT0034,1,CC,11.25,2,2023-04-16,10,22.5
NOT001438,STU00180,MAT0014,4,TP,16.82,2,2024-05-16,11,33.64
NOT001439,STU00180,MAT0005,2,TP,13.47,1,2023-04-16,11,13.47
NOT001440,STU00180,MAT0002,3,TP,14.2,1,2024-05-16,11,14.2
NOT001441,STU00180,MAT0027,3,CC,13.99,1,2023-04-15,11,13.99
NOT001442,STU00180,MAT0014,2,EXAMEN,15.52,3,2023-05-17,11,46.56
NOT001443,STU00180,MAT0016,2,EXAMEN,12.54,1,2023-04-15,11,12.54
NOT001444,STU00181,MAT0028,4,CC,8.11,3,2023-05-17,2,24.329998
NOT001445,STU00181,MAT0032,3,CC,13.2,2,2023-05-16,2,26.4
NOT001446,STU00181,MAT0027,3,EXAMEN,10.05,2,2023-05-16,2,20.1
NOT001447,STU00181,MAT0023,4,PROJET,10.41,2,2024-04-15,2,20.82
NOT001448,STU00181,MAT0012,1,PROJET,13.76,1,2024-05-17,2,13.76
NOT001449,STU00181,MAT0003,4,PROJET,15.71,2,2024-04-15,2,31.42
NOT001450,STU00181,MAT0010,3,EXAMEN,12.06,1,2024-05-17,2,12.06
NOT001451,STU00181,MAT0030,1,PROJET,12.93,2,2023-04-15,2,25.86
NOT001452,STU00182,MAT0007,4,EXAMEN,17.11,3,2024-04-16,3,51.33
NOT001453,STU00182,MAT0033,2,PROJET,12.72,3,2024-05-17,3,38.16
NOT001454,STU00182,MAT0004,3,TP,19.81,2,2024-04-16,3,39.62
NOT001455,STU00182,MAT0018,2,EXAMEN,13.7,2,2024-05-16,3,27.4
NOT001456,STU00182,MAT0013,2,TP,6.72,3,2024-05-16,3,20.16
NOT001457,STU00182,MAT0017,2,EXAMEN,14.26,3,2024-04-15,3,42.78
NOT001458,STU00182,MAT0005,1,CC,13.14,3,2024-04-16,3,39.420002
NOT001459,STU00182,MAT0025,2,PROJET,15.87,1,2024-05-16,3,15.87
NOT001460,STU00182,MAT0028,4,PROJET,14.02,2,2023-05-16,3,28.04
NOT001461,STU00183,MAT0004,4,EXAMEN,11.58,3,2024-05-16,4,34.739998
NOT001462,STU00183,MAT0031,4,CC,8.33,3,2023-04-15,4,24.99
NOT001463,STU00183,MAT0017,3,CC,11.37,2,2023-04-16,4,22.74
NOT001464,STU00183,MAT0014,3,EXAMEN,9.45,3,2023-04-15,4,28.349998
NOT001465,STU00183,MAT0023,1,EXAMEN,10.26,2,2024-04-16,4,20.52
NOT001466,STU00183,MAT0024,4,CC,13.77,2,2023-04-15,4,27.54
NOT001467,STU00183,MAT0028,1,CC,17.01,2,2024-05-16,4,34.02
NOT001468,STU00183,MAT0026,2,CC,13.18,1,2023-05-16,4,13.18
NOT001469,STU00183,MAT0021,2,PROJET,8.41,2,2023-05-16,4,16.82
NOT001470,STU00183,MAT0034,1,TP,13.33,3,2024-05-17,4,39.989998
NOT001471,STU00184,MAT0001,2,CC,15.59,3,2023-05-17,5,46.77
NOT001472,STU00184,MAT0004,4,TP,10.17,3,2024-04-16,5,30.51
NOT001473,STU00184,MAT0003,4,PROJET,11.6,3,2023-05-17,5,34.800003
NOT001474,STU00184,MAT0029,1,EXAMEN,12.04,2,2023-05-16,5,24.08
NOT001475,STU00184,MAT0001,3,PROJET,9.65,1,2023-04-15,5,9.65
NOT001476,STU00184,MAT0022,2,CC,13.94,1,2024-05-16,5,13.94
NOT001477,STU00184,MAT0013,2,EXAMEN,11.64,2,2024-04-15,5,23.28
NOT001478,STU00185,MAT0009,4,PROJET,13.26,2,2023-05-17,6,26.52
NOT001479,STU00185,MAT0015,2,CC,9.34,2,2024-05-16,6,18.68
NOT001480,STU00185,MAT0017,3,CC,10.69,2,2023-04-16,6,21.38
NOT001481,STU00185,MAT0004,1,CC,14.17,2,2023-05-17,6,28.34
NOT001482,STU00185,MAT0010,2,PROJET,10.88,2,2023-05-17,6,21.76
NOT001483,STU00185,MAT0006,3,CC,17.18,3,2024-04-15,6,51.54
NOT001484,STU00186,MAT0031,2,EXAMEN,10.8,3,2023-05-17,7,32.4
NOT001485,STU00186,MAT0024,2,EXAMEN,12.67,2,2023-04-15,7,25.34
NOT001486,STU00186,MAT0006,1,CC,14.8,3,2023-04-16,7,44.4
NOT001487,STU00186,MAT0033,3,TP,7.74,3,2023-05-17,7,23.22
NOT001488,STU00186,MAT0015,3,EXAMEN,6.72,1,2024-04-16,7,6.72
NOT001489,STU00186,MAT0033,3,CC,7.42,2,2024-04-16,7,14.84
NOT001490,STU00186,MAT0029,3,EXAMEN,15.79,1,2023-05-16,7,15.79
NOT001491,STU00186,MAT0033,3,TP,10.34,3,2024-04-15,7,31.02
NOT001492,STU00186,MAT0023,2,CC,19.67,2,2024-04-16,7,39.34
NOT001493,STU00186,MAT0018,2,TP,10.31,2,2024-04-15,7,20.62
NOT001494,STU00187,MAT0015,2,EXAMEN,12.55,2,2024-05-16,8,25.1
NOT001495,STU00187,MAT0015,4,EXAMEN,16.63,3,2023-05-16,8,49.89
NOT001496,STU00187,MAT0034,4,PROJET,18.02,2,2023-04-15,8,36.04
NOT001497,STU00187,MAT0031,3,TP,18.18,3,2024-05-17,8,54.54
NOT001498,STU00187,MAT0030,4,CC,15.63,2,2024-05-16,8,31.26
NOT001499,STU00187,MAT0029,2,EXAMEN,15.07,3,2023-05-16,8,45.21
NOT001500,STU00187,MAT0035,4,CC,13.78,3,2023-04-16,8,41.34
NOT001501,STU00187,MAT0016,4,TP,14.34,3,2024-04-16,8,43.02
NOT001502,STU00187,MAT0007,1,TP,10.35,1,2024-05-17,8,10.35
NOT001503,STU00188,MAT0011,2,TP,9.55,3,2024-05-17,9,28.650002
NOT001504,STU00188,MAT0029,1,PROJET,11.99,1,2024-04-15,9,11.99
NOT001505,STU00188,MAT0007,4,EXAMEN,11.49,2,2023-05-16,9,22.98
NOT001506,STU00188,MAT0014,3,PROJET,10.64,2,2024-05-16,9,21.28
NOT001507,STU00188,MAT0016,4,EXAMEN,14.09,1,2024-04-16,9,14.09
NOT001508,STU00188,MAT0009,4,PROJET,14.87,3,2023-05-17,9,44.61
NOT001509,STU00188,MAT0022,1,EXAMEN,12.27,2,2024-05-17,9,24.54
NOT001510,STU00188,MAT0001,4,EXAMEN,16.43,2,2024-04-15,9,32.86
NOT001511,STU00189,MAT0032,1,EXAMEN,8.57,3,2023-04-15,10,25.71
NOT001512,STU00189,MAT0001,1,CC,11.42,3,2024-05-16,10,34.260002
NOT001513,STU00189,MAT0025,3,PROJET,9.85,2,2023-05-16,10,19.7
NOT001514,STU00189,MAT0035,2,TP,6.4,3,2023-04-16,10,19.2
NOT001515,STU00189,MAT0032,2,CC,11.75,3,2023-04-16,10,35.25
NOT001516,STU00189,MAT0002,2,PROJET,11.63,2,2024-04-15,10,23.26
NOT001517,STU00190,MAT0007,1,TP,16.54,3,2024-04-16,11,49.620003
NOT001518,STU00190,MAT0001,2,TP,13.89,1,2024-04-16,11,13.89
NOT001519,STU00190,MAT0010,4,PROJET,8.93,2,2023-05-16,11,17.86
NOT001520,STU00190,MAT0019,3,EXAMEN,17.56,2,2023-05-17,11,35.12
NOT001521,STU00190,MAT0013,4,TP,15.66,2,2024-05-16,11,31.32
NOT001522,STU00190,MAT0024,2,EXAMEN,13.75,3,2024-05-17,11,41.25
NOT001523,STU00190,MAT0034,4,EXAMEN,11.32,1,2023-05-17,11,11.32
NOT001524,STU00191,MAT0031,1,EXAMEN,9.12,2,2024-05-17,2,18.24
NOT001525,STU00191,MAT0009,2,TP,10.88,2,2024-04-16,2,21.76
NOT001526,STU00191,MAT0015,2,PROJET,15.27,1,2023-05-16,2,15.27
NOT001527,STU00191,MAT0012,2,EXAMEN,17.65,2,2023-05-17,2,35.3
NOT001528,STU00191,MAT0008,3,TP,16.63,3,2023-04-15,2,49.89
NOT001529,STU00191,MAT0018,1,TP,10.53,2,2023-04-15,2,21.06
NOT001530,STU00191,MAT0026,3,PROJET,8.64,2,2023-04-15,2,17.28
NOT001531,STU00191,MAT0034,1,EXAMEN,12.42,2,2023-05-17,2,24.84
NOT001532,STU00192,MAT0007,2,TP,6.69,2,2024-05-16,3,13.38
NOT001533,STU00192,MAT0009,2,CC,12.97,2,2023-04-16,3,25.94
NOT001534,STU00192,MAT0025,1,CC,11.56,2,2024-04-15,3,23.12
NOT001535,STU00192,MAT0018,4,PROJET,10.6,1,2024-04-16,3,10.6
NOT001536,STU00192,MAT0006,2,TP,7.22,2,2023-04-15,3,14.44
NOT001537,STU00192,MAT0002,1,CC,13.54,3,2023-05-16,3,40.62
NOT001538,STU00192,MAT0027,2,EXAMEN,10.4,2,2024-05-17,3,20.8
NOT001539,STU00192,MAT0024,1,EXAMEN,8.49,2,2023-04-15,3,16.98
NOT001540,STU00192,MAT0013,1,TP,3.38,1,2024-04-15,3,3.38
NOT001541,STU00193,MAT0009,4,EXAMEN,11.92,2,2023-04-15,4,23.84
NOT001542,STU00193,MAT0003,4,PROJET,17.32,1,2023-04-16,4,17.32
NOT001543,STU00193,MAT0024,1,EXAMEN,16.98,3,2024-04-16,4,50.94
NOT001544,STU00193,MAT0008,3,TP,10.63,3,2024-04-16,4,31.89
NOT001545,STU00193,MAT0025,3,EXAMEN,10.19,1,2024-05-17,4,10.19
NOT001546,STU00193,MAT0007,4,CC,13.41,2,2024-05-16,4,26.82
NOT001547,STU00194,MAT0008,2,TP,9.0,2,2023-04-15,5,18.0
NOT001548,STU00194,MAT0005,1,CC,12.91,2,2023-05-16,5,25.82
NOT001549,STU00194,MAT0013,2,TP,14.3,1,2023-04-15,5,14.3
NOT001550,STU00194,MAT0009,4,EXAMEN,15.68,1,2024-04-15,5,15.68
NOT001551,STU00194,MAT0032,2,TP,11.7,2,2023-05-16,5,23.4
NOT001552,STU00194,MAT0009,1,CC,11.39,2,2023-04-15,5,22.78
NOT001553,STU00194,MAT0006,4,CC,9.37,1,2024-04-16,5,9.37
NOT001554,STU00195,MAT0010,2,CC,9.52,1,2023-05-17,6,9.52
NOT001555,STU00195,MAT0031,4,EXAMEN,11.32,2,2023-05-17,6,22.64
NOT001556,STU00195,MAT0019,1,TP,13.1,2,2023-04-15,6,26.2
NOT001557,STU00195,MAT0020,3,CC,14.74,3,2024-04-15,6,44.22
NOT001558,STU00195,MAT0027,1,TP,9.59,1,2023-04-16,6,9.59
NOT001559,STU00195,MAT0007,2,CC,16.48,2,2023-04-16,6,32.96
NOT001560,STU00195,MAT0014,4,CC,11.19,3,2023-05-16,6,33.57
NOT001561,STU00195,MAT0006,1,EXAMEN,11.94,1,2023-05-16,6,11.94
NOT001562,STU00195,MAT0034,4,TP,9.76,1,2023-04-15,6,9.76
NOT001563,STU00195,MAT0023,2,PROJET,4.73,2,2024-05-17,6,9.46
NOT001564,STU00196,MAT0013,1,TP,14.65,3,2023-04-16,7,43.949997
NOT001565,STU00196,MAT0024,3,TP,14.21,2,2023-04-15,7,28.42
NOT001566,STU00196,MAT0024,4,TP,11.16,1,2024-05-17,7,11.16
NOT001567,STU00196,MAT0023,2,PROJET,12.2,3,2024-05-17,7,36.6
NOT001568,STU00196,MAT0028,3,PROJET,13.55,1,2024-04-16,7,13.55
NOT001569,STU00196,MAT0020,4,EXAMEN,7.31,1,2024-04-15,7,7.31
NOT001570,STU00197,MAT0023,1,PROJET,10.41,2,2024-04-16,8,20.82
NOT001571,STU00197,MAT0013,3,TP,14.38,2,2023-05-16,8,28.76
NOT001572,STU00197,MAT0030,3,CC,8.24,3,2024-05-17,8,24.72
NOT001573,STU00197,MAT0026,1,PROJET,12.88,3,2024-04-16,8,38.64
NOT001574,STU00197,MAT0008,2,TP,7.93,1,2024-05-16,8,7.93
NOT001575,STU00197,MAT0010,4,EXAMEN,13.4,2,2024-04-15,8,26.8
NOT001576,STU00198,MAT0010,1,PROJET,11.89,1,2024-05-17,9,11.89
NOT001577,STU00198,MAT0025,3,EXAMEN,7.15,2,2023-05-17,9,14.3
NOT001578,STU00198,MAT0021,3,PROJET,15.49,2,2023-04-16,9,30.98
NOT001579,STU00198,MAT0035,2,EXAMEN,9.8,1,2024-04-15,9,9.8
NOT001580,STU00198,MAT0001,3,EXAMEN,9.57,2,2023-04-15,9,19.14
NOT001581,STU00198,MAT0029,3,CC,12.6,2,2024-04-15,9,25.2
NOT001582,STU00199,MAT0028,2,EXAMEN,15.45,3,2024-04-15,10,46.35
NOT001583,STU00199,MAT0031,3,TP,8.95,1,2024-04-15,10,8.95
NOT001584,STU00199,MAT0033,1,CC,12.19,2,2024-04-16,10,24.38
NOT001585,STU00199,MAT0018,3,EXAMEN,13.29,2,2023-04-16,10,26.58
NOT001586,STU00199,MAT0020,2,TP,14.08,1,2023-04-15,10,14.08
NOT001587,STU00199,MAT0030,3,TP,12.53,2,2023-04-15,10,25.06
NOT001588,STU00199,MAT0012,2,CC,10.9,2,2023-04-15,10,21.8
NOT001589,STU00199,MAT0024,1,PROJET,9.52,2,2023-04-15,10,19.04
NOT001590,STU00199,MAT0034,3,CC,12.26,2,2023-05-17,10,24.52
NOT001591,STU00200,MAT0022,3,EXAMEN,8.78,3,2023-05-16,11,26.34
NOT001592,STU00200,MAT0024,3,CC,3.24,3,2023-05-17,11,9.72
NOT001593,STU00200,MAT0016,1,EXAMEN,13.31,1,2024-05-16,11,13.31
NOT001594,STU00200,MAT0020,2,TP,14.71,1,2023-05-16,11,14.71
NOT001595,STU00200,MAT0021,1,EXAMEN,4.91,2,2024-05-17,11,9.82
NOT001596,STU00200,MAT0034,3,TP,8.97,1,2023-04-15,11,8.97
NOT001597,STU00200,MAT0029,4,EXAMEN,13.86,2,2023-04-15,11,27.72
NOT001598,STU00200,MAT0012,4,TP,18.17,2,2024-05-17,11,36.34
NOT001599,STU00201,MAT0033,3,PROJET,12.06,2,2023-05-16,2,24.12
NOT001600,STU00201,MAT0027,2,TP,9.82,1,2024-04-15,2,9.82
NOT001601,STU00201,MAT0021,4,EXAMEN,11.45,1,2023-05-17,2,11.45
NOT001602,STU00201,MAT0035,3,PROJET,16.12,2,2024-05-16,2,32.24
NOT001603,STU00201,MAT0013,2,TP,10.06,1,2023-04-15,2,10.06
NOT001604,STU00201,MAT0022,3,TP,9.6,2,2023-04-16,2,19.2
NOT001605,STU00201,MAT0007,4,CC,10.55,2,2023-04-15,2,21.1
NOT001606,STU00201,MAT0016,2,CC,9.14,1,2023-05-16,2,9.14
NOT001607,STU00201,MAT0024,2,EXAMEN,12.37,3,2024-05-17,2,37.11
NOT001608,STU00201,MAT0028,3,TP,16.87,1,2024-04-16,2,16.87
NOT001609,STU00202,MAT0013,3,TP,12.97,2,2024-05-16,3,25.94
NOT001610,STU00202,MAT0023,3,PROJET,11.24,2,2024-04-15,3,22.48
NOT001611,STU00202,MAT0024,3,EXAMEN,11.12,3,2024-04-15,3,33.36
NOT001612,STU00202,MAT0006,3,EXAMEN,7.31,3,2023-05-17,3,21.93
NOT001613,STU00202,MAT0022,3,TP,14.65,2,2024-05-16,3,29.3
NOT001614,STU00202,MAT0010,1,EXAMEN,11.77,3,2023-05-16,3,35.31
NOT001615,STU00203,MAT0007,4,PROJET,11.46,1,2024-05-16,4,11.46
NOT001616,STU00203,MAT0024,3,PROJET,20.0,3,2024-05-16,4,60.0
NOT001617,STU00203,MAT0026,1,EXAMEN,12.9,1,2024-05-16,4,12.9
NOT001618,STU00203,MAT0016,4,PROJET,9.74,2,2024-05-16,4,19.48
NOT001619,STU00203,MAT0026,2,CC,10.72,3,2024-05-17,4,32.16
NOT001620,STU00203,MAT0004,1,PROJET,15.45,3,2024-04-15,4,46.35
NOT001621,STU00203,MAT0025,1,TP,12.34,2,2024-05-16,4,24.68
NOT001622,STU00203,MAT0027,2,TP,7.69,2,2024-05-16,4,15.38
NOT001623,STU00203,MAT0013,1,PROJET,14.76,2,2023-05-16,4,29.52
NOT001624,STU00204,MAT0023,1,PROJET,10.0,2,2024-05-16,5,20.0
NOT001625,STU00204,MAT0019,1,PROJET,17.62,3,2023-04-16,5,52.86
NOT001626,STU00204,MAT0032,2,TP,15.24,2,2024-05-16,5,30.48
NOT001627,STU00204,MAT0004,2,CC,10.66,1,2023-04-15,5,10.66
NOT001628,STU00204,MAT0028,1,PROJET,15.84,3,2023-05-16,5,47.52
NOT001629,STU00204,MAT0014,4,EXAMEN,12.2,2,2023-04-16,5,24.4
NOT001630,STU00204,MAT0022,4,CC,14.56,3,2024-04-15,5,43.68
NOT001631,STU00204,MAT0035,4,CC,13.45,3,2023-05-16,5,40.35
NOT001632,STU00204,MAT0020,2,PROJET,9.46,2,2024-04-16,5,18.92
NOT001633,STU00204,MAT0001,2,EXAMEN,10.07,3,2024-05-17,5,30.21
NOT001634,STU00205,MAT0002,2,TP,15.09,3,2023-05-16,6,45.27
NOT001635,STU00205,MAT0011,2,EXAMEN,11.0,2,2023-04-15,6,22.0
NOT001636,STU00205,MAT0012,1,TP,10.79,3,2024-05-17,6,32.37
NOT001637,STU00205,MAT0010,1,CC,9.13,3,2023-04-16,6,27.39
NOT001638,STU00205,MAT0025,3,EXAMEN,13.27,3,2023-04-15,6,39.81
NOT001639,STU00205,MAT0015,2,CC,18.19,3,2024-05-16,6,54.57
NOT001640,STU00205,MAT0011,1,PROJET,8.8,3,2023-04-16,6,26.400002
NOT001641,STU00205,MAT0013,1,PROJET,12.07,2,2023-04-15,6,24.14
NOT001642,STU00205,MAT0005,4,EXAMEN,16.24,3,2023-05-16,6,48.72
NOT001643,STU00206,MAT0031,3,CC,11.76,3,2023-05-17,7,35.28
NOT001644,STU00206,MAT0011,2,TP,13.36,3,2024-05-17,7,40.079998
NOT001645,STU00206,MAT0009,2,TP,8.81,2,2024-04-15,7,17.62
NOT001646,STU00206,MAT0022,1,PROJET,13.28,2,2024-05-16,7,26.56
NOT001647,STU00206,MAT0017,1,CC,11.44,3,2024-05-16,7,34.32
NOT001648,STU00206,MAT0035,3,TP,14.96,3,2024-05-17,7,44.88
NOT001649,STU00206,MAT0034,2,CC,15.56,1,2023-04-15,7,15.56
NOT001650,STU00206,MAT0031,3,CC,19.77,2,2024-05-17,7,39.54
NOT001651,STU00206,MAT0002,2,PROJET,13.74,1,2024-04-16,7,13.74
NOT001652,STU00207,MAT0008,2,EXAMEN,12.98,3,2023-04-16,8,38.94
NOT001653,STU00207,MAT0001,1,EXAMEN,12.58,2,2023-05-17,8,25.16
NOT001654,STU00207,MAT0003,1,EXAMEN,10.94,1,2024-04-16,8,10.94
NOT001655,STU00207,MAT0025,4,CC,13.02,3,2023-04-15,8,39.06
NOT001656,STU00207,MAT0012,4,EXAMEN,11.11,2,2024-05-16,8,22.22
NOT001657,STU00207,MAT0006,4,CC,12.51,1,2023-05-17,8,12.51
NOT001658,STU00207,MAT0035,4,PROJET,15.95,2,2024-04-16,8,31.9
NOT001659,STU00208,MAT0002,2,EXAMEN,8.98,1,2024-05-16,9,8.98
NOT001660,STU00208,MAT0018,2,CC,15.42,3,2024-05-17,9,46.260002
NOT001661,STU00208,MAT0026,1,CC,15.95,2,2024-04-16,9,31.9
NOT001662,STU00208,MAT0013,3,EXAMEN,11.65,2,2024-04-16,9,23.3
NOT001663,STU00208,MAT0027,4,CC,5.63,1,2024-05-16,9,5.63
NOT001664,STU00208,MAT0033,4,CC,10.18,1,2023-05-16,9,10.18
NOT001665,STU00208,MAT0031,4,EXAMEN,15.89,3,2023-05-17,9,47.670002
NOT001666,STU00208,MAT0017,3,CC,11.93,2,2024-05-17,9,23.86
NOT001667,STU00208,MAT0016,2,PROJET,9.0,1,2024-05-17,9,9.0
NOT001668,STU00208,MAT0010,3,PROJET,10.49,2,2023-04-15,9,20.98
NOT001669,STU00209,MAT0017,4,EXAMEN,14.52,2,2024-05-17,10,29.04
NOT001670,STU00209,MAT0029,2,TP,13.64,1,2024-04-15,10,13.64
NOT001671,STU00209,MAT0021,2,TP,11.28,3,2024-04-15,10,33.84
NOT001672,STU00209,MAT0018,2,EXAMEN,10.9,3,2024-04-16,10,32.699997
NOT001673,STU00209,MAT0019,1,EXAMEN,10.82,3,2024-04-15,10,32.46
NOT001674,STU00209,MAT0028,2,TP,9.23,1,2023-05-17,10,9.23
NOT001675,STU00209,MAT0009,2,CC,16.85,3,2023-05-17,10,50.550003
NOT001676,STU00209,MAT0029,1,PROJET,11.03,2,2024-04-15,10,22.06
NOT001677,STU00210,MAT0013,2,TP,15.65,2,2023-05-17,11,31.3
NOT001678,STU00210,MAT0016,1,PROJET,16.56,2,2023-05-16,11,33.12
NOT001679,STU00210,MAT0004,2,CC,14.99,2,2023-05-16,11,29.98
NOT001680,STU00210,MAT0016,2,EXAMEN,10.71,2,2024-04-15,11,21.42
NOT001681,STU00210,MAT0028,4,TP,13.21,2,2023-04-16,11,26.42
NOT001682,STU00210,MAT0021,4,PROJET,11.93,2,2023-04-16,11,23.86
NOT001683,STU00211,MAT0013,4,TP,9.29,2,2024-04-16,2,18.58
NOT001684,STU00211,MAT0012,4,CC,12.97,2,2024-05-16,2,25.94
NOT001685,STU00211,MAT0009,2,CC,8.46,2,2023-05-16,2,16.92
NOT001686,STU00211,MAT0025,3,TP,15.56,3,2024-05-17,2,46.68
NOT001687,STU00211,MAT0033,3,PROJET,10.61,1,2023-04-15,2,10.61
NOT001688,STU00211,MAT0024,3,PROJET,12.6,2,2024-04-16,2,25.2
NOT001689,STU00212,MAT0004,4,PROJET,12.85,3,2023-04-16,3,38.550003
NOT001690,STU00212,MAT0002,3,CC,11.22,3,2023-04-16,3,33.66
NOT001691,STU00212,MAT0028,4,PROJET,13.76,2,2023-04-15,3,27.52
NOT001692,STU00212,MAT0021,4,TP,10.58,2,2023-05-17,3,21.16
NOT001693,STU00212,MAT0032,4,CC,14.61,3,2024-05-17,3,43.829998
NOT001694,STU00212,MAT0024,4,PROJET,7.96,2,2023-04-16,3,15.92
NOT001695,STU00212,MAT0002,2,PROJET,12.38,1,2024-04-16,3,12.38
NOT001696,STU00212,MAT0006,4,TP,17.82,2,2024-04-16,3,35.64
NOT001697,STU00213,MAT0013,3,CC,9.0,2,2023-04-15,4,18.0
NOT001698,STU00213,MAT0011,1,PROJET,9.97,2,2023-05-17,4,19.94
NOT001699,STU00213,MAT0003,1,CC,13.54,3,2023-05-17,4,40.62
NOT001700,STU00213,MAT0022,3,CC,12.54,2,2024-04-15,4,25.08
NOT001701,STU00213,MAT0003,3,PROJET,13.05,2,2024-05-17,4,26.1
NOT001702,STU00213,MAT0034,3,CC,13.47,2,2023-05-17,4,26.94
NOT001703,STU00213,MAT0022,1,CC,13.9,1,2023-04-15,4,13.9
NOT001704,STU00214,MAT0011,4,CC,15.33,1,2024-04-15,5,15.33
NOT001705,STU00214,MAT0016,3,PROJET,13.23,3,2023-05-16,5,39.69
NOT001706,STU00214,MAT0029,4,TP,11.28,2,2024-05-17,5,22.56
NOT001707,STU00214,MAT0025,1,PROJET,14.02,3,2024-05-17,5,42.06
NOT001708,STU00214,MAT0009,3,TP,17.7,1,2024-05-17,5,17.7
NOT001709,STU00214,MAT0032,1,TP,11.6,3,2023-04-16,5,34.800003
NOT001710,STU00214,MAT0033,2,PROJET,9.08,3,2023-04-16,5,27.24
NOT001711,STU00214,MAT0028,4,EXAMEN,15.32,2,2023-05-17,5,30.64
NOT001712,STU00214,MAT0034,2,TP,11.64,2,2024-05-17,5,23.28
NOT001713,STU00215,MAT0018,3,EXAMEN,5.48,2,2023-04-15,6,10.96
NOT001714,STU00215,MAT0016,3,EXAMEN,14.54,3,2023-05-16,6,43.62
NOT001715,STU00215,MAT0007,4,CC,10.39,2,2023-05-16,6,20.78
NOT001716,STU00215,MAT0035,3,CC,11.73,2,2023-04-16,6,23.46
NOT001717,STU00215,MAT0030,2,EXAMEN,13.0,2,2023-05-16,6,26.0
NOT001718,STU00215,MAT0034,1,PROJET,12.57,1,2023-04-16,6,12.57
NOT001719,STU00215,MAT0030,2,EXAMEN,14.13,2,2024-04-16,6,28.26
NOT001720,STU00215,MAT0024,1,PROJET,10.69,3,2023-04-15,6,32.07
NOT001721,STU00215,MAT0001,1,CC,13.54,2,2023-05-16,6,27.08
NOT001722,STU00216,MAT0033,3,TP,11.22,3,2023-05-16,7,33.66
NOT001723,STU00216,MAT0034,4,EXAMEN,14.22,2,2023-05-16,7,28.44
NOT001724,STU00216,MAT0033,3,CC,13.85,2,2023-04-15,7,27.7
NOT001725,STU00216,MAT0015,2,EXAMEN,9.19,3,2023-04-15,7,27.57
NOT001726,STU00216,MAT0025,2,PROJET,15.26,1,2024-04-15,7,15.26
NOT001727,STU00216,MAT0029,4,CC,10.39,2,2024-05-17,7,20.78
NOT001728,STU00216,MAT0023,1,TP,14.42,2,2024-05-17,7,28.84
NOT001729,STU00217,MAT0007,3,EXAMEN,13.1,1,2024-04-16,8,13.1
NOT001730,STU00217,MAT0021,3,TP,17.51,1,2024-05-17,8,17.51
NOT001731,STU00217,MAT0003,1,EXAMEN,11.33,3,2023-04-16,8,33.989998
NOT001732,STU00217,MAT0034,4,PROJET,10.95,2,2024-05-17,8,21.9
NOT001733,STU00217,MAT0018,3,CC,11.94,3,2024-05-16,8,35.82
NOT001734,STU00217,MAT0032,4,CC,11.09,2,2023-05-17,8,22.18
NOT001735,STU00217,MAT0032,2,PROJET,14.4,2,2023-04-15,8,28.8
NOT001736,STU00217,MAT0021,3,PROJET,7.15,3,2024-04-16,8,21.45
NOT001737,STU00218,MAT0012,3,EXAMEN,8.84,3,2023-04-15,9,26.52
NOT001738,STU00218,MAT0012,4,EXAMEN,8.8,3,2023-04-15,9,26.400002
NOT001739,STU00218,MAT0015,1,EXAMEN,14.85,3,2024-05-16,9,44.550003
NOT001740,STU00218,MAT0026,4,PROJET,17.13,2,2023-05-16,9,34.26
NOT001741,STU00218,MAT0002,2,TP,11.69,2,2024-05-16,9,23.38
NOT001742,STU00218,MAT0011,2,EXAMEN,11.49,2,2023-04-16,9,22.98
NOT001743,STU00218,MAT0023,3,EXAMEN,12.21,3,2024-05-16,9,36.63
NOT001744,STU00219,MAT0007,2,EXAMEN,15.49,1,2024-05-17,10,15.49
NOT001745,STU00219,MAT0014,1,TP,9.22,3,2024-05-17,10,27.66
NOT001746,STU00219,MAT0035,3,CC,12.72,2,2024-05-17,10,25.44
NOT001747,STU00219,MAT0008,2,CC,14.93,2,2023-04-16,10,29.86
NOT001748,STU00219,MAT0011,4,TP,13.5,2,2024-05-17,10,27.0
NOT001749,STU00219,MAT0029,3,TP,12.57,2,2024-04-16,10,25.14
NOT001750,STU00219,MAT0012,2,TP,15.0,2,2023-05-16,10,30.0
NOT001751,STU00219,MAT0032,3,EXAMEN,3.89,1,2024-04-15,10,3.89
NOT001752,STU00219,MAT0009,2,EXAMEN,14.03,3,2023-04-15,10,42.09
NOT001753,STU00219,MAT0033,2,EXAMEN,10.04,1,2024-05-16,10,10.04
NOT001754,STU00220,MAT0029,2,PROJET,6.51,3,2023-05-16,11,19.53
NOT001755,STU00220,MAT0013,1,CC,13.53,2,2024-04-16,11,27.06
NOT001756,STU00220,MAT0004,3,PROJET,16.12,2,2024-04-16,11,32.24
NOT001757,STU00220,MAT0026,1,CC,11.59,1,2024-05-17,11,11.59
NOT001758,STU00220,MAT0011,2,TP,14.86,2,2024-04-15,11,29.72
NOT001759,STU00220,MAT0009,3,PROJET,16.84,1,2023-05-16,11,16.84
NOT001760,STU00221,MAT0035,4,PROJET,15.94,2,2024-04-15,2,31.88
NOT001761,STU00221,MAT0020,4,CC,16.92,2,2023-04-16,2,33.84
NOT001762,STU00221,MAT0001,1,EXAMEN,14.23,2,2023-05-16,2,28.46
NOT001763,STU00221,MAT0012,2,PROJET,12.23,3,2023-05-17,2,36.69
NOT001764,STU00221,MAT0022,1,PROJET,7.19,3,2023-05-16,2,21.57
NOT001765,STU00221,MAT0034,2,PROJET,11.26,3,2023-05-17,2,33.78
NOT001766,STU00221,MAT0022,1,TP,9.47,2,2023-04-15,2,18.94
NOT001767,STU00221,MAT0006,3,TP,18.51,2,2024-05-16,2,37.02
NOT001768,STU00221,MAT0013,2,TP,11.47,3,2024-05-16,2,34.41
NOT001769,STU00221,MAT0004,2,CC,12.37,2,2024-05-16,2,24.74
NOT001770,STU00222,MAT0004,4,TP,13.65,1,2023-05-16,3,13.65
NOT001771,STU00222,MAT0030,1,TP,12.13,2,2024-05-17,3,24.26
NOT001772,STU00222,MAT0009,3,CC,17.09,2,2024-04-15,3,34.18
NOT001773,STU00222,MAT0033,1,PROJET,10.13,2,2023-05-16,3,20.26
NOT001774,STU00222,MAT0034,2,TP,12.58,3,2024-05-16,3,37.739998
NOT001775,STU00222,MAT0011,2,CC,9.77,2,2023-04-15,3,19.54
NOT001776,STU00222,MAT0033,2,PROJET,8.04,1,2023-04-15,3,8.04
NOT001777,STU00222,MAT0004,2,PROJET,10.16,2,2023-04-16,3,20.32
NOT001778,STU00223,MAT0024,1,TP,11.89,1,2024-05-17,4,11.89
NOT001779,STU00223,MAT0010,2,EXAMEN,10.71,3,2023-04-16,4,32.13
NOT001780,STU00223,MAT0019,4,TP,9.92,3,2024-04-16,4,29.76
NOT001781,STU00223,MAT0010,4,TP,7.78,1,2023-05-16,4,7.78
NOT001782,STU00223,MAT0023,1,EXAMEN,11.75,2,2023-05-16,4,23.5
NOT001783,STU00223,MAT0027,2,PROJET,7.49,1,2024-05-17,4,7.49
NOT001784,STU00223,MAT0004,2,PROJET,14.28,1,2024-04-15,4,14.28
NOT001785,STU00223,MAT0004,3,EXAMEN,12.25,2,2024-04-15,4,24.5
NOT001786,STU00224,MAT0033,2,TP,7.63,2,2023-05-17,5,15.26
NOT001787,STU00224,MAT0017,2,TP,11.07,3,2023-05-16,5,33.21
NOT001788,STU00224,MAT0031,2,CC,9.74,2,2023-04-16,5,19.48
NOT001789,STU00224,MAT0007,1,CC,12.96,3,2023-05-17,5,38.88
NOT001790,STU00224,MAT0032,2,EXAMEN,16.02,1,2024-04-16,5,16.02
NOT001791,STU00224,MAT0008,1,PROJET,6.37,2,2023-05-16,5,12.74
NOT001792,STU00224,MAT0014,2,PROJET,12.35,2,2023-04-16,5,24.7
NOT001793,STU00224,MAT0030,3,CC,11.52,2,2024-04-16,5,23.04
NOT001794,STU00224,MAT0023,4,PROJET,14.01,2,2024-05-16,5,28.02
NOT001795,STU00225,MAT0002,4,EXAMEN,12.64,3,2023-04-15,6,37.920002
NOT001796,STU00225,MAT0019,3,CC,9.74,3,2023-04-15,6,29.22
NOT001797,STU00225,MAT0034,4,EXAMEN,11.04,1,2023-05-16,6,11.04
NOT001798,STU00225,MAT0029,4,CC,9.61,3,2024-04-15,6,28.829998
NOT001799,STU00225,MAT0028,1,TP,15.23,1,2023-04-15,6,15.23
NOT001800,STU00225,MAT0030,4,EXAMEN,12.06,2,2024-04-16,6,24.12
NOT001801,STU00226,MAT0033,3,TP,17.7,3,2023-05-16,7,53.100002
NOT001802,STU00226,MAT0016,3,CC,11.82,2,2024-05-17,7,23.64
NOT001803,STU00226,MAT0006,1,TP,9.87,3,2024-05-17,7,29.61
NOT001804,STU00226,MAT0024,4,PROJET,7.46,2,2023-04-16,7,14.92
NOT001805,STU00226,MAT0025,4,TP,6.59,2,2024-04-16,7,13.18
NOT001806,STU00226,MAT0004,3,CC,7.25,2,2024-05-17,7,14.5
NOT001807,STU00226,MAT0007,3,EXAMEN,12.8,3,2024-05-17,7,38.4
NOT001808,STU00227,MAT0010,1,PROJET,13.53,2,2024-04-16,8,27.06
NOT001809,STU00227,MAT0002,1,TP,7.26,1,2024-04-15,8,7.26
NOT001810,STU00227,MAT0034,3,EXAMEN,14.69,2,2024-05-16,8,29.38
NOT001811,STU00227,MAT0005,4,TP,10.55,2,2024-05-16,8,21.1
NOT001812,STU00227,MAT0028,4,TP,12.44,3,2023-04-15,8,37.32
NOT001813,STU00227,MAT0034,4,TP,16.84,2,2024-05-16,8,33.68
NOT001814,STU00227,MAT0008,1,PROJET,14.69,1,2023-05-16,8,14.69
NOT001815,STU00227,MAT0008,1,PROJET,11.19,2,2024-04-15,8,22.38
NOT001816,STU00227,MAT0009,3,TP,9.33,2,2024-04-16,8,18.66
NOT001817,STU00228,MAT0030,2,EXAMEN,5.54,2,2024-04-15,9,11.08
NOT001818,STU00228,MAT0014,3,PROJET,9.84,1,2024-04-16,9,9.84
NOT001819,STU00228,MAT0019,1,EXAMEN,11.37,1,2024-05-16,9,11.37
NOT001820,STU00228,MAT0020,2,PROJET,9.04,2,2024-05-16,9,18.08
NOT001821,STU00228,MAT0012,2,EXAMEN,11.61,1,2024-05-16,9,11.61
NOT001822,STU00228,MAT0003,3,PROJET,12.23,1,2023-04-15,9,12.23
NOT001823,STU00228,MAT0020,1,CC,11.33,2,2023-04-16,9,22.66
NOT001824,STU00228,MAT0031,4,CC,10.05,3,2024-04-16,9,30.150002
NOT001825,STU00228,MAT0027,2,PROJET,12.51,2,2024-05-17,9,25.02
NOT001826,STU00228,MAT0025,1,CC,13.33,1,2024-04-15,9,13.33
NOT001827,STU00229,MAT0020,1,EXAMEN,8.73,3,2024-05-17,10,26.189999
NOT001828,STU00229,MAT0032,3,EXAMEN,16.23,2,2024-05-17,10,32.46
NOT001829,STU00229,MAT0030,1,TP,11.7,2,2024-05-16,10,23.4
NOT001830,STU00229,MAT0023,2,TP,12.06,3,2023-05-17,10,36.18
NOT001831,STU00229,MAT0020,4,EXAMEN,14.12,3,2024-04-16,10,42.36
NOT001832,STU00229,MAT0011,3,PROJET,12.7,2,2023-04-15,10,25.4
NOT001833,STU00229,MAT0016,4,PROJET,14.86,2,2023-04-15,10,29.72
NOT001834,STU00229,MAT0007,2,TP,12.86,2,2023-04-15,10,25.72
NOT001835,STU00230,MAT0020,1,CC,10.16,2,2023-05-17,11,20.32
NOT001836,STU00230,MAT0033,4,EXAMEN,13.08,2,2024-05-17,11,26.16
NOT001837,STU00230,MAT0028,3,EXAMEN,8.57,1,2024-05-17,11,8.57
NOT001838,STU00230,MAT0032,2,EXAMEN,12.33,3,2024-04-15,11,36.989998
NOT001839,STU00230,MAT0009,1,PROJET,11.9,2,2023-05-16,11,23.8
NOT001840,STU00230,MAT0009,2,EXAMEN,11.38,3,2024-05-17,11,34.14
NOT001841,STU00230,MAT0022,1,TP,11.61,1,2024-04-16,11,11.61
NOT001842,STU00230,MAT0020,4,PROJET,6.35,2,2023-04-15,11,12.7
NOT001843,STU00230,MAT0003,1,EXAMEN,10.35,1,2024-04-15,11,10.35
NOT001844,STU00230,MAT0018,4,CC,12.28,3,2024-05-16,11,36.84
NOT001845,STU00231,MAT0027,4,TP,12.48,3,2024-04-15,2,37.44
NOT001846,STU00231,MAT0005,4,CC,8.92,2,2024-04-16,2,17.84
NOT001847,STU00231,MAT0007,3,PROJET,15.8,1,2023-04-15,2,15.8
NOT001848,STU00231,MAT0029,1,TP,9.4,1,2023-05-17,2,9.4
NOT001849,STU00231,MAT0017,4,CC,14.91,2,2023-05-17,2,29.82
NOT001850,STU00231,MAT0029,2,EXAMEN,13.28,2,2024-05-16,2,26.56
NOT001851,STU00232,MAT0019,4,EXAMEN,10.06,1,2023-04-16,3,10.06
NOT001852,STU00232,MAT0014,4,TP,17.33,2,2023-05-16,3,34.66
NOT001853,STU00232,MAT0030,1,CC,8.42,1,2024-04-16,3,8.42
NOT001854,STU00232,MAT0007,3,PROJET,14.76,2,2024-05-17,3,29.52
NOT001855,STU00232,MAT0023,3,PROJET,15.0,1,2023-05-17,3,15.0
NOT001856,STU00232,MAT0012,1,TP,9.99,1,2024-05-16,3,9.99
NOT001857,STU00233,MAT0023,3,PROJET,16.18,3,2024-05-16,4,48.54
NOT001858,STU00233,MAT0021,3,EXAMEN,11.25,1,2024-04-16,4,11.25
NOT001859,STU00233,MAT0001,3,CC,12.87,2,2024-04-15,4,25.74
NOT001860,STU00233,MAT0002,2,PROJET,12.78,2,2023-04-15,4,25.56
NOT001861,STU00233,MAT0002,3,PROJET,11.6,3,2023-05-16,4,34.800003
NOT001862,STU00233,MAT0033,1,TP,14.43,3,2023-05-16,4,43.29
NOT001863,STU00233,MAT0020,3,CC,14.38,1,2024-04-15,4,14.38
NOT001864,STU00233,MAT0033,4,TP,6.75,3,2023-04-16,4,20.25
NOT001865,STU00233,MAT0033,2,CC,15.91,2,2023-04-16,4,31.82
NOT001866,STU00234,MAT0010,2,CC,7.01,2,2024-05-17,5,14.02
NOT001867,STU00234,MAT0007,2,TP,15.1,2,2023-04-16,5,30.2
NOT001868,STU00234,MAT0034,4,CC,15.38,3,2024-05-16,5,46.14
NOT001869,STU00234,MAT0012,2,EXAMEN,8.73,3,2023-05-16,5,26.189999
NOT001870,STU00234,MAT0015,1,PROJET,10.77,1,2023-04-15,5,10.77
NOT001871,STU00234,MAT0002,1,EXAMEN,8.68,2,2023-04-16,5,17.36
NOT001872,STU00234,MAT0021,4,TP,11.36,3,2024-04-15,5,34.079998
NOT001873,STU00234,MAT0005,2,CC,11.08,1,2023-04-15,5,11.08
NOT001874,STU00234,MAT0002,1,PROJET,14.34,2,2023-04-16,5,28.68
NOT001875,STU00235,MAT0005,1,TP,15.93,2,2024-04-15,6,31.86
NOT001876,STU00235,MAT0017,1,TP,16.19,3,2024-04-16,6,48.57
NOT001877,STU00235,MAT0007,4,CC,10.31,1,2024-05-17,6,10.31
NOT001878,STU00235,MAT0018,3,EXAMEN,11.37,2,2024-04-15,6,22.74
NOT001879,STU00235,MAT0023,4,CC,6.95,1,2023-04-16,6,6.95
NOT001880,STU00235,MAT0030,2,CC,9.58,2,2024-04-15,6,19.16
NOT001881,STU00235,MAT0024,2,CC,14.89,1,2024-04-16,6,14.89
NOT001882,STU00235,MAT0021,2,CC,16.85,2,2024-04-15,6,33.7
NOT001883,STU00235,MAT0011,4,EXAMEN,8.3,1,2023-04-15,6,8.3
NOT001884,STU00235,MAT0011,4,PROJET,10.22,2,2023-04-16,6,20.44
NOT001885,STU00236,MAT0030,4,CC,11.92,2,2024-04-16,7,23.84
NOT001886,STU00236,MAT0032,3,TP,12.84,1,2024-04-15,7,12.84
NOT001887,STU00236,MAT0007,4,EXAMEN,9.57,2,2023-05-17,7,19.14
NOT001888,STU00236,MAT0006,4,CC,13.27,2,2023-05-17,7,26.54
NOT001889,STU00236,MAT0020,4,CC,10.58,2,2023-05-17,7,21.16
NOT001890,STU00236,MAT0035,1,CC,11.96,3,2024-05-16,7,35.88
NOT001891,STU00237,MAT0003,1,EXAMEN,13.64,2,2024-05-16,8,27.28
NOT001892,STU00237,MAT0016,2,EXAMEN,12.02,1,2023-05-16,8,12.02
NOT001893,STU00237,MAT0022,1,TP,10.69,3,2024-04-15,8,32.07
NOT001894,STU00237,MAT0031,1,CC,11.67,2,2023-04-15,8,23.34
NOT001895,STU00237,MAT0015,3,TP,11.73,2,2024-04-16,8,23.46
NOT001896,STU00237,MAT0001,4,CC,10.89,3,2024-05-16,8,32.670002
NOT001897,STU00237,MAT0027,3,TP,11.22,3,2023-04-16,8,33.66
NOT001898,STU00237,MAT0003,1,EXAMEN,16.8,2,2024-05-16,8,33.6
NOT001899,STU00238,MAT0035,4,EXAMEN,13.68,2,2023-04-16,9,27.36
NOT001900,STU00238,MAT0006,3,PROJET,11.11,1,2023-05-17,9,11.11
NOT001901,STU00238,MAT0029,4,EXAMEN,14.09,3,2024-05-16,9,42.27
NOT001902,STU00238,MAT0009,2,PROJET,11.0,1,2023-05-16,9,11.0
NOT001903,STU00238,MAT0025,1,CC,15.52,1,2023-04-16,9,15.52
NOT001904,STU00238,MAT0003,3,TP,13.11,1,2023-05-16,9,13.11
NOT001905,STU00238,MAT0023,4,TP,11.68,3,2024-05-16,9,35.04
NOT001906,STU00238,MAT0033,1,CC,13.34,2,2023-04-16,9,26.68
NOT001907,STU00238,MAT0002,3,CC,7.29,3,2023-05-16,9,21.869999
NOT001908,STU00238,MAT0028,2,CC,8.62,1,2023-05-17,9,8.62
NOT001909,STU00239,MAT0017,2,PROJET,8.42,2,2023-05-17,10,16.84
NOT001910,STU00239,MAT0029,1,EXAMEN,12.43,1,2023-05-16,10,12.43
NOT001911,STU00239,MAT0020,1,TP,17.2,2,2023-05-16,10,34.4
NOT001912,STU00239,MAT0011,4,PROJET,18.69,3,2023-05-16,10,56.07
NOT001913,STU00239,MAT0014,2,EXAMEN,13.91,1,2023-04-15,10,13.91
NOT001914,STU00239,MAT0015,3,TP,13.5,2,2024-04-15,10,27.0
NOT001915,STU00239,MAT0020,4,CC,6.6,2,2024-05-16,10,13.2
NOT001916,STU00239,MAT0011,3,PROJET,10.37,3,2023-05-16,10,31.11
NOT001917,STU00239,MAT0030,3,CC,9.64,2,2023-05-16,10,19.28
NOT001918,STU00239,MAT0027,4,CC,10.14,3,2023-05-16,10,30.420002
NOT001919,STU00240,MAT0014,2,CC,11.5,1,2024-04-15,11,11.5
NOT001920,STU00240,MAT0032,2,PROJET,10.58,1,2024-04-15,11,10.58
NOT001921,STU00240,MAT0030,1,TP,6.06,2,2023-05-16,11,12.12
NOT001922,STU00240,MAT0004,2,PROJET,14.24,3,2024-04-15,11,42.72
NOT001923,STU00240,MAT0021,2,EXAMEN,8.78,1,2024-04-15,11,8.78
NOT001924,STU00240,MAT0001,2,PROJET,12.72,2,2023-04-16,11,25.44
NOT001925,STU00241,MAT0018,1,PROJET,18.22,3,2024-04-15,2,54.659996
NOT001926,STU00241,MAT0022,1,CC,9.24,3,2024-05-17,2,27.72
NOT001927,STU00241,MAT0012,1,EXAMEN,4.41,2,2023-04-15,2,8.82
NOT001928,STU00241,MAT0033,1,PROJET,11.14,2,2023-04-16,2,22.28
NOT001929,STU00241,MAT0017,1,CC,15.3,3,2024-05-17,2,45.9
NOT001930,STU00241,MAT0008,1,CC,17.88,2,2024-04-16,2,35.76
NOT001931,STU00241,MAT0008,2,PROJET,8.31,1,2024-05-16,2,8.31
NOT001932,STU00241,MAT0009,1,TP,13.49,3,2024-05-16,2,40.47
NOT001933,STU00242,MAT0015,2,CC,10.6,1,2024-05-17,3,10.6
NOT001934,STU00242,MAT0013,2,CC,11.68,1,2023-05-17,3,11.68
NOT001935,STU00242,MAT0008,3,PROJET,19.93,2,2024-04-15,3,39.86
NOT001936,STU00242,MAT0017,2,EXAMEN,7.49,2,2024-05-17,3,14.98
NOT001937,STU00242,MAT0014,3,CC,12.76,2,2023-04-15,3,25.52
NOT001938,STU00242,MAT0019,4,EXAMEN,13.4,3,2024-05-17,3,40.199997
NOT001939,STU00242,MAT0023,4,PROJET,15.26,2,2023-04-16,3,30.52
NOT001940,STU00242,MAT0031,3,CC,12.29,2,2024-04-15,3,24.58
NOT001941,STU00242,MAT0031,2,EXAMEN,12.92,2,2024-04-16,3,25.84
NOT001942,STU00242,MAT0035,1,TP,10.83,1,2023-04-15,3,10.83
NOT001943,STU00243,MAT0010,4,CC,12.81,2,2023-04-15,4,25.62
NOT001944,STU00243,MAT0012,3,CC,10.97,3,2024-04-16,4,32.91
NOT001945,STU00243,MAT0031,2,EXAMEN,13.86,3,2023-05-16,4,41.579998
NOT001946,STU00243,MAT0030,3,CC,10.89,3,2023-05-16,4,32.670002
NOT001947,STU00243,MAT0024,2,CC,13.13,1,2024-05-17,4,13.13
NOT001948,STU00243,MAT0030,2,TP,11.91,3,2023-05-17,4,35.73
NOT001949,STU00244,MAT0017,4,TP,15.38,2,2023-05-16,5,30.76
NOT001950,STU00244,MAT0023,4,CC,11.85,1,2024-04-16,5,11.85
NOT001951,STU00244,MAT0006,3,PROJET,6.68,2,2024-04-16,5,13.36
NOT001952,STU00244,MAT0022,1,PROJET,15.79,1,2023-04-16,5,15.79
NOT001953,STU00244,MAT0013,1,PROJET,9.28,3,2024-04-15,5,27.84
NOT001954,STU00244,MAT0027,4,EXAMEN,10.04,1,2023-04-16,5,10.04
NOT001955,STU00244,MAT0030,1,PROJET,10.21,1,2023-04-15,5,10.21
NOT001956,STU00244,MAT0029,4,CC,16.12,2,2024-05-16,5,32.24
NOT001957,STU00245,MAT0004,1,PROJET,5.59,2,2024-05-16,6,11.18
NOT001958,STU00245,MAT0013,4,CC,20.0,3,2024-05-16,6,60.0
NOT001959,STU00245,MAT0027,3,EXAMEN,15.17,1,2024-04-15,6,15.17
NOT001960,STU00245,MAT0018,2,EXAMEN,12.67,2,2024-04-16,6,25.34
NOT001961,STU00245,MAT0012,2,EXAMEN,11.84,2,2023-05-16,6,23.68
NOT001962,STU00245,MAT0033,4,PROJET,12.86,3,2023-04-15,6,38.579998
NOT001963,STU00245,MAT0021,1,PROJET,13.56,3,2023-04-16,6,40.68
NOT001964,STU00245,MAT0032,4,CC,13.94,2,2024-04-15,6,27.88
NOT001965,STU00246,MAT0028,2,TP,13.67,2,2023-04-15,7,27.34
NOT001966,STU00246,MAT0030,1,TP,12.27,3,2024-04-16,7,36.81
NOT001967,STU00246,MAT0015,4,PROJET,11.41,1,2023-05-16,7,11.41
NOT001968,STU00246,MAT0009,4,PROJET,11.55,2,2023-04-16,7,23.1
NOT001969,STU00246,MAT0009,4,TP,11.42,2,2024-05-17,7,22.84
NOT001970,STU00246,MAT0006,2,TP,15.4,2,2023-05-16,7,30.8
NOT001971,STU00246,MAT0025,1,CC,13.78,1,2023-05-17,7,13.78
NOT001972,STU00246,MAT0002,3,PROJET,3.18,2,2023-04-16,7,6.36
NOT001973,STU00246,MAT0013,3,CC,13.97,1,2023-05-17,7,13.97
NOT001974,STU00246,MAT0032,2,CC,12.58,2,2024-05-17,7,25.16
NOT001975,STU00247,MAT0012,2,PROJET,11.94,1,2024-05-17,8,11.94
NOT001976,STU00247,MAT0034,4,EXAMEN,10.83,3,2024-04-16,8,32.489998
NOT001977,STU00247,MAT0028,1,EXAMEN,15.37,3,2024-05-16,8,46.11
NOT001978,STU00247,MAT0017,2,CC,14.84,2,2023-05-16,8,29.68
NOT001979,STU00247,MAT0006,4,CC,9.68,2,2024-04-16,8,19.36
NOT001980,STU00247,MAT0029,2,TP,13.22,3,2024-05-17,8,39.66
NOT001981,STU00247,MAT0027,3,PROJET,9.09,1,2023-05-17,8,9.09
NOT001982,STU00247,MAT0006,3,TP,7.86,2,2024-04-15,8,15.72
NOT001983,STU00247,MAT0020,3,CC,10.12,2,2023-05-16,8,20.24
NOT001984,STU00248,MAT0009,3,CC,14.59,2,2024-05-16,9,29.18
NOT001985,STU00248,MAT0006,4,TP,14.86,3,2024-04-15,9,44.579998
NOT001986,STU00248,MAT0004,2,TP,13.54,2,2023-04-15,9,27.08
NOT001987,STU00248,MAT0032,1,TP,14.18,2,2023-05-16,9,28.36
NOT001988,STU00248,MAT0006,4,CC,13.55,2,2023-04-16,9,27.1
NOT001989,STU00248,MAT0015,3,TP,10.08,3,2024-05-17,9,30.24
NOT001990,STU00248,MAT0019,3,EXAMEN,13.3,2,2024-05-17,9,26.6
NOT001991,STU00248,MAT0014,4,PROJET,14.4,3,2023-05-16,9,43.199997
NOT001992,STU00249,MAT0032,3,TP,14.26,2,2023-05-16,10,28.52
NOT001993,STU00249,MAT0029,2,CC,15.57,2,2024-05-16,10,31.14
NOT001994,STU00249,MAT0028,4,EXAMEN,14.12,3,2024-05-17,10,42.36
NOT001995,STU00249,MAT0026,3,CC,13.05,2,2024-04-15,10,26.1
NOT001996,STU00249,MAT0012,2,CC,15.21,3,2023-04-16,10,45.63
NOT001997,STU00249,MAT0032,3,CC,11.92,3,2023-05-17,10,35.760002
NOT001998,STU00249,MAT0020,4,TP,9.35,2,2024-05-17,10,18.7
NOT001999,STU00249,MAT0012,2,EXAMEN,11.51,3,2024-05-16,10,34.53
NOT002000,STU00249,MAT0020,4,TP,9.77,2,2024-04-16,10,19.54
NOT002001,STU00250,MAT0008,4,TP,9.97,1,2023-05-17,11,9.97
NOT002002,STU00250,MAT0015,4,CC,11.57,3,2024-04-15,11,34.71
NOT002003,STU00250,MAT0003,2,PROJET,9.62,2,2023-04-15,11,19.24
NOT002004,STU00250,MAT0016,3,PROJET,11.08,3,2024-05-17,11,33.239998
NOT002005,STU00250,MAT0031,1,EXAMEN,6.32,2,2024-05-16,11,12.64
NOT002006,STU00250,MAT0035,1,TP,12.64,1,2023-04-16,11,12.64
NOT002007,STU00250,MAT0022,1,CC,12.0,2,2024-05-16,11,24.0
NOT002008,STU00250,MAT0020,2,TP,9.55,2,2023-05-17,11,19.1
NOT002009,STU00251,MAT0008,3,CC,13.98,1,2023-05-16,2,13.98
NOT002010,STU00251,MAT0018,3,PROJET,14.81,3,2023-04-16,2,44.43
NOT002011,STU00251,MAT0002,2,PROJET,7.18,1,2024-04-15,2,7.18
NOT002012,STU00251,MAT0014,4,EXAMEN,9.71,3,2023-05-17,2,29.130001
NOT002013,STU00251,MAT0005,3,CC,9.69,3,2024-04-16,2,29.07
NOT002014,STU00251,MAT0001,3,PROJET,9.18,2,2023-04-16,2,18.36
NOT002015,STU00251,MAT0024,4,CC,14.49,2,2023-04-15,2,28.98
NOT002016,STU00251,MAT0005,2,PROJET,11.42,2,2024-04-16,2,22.84
NOT002017,STU00251,MAT0022,1,EXAMEN,11.21,3,2023-05-16,2,33.63
NOT002018,STU00252,MAT0002,4,CC,5.99,3,2023-05-17,3,17.97
NOT002019,STU00252,MAT0020,4,CC,13.91,1,2023-05-16,3,13.91
NOT002020,STU00252,MAT0024,4,EXAMEN,8.28,1,2024-04-15,3,8.28
NOT002021,STU00252,MAT0016,4,EXAMEN,12.18,3,2024-05-16,3,36.54
NOT002022,STU00252,MAT0006,1,TP,12.83,3,2023-04-15,3,38.489998
NOT002023,STU00252,MAT0005,4,EXAMEN,16.08,2,2024-05-17,3,32.16
NOT002024,STU00252,MAT0032,4,TP,8.07,2,2024-04-16,3,16.14
NOT002025,STU00252,MAT0008,3,TP,2.94,2,2023-04-16,3,5.88
NOT002026,STU00253,MAT0006,3,PROJET,12.55,2,2023-04-16,4,25.1
NOT002027,STU00253,MAT0032,2,EXAMEN,17.4,2,2023-04-15,4,34.8
NOT002028,STU00253,MAT0011,1,EXAMEN,15.72,2,2024-04-16,4,31.44
NOT002029,STU00253,MAT0032,2,PROJET,12.63,1,2023-04-16,4,12.63
NOT002030,STU00253,MAT0025,2,PROJET,10.53,2,2024-04-15,4,21.06
NOT002031,STU00253,MAT0010,4,EXAMEN,14.42,3,2024-05-17,4,43.260002
NOT002032,STU00253,MAT0009,2,TP,9.08,3,2023-04-16,4,27.24
NOT002033,STU00253,MAT0010,4,TP,13.43,2,2023-05-17,4,26.86
NOT002034,STU00253,MAT0016,4,TP,13.52,3,2023-04-15,4,40.56
NOT002035,STU00253,MAT0014,2,TP,15.18,2,2024-04-16,4,30.36
NOT002036,STU00254,MAT0025,3,CC,20.0,3,2024-05-16,5,60.0
NOT002037,STU00254,MAT0014,4,EXAMEN,13.18,2,2024-05-17,5,26.36
NOT002038,STU00254,MAT0030,3,TP,10.47,1,2024-04-15,5,10.47
NOT002039,STU00254,MAT0033,4,CC,11.92,2,2023-04-16,5,23.84
NOT002040,STU00254,MAT0010,1,EXAMEN,6.69,1,2023-05-17,5,6.69
NOT002041,STU00254,MAT0028,2,TP,9.92,2,2023-04-16,5,19.84
NOT002042,STU00254,MAT0011,3,TP,10.77,2,2023-05-17,5,21.54
NOT002043,STU00255,MAT0015,1,PROJET,10.43,2,2024-04-16,6,20.86
NOT002044,STU00255,MAT0002,3,TP,12.46,2,2024-04-15,6,24.92
NOT002045,STU00255,MAT0029,2,EXAMEN,9.53,1,2024-05-16,6,9.53
NOT002046,STU00255,MAT0022,2,EXAMEN,15.36,2,2023-05-17,6,30.72
NOT002047,STU00255,MAT0020,2,TP,12.0,3,2024-05-17,6,36.0
NOT002048,STU00255,MAT0010,4,PROJET,11.97,2,2023-04-16,6,23.94
NOT002049,STU00255,MAT0015,3,TP,11.02,2,2023-04-15,6,22.04
NOT002050,STU00256,MAT0032,3,EXAMEN,12.47,2,2024-04-15,7,24.94
NOT002051,STU00256,MAT0015,4,PROJET,14.48,2,2024-05-17,7,28.96
NOT002052,STU00256,MAT0013,4,CC,9.4,1,2023-04-16,7,9.4
NOT002053,STU00256,MAT0014,2,CC,10.03,2,2024-05-16,7,20.06
NOT002054,STU00256,MAT0023,3,PROJET,11.09,3,2024-05-17,7,33.27
NOT002055,STU00256,MAT0029,2,CC,7.96,2,2023-05-17,7,15.92
NOT002056,STU00256,MAT0031,4,CC,9.54,2,2023-05-17,7,19.08
NOT002057,STU00256,MAT0035,2,TP,10.57,2,2024-04-16,7,21.14
NOT002058,STU00256,MAT0024,1,PROJET,14.62,2,2023-04-16,7,29.24
NOT002059,STU00256,MAT0002,3,CC,12.79,2,2024-05-16,7,25.58
NOT002060,STU00257,MAT0004,3,TP,12.58,2,2023-05-17,8,25.16
NOT002061,STU00257,MAT0015,2,PROJET,14.55,2,2024-04-15,8,29.1
NOT002062,STU00257,MAT0009,4,TP,11.59,1,2024-04-16,8,11.59
NOT002063,STU00257,MAT0015,4,TP,13.17,2,2024-04-15,8,26.34
NOT002064,STU00257,MAT0003,2,PROJET,11.69,3,2024-05-17,8,35.07
NOT002065,STU00257,MAT0015,1,CC,12.8,3,2023-05-16,8,38.4
NOT002066,STU00257,MAT0027,3,EXAMEN,10.25,3,2023-04-16,8,30.75
NOT002067,STU00257,MAT0033,1,PROJET,4.68,2,2023-04-16,8,9.36
NOT002068,STU00258,MAT0011,4,EXAMEN,11.6,1,2024-04-15,9,11.6
NOT002069,STU00258,MAT0009,1,EXAMEN,16.27,2,2024-04-16,9,32.54
NOT002070,STU00258,MAT0001,1,TP,14.78,2,2024-04-15,9,29.56
NOT002071,STU00258,MAT0013,2,TP,14.9,3,2023-05-17,9,44.699997
NOT002072,STU00258,MAT0033,4,PROJET,15.71,2,2023-05-17,9,31.42
NOT002073,STU00258,MAT0006,3,TP,12.27,1,2023-04-15,9,12.27
NOT002074,STU00258,MAT0021,2,TP,12.59,2,2024-05-16,9,25.18
NOT002075,STU00258,MAT0026,1,CC,10.15,1,2023-04-16,9,10.15
NOT002076,STU00258,MAT0020,3,CC,11.05,1,2024-05-17,9,11.05
NOT002077,STU00259,MAT0025,3,EXAMEN,13.85,2,2023-04-16,10,27.7
NOT002078,STU00259,MAT0022,4,TP,15.61,2,2023-05-16,10,31.22
NOT002079,STU00259,MAT0024,2,PROJET,11.58,2,2024-05-17,10,23.16
NOT002080,STU00259,MAT0002,1,CC,10.65,1,2024-05-16,10,10.65
NOT002081,STU00259,MAT0030,4,CC,12.0,2,2023-04-15,10,24.0
NOT002082,STU00259,MAT0027,2,CC,13.8,1,2023-04-15,10,13.8
NOT002083,STU00259,MAT0013,4,CC,7.67,2,2023-05-17,10,15.34
NOT002084,STU00259,MAT0030,4,TP,5.11,1,2023-05-17,10,5.11
NOT002085,STU00260,MAT0034,2,TP,10.35,1,2024-05-16,11,10.35
NOT002086,STU00260,MAT0001,2,EXAMEN,8.34,2,2023-04-16,11,16.68
NOT002087,STU00260,MAT0010,3,TP,10.48,3,2024-04-16,11,31.439999
NOT002088,STU00260,MAT0003,4,CC,11.56,1,2023-04-15,11,11.56
NOT002089,STU00260,MAT0014,2,TP,10.64,1,2024-05-17,11,10.64
NOT002090,STU00260,MAT0007,3,CC,16.36,1,2023-04-16,11,16.36
NOT002091,STU00261,MAT0027,2,CC,12.98,3,2024-04-16,2,38.94
NOT002092,STU00261,MAT0031,1,CC,12.9,2,2024-05-16,2,25.8
NOT002093,STU00261,MAT0003,1,PROJET,13.87,3,2024-04-15,2,41.61
NOT002094,STU00261,MAT0028,1,TP,8.58,1,2023-05-17,2,8.58
NOT002095,STU00261,MAT0020,1,EXAMEN,15.12,2,2023-04-15,2,30.24
NOT002096,STU00261,MAT0018,4,TP,11.77,2,2023-04-16,2,23.54
NOT002097,STU00261,MAT0021,2,TP,14.01,2,2024-04-16,2,28.02
NOT002098,STU00261,MAT0017,4,PROJET,8.78,2,2024-05-16,2,17.56
NOT002099,STU00262,MAT0025,3,TP,7.34,2,2023-04-16,3,14.68
NOT002100,STU00262,MAT0009,1,PROJET,14.45,2,2024-04-15,3,28.9
NOT002101,STU00262,MAT0018,4,EXAMEN,13.13,2,2024-04-15,3,26.26
NOT002102,STU00262,MAT0032,4,EXAMEN,9.29,2,2024-04-15,3,18.58
NOT002103,STU00262,MAT0005,1,PROJET,9.39,1,2024-05-17,3,9.39
NOT002104,STU00262,MAT0033,2,PROJET,15.38,3,2024-05-16,3,46.14
NOT002105,STU00262,MAT0002,4,PROJET,8.43,2,2023-04-16,3,16.86
NOT002106,STU00262,MAT0010,4,EXAMEN,16.93,3,2023-05-16,3,50.79
NOT002107,STU00263,MAT0016,3,PROJET,9.3,2,2024-05-17,4,18.6
NOT002108,STU00263,MAT0003,4,CC,13.92,2,2024-04-15,4,27.84
NOT002109,STU00263,MAT0010,2,EXAMEN,11.01,3,2024-04-16,4,33.03
NOT002110,STU00263,MAT0014,1,TP,13.81,2,2023-04-15,4,27.62
NOT002111,STU00263,MAT0014,3,EXAMEN,10.37,2,2024-05-17,4,20.74
NOT002112,STU00263,MAT0019,4,TP,11.51,2,2023-04-16,4,23.02
NOT002113,STU00263,MAT0005,2,CC,12.12,1,2023-05-16,4,12.12
NOT002114,STU00263,MAT0018,4,TP,8.99,2,2024-05-17,4,17.98
NOT002115,STU00264,MAT0025,3,EXAMEN,14.22,3,2024-05-17,5,42.66
NOT002116,STU00264,MAT0001,2,PROJET,10.46,1,2023-05-16,5,10.46
NOT002117,STU00264,MAT0008,2,PROJET,11.31,2,2023-04-16,5,22.62
NOT002118,STU00264,MAT0012,3,CC,9.02,1,2023-04-15,5,9.02
NOT002119,STU00264,MAT0035,2,TP,4.31,1,2023-05-17,5,4.31
NOT002120,STU00264,MAT0007,2,PROJET,11.43,3,2024-04-15,5,34.29
NOT002121,STU00265,MAT0034,4,CC,19.24,2,2023-05-16,6,38.48
NOT002122,STU00265,MAT0031,2,EXAMEN,14.35,2,2023-05-16,6,28.7
NOT002123,STU00265,MAT0007,3,PROJET,11.94,3,2024-04-16,6,35.82
NOT002124,STU00265,MAT0010,2,EXAMEN,11.21,3,2023-05-17,6,33.63
NOT002125,STU00265,MAT0021,3,PROJET,12.07,3,2024-05-17,6,36.21
NOT002126,STU00265,MAT0028,1,TP,13.64,3,2023-05-16,6,40.920002
NOT002127,STU00265,MAT0003,1,TP,8.46,2,2023-05-17,6,16.92
NOT002128,STU00265,MAT0030,2,EXAMEN,15.34,3,2024-05-16,6,46.02
NOT002129,STU00266,MAT0035,1,TP,14.15,2,2024-05-16,7,28.3
NOT002130,STU00266,MAT0021,4,PROJET,14.15,3,2023-05-16,7,42.449997
NOT002131,STU00266,MAT0019,4,PROJET,13.32,2,2023-04-15,7,26.64
NOT002132,STU00266,MAT0007,3,TP,12.06,3,2023-04-15,7,36.18
NOT002133,STU00266,MAT0016,4,EXAMEN,14.02,2,2024-05-17,7,28.04
NOT002134,STU00266,MAT0032,2,TP,13.78,2,2023-04-16,7,27.56
NOT002135,STU00266,MAT0003,3,EXAMEN,10.94,3,2024-04-16,7,32.82
NOT002136,STU00266,MAT0021,3,TP,10.28,1,2023-05-17,7,10.28
NOT002137,STU00266,MAT0004,3,EXAMEN,12.31,3,2024-05-17,7,36.93
NOT002138,STU00266,MAT0032,2,PROJET,16.65,2,2024-04-16,7,33.3
NOT002139,STU00267,MAT0004,4,TP,8.28,1,2024-04-16,8,8.28
NOT002140,STU00267,MAT0013,3,CC,7.6,3,2024-05-16,8,22.8
NOT002141,STU00267,MAT0002,2,CC,12.49,1,2024-05-16,8,12.49
NOT002142,STU00267,MAT0024,2,TP,12.15,2,2024-04-15,8,24.3
NOT002143,STU00267,MAT0035,4,EXAMEN,12.52,1,2024-04-16,8,12.52
NOT002144,STU00267,MAT0022,3,CC,12.73,3,2023-05-17,8,38.19
NOT002145,STU00268,MAT0008,2,CC,11.33,3,2023-05-17,9,33.989998
NOT002146,STU00268,MAT0035,1,EXAMEN,16.47,2,2024-04-15,9,32.94
NOT002147,STU00268,MAT0035,1,CC,7.2,3,2023-05-17,9,21.599998
NOT002148,STU00268,MAT0025,2,EXAMEN,9.51,3,2024-05-16,9,28.53
NOT002149,STU00268,MAT0003,4,PROJET,11.69,2,2024-04-16,9,23.38
NOT002150,STU00268,MAT0023,1,CC,7.07,2,2024-04-16,9,14.14
NOT002151,STU00268,MAT0017,1,PROJET,11.47,2,2024-05-16,9,22.94
NOT002152,STU00269,MAT0011,1,CC,16.98,2,2024-04-16,10,33.96
NOT002153,STU00269,MAT0010,1,TP,12.06,3,2023-04-16,10,36.18
NOT002154,STU00269,MAT0034,3,PROJET,12.69,1,2023-05-16,10,12.69
NOT002155,STU00269,MAT0034,3,EXAMEN,8.22,2,2024-04-16,10,16.44
NOT002156,STU00269,MAT0027,2,TP,10.15,2,2023-05-16,10,20.3
NOT002157,STU00269,MAT0016,4,TP,10.87,1,2024-05-17,10,10.87
NOT002158,STU00269,MAT0021,2,EXAMEN,11.05,2,2024-04-15,10,22.1
NOT002159,STU00269,MAT0003,4,PROJET,15.84,2,2023-04-15,10,31.68
NOT002160,STU00269,MAT0032,3,PROJET,13.67,1,2024-04-15,10,13.67
NOT002161,STU00270,MAT0032,1,CC,8.67,3,2024-04-16,11,26.01
NOT002162,STU00270,MAT0016,4,PROJET,12.74,3,2023-04-16,11,38.22
NOT002163,STU00270,MAT0006,1,PROJET,13.49,3,2023-04-16,11,40.47
NOT002164,STU00270,MAT0029,1,CC,15.42,2,2024-05-17,11,30.84
NOT002165,STU00270,MAT0028,2,CC,16.74,1,2024-05-17,11,16.74
NOT002166,STU00270,MAT0016,2,CC,8.95,2,2024-05-16,11,17.9
NOT002167,STU00270,MAT0018,1,CC,9.57,3,2024-04-16,11,28.71
NOT002168,STU00271,MAT0003,1,TP,8.23,3,2023-05-17,2,24.689999
NOT002169,STU00271,MAT0012,1,TP,11.3,2,2023-04-15,2,22.6
NOT002170,STU00271,MAT0029,4,EXAMEN,13.4,1,2024-05-16,2,13.4
NOT002171,STU00271,MAT0023,2,CC,14.96,1,2023-05-17,2,14.96
NOT002172,STU00271,MAT0002,4,TP,11.77,3,2024-05-17,2,35.31
NOT002173,STU00271,MAT0001,4,CC,11.04,3,2024-04-16,2,33.12
NOT002174,STU00272,MAT0014,3,CC,12.46,2,2024-05-16,3,24.92
NOT002175,STU00272,MAT0025,4,TP,9.49,2,2023-04-16,3,18.98
NOT002176,STU00272,MAT0012,1,CC,18.27,2,2023-05-16,3,36.54
NOT002177,STU00272,MAT0012,3,PROJET,7.18,2,2024-04-15,3,14.36
NOT002178,STU00272,MAT0024,3,CC,12.55,3,2024-05-17,3,37.65
NOT002179,STU00272,MAT0018,3,PROJET,18.07,1,2024-05-16,3,18.07
NOT002180,STU00273,MAT0033,4,PROJET,12.02,1,2024-04-16,4,12.02
NOT002181,STU00273,MAT0007,4,EXAMEN,11.43,3,2023-05-17,4,34.29
NOT002182,STU00273,MAT0002,4,PROJET,10.93,2,2023-05-16,4,21.86
NOT002183,STU00273,MAT0002,3,PROJET,11.46,1,2024-04-15,4,11.46
NOT002184,STU00273,MAT0023,2,PROJET,16.12,1,2024-04-16,4,16.12
NOT002185,STU00273,MAT0010,2,TP,5.36,2,2024-05-17,4,10.72
NOT002186,STU00273,MAT0029,4,CC,16.6,2,2023-05-16,4,33.2
NOT002187,STU00273,MAT0027,4,PROJET,7.73,2,2023-05-16,4,15.46
NOT002188,STU00274,MAT0022,2,CC,11.2,1,2024-05-16,5,11.2
NOT002189,STU00274,MAT0008,2,PROJET,10.71,3,2023-04-15,5,32.13
NOT002190,STU00274,MAT0029,3,CC,13.77,2,2023-05-16,5,27.54
NOT002191,STU00274,MAT0002,1,CC,7.21,3,2023-05-16,5,21.630001
NOT002192,STU00274,MAT0005,2,TP,13.39,2,2024-05-17,5,26.78
NOT002193,STU00274,MAT0009,4,EXAMEN,18.07,3,2023-05-16,5,54.21
NOT002194,STU00274,MAT0010,2,EXAMEN,7.91,1,2024-05-16,5,7.91
NOT002195,STU00274,MAT0009,1,CC,12.57,2,2023-05-16,5,25.14
NOT002196,STU00274,MAT0018,1,TP,10.01,2,2023-05-17,5,20.02
NOT002197,STU00274,MAT0019,1,PROJET,13.28,3,2023-05-17,5,39.84
NOT002198,STU00275,MAT0014,3,PROJET,12.06,1,2023-05-17,6,12.06
NOT002199,STU00275,MAT0035,1,CC,10.08,2,2024-05-17,6,20.16
NOT002200,STU00275,MAT0025,2,TP,13.46,2,2023-05-17,6,26.92
NOT002201,STU00275,MAT0003,3,TP,17.41,3,2024-04-15,6,52.23
NOT002202,STU00275,MAT0006,1,PROJET,11.43,1,2023-04-16,6,11.43
NOT002203,STU00275,MAT0007,2,TP,14.16,1,2023-05-17,6,14.16
NOT002204,STU00275,MAT0003,2,EXAMEN,8.12,2,2023-04-16,6,16.24
NOT002205,STU00275,MAT0013,2,PROJET,9.13,2,2024-04-15,6,18.26
NOT002206,STU00275,MAT0014,2,CC,13.42,2,2024-05-17,6,26.84
NOT002207,STU00275,MAT0017,2,PROJET,16.45,1,2024-05-16,6,16.45
NOT002208,STU00276,MAT0033,1,TP,13.07,2,2023-04-16,7,26.14
NOT002209,STU00276,MAT0016,3,EXAMEN,11.06,2,2023-04-16,7,22.12
NOT002210,STU00276,MAT0014,2,CC,12.0,1,2023-04-15,7,12.0
NOT002211,STU00276,MAT0015,1,CC,8.25,1,2023-05-16,7,8.25
NOT002212,STU00276,MAT0020,3,PROJET,13.81,3,2023-05-17,7,41.43
NOT002213,STU00276,MAT0035,3,TP,14.65,1,2024-04-16,7,14.65
NOT002214,STU00276,MAT0025,3,CC,10.64,2,2024-04-16,7,21.28
NOT002215,STU00276,MAT0022,2,EXAMEN,10.59,2,2024-04-15,7,21.18
NOT002216,STU00276,MAT0018,1,EXAMEN,12.8,1,2024-04-16,7,12.8
NOT002217,STU00277,MAT0030,2,EXAMEN,10.69,2,2023-04-15,8,21.38
NOT002218,STU00277,MAT0029,1,EXAMEN,11.8,1,2024-04-16,8,11.8
NOT002219,STU00277,MAT0029,4,PROJET,18.3,2,2024-05-17,8,36.6
NOT002220,STU00277,MAT0014,3,CC,11.26,1,2024-04-15,8,11.26
NOT002221,STU00277,MAT0007,1,PROJET,10.92,1,2023-04-15,8,10.92
NOT002222,STU00277,MAT0035,3,TP,10.06,2,2024-05-17,8,20.12
NOT002223,STU00277,MAT0018,1,CC,14.23,1,2024-04-15,8,14.23
NOT002224,STU00278,MAT0033,1,CC,11.46,1,2023-05-16,9,11.46
NOT002225,STU00278,MAT0003,3,PROJET,10.05,2,2023-05-16,9,20.1
NOT002226,STU00278,MAT0007,1,PROJET,15.96,2,2024-04-16,9,31.92
NOT002227,STU00278,MAT0032,4,TP,16.26,1,2024-04-15,9,16.26
NOT002228,STU00278,MAT0027,3,EXAMEN,10.2,1,2023-04-15,9,10.2
NOT002229,STU00278,MAT0024,1,EXAMEN,6.4,2,2023-05-16,9,12.8
NOT002230,STU00279,MAT0010,3,PROJET,15.02,3,2023-04-15,10,45.06
NOT002231,STU00279,MAT0005,3,PROJET,9.95,2,2023-04-15,10,19.9
NOT002232,STU00279,MAT0021,3,TP,14.37,2,2024-05-16,10,28.74
NOT002233,STU00279,MAT0006,4,PROJET,6.09,1,2024-05-16,10,6.09
NOT002234,STU00279,MAT0027,1,CC,14.68,2,2023-04-15,10,29.36
NOT002235,STU00279,MAT0008,2,EXAMEN,8.37,2,2024-04-16,10,16.74
NOT002236,STU00279,MAT0002,1,EXAMEN,14.19,2,2023-04-15,10,28.38
NOT002237,STU00279,MAT0018,4,PROJET,12.04,3,2023-04-15,10,36.12
NOT002238,STU00280,MAT0027,3,CC,9.14,1,2023-04-15,11,9.14
NOT002239,STU00280,MAT0003,2,CC,10.78,1,2024-05-16,11,10.78
NOT002240,STU00280,MAT0011,3,CC,14.06,3,2023-04-16,11,42.18
NOT002241,STU00280,MAT0028,3,PROJET,12.32,2,2024-04-15,11,24.64
NOT002242,STU00280,MAT0031,1,CC,13.75,2,2023-05-16,11,27.5
NOT002243,STU00280,MAT0011,2,CC,17.93,2,2023-05-17,11,35.86
NOT002244,STU00280,MAT0015,3,PROJET,7.31,2,2024-05-16,11,14.62
NOT002245,STU00280,MAT0025,4,PROJET,16.85,2,2024-04-15,11,33.7
NOT002246,STU00280,MAT0032,3,TP,12.31,2,2024-05-17,11,24.62
NOT002247,STU00281,MAT0013,2,EXAMEN,9.3,2,2024-04-16,2,18.6
NOT002248,STU00281,MAT0008,3,EXAMEN,8.01,1,2023-04-15,2,8.01
NOT002249,STU00281,MAT0007,2,TP,11.43,2,2024-04-16,2,22.86
NOT002250,STU00281,MAT0028,3,CC,14.76,2,2024-05-17,2,29.52
NOT002251,STU00281,MAT0001,2,TP,11.62,2,2023-04-16,2,23.24
NOT002252,STU00281,MAT0030,1,CC,16.53,1,2024-04-15,2,16.53
NOT002253,STU00281,MAT0004,3,EXAMEN,7.65,2,2023-04-15,2,15.3
NOT002254,STU00281,MAT0031,3,EXAMEN,11.96,3,2024-04-16,2,35.88
NOT002255,STU00281,MAT0020,3,EXAMEN,8.24,2,2024-04-16,2,16.48
NOT002256,STU00281,MAT0018,3,PROJET,13.09,1,2023-05-17,2,13.09
NOT002257,STU00282,MAT0012,2,TP,14.66,1,2024-05-17,3,14.66
NOT002258,STU00282,MAT0029,4,TP,10.74,3,2024-04-15,3,32.22
NOT002259,STU00282,MAT0023,3,PROJET,4.19,1,2024-04-15,3,4.19
NOT002260,STU00282,MAT0005,1,CC,12.6,3,2024-04-15,3,37.800003
NOT002261,STU00282,MAT0015,2,TP,13.31,3,2023-05-16,3,39.93
NOT002262,STU00282,MAT0005,2,EXAMEN,13.21,2,2023-04-15,3,26.42
NOT002263,STU00282,MAT0023,4,EXAMEN,15.71,3,2024-05-17,3,47.13
NOT002264,STU00282,MAT0005,3,CC,8.79,1,2023-05-17,3,8.79
NOT002265,STU00282,MAT0028,2,PROJET,14.04,2,2023-04-15,3,28.08
NOT002266,STU00282,MAT0021,1,PROJET,15.58,1,2023-04-16,3,15.58
NOT002267,STU00283,MAT0024,2,EXAMEN,6.66,2,2023-04-15,4,13.32
NOT002268,STU00283,MAT0026,3,EXAMEN,12.96,2,2023-04-15,4,25.92
NOT002269,STU00283,MAT0017,4,EXAMEN,10.49,3,2024-05-16,4,31.47
NOT002270,STU00283,MAT0005,1,EXAMEN,11.76,3,2024-05-17,4,35.28
NOT002271,STU00283,MAT0019,2,TP,13.04,3,2024-05-17,4,39.12
NOT002272,STU00283,MAT0017,3,EXAMEN,10.54,2,2023-04-16,4,21.08
NOT002273,STU00283,MAT0010,1,EXAMEN,9.97,1,2024-04-15,4,9.97
NOT002274,STU00283,MAT0003,3,CC,12.1,2,2024-04-15,4,24.2
NOT002275,STU00284,MAT0029,2,CC,8.74,2,2024-05-16,5,17.48
NOT002276,STU00284,MAT0004,2,TP,8.74,2,2023-04-16,5,17.48
NOT002277,STU00284,MAT0020,1,TP,14.04,1,2023-05-17,5,14.04
NOT002278,STU00284,MAT0020,4,CC,8.55,1,2024-04-15,5,8.55
NOT002279,STU00284,MAT0031,1,EXAMEN,14.0,1,2024-05-16,5,14.0
NOT002280,STU00284,MAT0013,2,TP,13.39,2,2024-04-16,5,26.78
NOT002281,STU00284,MAT0007,2,CC,6.82,1,2024-05-16,5,6.82
NOT002282,STU00285,MAT0029,4,CC,9.97,2,2024-05-16,6,19.94
NOT002283,STU00285,MAT0005,4,CC,15.58,3,2023-05-17,6,46.739998
NOT002284,STU00285,MAT0020,2,PROJET,9.06,3,2023-04-15,6,27.18
NOT002285,STU00285,MAT0010,1,PROJET,10.61,2,2023-05-16,6,21.22
NOT002286,STU00285,MAT0014,3,CC,13.39,3,2024-05-16,6,40.170002
NOT002287,STU00285,MAT0032,4,TP,14.35,1,2023-04-16,6,14.35
NOT002288,STU00285,MAT0002,4,CC,11.25,3,2023-04-16,6,33.75
NOT002289,STU00285,MAT0026,3,EXAMEN,10.21,2,2023-05-17,6,20.42
NOT002290,STU00285,MAT0020,4,EXAMEN,16.27,3,2023-05-17,6,48.81
NOT002291,STU00285,MAT0024,1,PROJET,17.22,2,2024-05-16,6,34.44
NOT002292,STU00286,MAT0014,4,EXAMEN,14.94,2,2024-04-15,7,29.88
NOT002293,STU00286,MAT0025,4,PROJET,12.26,2,2024-04-15,7,24.52
NOT002294,STU00286,MAT0019,2,EXAMEN,9.58,2,2023-05-16,7,19.16
NOT002295,STU00286,MAT0011,4,CC,9.51,2,2024-04-15,7,19.02
NOT002296,STU00286,MAT0013,3,PROJET,13.57,2,2024-05-16,7,27.14
NOT002297,STU00286,MAT0010,1,CC,13.26,2,2023-04-16,7,26.52
NOT002298,STU00287,MAT0034,2,EXAMEN,16.2,3,2023-04-16,8,48.600002
NOT002299,STU00287,MAT0003,4,PROJET,13.95,2,2023-05-16,8,27.9
NOT002300,STU00287,MAT0034,4,CC,7.49,1,2024-05-16,8,7.49
NOT002301,STU00287,MAT0031,2,CC,15.16,3,2023-05-17,8,45.48
NOT002302,STU00287,MAT0017,4,CC,9.01,2,2023-04-15,8,18.02
NOT002303,STU00287,MAT0029,3,CC,10.85,1,2023-04-16,8,10.85
NOT002304,STU00287,MAT0011,2,PROJET,12.75,2,2023-05-17,8,25.5
NOT002305,STU00287,MAT0014,2,PROJET,17.99,1,2024-04-15,8,17.99
NOT002306,STU00287,MAT0003,3,EXAMEN,20.0,1,2023-04-15,8,20.0
NOT002307,STU00288,MAT0011,4,TP,13.82,2,2024-04-16,9,27.64
NOT002308,STU00288,MAT0033,2,CC,11.45,3,2023-05-16,9,34.35
NOT002309,STU00288,MAT0007,2,CC,13.6,2,2023-04-15,9,27.2
NOT002310,STU00288,MAT0015,2,PROJET,14.66,3,2023-04-16,9,43.98
NOT002311,STU00288,MAT0026,2,PROJET,11.04,1,2023-04-15,9,11.04
NOT002312,STU00288,MAT0028,1,PROJET,17.39,1,2024-05-16,9,17.39
NOT002313,STU00288,MAT0026,3,PROJET,12.69,3,2023-05-16,9,38.07
NOT002314,STU00288,MAT0018,1,CC,13.49,3,2024-04-16,9,40.47
NOT002315,STU00288,MAT0024,4,PROJET,14.0,1,2023-04-15,9,14.0
NOT002316,STU00289,MAT0011,3,CC,13.26,2,2024-05-16,10,26.52
NOT002317,STU00289,MAT0009,3,CC,14.52,2,2024-05-16,10,29.04
NOT002318,STU00289,MAT0029,1,CC,10.15,3,2024-04-16,10,30.449999
NOT002319,STU00289,MAT0015,3,CC,10.33,3,2024-04-15,10,30.99
NOT002320,STU00289,MAT0017,3,TP,8.7,2,2024-05-16,10,17.4
NOT002321,STU00289,MAT0032,3,PROJET,13.32,1,2023-04-15,10,13.32
NOT002322,STU00290,MAT0021,3,EXAMEN,14.34,2,2024-05-17,11,28.68
NOT002323,STU00290,MAT0002,2,PROJET,13.37,1,2024-04-16,11,13.37
NOT002324,STU00290,MAT0025,3,PROJET,17.02,2,2023-04-16,11,34.04
NOT002325,STU00290,MAT0007,1,EXAMEN,11.98,2,2024-05-17,11,23.96
NOT002326,STU00290,MAT0007,3,EXAMEN,14.01,2,2023-05-17,11,28.02
NOT002327,STU00290,MAT0007,3,TP,8.72,2,2023-05-16,11,17.44
NOT002328,STU00290,MAT0005,4,PROJET,10.84,2,2024-04-15,11,21.68
NOT002329,STU00290,MAT0027,2,EXAMEN,14.09,2,2024-05-17,11,28.18
NOT002330,STU00290,MAT0005,3,CC,14.55,2,2024-04-15,11,29.1
NOT002331,STU00291,MAT0005,3,TP,11.12,2,2024-04-16,2,22.24
NOT002332,STU00291,MAT0021,2,PROJET,11.79,2,2023-05-17,2,23.58
NOT002333,STU00291,MAT0014,3,PROJET,7.45,3,2023-04-16,2,22.349998
NOT002334,STU00291,MAT0011,1,PROJET,10.93,2,2023-05-17,2,21.86
NOT002335,STU00291,MAT0027,2,PROJET,14.67,3,2023-04-15,2,44.010002
NOT002336,STU00291,MAT0006,4,EXAMEN,13.73,2,2024-04-16,2,27.46
NOT002337,STU00291,MAT0009,1,PROJET,13.5,2,2024-04-15,2,27.0
NOT002338,STU00291,MAT0003,1,PROJET,12.15,1,2023-04-15,2,12.15
NOT002339,STU00291,MAT0032,2,PROJET,12.02,3,2024-05-17,2,36.06
NOT002340,STU00292,MAT0020,1,PROJET,10.02,1,2024-05-17,3,10.02
NOT002341,STU00292,MAT0017,2,CC,14.1,2,2024-05-17,3,28.2
NOT002342,STU00292,MAT0002,2,PROJET,13.26,3,2024-04-15,3,39.78
NOT002343,STU00292,MAT0003,2,TP,13.48,3,2024-05-17,3,40.44
NOT002344,STU00292,MAT0020,1,EXAMEN,10.42,1,2023-04-16,3,10.42
NOT002345,STU00292,MAT0023,4,PROJET,5.54,1,2023-04-16,3,5.54
NOT002346,STU00292,MAT0017,4,CC,15.29,3,2024-04-15,3,45.87
NOT002347,STU00292,MAT0028,3,EXAMEN,10.56,2,2023-04-15,3,21.12
NOT002348,STU00293,MAT0026,3,TP,9.41,2,2024-04-16,4,18.82
NOT002349,STU00293,MAT0015,4,PROJET,14.08,2,2023-05-16,4,28.16
NOT002350,STU00293,MAT0019,1,TP,10.82,2,2024-04-15,4,21.64
NOT002351,STU00293,MAT0027,4,CC,15.18,2,2023-04-16,4,30.36
NOT002352,STU00293,MAT0018,2,PROJET,13.85,2,2023-05-16,4,27.7
NOT002353,STU00293,MAT0004,1,PROJET,14.05,2,2023-05-17,4,28.1
NOT002354,STU00294,MAT0017,3,EXAMEN,7.9,3,2023-05-17,5,23.7
NOT002355,STU00294,MAT0010,1,TP,15.64,1,2023-04-15,5,15.64
NOT002356,STU00294,MAT0005,3,CC,12.78,2,2024-05-17,5,25.56
NOT002357,STU00294,MAT0003,3,CC,10.89,3,2023-05-16,5,32.670002
NOT002358,STU00294,MAT0007,4,EXAMEN,12.43,3,2023-05-16,5,37.29
NOT002359,STU00294,MAT0021,1,TP,6.67,2,2023-05-17,5,13.34
NOT002360,STU00294,MAT0035,4,PROJET,13.23,2,2024-04-16,5,26.46
NOT002361,STU00294,MAT0024,2,CC,8.91,3,2024-04-15,5,26.73
NOT002362,STU00294,MAT0027,4,EXAMEN,7.94,2,2023-05-17,5,15.88
NOT002363,STU00295,MAT0016,1,TP,7.43,1,2024-05-17,6,7.43
NOT002364,STU00295,MAT0008,1,PROJET,15.34,2,2023-05-16,6,30.68
NOT002365,STU00295,MAT0018,1,CC,10.11,2,2023-04-16,6,20.22
NOT002366,STU00295,MAT0024,3,EXAMEN,16.6,2,2024-04-16,6,33.2
NOT002367,STU00295,MAT0005,1,PROJET,10.39,1,2024-04-15,6,10.39
NOT002368,STU00295,MAT0012,1,TP,6.88,2,2024-04-16,6,13.76
NOT002369,STU00295,MAT0022,1,PROJET,8.65,3,2023-05-16,6,25.949999
NOT002370,STU00295,MAT0025,2,TP,15.71,2,2023-04-15,6,31.42
NOT002371,STU00295,MAT0018,2,CC,11.53,3,2023-04-16,6,34.59
NOT002372,STU00295,MAT0020,2,CC,10.36,3,2023-04-16,6,31.079998
NOT002373,STU00296,MAT0020,3,PROJET,12.48,2,2023-05-17,7,24.96
NOT002374,STU00296,MAT0005,2,TP,13.51,3,2024-04-15,7,40.53
NOT002375,STU00296,MAT0024,4,PROJET,15.35,2,2024-05-17,7,30.7
NOT002376,STU00296,MAT0012,1,PROJET,16.35,3,2023-04-15,7,49.050003
NOT002377,STU00296,MAT0017,2,EXAMEN,10.92,2,2024-05-17,7,21.84
NOT002378,STU00296,MAT0005,1,PROJET,8.02,2,2023-05-16,7,16.04
NOT002379,STU00296,MAT0004,4,EXAMEN,10.76,1,2023-04-16,7,10.76
NOT002380,STU00296,MAT0027,1,TP,12.78,2,2024-04-16,7,25.56
NOT002381,STU00297,MAT0031,4,CC,9.11,2,2024-05-17,8,18.22
NOT002382,STU00297,MAT0003,4,TP,9.13,1,2024-04-15,8,9.13
NOT002383,STU00297,MAT0012,2,CC,13.03,2,2023-04-16,8,26.06
NOT002384,STU00297,MAT0022,2,TP,11.85,2,2023-05-16,8,23.7
NOT002385,STU00297,MAT0009,4,EXAMEN,12.1,1,2024-04-16,8,12.1
NOT002386,STU00297,MAT0028,4,PROJET,9.72,3,2023-04-16,8,29.16
NOT002387,STU00297,MAT0003,2,PROJET,11.31,2,2023-04-15,8,22.62
NOT002388,STU00297,MAT0003,1,CC,9.23,2,2023-05-16,8,18.46
NOT002389,STU00298,MAT0020,1,CC,14.67,1,2023-05-16,9,14.67
NOT002390,STU00298,MAT0008,4,TP,15.11,1,2024-04-15,9,15.11
NOT002391,STU00298,MAT0003,2,TP,6.46,3,2023-04-16,9,19.380001
NOT002392,STU00298,MAT0022,2,EXAMEN,9.21,2,2023-04-16,9,18.42
NOT002393,STU00298,MAT0029,3,CC,7.51,2,2024-04-15,9,15.02
NOT002394,STU00298,MAT0020,4,EXAMEN,10.05,2,2023-04-15,9,20.1
NOT002395,STU00298,MAT0019,3,PROJET,11.75,1,2023-05-16,9,11.75
NOT002396,STU00298,MAT0017,2,EXAMEN,7.65,2,2024-04-15,9,15.3
NOT002397,STU00298,MAT0022,3,CC,9.23,2,2024-05-17,9,18.46
NOT002398,STU00298,MAT0025,3,EXAMEN,8.99,1,2023-05-17,9,8.99
NOT002399,STU00299,MAT0007,1,CC,12.62,2,2024-05-17,10,25.24
NOT002400,STU00299,MAT0005,1,EXAMEN,12.21,2,2024-04-15,10,24.42
NOT002401,STU00299,MAT0027,3,PROJET,9.83,1,2023-05-17,10,9.83
NOT002402,STU00299,MAT0021,1,EXAMEN,12.53,2,2023-04-16,10,25.06
NOT002403,STU00299,MAT0029,4,EXAMEN,10.36,2,2024-05-17,10,20.72
NOT002404,STU00299,MAT0032,1,CC,11.19,1,2023-05-17,10,11.19
NOT002405,STU00299,MAT0009,3,EXAMEN,17.02,2,2023-05-16,10,34.04
NOT002406,STU00300,MAT0003,4,CC,16.02,1,2023-04-16,11,16.02
NOT002407,STU00300,MAT0027,2,TP,8.1,2,2023-05-16,11,16.2
NOT002408,STU00300,MAT0028,3,CC,14.49,2,2023-05-17,11,28.98
NOT002409,STU00300,MAT0021,2,CC,14.43,1,2024-05-16,11,14.43
NOT002410,STU00300,MAT0032,3,EXAMEN,8.56,2,2024-04-15,11,17.12
NOT002411,STU00300,MAT0010,2,CC,14.46,3,2023-04-15,11,43.38
NOT002412,STU00300,MAT0004,4,PROJET,16.61,3,2023-05-16,11,49.83
NOT002413,STU00301,MAT0024,1,EXAMEN,8.63,2,2024-05-16,12,17.26
NOT002414,STU00301,MAT0013,3,EXAMEN,9.25,3,2024-05-17,12,27.75
NOT002415,STU00301,MAT0027,4,CC,15.05,2,2023-05-16,12,30.1
NOT002416,STU00301,MAT0033,4,EXAMEN,12.81,1,2024-05-16,12,12.81
NOT002417,STU00301,MAT0002,4,EXAMEN,13.65,1,2023-05-17,12,13.65
NOT002418,STU00301,MAT0002,3,TP,13.02,2,2024-05-17,12,26.04
NOT002419,STU00301,MAT0026,1,TP,13.17,2,2024-05-16,12,26.34
NOT002420,STU00301,MAT0015,1,CC,8.02,2,2023-04-15,12,16.04
NOT002421,STU00302,MAT0030,1,CC,15.14,2,2024-04-16,13,30.28
NOT002422,STU00302,MAT0011,3,EXAMEN,15.51,3,2024-04-16,13,46.53
NOT002423,STU00302,MAT0027,2,PROJET,11.31,3,2023-05-17,13,33.93
NOT002424,STU00302,MAT0019,3,CC,11.87,1,2023-04-15,13,11.87
NOT002425,STU00302,MAT0005,4,CC,7.41,3,2023-04-16,13,22.23
NOT002426,STU00302,MAT0028,3,PROJET,13.54,2,2024-04-15,13,27.08
NOT002427,STU00302,MAT0034,4,EXAMEN,13.72,2,2023-04-15,13,27.44
NOT002428,STU00303,MAT0029,3,CC,11.81,2,2023-05-17,14,23.62
NOT002429,STU00303,MAT0019,4,CC,15.37,3,2024-05-16,14,46.11
NOT002430,STU00303,MAT0004,4,CC,11.0,2,2023-04-15,14,22.0
NOT002431,STU00303,MAT0032,3,CC,13.69,2,2024-05-16,14,27.38
NOT002432,STU00303,MAT0015,2,EXAMEN,8.94,2,2024-04-16,14,17.88
NOT002433,STU00303,MAT0032,2,EXAMEN,11.93,3,2024-04-16,14,35.79
NOT002434,STU00304,MAT0014,1,PROJET,11.48,2,2023-04-15,15,22.96
NOT002435,STU00304,MAT0012,3,PROJET,12.68,2,2024-04-15,15,25.36
NOT002436,STU00304,MAT0015,2,EXAMEN,10.89,1,2024-05-16,15,10.89
NOT002437,STU00304,MAT0024,3,TP,11.61,2,2023-04-15,15,23.22
NOT002438,STU00304,MAT0007,3,PROJET,14.48,2,2024-05-17,15,28.96
NOT002439,STU00304,MAT0019,4,TP,10.69,2,2023-04-15,15,21.38
NOT002440,STU00304,MAT0019,3,CC,7.18,3,2023-04-16,15,21.539999
NOT002441,STU00304,MAT0007,3,EXAMEN,17.25,2,2023-05-17,15,34.5
NOT002442,STU00305,MAT0010,2,EXAMEN,16.14,3,2024-04-15,16,48.42
NOT002443,STU00305,MAT0016,1,CC,8.12,1,2023-04-16,16,8.12
NOT002444,STU00305,MAT0010,4,EXAMEN,14.07,1,2023-04-15,16,14.07
NOT002445,STU00305,MAT0031,2,CC,10.49,2,2023-04-16,16,20.98
NOT002446,STU00305,MAT0013,2,PROJET,12.79,3,2024-05-16,16,38.37
NOT002447,STU00305,MAT0031,1,EXAMEN,12.88,2,2023-04-16,16,25.76
NOT002448,STU00305,MAT0022,3,TP,11.3,1,2023-04-16,16,11.3
NOT002449,STU00305,MAT0028,1,TP,9.65,3,2024-04-15,16,28.949999
NOT002450,STU00305,MAT0032,3,CC,9.93,3,2024-04-15,16,29.79
NOT002451,STU00306,MAT0007,1,TP,9.25,1,2023-05-17,17,9.25
NOT002452,STU00306,MAT0016,2,PROJET,9.5,3,2023-04-15,17,28.5
NOT002453,STU00306,MAT0019,2,CC,11.8,2,2024-04-15,17,23.6
NOT002454,STU00306,MAT0031,3,EXAMEN,9.85,3,2024-04-16,17,29.550001
NOT002455,STU00306,MAT0021,4,TP,14.05,3,2023-05-16,17,42.15
NOT002456,STU00306,MAT0026,1,EXAMEN,16.46,2,2023-05-16,17,32.92
NOT002457,STU00306,MAT0027,1,TP,10.26,2,2023-04-16,17,20.52
NOT002458,STU00307,MAT0013,2,CC,12.72,2,2024-05-17,18,25.44
NOT002459,STU00307,MAT0006,2,EXAMEN,13.5,2,2024-04-16,18,27.0
NOT002460,STU00307,MAT0013,1,CC,13.42,2,2023-04-16,18,26.84
NOT002461,STU00307,MAT0018,3,CC,12.23,2,2024-05-16,18,24.46
NOT002462,STU00307,MAT0018,2,CC,14.23,2,2023-04-16,18,28.46
NOT002463,STU00307,MAT0017,4,TP,13.45,2,2023-05-16,18,26.9
NOT002464,STU00308,MAT0009,4,TP,8.29,3,2024-05-16,19,24.869999
NOT002465,STU00308,MAT0012,3,CC,14.61,3,2023-04-16,19,43.829998
NOT002466,STU00308,MAT0006,3,CC,14.66,2,2024-05-17,19,29.32
NOT002467,STU00308,MAT0032,4,TP,9.71,2,2023-05-16,19,19.42
NOT002468,STU00308,MAT0013,2,CC,12.11,2,2024-05-16,19,24.22
NOT002469,STU00308,MAT0028,2,PROJET,14.05,1,2024-04-16,19,14.05
NOT002470,STU00308,MAT0001,3,CC,11.37,2,2024-05-16,19,22.74
NOT002471,STU00308,MAT0029,1,CC,15.22,1,2023-05-16,19,15.22
NOT002472,STU00309,MAT0024,1,CC,19.09,2,2024-04-15,20,38.18
NOT002473,STU00309,MAT0019,4,EXAMEN,9.64,1,2024-05-17,20,9.64
NOT002474,STU00309,MAT0021,4,EXAMEN,7.86,2,2023-04-15,20,15.72
NOT002475,STU00309,MAT0011,2,TP,12.91,2,2023-04-15,20,25.82
NOT002476,STU00309,MAT0012,1,TP,14.16,2,2023-05-16,20,28.32
NOT002477,STU00309,MAT0020,2,EXAMEN,11.31,2,2023-05-16,20,22.62
NOT002478,STU00309,MAT0033,2,TP,16.36,2,2023-04-16,20,32.72
NOT002479,STU00309,MAT0018,1,EXAMEN,7.98,2,2023-05-16,20,15.96
NOT002480,STU00309,MAT0021,1,TP,14.08,3,2024-04-16,20,42.239998
NOT002481,STU00310,MAT0012,1,TP,10.18,3,2024-05-17,21,30.54
NOT002482,STU00310,MAT0025,4,EXAMEN,17.16,2,2024-05-16,21,34.32
NOT002483,STU00310,MAT0023,4,CC,17.98,2,2024-04-16,21,35.96
NOT002484,STU00310,MAT0026,2,TP,9.7,3,2023-05-16,21,29.099998
NOT002485,STU00310,MAT0022,4,TP,10.35,2,2024-04-15,21,20.7
NOT002486,STU00310,MAT0035,3,EXAMEN,14.58,1,2023-05-17,21,14.58
NOT002487,STU00310,MAT0018,3,PROJET,10.84,3,2023-04-16,21,32.52
NOT002488,STU00310,MAT0023,3,EXAMEN,11.86,2,2024-05-17,21,23.72
NOT002489,STU00310,MAT0005,4,TP,12.08,1,2023-04-16,21,12.08
NOT002490,STU00311,MAT0006,3,TP,6.24,1,2024-04-16,12,6.24
NOT002491,STU00311,MAT0029,2,PROJET,11.96,2,2023-05-17,12,23.92
NOT002492,STU00311,MAT0030,4,TP,9.93,1,2024-05-16,12,9.93
NOT002493,STU00311,MAT0034,1,TP,10.52,2,2024-04-16,12,21.04
NOT002494,STU00311,MAT0028,3,EXAMEN,16.33,2,2024-04-16,12,32.66
NOT002495,STU00311,MAT0004,3,PROJET,8.23,2,2024-04-16,12,16.46
NOT002496,STU00311,MAT0001,3,EXAMEN,14.44,2,2024-05-16,12,28.88
NOT002497,STU00311,MAT0018,1,TP,11.16,1,2023-05-16,12,11.16
NOT002498,STU00311,MAT0025,3,PROJET,11.16,3,2023-04-15,12,33.48
NOT002499,STU00311,MAT0005,3,EXAMEN,14.37,2,2024-05-17,12,28.74
NOT002500,STU00312,MAT0010,4,TP,13.02,2,2024-04-16,13,26.04
NOT002501,STU00312,MAT0014,3,PROJET,13.71,2,2023-04-16,13,27.42
NOT002502,STU00312,MAT0023,3,EXAMEN,14.9,2,2024-05-16,13,29.8
NOT002503,STU00312,MAT0010,1,CC,11.01,2,2023-05-17,13,22.02
NOT002504,STU00312,MAT0034,3,EXAMEN,10.16,1,2024-05-17,13,10.16
NOT002505,STU00312,MAT0010,4,EXAMEN,8.74,3,2024-05-16,13,26.22
NOT002506,STU00312,MAT0012,1,CC,9.52,3,2023-04-15,13,28.560001
NOT002507,STU00312,MAT0027,3,TP,20.0,2,2023-05-16,13,40.0
NOT002508,STU00312,MAT0009,4,CC,15.73,3,2024-04-15,13,47.19
NOT002509,STU00312,MAT0029,2,TP,7.95,2,2024-05-17,13,15.9
NOT002510,STU00313,MAT0005,2,TP,8.03,1,2024-05-17,14,8.03
NOT002511,STU00313,MAT0019,3,CC,13.45,3,2023-04-16,14,40.35
NOT002512,STU00313,MAT0033,3,TP,13.64,2,2024-05-17,14,27.28
NOT002513,STU00313,MAT0009,4,EXAMEN,13.65,2,2023-04-16,14,27.3
NOT002514,STU00313,MAT0032,3,EXAMEN,11.24,3,2024-04-15,14,33.72
NOT002515,STU00313,MAT0018,4,CC,11.62,2,2024-05-16,14,23.24
NOT002516,STU00314,MAT0026,2,PROJET,12.98,3,2023-05-17,15,38.94
NOT002517,STU00314,MAT0013,3,PROJET,12.26,2,2023-04-15,15,24.52
NOT002518,STU00314,MAT0026,1,PROJET,5.34,2,2024-05-16,15,10.68
NOT002519,STU00314,MAT0027,4,PROJET,11.31,1,2024-04-15,15,11.31
NOT002520,STU00314,MAT0026,2,EXAMEN,9.45,1,2023-05-16,15,9.45
NOT002521,STU00314,MAT0013,2,EXAMEN,12.53,3,2023-04-15,15,37.59
NOT002522,STU00314,MAT0013,2,EXAMEN,20.0,3,2023-04-15,15,60.0
NOT002523,STU00315,MAT0004,3,PROJET,13.1,2,2023-04-15,16,26.2
NOT002524,STU00315,MAT0024,1,TP,11.06,3,2024-05-17,16,33.18
NOT002525,STU00315,MAT0005,2,EXAMEN,14.77,3,2023-05-16,16,44.31
NOT002526,STU00315,MAT0019,2,EXAMEN,13.45,2,2024-05-16,16,26.9
NOT002527,STU00315,MAT0035,1,TP,13.26,3,2024-04-16,16,39.78
NOT002528,STU00315,MAT0034,3,CC,13.82,2,2023-04-15,16,27.64
NOT002529,STU00316,MAT0025,3,EXAMEN,18.17,2,2024-04-15,17,36.34
NOT002530,STU00316,MAT0023,1,EXAMEN,8.61,2,2023-04-16,17,17.22
NOT002531,STU00316,MAT0015,3,CC,13.42,2,2024-05-16,17,26.84
NOT002532,STU00316,MAT0009,1,EXAMEN,9.22,1,2024-05-16,17,9.22
NOT002533,STU00316,MAT0013,2,CC,13.67,3,2024-04-16,17,41.010002
NOT002534,STU00316,MAT0031,4,PROJET,9.24,1,2023-04-16,17,9.24
NOT002535,STU00316,MAT0034,3,PROJET,10.75,1,2023-04-16,17,10.75
NOT002536,STU00317,MAT0008,4,EXAMEN,11.11,2,2024-04-16,18,22.22
NOT002537,STU00317,MAT0003,1,TP,14.93,2,2024-05-16,18,29.86
NOT002538,STU00317,MAT0028,4,PROJET,14.76,2,2024-05-17,18,29.52
NOT002539,STU00317,MAT0025,3,CC,8.26,2,2024-04-16,18,16.52
NOT002540,STU00317,MAT0026,3,TP,12.16,1,2023-04-16,18,12.16
NOT002541,STU00317,MAT0021,3,CC,9.87,3,2023-05-17,18,29.61
NOT002542,STU00317,MAT0019,2,PROJET,8.22,1,2024-04-15,18,8.22
NOT002543,STU00318,MAT0025,3,EXAMEN,11.35,1,2023-04-15,19,11.35
NOT002544,STU00318,MAT0008,4,EXAMEN,11.07,2,2024-04-15,19,22.14
NOT002545,STU00318,MAT0013,2,CC,19.28,3,2024-05-16,19,57.840004
NOT002546,STU00318,MAT0025,3,TP,13.3,3,2024-05-17,19,39.9
NOT002547,STU00318,MAT0005,1,CC,7.87,3,2024-05-17,19,23.61
NOT002548,STU00318,MAT0029,1,PROJET,10.31,2,2023-04-15,19,20.62
NOT002549,STU00318,MAT0028,3,EXAMEN,15.06,2,2023-04-16,19,30.12
NOT002550,STU00318,MAT0005,2,PROJET,18.27,2,2023-04-16,19,36.54
NOT002551,STU00318,MAT0019,4,CC,7.24,2,2023-05-16,19,14.48
NOT002552,STU00318,MAT0024,3,PROJET,6.36,2,2024-04-16,19,12.72
NOT002553,STU00319,MAT0035,1,TP,17.61,1,2024-04-15,20,17.61
NOT002554,STU00319,MAT0012,3,CC,13.17,1,2023-05-17,20,13.17
NOT002555,STU00319,MAT0009,1,EXAMEN,9.4,3,2024-04-15,20,28.199999
NOT002556,STU00319,MAT0017,3,CC,13.6,2,2023-04-16,20,27.2
NOT002557,STU00319,MAT0004,4,PROJET,4.09,2,2024-04-15,20,8.18
NOT002558,STU00319,MAT0010,1,CC,12.01,1,2023-05-17,20,12.01
NOT002559,STU00319,MAT0011,4,CC,12.98,2,2023-04-16,20,25.96
NOT002560,STU00320,MAT0013,4,TP,14.77,2,2023-04-16,21,29.54
NOT002561,STU00320,MAT0001,3,TP,8.96,1,2023-05-17,21,8.96
NOT002562,STU00320,MAT0015,4,PROJET,12.26,1,2024-05-17,21,12.26
NOT002563,STU00320,MAT0017,2,TP,9.22,2,2023-05-16,21,18.44
NOT002564,STU00320,MAT0010,3,EXAMEN,12.77,3,2023-05-17,21,38.31
NOT002565,STU00320,MAT0011,1,TP,9.31,2,2023-04-16,21,18.62
NOT002566,STU00320,MAT0027,2,CC,10.78,2,2023-04-15,21,21.56
NOT002567,STU00320,MAT0012,4,EXAMEN,9.01,3,2023-04-15,21,27.03
NOT002568,STU00320,MAT0006,3,CC,13.95,2,2023-04-15,21,27.9
NOT002569,STU00321,MAT0007,4,EXAMEN,14.58,2,2023-04-16,12,29.16
NOT002570,STU00321,MAT0001,2,EXAMEN,11.3,1,2024-04-16,12,11.3
NOT002571,STU00321,MAT0027,1,CC,12.11,3,2024-04-15,12,36.329998
NOT002572,STU00321,MAT0007,4,TP,7.65,2,2023-05-16,12,15.3
NOT002573,STU00321,MAT0015,1,EXAMEN,11.1,2,2024-04-16,12,22.2
NOT002574,STU00321,MAT0010,3,TP,11.85,1,2024-05-17,12,11.85
NOT002575,STU00322,MAT0008,1,PROJET,19.86,2,2024-05-17,13,39.72
NOT002576,STU00322,MAT0018,2,TP,8.66,3,2023-04-16,13,25.98
NOT002577,STU00322,MAT0028,4,EXAMEN,16.39,3,2023-05-17,13,49.17
NOT002578,STU00322,MAT0028,1,TP,14.99,1,2023-04-16,13,14.99
NOT002579,STU00322,MAT0027,4,TP,12.84,2,2023-05-17,13,25.68
NOT002580,STU00322,MAT0009,1,CC,17.28,2,2023-04-15,13,34.56
NOT002581,STU00322,MAT0002,3,PROJET,13.12,1,2024-04-15,13,13.12
NOT002582,STU00322,MAT0017,1,CC,13.17,1,2023-04-16,13,13.17
NOT002583,STU00322,MAT0021,1,EXAMEN,11.84,2,2023-05-16,13,23.68
NOT002584,STU00323,MAT0017,3,CC,15.67,2,2023-04-15,14,31.34
NOT002585,STU00323,MAT0023,2,CC,15.29,3,2024-05-17,14,45.87
NOT002586,STU00323,MAT0020,4,PROJET,10.12,2,2023-04-16,14,20.24
NOT002587,STU00323,MAT0030,2,CC,8.04,2,2023-04-15,14,16.08
NOT002588,STU00323,MAT0033,4,PROJET,11.39,2,2023-04-16,14,22.78
NOT002589,STU00323,MAT0015,3,TP,9.6,2,2024-04-16,14,19.2
NOT002590,STU00324,MAT0002,3,EXAMEN,11.81,2,2024-05-16,15,23.62
NOT002591,STU00324,MAT0023,2,CC,15.71,3,2024-05-17,15,47.13
NOT002592,STU00324,MAT0013,2,EXAMEN,10.63,1,2023-04-16,15,10.63
NOT002593,STU00324,MAT0024,3,EXAMEN,11.87,2,2023-04-16,15,23.74
NOT002594,STU00324,MAT0016,4,CC,12.17,3,2024-04-16,15,36.510002
NOT002595,STU00324,MAT0001,1,CC,14.55,3,2024-04-15,15,43.65
NOT002596,STU00324,MAT0034,1,CC,5.26,2,2023-04-16,15,10.52
NOT002597,STU00324,MAT0012,3,CC,10.18,2,2023-04-16,15,20.36
NOT002598,STU00324,MAT0004,1,CC,12.63,3,2023-05-17,15,37.89
NOT002599,STU00325,MAT0009,2,PROJET,15.6,3,2024-04-15,16,46.800003
NOT002600,STU00325,MAT0031,1,PROJET,10.52,1,2023-05-16,16,10.52
NOT002601,STU00325,MAT0013,3,CC,6.37,3,2023-04-15,16,19.11
NOT002602,STU00325,MAT0014,4,EXAMEN,13.86,2,2023-04-16,16,27.72
NOT002603,STU00325,MAT0029,3,EXAMEN,10.09,1,2023-05-17,16,10.09
NOT002604,STU00325,MAT0020,4,PROJET,8.43,1,2024-05-16,16,8.43
NOT002605,STU00326,MAT0021,2,EXAMEN,10.13,3,2023-05-17,17,30.39
NOT002606,STU00326,MAT0025,1,EXAMEN,11.45,2,2024-05-17,17,22.9
NOT002607,STU00326,MAT0017,3,PROJET,10.19,3,2024-04-16,17,30.57
NOT002608,STU00326,MAT0035,3,CC,5.38,2,2023-04-16,17,10.76
NOT002609,STU00326,MAT0013,4,TP,14.69,3,2024-05-17,17,44.07
NOT002610,STU00326,MAT0013,3,CC,15.82,2,2024-04-16,17,31.64
NOT002611,STU00326,MAT0002,2,EXAMEN,13.95,2,2023-05-16,17,27.9
NOT002612,STU00326,MAT0008,3,EXAMEN,8.59,2,2024-05-17,17,17.18
NOT002613,STU00326,MAT0014,4,CC,11.4,1,2024-04-15,17,11.4
NOT002614,STU00327,MAT0014,1,TP,11.98,2,2023-05-17,18,23.96
NOT002615,STU00327,MAT0022,4,TP,13.8,2,2023-05-17,18,27.6
NOT002616,STU00327,MAT0031,2,TP,14.01,1,2024-05-17,18,14.01
NOT002617,STU00327,MAT0025,1,PROJET,9.8,2,2023-04-16,18,19.6
NOT002618,STU00327,MAT0033,1,EXAMEN,12.25,2,2023-04-15,18,24.5
NOT002619,STU00327,MAT0016,1,EXAMEN,13.37,2,2024-04-15,18,26.74
NOT002620,STU00328,MAT0023,4,PROJET,16.37,2,2023-04-15,19,32.74
NOT002621,STU00328,MAT0034,1,PROJET,14.11,3,2024-05-17,19,42.329998
NOT002622,STU00328,MAT0031,4,CC,14.37,1,2023-05-16,19,14.37
NOT002623,STU00328,MAT0019,2,TP,12.25,2,2024-05-16,19,24.5
NOT002624,STU00328,MAT0024,1,EXAMEN,16.23,3,2023-05-16,19,48.69
NOT002625,STU00328,MAT0011,1,CC,13.23,1,2024-05-17,19,13.23
NOT002626,STU00329,MAT0034,4,CC,9.42,3,2023-04-15,20,28.26
NOT002627,STU00329,MAT0021,3,TP,16.21,2,2023-05-17,20,32.42
NOT002628,STU00329,MAT0035,2,PROJET,14.09,3,2023-04-16,20,42.27
NOT002629,STU00329,MAT0006,1,TP,10.67,2,2024-05-16,20,21.34
NOT002630,STU00329,MAT0005,3,CC,10.56,2,2023-05-17,20,21.12
NOT002631,STU00329,MAT0001,2,CC,12.89,2,2024-04-16,20,25.78
NOT002632,STU00329,MAT0004,3,PROJET,13.39,2,2023-05-17,20,26.78
NOT002633,STU00329,MAT0012,3,CC,12.59,3,2024-05-17,20,37.77
NOT002634,STU00330,MAT0017,1,EXAMEN,12.93,3,2024-05-17,21,38.79
NOT002635,STU00330,MAT0028,3,PROJET,17.1,2,2024-04-15,21,34.2
NOT002636,STU00330,MAT0030,4,CC,15.21,3,2024-05-17,21,45.63
NOT002637,STU00330,MAT0010,1,EXAMEN,12.57,2,2023-04-16,21,25.14
NOT002638,STU00330,MAT0023,4,EXAMEN,14.82,2,2023-05-16,21,29.64
NOT002639,STU00330,MAT0029,1,PROJET,8.9,1,2024-05-16,21,8.9
NOT002640,STU00330,MAT0001,3,CC,13.19,2,2023-04-15,21,26.38
NOT002641,STU00331,MAT0021,2,EXAMEN,17.43,2,2023-05-16,12,34.86
NOT002642,STU00331,MAT0017,4,CC,11.35,3,2023-04-16,12,34.050003
NOT002643,STU00331,MAT0014,4,PROJET,9.46,2,2024-05-16,12,18.92
NOT002644,STU00331,MAT0001,4,PROJET,10.04,2,2023-05-17,12,20.08
NOT002645,STU00331,MAT0023,2,TP,8.73,2,2023-04-16,12,17.46
NOT002646,STU00331,MAT0020,1,EXAMEN,9.65,2,2024-04-15,12,19.3
NOT002647,STU00331,MAT0010,4,CC,10.89,1,2024-04-15,12,10.89
NOT002648,STU00331,MAT0003,1,PROJET,7.78,2,2024-05-16,12,15.56
NOT002649,STU00331,MAT0005,1,CC,12.05,3,2024-05-17,12,36.15
NOT002650,STU00332,MAT0014,4,EXAMEN,14.71,2,2023-04-15,13,29.42
NOT002651,STU00332,MAT0022,2,PROJET,9.28,1,2024-04-16,13,9.28
NOT002652,STU00332,MAT0019,1,CC,16.56,2,2024-04-15,13,33.12
NOT002653,STU00332,MAT0004,1,EXAMEN,13.53,3,2024-05-17,13,40.59
NOT002654,STU00332,MAT0006,4,TP,15.09,1,2024-04-16,13,15.09
NOT002655,STU00332,MAT0009,2,TP,10.03,2,2023-05-17,13,20.06
NOT002656,STU00332,MAT0022,4,CC,14.56,3,2023-05-17,13,43.68
NOT002657,STU00332,MAT0016,3,EXAMEN,8.72,2,2024-04-15,13,17.44
NOT002658,STU00332,MAT0024,1,TP,14.67,2,2023-04-15,13,29.34
NOT002659,STU00332,MAT0014,2,PROJET,12.52,3,2024-04-15,13,37.56
NOT002660,STU00333,MAT0034,2,CC,13.66,2,2024-04-15,14,27.32
NOT002661,STU00333,MAT0034,4,EXAMEN,8.47,1,2023-04-16,14,8.47
NOT002662,STU00333,MAT0035,4,CC,9.31,2,2024-05-17,14,18.62
NOT002663,STU00333,MAT0023,1,EXAMEN,13.79,3,2024-05-16,14,41.37
NOT002664,STU00333,MAT0026,1,EXAMEN,9.15,2,2024-05-17,14,18.3
NOT002665,STU00333,MAT0013,2,CC,13.39,1,2024-04-15,14,13.39
NOT002666,STU00333,MAT0026,3,EXAMEN,7.9,3,2023-05-17,14,23.7
NOT002667,STU00334,MAT0034,4,PROJET,14.54,1,2023-05-16,15,14.54
NOT002668,STU00334,MAT0009,2,CC,8.3,2,2024-05-16,15,16.6
NOT002669,STU00334,MAT0010,3,EXAMEN,13.66,2,2023-04-16,15,27.32
NOT002670,STU00334,MAT0014,3,TP,13.88,3,2023-05-16,15,41.64
NOT002671,STU00334,MAT0016,2,CC,9.91,2,2024-05-17,15,19.82
NOT002672,STU00334,MAT0003,3,CC,13.75,2,2023-05-16,15,27.5
NOT002673,STU00335,MAT0028,1,CC,12.78,2,2024-04-15,16,25.56
NOT002674,STU00335,MAT0007,3,PROJET,10.38,3,2024-04-15,16,31.14
NOT002675,STU00335,MAT0022,4,PROJET,8.97,3,2023-04-15,16,26.91
NOT002676,STU00335,MAT0002,4,CC,6.11,2,2023-04-16,16,12.22
NOT002677,STU00335,MAT0005,2,TP,13.05,3,2023-05-17,16,39.15
NOT002678,STU00335,MAT0012,2,EXAMEN,7.31,2,2024-04-15,16,14.62
NOT002679,STU00336,MAT0001,4,TP,12.29,2,2024-05-16,17,24.58
NOT002680,STU00336,MAT0005,4,CC,11.21,2,2024-04-16,17,22.42
NOT002681,STU00336,MAT0005,1,PROJET,14.04,3,2023-05-17,17,42.12
NOT002682,STU00336,MAT0001,1,EXAMEN,11.09,1,2023-04-16,17,11.09
NOT002683,STU00336,MAT0011,1,EXAMEN,11.01,1,2023-05-17,17,11.01
NOT002684,STU00336,MAT0022,3,EXAMEN,14.2,2,2023-05-16,17,28.4
NOT002685,STU00336,MAT0025,3,CC,13.01,1,2023-04-16,17,13.01
NOT002686,STU00336,MAT0020,1,CC,12.95,2,2024-05-16,17,25.9
NOT002687,STU00336,MAT0032,3,EXAMEN,13.41,2,2023-04-15,17,26.82
NOT002688,STU00337,MAT0035,3,CC,7.39,1,2023-04-15,18,7.39
NOT002689,STU00337,MAT0015,2,EXAMEN,14.27,2,2023-05-17,18,28.54
NOT002690,STU00337,MAT0005,4,TP,13.84,1,2023-05-17,18,13.84
NOT002691,STU00337,MAT0011,3,PROJET,8.95,3,2023-05-16,18,26.849998
NOT002692,STU00337,MAT0021,3,TP,11.27,2,2023-05-17,18,22.54
NOT002693,STU00337,MAT0021,4,CC,11.88,3,2024-05-17,18,35.64
NOT002694,STU00337,MAT0012,2,PROJET,11.6,1,2024-04-16,18,11.6
NOT002695,STU00338,MAT0009,4,PROJET,13.0,2,2023-04-16,19,26.0
NOT002696,STU00338,MAT0011,2,TP,16.29,3,2023-05-17,19,48.870003
NOT002697,STU00338,MAT0034,3,PROJET,15.25,1,2024-04-16,19,15.25
NOT002698,STU00338,MAT0025,3,CC,8.06,2,2023-05-17,19,16.12
NOT002699,STU00338,MAT0034,1,CC,13.87,3,2024-04-15,19,41.61
NOT002700,STU00338,MAT0023,2,TP,15.99,2,2024-04-16,19,31.98
NOT002701,STU00338,MAT0013,1,EXAMEN,13.16,3,2024-05-17,19,39.48
NOT002702,STU00338,MAT0020,3,TP,15.27,1,2023-04-16,19,15.27
NOT002703,STU00339,MAT0022,3,PROJET,18.04,3,2024-04-16,20,54.120003
NOT002704,STU00339,MAT0017,2,EXAMEN,15.07,1,2023-04-15,20,15.07
NOT002705,STU00339,MAT0030,2,PROJET,12.75,2,2024-04-15,20,25.5
NOT002706,STU00339,MAT0022,4,TP,15.14,2,2024-04-15,20,30.28
NOT002707,STU00339,MAT0006,3,CC,12.43,1,2024-05-16,20,12.43
NOT002708,STU00339,MAT0028,2,EXAMEN,12.07,2,2023-05-16,20,24.14
NOT002709,STU00340,MAT0016,2,CC,10.95,2,2023-05-17,21,21.9
NOT002710,STU00340,MAT0028,3,PROJET,16.69,2,2024-04-16,21,33.38
NOT002711,STU00340,MAT0011,2,CC,9.54,2,2024-04-15,21,19.08
NOT002712,STU00340,MAT0002,3,EXAMEN,16.6,2,2024-04-15,21,33.2
NOT002713,STU00340,MAT0030,3,CC,13.5,2,2024-04-16,21,27.0
NOT002714,STU00340,MAT0019,4,EXAMEN,7.8,1,2024-04-16,21,7.8
NOT002715,STU00341,MAT0031,2,TP,13.1,2,2024-04-16,12,26.2
NOT002716,STU00341,MAT0016,4,TP,5.7,1,2024-05-17,12,5.7
NOT002717,STU00341,MAT0021,1,PROJET,13.88,2,2024-04-16,12,27.76
NOT002718,STU00341,MAT0015,3,TP,14.66,3,2024-04-15,12,43.98
NOT002719,STU00341,MAT0025,1,EXAMEN,10.22,2,2024-05-17,12,20.44
NOT002720,STU00341,MAT0009,4,CC,12.37,2,2024-04-16,12,24.74
NOT002721,STU00342,MAT0022,2,TP,17.86,2,2023-05-16,13,35.72
NOT002722,STU00342,MAT0031,2,PROJET,10.48,2,2023-05-17,13,20.96
NOT002723,STU00342,MAT0012,1,PROJET,8.82,3,2024-04-16,13,26.46
NOT002724,STU00342,MAT0014,3,TP,16.44,2,2024-04-16,13,32.88
NOT002725,STU00342,MAT0017,4,TP,17.89,3,2023-04-16,13,53.67
NOT002726,STU00342,MAT0029,3,EXAMEN,12.01,1,2023-04-16,13,12.01
NOT002727,STU00343,MAT0023,4,EXAMEN,15.03,3,2023-05-17,14,45.09
NOT002728,STU00343,MAT0015,3,CC,16.02,3,2023-05-16,14,48.06
NOT002729,STU00343,MAT0030,3,TP,9.77,3,2023-04-16,14,29.310001
NOT002730,STU00343,MAT0001,3,PROJET,10.54,1,2023-05-16,14,10.54
NOT002731,STU00343,MAT0002,3,CC,15.69,2,2023-04-15,14,31.38
NOT002732,STU00343,MAT0034,3,CC,17.06,3,2023-04-16,14,51.18
NOT002733,STU00344,MAT0026,4,EXAMEN,13.69,2,2024-05-16,15,27.38
NOT002734,STU00344,MAT0019,1,CC,9.36,2,2023-05-17,15,18.72
NOT002735,STU00344,MAT0032,4,TP,17.96,1,2024-04-15,15,17.96
NOT002736,STU00344,MAT0020,2,CC,10.41,1,2024-04-16,15,10.41
NOT002737,STU00344,MAT0009,1,PROJET,10.99,1,2023-05-16,15,10.99
NOT002738,STU00344,MAT0011,4,CC,13.03,3,2023-05-16,15,39.09
NOT002739,STU00345,MAT0009,3,TP,16.66,1,2023-05-17,16,16.66
NOT002740,STU00345,MAT0026,2,TP,14.56,2,2024-05-17,16,29.12
NOT002741,STU00345,MAT0032,2,PROJET,13.24,2,2023-04-16,16,26.48
NOT002742,STU00345,MAT0016,4,CC,13.39,2,2024-05-17,16,26.78
NOT002743,STU00345,MAT0020,3,TP,12.13,2,2023-05-17,16,24.26
NOT002744,STU00345,MAT0029,2,EXAMEN,13.67,2,2024-05-16,16,27.34
NOT002745,STU00345,MAT0034,4,TP,4.41,2,2023-04-15,16,8.82
NOT002746,STU00346,MAT0017,4,CC,11.11,2,2023-05-17,17,22.22
NOT002747,STU00346,MAT0018,3,EXAMEN,12.72,2,2023-04-16,17,25.44
NOT002748,STU00346,MAT0032,2,TP,8.55,1,2024-04-15,17,8.55
NOT002749,STU00346,MAT0009,3,TP,13.16,1,2024-04-16,17,13.16
NOT002750,STU00346,MAT0029,2,CC,11.39,2,2023-04-16,17,22.78
NOT002751,STU00346,MAT0009,3,PROJET,17.27,1,2024-04-16,17,17.27
NOT002752,STU00347,MAT0004,2,EXAMEN,16.72,2,2024-05-17,18,33.44
NOT002753,STU00347,MAT0008,4,CC,10.6,2,2023-04-15,18,21.2
NOT002754,STU00347,MAT0025,2,PROJET,11.55,3,2024-04-16,18,34.65
NOT002755,STU00347,MAT0013,2,TP,11.78,2,2024-05-16,18,23.56
NOT002756,STU00347,MAT0031,3,PROJET,10.65,2,2024-05-16,18,21.3
NOT002757,STU00347,MAT0019,3,TP,12.59,1,2023-05-17,18,12.59
NOT002758,STU00347,MAT0022,2,PROJET,9.73,2,2023-05-16,18,19.46
NOT002759,STU00348,MAT0018,4,TP,8.61,3,2024-04-15,19,25.829998
NOT002760,STU00348,MAT0019,4,TP,13.87,2,2024-04-15,19,27.74
NOT002761,STU00348,MAT0035,2,PROJET,13.89,1,2024-04-16,19,13.89
NOT002762,STU00348,MAT0004,4,CC,9.59,3,2024-04-16,19,28.77
NOT002763,STU00348,MAT0022,2,TP,14.69,3,2024-05-16,19,44.07
NOT002764,STU00348,MAT0013,4,PROJET,10.11,1,2024-05-17,19,10.11
NOT002765,STU00348,MAT0008,3,CC,12.76,2,2024-04-16,19,25.52
NOT002766,STU00349,MAT0025,1,TP,14.46,3,2023-04-16,20,43.38
NOT002767,STU00349,MAT0005,1,PROJET,11.9,2,2024-05-16,20,23.8
NOT002768,STU00349,MAT0004,1,TP,13.36,2,2023-05-17,20,26.72
NOT002769,STU00349,MAT0015,4,PROJET,10.45,2,2023-04-15,20,20.9
NOT002770,STU00349,MAT0016,1,PROJET,11.41,2,2023-04-15,20,22.82
NOT002771,STU00349,MAT0028,3,PROJET,11.38,2,2024-05-16,20,22.76
NOT002772,STU00349,MAT0002,2,CC,9.76,1,2024-04-15,20,9.76
NOT002773,STU00350,MAT0018,1,CC,11.47,2,2023-05-17,21,22.94
NOT002774,STU00350,MAT0017,2,EXAMEN,7.35,3,2024-05-17,21,22.05
NOT002775,STU00350,MAT0006,2,PROJET,10.53,1,2023-04-16,21,10.53
NOT002776,STU00350,MAT0018,2,PROJET,11.15,2,2024-05-16,21,22.3
NOT002777,STU00350,MAT0031,1,TP,11.23,2,2023-04-15,21,22.46
NOT002778,STU00350,MAT0024,4,TP,11.28,2,2024-04-16,21,22.56
NOT002779,STU00351,MAT0010,4,TP,11.81,1,2024-04-16,12,11.81
NOT002780,STU00351,MAT0029,4,PROJET,13.44,2,2024-05-17,12,26.88
NOT002781,STU00351,MAT0030,4,TP,14.62,3,2024-04-15,12,43.86
NOT002782,STU00351,MAT0016,2,CC,10.05,2,2024-05-16,12,20.1
NOT002783,STU00351,MAT0007,1,PROJET,8.39,2,2023-05-16,12,16.78
NOT002784,STU00351,MAT0023,2,PROJET,8.87,2,2023-05-17,12,17.74
NOT002785,STU00351,MAT0035,1,PROJET,10.54,2,2023-05-16,12,21.08
NOT002786,STU00351,MAT0017,1,TP,10.94,2,2024-04-16,12,21.88
NOT002787,STU00351,MAT0013,4,EXAMEN,9.69,2,2024-04-15,12,19.38
NOT002788,STU00352,MAT0015,2,EXAMEN,8.11,2,2023-04-15,13,16.22
NOT002789,STU00352,MAT0014,2,CC,10.63,2,2023-05-16,13,21.26
NOT002790,STU00352,MAT0024,1,EXAMEN,12.54,2,2024-04-16,13,25.08
NOT002791,STU00352,MAT0005,2,TP,13.79,3,2024-05-17,13,41.37
NOT002792,STU00352,MAT0011,2,PROJET,10.33,3,2023-05-16,13,30.99
NOT002793,STU00352,MAT0028,1,PROJET,10.76,1,2024-05-17,13,10.76
NOT002794,STU00352,MAT0020,3,EXAMEN,9.22,3,2024-05-16,13,27.66
NOT002795,STU00352,MAT0030,2,CC,11.91,3,2024-04-16,13,35.73
NOT002796,STU00352,MAT0023,2,EXAMEN,9.45,1,2023-04-15,13,9.45
NOT002797,STU00353,MAT0031,1,TP,13.72,2,2023-05-16,14,27.44
NOT002798,STU00353,MAT0017,2,PROJET,6.64,2,2024-04-15,14,13.28
NOT002799,STU00353,MAT0010,3,CC,10.92,3,2023-04-15,14,32.760002
NOT002800,STU00353,MAT0032,1,PROJET,12.9,3,2023-05-17,14,38.699997
NOT002801,STU00353,MAT0034,4,CC,12.55,2,2023-05-17,14,25.1
NOT002802,STU00353,MAT0019,4,EXAMEN,20.0,3,2023-05-17,14,60.0
NOT002803,STU00353,MAT0025,3,TP,13.05,2,2024-05-16,14,26.1
NOT002804,STU00354,MAT0016,4,PROJET,8.99,3,2023-05-16,15,26.97
NOT002805,STU00354,MAT0001,4,EXAMEN,11.71,2,2023-04-15,15,23.42
NOT002806,STU00354,MAT0027,1,PROJET,6.67,2,2023-05-17,15,13.34
NOT002807,STU00354,MAT0023,2,CC,11.76,3,2024-04-16,15,35.28
NOT002808,STU00354,MAT0006,3,CC,9.5,1,2023-04-16,15,9.5
NOT002809,STU00354,MAT0024,2,PROJET,14.75,2,2023-05-16,15,29.5
NOT002810,STU00354,MAT0010,2,PROJET,10.35,1,2023-04-16,15,10.35
NOT002811,STU00354,MAT0010,1,EXAMEN,11.65,1,2024-04-16,15,11.65
NOT002812,STU00354,MAT0031,2,PROJET,10.09,2,2023-05-16,15,20.18
NOT002813,STU00355,MAT0022,1,CC,17.22,2,2024-04-15,16,34.44
NOT002814,STU00355,MAT0025,3,TP,11.04,3,2023-05-16,16,33.12
NOT002815,STU00355,MAT0007,1,EXAMEN,17.5,1,2023-04-16,16,17.5
NOT002816,STU00355,MAT0003,2,TP,14.44,3,2024-04-15,16,43.32
NOT002817,STU00355,MAT0020,4,CC,13.45,2,2024-05-16,16,26.9
NOT002818,STU00355,MAT0005,3,CC,13.11,1,2024-04-15,16,13.11
NOT002819,STU00355,MAT0032,2,TP,13.18,3,2023-05-17,16,39.54
NOT002820,STU00356,MAT0016,4,PROJET,6.22,2,2023-05-16,17,12.44
NOT002821,STU00356,MAT0008,3,CC,11.16,2,2023-05-16,17,22.32
NOT002822,STU00356,MAT0019,2,PROJET,14.54,2,2023-05-16,17,29.08
NOT002823,STU00356,MAT0001,4,CC,11.85,1,2024-05-17,17,11.85
NOT002824,STU00356,MAT0010,3,CC,7.78,2,2023-04-16,17,15.56
NOT002825,STU00356,MAT0031,3,PROJET,11.84,3,2024-05-17,17,35.52
NOT002826,STU00356,MAT0025,4,CC,17.11,3,2024-05-17,17,51.33
NOT002827,STU00356,MAT0023,1,TP,15.74,2,2023-05-16,17,31.48
NOT002828,STU00356,MAT0015,1,TP,11.81,1,2024-04-15,17,11.81
NOT002829,STU00356,MAT0029,4,EXAMEN,14.85,3,2023-04-15,17,44.550003
NOT002830,STU00357,MAT0006,1,CC,10.9,3,2024-04-15,18,32.699997
NOT002831,STU00357,MAT0013,2,EXAMEN,6.89,2,2024-05-16,18,13.78
NOT002832,STU00357,MAT0027,1,EXAMEN,9.23,1,2024-04-15,18,9.23
NOT002833,STU00357,MAT0006,4,TP,16.69,3,2023-05-16,18,50.07
NOT002834,STU00357,MAT0035,3,CC,11.18,2,2023-05-17,18,22.36
NOT002835,STU00357,MAT0009,3,CC,11.27,2,2024-05-17,18,22.54
NOT002836,STU00357,MAT0024,1,CC,11.1,2,2023-05-16,18,22.2
NOT002837,STU00357,MAT0034,4,PROJET,17.71,2,2023-04-16,18,35.42
NOT002838,STU00357,MAT0026,2,PROJET,16.88,1,2023-05-16,18,16.88
NOT002839,STU00358,MAT0023,1,PROJET,18.66,1,2023-05-17,19,18.66
NOT002840,STU00358,MAT0034,2,CC,11.52,3,2024-04-16,19,34.56
NOT002841,STU00358,MAT0018,3,CC,12.89,1,2024-04-15,19,12.89
NOT002842,STU00358,MAT0035,2,PROJET,7.45,1,2024-05-16,19,7.45
NOT002843,STU00358,MAT0001,1,TP,16.43,1,2024-04-15,19,16.43
NOT002844,STU00358,MAT0013,2,EXAMEN,8.5,2,2023-04-16,19,17.0
NOT002845,STU00359,MAT0021,4,PROJET,12.65,1,2023-04-15,20,12.65
NOT002846,STU00359,MAT0019,1,CC,8.71,3,2024-05-16,20,26.130001
NOT002847,STU00359,MAT0035,3,EXAMEN,10.23,1,2023-04-16,20,10.23
NOT002848,STU00359,MAT0029,2,EXAMEN,9.49,3,2024-05-17,20,28.47
NOT002849,STU00359,MAT0024,4,PROJET,10.18,2,2023-04-16,20,20.36
NOT002850,STU00359,MAT0005,3,TP,10.38,2,2023-04-15,20,20.76
NOT002851,STU00359,MAT0035,1,EXAMEN,10.36,2,2023-05-16,20,20.72
NOT002852,STU00359,MAT0021,3,PROJET,14.5,2,2024-04-15,20,29.0
NOT002853,STU00359,MAT0023,3,CC,8.69,3,2023-05-17,20,26.07
NOT002854,STU00360,MAT0007,1,TP,12.66,3,2023-05-17,21,37.98
NOT002855,STU00360,MAT0024,4,PROJET,15.65,3,2023-05-17,21,46.949997
NOT002856,STU00360,MAT0030,1,TP,10.46,3,2024-05-16,21,31.380001
NOT002857,STU00360,MAT0035,4,CC,9.85,2,2024-05-17,21,19.7
NOT002858,STU00360,MAT0023,1,TP,11.31,1,2023-05-16,21,11.31
NOT002859,STU00360,MAT0014,1,EXAMEN,15.54,3,2023-05-17,21,46.62
NOT002860,STU00360,MAT0018,1,CC,12.58,1,2023-05-17,21,12.58
NOT002861,STU00360,MAT0008,4,CC,10.41,2,2024-04-15,21,20.82
NOT002862,STU00360,MAT0025,1,EXAMEN,13.45,1,2023-04-15,21,13.45
NOT002863,STU00360,MAT0010,2,CC,8.69,2,2023-04-15,21,17.38
NOT002864,STU00361,MAT0021,4,PROJET,14.04,1,2024-04-15,12,14.04
NOT002865,STU00361,MAT0009,4,PROJET,13.23,2,2023-04-16,12,26.46
NOT002866,STU00361,MAT0035,1,TP,11.08,3,2023-05-17,12,33.239998
NOT002867,STU00361,MAT0002,2,PROJET,9.48,3,2024-05-16,12,28.439999
NOT002868,STU00361,MAT0010,4,EXAMEN,9.34,1,2024-04-16,12,9.34
NOT002869,STU00361,MAT0031,3,TP,13.6,3,2023-04-16,12,40.800003
NOT002870,STU00361,MAT0035,2,CC,15.69,2,2023-04-16,12,31.38
NOT002871,STU00361,MAT0004,1,PROJET,10.09,2,2024-05-16,12,20.18
NOT002872,STU00361,MAT0009,2,TP,13.38,3,2023-04-16,12,40.14
NOT002873,STU00361,MAT0016,4,PROJET,5.74,2,2024-05-16,12,11.48
NOT002874,STU00362,MAT0031,1,TP,10.25,1,2024-04-15,13,10.25
NOT002875,STU00362,MAT0011,2,CC,11.91,2,2024-04-15,13,23.82
NOT002876,STU00362,MAT0012,3,CC,9.27,3,2023-05-16,13,27.810001
NOT002877,STU00362,MAT0032,2,EXAMEN,9.19,1,2024-04-15,13,9.19
NOT002878,STU00362,MAT0009,4,PROJET,10.0,2,2023-04-15,13,20.0
NOT002879,STU00362,MAT0002,3,EXAMEN,12.88,3,2024-04-16,13,38.64
NOT002880,STU00362,MAT0019,3,PROJET,11.44,2,2024-04-15,13,22.88
NOT002881,STU00362,MAT0009,4,PROJET,5.29,3,2023-04-15,13,15.87
NOT002882,STU00363,MAT0028,4,PROJET,5.64,2,2024-05-17,14,11.28
NOT002883,STU00363,MAT0029,3,EXAMEN,10.18,2,2023-04-16,14,20.36
NOT002884,STU00363,MAT0014,2,TP,13.37,1,2023-05-16,14,13.37
NOT002885,STU00363,MAT0034,3,CC,3.76,1,2024-04-16,14,3.76
NOT002886,STU00363,MAT0015,3,PROJET,10.5,1,2024-04-15,14,10.5
NOT002887,STU00363,MAT0013,1,CC,10.42,2,2024-05-17,14,20.84
NOT002888,STU00363,MAT0016,3,TP,16.17,3,2024-04-15,14,48.510002
NOT002889,STU00364,MAT0014,2,TP,10.84,1,2023-04-16,15,10.84
NOT002890,STU00364,MAT0018,1,PROJET,13.15,2,2024-05-16,15,26.3
NOT002891,STU00364,MAT0022,1,TP,12.42,2,2024-04-15,15,24.84
NOT002892,STU00364,MAT0029,4,TP,5.61,2,2023-05-16,15,11.22
NOT002893,STU00364,MAT0025,3,PROJET,14.3,1,2023-04-15,15,14.3
NOT002894,STU00364,MAT0009,4,TP,12.65,3,2024-04-16,15,37.949997
NOT002895,STU00365,MAT0007,3,TP,13.52,2,2023-04-16,16,27.04
NOT002896,STU00365,MAT0019,3,TP,20.0,1,2023-05-16,16,20.0
NOT002897,STU00365,MAT0015,1,TP,5.75,2,2024-04-15,16,11.5
NOT002898,STU00365,MAT0013,1,TP,17.17,3,2024-04-15,16,51.510002
NOT002899,STU00365,MAT0001,3,CC,11.14,2,2023-05-16,16,22.28
NOT002900,STU00365,MAT0020,3,TP,12.86,3,2024-04-16,16,38.579998
NOT002901,STU00366,MAT0004,2,TP,11.86,1,2023-05-17,17,11.86
NOT002902,STU00366,MAT0030,3,CC,10.73,2,2024-04-16,17,21.46
NOT002903,STU00366,MAT0003,3,PROJET,10.29,1,2023-05-16,17,10.29
NOT002904,STU00366,MAT0026,3,CC,12.99,2,2023-05-17,17,25.98
NOT002905,STU00366,MAT0032,3,EXAMEN,7.45,3,2023-04-15,17,22.349998
NOT002906,STU00366,MAT0032,2,TP,14.25,2,2023-04-15,17,28.5
NOT002907,STU00366,MAT0003,2,PROJET,10.75,3,2023-05-17,17,32.25
NOT002908,STU00366,MAT0031,2,EXAMEN,8.61,2,2024-05-17,17,17.22
NOT002909,STU00367,MAT0032,2,CC,10.65,3,2024-05-17,18,31.949999
NOT002910,STU00367,MAT0020,1,TP,15.77,1,2024-04-15,18,15.77
NOT002911,STU00367,MAT0033,3,TP,10.39,1,2023-04-16,18,10.39
NOT002912,STU00367,MAT0033,2,TP,13.08,2,2023-05-17,18,26.16
NOT002913,STU00367,MAT0024,3,TP,9.81,2,2024-05-16,18,19.62
NOT002914,STU00367,MAT0002,3,EXAMEN,14.27,3,2023-04-15,18,42.81
NOT002915,STU00367,MAT0002,4,PROJET,14.06,2,2024-05-17,18,28.12
NOT002916,STU00367,MAT0011,3,PROJET,17.55,3,2023-05-16,18,52.649998
NOT002917,STU00367,MAT0023,2,TP,11.47,1,2024-05-17,18,11.47
NOT002918,STU00367,MAT0003,1,TP,14.01,3,2023-05-17,18,42.03
NOT002919,STU00368,MAT0002,2,EXAMEN,12.29,3,2024-04-15,19,36.87
NOT002920,STU00368,MAT0022,1,CC,15.89,1,2024-04-15,19,15.89
NOT002921,STU00368,MAT0022,1,CC,9.84,1,2023-04-16,19,9.84
NOT002922,STU00368,MAT0026,2,EXAMEN,14.24,3,2023-05-16,19,42.72
NOT002923,STU00368,MAT0007,1,PROJET,11.42,3,2024-04-15,19,34.260002
NOT002924,STU00368,MAT0009,2,CC,11.81,2,2023-05-16,19,23.62
NOT002925,STU00369,MAT0022,1,EXAMEN,12.28,1,2024-04-16,20,12.28
NOT002926,STU00369,MAT0032,3,TP,12.76,2,2024-05-16,20,25.52
NOT002927,STU00369,MAT0012,1,EXAMEN,11.65,3,2024-05-17,20,34.949997
NOT002928,STU00369,MAT0021,3,CC,12.64,2,2024-05-17,20,25.28
NOT002929,STU00369,MAT0020,1,PROJET,16.73,2,2024-05-17,20,33.46
NOT002930,STU00369,MAT0035,3,EXAMEN,14.96,3,2024-04-15,20,44.88
NOT002931,STU00369,MAT0014,4,CC,14.61,3,2024-05-17,20,43.829998
NOT002932,STU00369,MAT0014,4,TP,10.63,2,2023-04-15,20,21.26
NOT002933,STU00369,MAT0020,2,CC,9.33,3,2023-05-16,20,27.99
NOT002934,STU00369,MAT0015,2,EXAMEN,14.87,2,2023-04-15,20,29.74
NOT002935,STU00370,MAT0001,3,TP,14.63,2,2024-04-16,21,29.26
NOT002936,STU00370,MAT0013,1,CC,16.42,2,2023-04-15,21,32.84
NOT002937,STU00370,MAT0003,4,CC,10.19,2,2024-05-17,21,20.38
NOT002938,STU00370,MAT0011,1,PROJET,11.31,1,2023-04-15,21,11.31
NOT002939,STU00370,MAT0012,3,EXAMEN,7.08,2,2023-05-16,21,14.16
NOT002940,STU00370,MAT0032,3,CC,10.82,3,2024-05-17,21,32.46
NOT002941,STU00370,MAT0003,1,PROJET,14.99,1,2024-05-17,21,14.99
NOT002942,STU00370,MAT0016,2,CC,10.6,2,2024-05-16,21,21.2
NOT002943,STU00370,MAT0034,1,CC,13.92,3,2024-04-15,21,41.760002
NOT002944,STU00370,MAT0028,2,PROJET,11.43,3,2024-04-16,21,34.29
NOT002945,STU00371,MAT0016,1,TP,12.97,2,2023-04-15,12,25.94
NOT002946,STU00371,MAT0026,2,CC,8.56,1,2023-05-16,12,8.56
NOT002947,STU00371,MAT0021,1,EXAMEN,12.26,2,2024-05-16,12,24.52
NOT002948,STU00371,MAT0005,4,CC,3.03,3,2024-05-16,12,9.09
NOT002949,STU00371,MAT0017,1,EXAMEN,11.44,1,2023-04-15,12,11.44
NOT002950,STU00371,MAT0025,1,CC,7.11,2,2024-05-16,12,14.22
NOT002951,STU00371,MAT0005,4,TP,15.62,1,2023-05-17,12,15.62
NOT002952,STU00371,MAT0007,4,CC,14.33,3,2024-04-16,12,42.989998
NOT002953,STU00372,MAT0007,3,EXAMEN,13.4,3,2023-04-15,13,40.199997
NOT002954,STU00372,MAT0004,3,PROJET,16.56,2,2024-04-16,13,33.12
NOT002955,STU00372,MAT0030,4,PROJET,9.15,2,2023-05-16,13,18.3
NOT002956,STU00372,MAT0019,1,CC,17.24,3,2023-04-15,13,51.72
NOT002957,STU00372,MAT0004,1,EXAMEN,14.8,2,2023-05-16,13,29.6
NOT002958,STU00372,MAT0007,2,TP,11.29,2,2023-05-17,13,22.58
NOT002959,STU00372,MAT0009,1,EXAMEN,15.41,2,2023-05-16,13,30.82
NOT002960,STU00372,MAT0028,4,PROJET,8.68,2,2023-04-16,13,17.36
NOT002961,STU00372,MAT0018,2,TP,9.53,2,2023-05-16,13,19.06
NOT002962,STU00373,MAT0020,4,EXAMEN,10.17,1,2023-05-17,14,10.17
NOT002963,STU00373,MAT0032,2,EXAMEN,10.41,2,2024-04-15,14,20.82
NOT002964,STU00373,MAT0024,2,TP,8.83,2,2024-04-16,14,17.66
NOT002965,STU00373,MAT0032,3,CC,15.67,3,2024-04-16,14,47.010002
NOT002966,STU00373,MAT0029,1,EXAMEN,11.22,3,2024-05-17,14,33.66
NOT002967,STU00373,MAT0012,2,EXAMEN,13.06,3,2024-04-16,14,39.18
NOT002968,STU00373,MAT0003,3,PROJET,10.29,2,2024-05-17,14,20.58
NOT002969,STU00373,MAT0029,2,EXAMEN,6.54,1,2023-05-17,14,6.54
NOT002970,STU00374,MAT0018,1,PROJET,12.81,2,2024-04-15,15,25.62
NOT002971,STU00374,MAT0028,1,TP,6.26,1,2023-05-17,15,6.26
NOT002972,STU00374,MAT0028,3,CC,11.79,3,2023-04-15,15,35.37
NOT002973,STU00374,MAT0019,3,EXAMEN,7.9,2,2023-04-16,15,15.8
NOT002974,STU00374,MAT0012,4,PROJET,17.96,2,2024-05-17,15,35.92
NOT002975,STU00374,MAT0021,4,PROJET,14.73,3,2023-05-17,15,44.19
NOT002976,STU00374,MAT0005,3,CC,12.32,2,2024-05-16,15,24.64
NOT002977,STU00375,MAT0013,1,TP,15.79,3,2023-04-15,16,47.37
NOT002978,STU00375,MAT0028,2,CC,9.46,1,2023-04-16,16,9.46
NOT002979,STU00375,MAT0032,4,CC,13.63,2,2024-05-17,16,27.26
NOT002980,STU00375,MAT0005,1,EXAMEN,12.6,2,2023-05-17,16,25.2
NOT002981,STU00375,MAT0024,4,PROJET,12.79,1,2023-05-17,16,12.79
NOT002982,STU00375,MAT0030,4,PROJET,15.82,2,2023-05-16,16,31.64
NOT002983,STU00375,MAT0019,2,CC,14.2,2,2024-04-16,16,28.4
NOT002984,STU00375,MAT0002,4,EXAMEN,12.87,2,2024-05-17,16,25.74
NOT002985,STU00375,MAT0015,1,TP,7.04,2,2024-05-17,16,14.08
NOT002986,STU00375,MAT0032,2,TP,9.12,1,2024-05-17,16,9.12
NOT002987,STU00376,MAT0008,2,PROJET,11.63,2,2023-05-16,17,23.26
NOT002988,STU00376,MAT0015,4,TP,12.28,3,2024-05-16,17,36.84
NOT002989,STU00376,MAT0026,2,CC,8.61,3,2024-04-15,17,25.829998
NOT002990,STU00376,MAT0015,1,EXAMEN,19.24,2,2024-05-16,17,38.48
NOT002991,STU00376,MAT0029,3,CC,16.55,1,2023-04-15,17,16.55
NOT002992,STU00376,MAT0017,3,PROJET,13.81,1,2024-05-16,17,13.81
NOT002993,STU00376,MAT0027,3,PROJET,12.22,2,2024-04-15,17,24.44
NOT002994,STU00376,MAT0009,1,PROJET,11.36,2,2024-04-16,17,22.72
NOT002995,STU00377,MAT0027,4,TP,9.14,2,2023-05-17,18,18.28
NOT002996,STU00377,MAT0017,4,CC,12.23,3,2023-05-17,18,36.69
NOT002997,STU00377,MAT0035,3,TP,12.77,3,2024-05-17,18,38.31
NOT002998,STU00377,MAT0011,3,TP,8.27,3,2023-04-15,18,24.810001
NOT002999,STU00377,MAT0002,1,PROJET,13.0,3,2023-04-16,18,39.0
NOT003000,STU00377,MAT0020,3,CC,11.53,3,2023-04-16,18,34.59
NOT003001,STU00378,MAT0034,1,CC,6.28,3,2023-05-16,19,18.84
NOT003002,STU00378,MAT0018,4,TP,9.42,2,2024-04-16,19,18.84
NOT003003,STU00378,MAT0030,2,PROJET,10.76,2,2024-04-16,19,21.52
NOT003004,STU00378,MAT0030,1,PROJET,17.66,2,2024-04-16,19,35.32
NOT003005,STU00378,MAT0031,4,EXAMEN,13.67,2,2023-04-15,19,27.34
NOT003006,STU00378,MAT0031,1,TP,7.99,2,2023-05-16,19,15.98
NOT003007,STU00378,MAT0023,4,CC,13.46,2,2024-04-15,19,26.92
NOT003008,STU00378,MAT0025,2,EXAMEN,7.36,1,2024-04-15,19,7.36
NOT003009,STU00378,MAT0001,4,EXAMEN,15.25,2,2023-05-16,19,30.5
NOT003010,STU00379,MAT0029,3,CC,10.59,2,2023-05-16,20,21.18
NOT003011,STU00379,MAT0030,4,EXAMEN,11.72,2,2023-05-16,20,23.44
NOT003012,STU00379,MAT0031,1,TP,15.98,2,2023-05-16,20,31.96
NOT003013,STU00379,MAT0025,3,TP,8.14,2,2023-05-17,20,16.28
NOT003014,STU00379,MAT0034,2,CC,7.81,3,2024-04-15,20,23.43
NOT003015,STU00379,MAT0003,1,TP,10.25,2,2024-04-15,20,20.5
NOT003016,STU00380,MAT0018,4,CC,15.12,2,2024-04-15,21,30.24
NOT003017,STU00380,MAT0031,3,PROJET,7.44,2,2024-04-16,21,14.88
NOT003018,STU00380,MAT0025,3,PROJET,3.5,2,2024-04-15,21,7.0
NOT003019,STU00380,MAT0019,3,EXAMEN,10.65,2,2024-05-17,21,21.3
NOT003020,STU00380,MAT0035,1,PROJET,13.66,3,2023-04-15,21,40.98
NOT003021,STU00380,MAT0033,1,TP,15.6,2,2024-04-15,21,31.2
NOT003022,STU00380,MAT0007,1,PROJET,10.61,3,2023-04-16,21,31.829998
NOT003023,STU00380,MAT0018,4,PROJET,10.77,2,2023-05-16,21,21.54
NOT003024,STU00380,MAT0023,1,PROJET,15.46,3,2023-04-16,21,46.38
NOT003025,STU00380,MAT0034,3,TP,6.39,2,2024-04-16,21,12.78
NOT003026,STU00381,MAT0026,4,PROJET,10.83,3,2024-05-17,12,32.489998
NOT003027,STU00381,MAT0016,3,CC,12.57,2,2023-05-17,12,25.14
NOT003028,STU00381,MAT0033,2,EXAMEN,13.35,1,2024-04-15,12,13.35
NOT003029,STU00381,MAT0029,2,CC,10.47,2,2024-05-16,12,20.94
NOT003030,STU00381,MAT0035,4,CC,12.1,1,2023-04-15,12,12.1
NOT003031,STU00381,MAT0028,3,TP,4.54,3,2023-05-17,12,13.62
NOT003032,STU00381,MAT0002,3,CC,10.03,2,2024-04-16,12,20.06
NOT003033,STU00382,MAT0009,1,CC,13.36,2,2024-05-16,13,26.72
NOT003034,STU00382,MAT0012,1,TP,9.05,3,2023-04-16,13,27.150002
NOT003035,STU00382,MAT0007,2,EXAMEN,12.18,1,2024-05-16,13,12.18
NOT003036,STU00382,MAT0010,2,PROJET,13.34,2,2024-05-16,13,26.68
NOT003037,STU00382,MAT0035,2,EXAMEN,10.97,1,2023-04-16,13,10.97
NOT003038,STU00382,MAT0012,4,TP,12.51,1,2024-04-16,13,12.51
NOT003039,STU00382,MAT0011,1,CC,9.11,1,2024-05-17,13,9.11
NOT003040,STU00382,MAT0010,2,EXAMEN,11.38,2,2024-05-16,13,22.76
NOT003041,STU00383,MAT0020,1,TP,13.83,2,2023-04-15,14,27.66
NOT003042,STU00383,MAT0015,3,CC,12.47,1,2023-05-16,14,12.47
NOT003043,STU00383,MAT0031,2,TP,10.24,3,2024-05-16,14,30.72
NOT003044,STU00383,MAT0004,3,CC,12.67,3,2024-04-16,14,38.010002
NOT003045,STU00383,MAT0020,1,EXAMEN,14.14,3,2023-05-16,14,42.420002
NOT003046,STU00383,MAT0017,3,EXAMEN,5.85,2,2023-04-15,14,11.7
NOT003047,STU00384,MAT0028,1,CC,15.48,3,2023-05-17,15,46.44
NOT003048,STU00384,MAT0033,1,CC,10.99,2,2023-05-16,15,21.98
NOT003049,STU00384,MAT0001,3,EXAMEN,13.28,2,2024-05-17,15,26.56
NOT003050,STU00384,MAT0031,4,TP,15.59,3,2024-04-15,15,46.77
NOT003051,STU00384,MAT0012,4,TP,7.88,2,2024-04-16,15,15.76
NOT003052,STU00384,MAT0007,3,EXAMEN,9.87,2,2023-05-17,15,19.74
NOT003053,STU00385,MAT0029,4,TP,11.13,2,2023-04-15,16,22.26
NOT003054,STU00385,MAT0016,4,CC,9.65,3,2023-05-16,16,28.949999
NOT003055,STU00385,MAT0025,2,PROJET,17.2,2,2023-05-17,16,34.4
NOT003056,STU00385,MAT0007,3,EXAMEN,9.43,3,2024-04-16,16,28.29
NOT003057,STU00385,MAT0024,1,TP,10.33,2,2024-05-17,16,20.66
NOT003058,STU00385,MAT0029,2,CC,12.61,2,2024-05-17,16,25.22
NOT003059,STU00385,MAT0004,4,EXAMEN,8.39,3,2023-05-17,16,25.170002
NOT003060,STU00385,MAT0010,4,CC,10.81,2,2023-05-17,16,21.62
NOT003061,STU00385,MAT0012,4,EXAMEN,12.95,3,2023-05-16,16,38.85
NOT003062,STU00386,MAT0034,2,CC,11.0,2,2024-04-15,17,22.0
NOT003063,STU00386,MAT0007,1,CC,11.72,2,2024-04-15,17,23.44
NOT003064,STU00386,MAT0034,2,TP,10.41,3,2024-05-17,17,31.23
NOT003065,STU00386,MAT0026,2,CC,7.46,1,2024-04-15,17,7.46
NOT003066,STU00386,MAT0004,2,PROJET,12.96,3,2024-05-16,17,38.88
NOT003067,STU00386,MAT0010,2,TP,17.26,1,2024-05-17,17,17.26
NOT003068,STU00387,MAT0027,4,PROJET,12.06,3,2023-04-15,18,36.18
NOT003069,STU00387,MAT0033,1,CC,12.68,2,2023-05-17,18,25.36
NOT003070,STU00387,MAT0005,3,PROJET,14.08,2,2024-04-15,18,28.16
NOT003071,STU00387,MAT0018,4,TP,8.19,3,2024-05-17,18,24.57
NOT003072,STU00387,MAT0028,4,CC,17.11,1,2024-04-15,18,17.11
NOT003073,STU00387,MAT0022,1,PROJET,12.61,2,2024-04-15,18,25.22
NOT003074,STU00387,MAT0030,4,TP,16.9,3,2023-05-16,18,50.699997
NOT003075,STU00387,MAT0033,4,EXAMEN,9.8,1,2023-04-15,18,9.8
NOT003076,STU00387,MAT0030,3,PROJET,17.45,2,2023-05-17,18,34.9
NOT003077,STU00388,MAT0026,3,PROJET,14.33,1,2023-04-15,19,14.33
NOT003078,STU00388,MAT0005,4,PROJET,13.66,3,2023-05-16,19,40.98
NOT003079,STU00388,MAT0027,4,EXAMEN,12.7,1,2024-05-16,19,12.7
NOT003080,STU00388,MAT0027,2,CC,11.25,2,2024-04-16,19,22.5
NOT003081,STU00388,MAT0015,4,PROJET,15.6,2,2024-04-16,19,31.2
NOT003082,STU00388,MAT0034,2,CC,12.42,2,2024-04-16,19,24.84
NOT003083,STU00388,MAT0033,4,CC,6.1,1,2023-05-17,19,6.1
NOT003084,STU00389,MAT0010,2,CC,8.65,3,2023-05-17,20,25.949999
NOT003085,STU00389,MAT0035,2,PROJET,11.44,3,2023-05-17,20,34.32
NOT003086,STU00389,MAT0005,3,PROJET,12.93,2,2023-05-17,20,25.86
NOT003087,STU00389,MAT0025,4,PROJET,11.83,1,2024-04-15,20,11.83
NOT003088,STU00389,MAT0012,2,PROJET,15.66,2,2023-04-16,20,31.32
NOT003089,STU00389,MAT0015,4,TP,6.15,3,2023-04-15,20,18.45
NOT003090,STU00389,MAT0001,4,EXAMEN,12.43,2,2024-05-16,20,24.86
NOT003091,STU00390,MAT0025,1,CC,6.55,1,2024-04-15,21,6.55
NOT003092,STU00390,MAT0032,2,CC,14.28,2,2023-05-16,21,28.56
NOT003093,STU00390,MAT0035,1,TP,11.72,3,2024-04-15,21,35.16
NOT003094,STU00390,MAT0011,4,TP,13.26,2,2023-04-16,21,26.52
NOT003095,STU00390,MAT0025,2,CC,9.41,2,2023-04-16,21,18.82
NOT003096,STU00390,MAT0018,1,EXAMEN,15.84,2,2024-04-15,21,31.68
NOT003097,STU00391,MAT0016,1,EXAMEN,15.13,1,2023-05-16,12,15.13
NOT003098,STU00391,MAT0009,1,PROJET,13.75,2,2024-04-15,12,27.5
NOT003099,STU00391,MAT0034,4,TP,11.61,3,2024-05-16,12,34.829998
NOT003100,STU00391,MAT0020,3,PROJET,13.74,2,2023-05-17,12,27.48
NOT003101,STU00391,MAT0004,2,CC,9.88,2,2024-04-15,12,19.76
NOT003102,STU00391,MAT0025,4,PROJET,14.57,2,2024-05-17,12,29.14
NOT003103,STU00391,MAT0025,4,TP,16.95,2,2023-05-17,12,33.9
NOT003104,STU00391,MAT0005,4,TP,15.21,2,2023-05-17,12,30.42
NOT003105,STU00391,MAT0030,2,CC,9.81,3,2023-04-16,12,29.43
NOT003106,STU00392,MAT0004,4,CC,13.08,3,2024-05-16,13,39.239998
NOT003107,STU00392,MAT0029,2,PROJET,8.12,1,2024-04-15,13,8.12
NOT003108,STU00392,MAT0011,1,EXAMEN,13.72,2,2024-04-15,13,27.44
NOT003109,STU00392,MAT0018,2,EXAMEN,13.35,2,2023-04-15,13,26.7
NOT003110,STU00392,MAT0022,2,EXAMEN,6.39,2,2024-05-16,13,12.78
NOT003111,STU00392,MAT0018,2,EXAMEN,8.51,3,2024-05-17,13,25.53
NOT003112,STU00393,MAT0029,2,TP,11.15,1,2023-04-15,14,11.15
NOT003113,STU00393,MAT0034,4,TP,11.1,2,2023-04-15,14,22.2
NOT003114,STU00393,MAT0012,1,EXAMEN,8.37,3,2023-04-16,14,25.11
NOT003115,STU00393,MAT0021,3,CC,13.17,3,2023-05-16,14,39.510002
NOT003116,STU00393,MAT0008,3,CC,12.75,3,2024-05-17,14,38.25
NOT003117,STU00393,MAT0034,2,PROJET,11.42,2,2024-05-16,14,22.84
NOT003118,STU00393,MAT0023,1,CC,9.73,2,2024-04-15,14,19.46
NOT003119,STU00393,MAT0024,2,CC,15.15,1,2023-05-17,14,15.15
NOT003120,STU00394,MAT0002,2,EXAMEN,16.97,3,2024-05-17,15,50.909996
NOT003121,STU00394,MAT0012,2,CC,10.55,2,2023-05-17,15,21.1
NOT003122,STU00394,MAT0003,4,EXAMEN,10.16,2,2024-05-17,15,20.32
NOT003123,STU00394,MAT0028,3,TP,13.47,2,2024-04-16,15,26.94
NOT003124,STU00394,MAT0009,3,TP,10.93,3,2024-05-17,15,32.79
NOT003125,STU00394,MAT0032,1,PROJET,11.58,2,2024-04-16,15,23.16
NOT003126,STU00395,MAT0025,1,TP,14.22,1,2023-04-15,16,14.22
NOT003127,STU00395,MAT0022,4,CC,6.27,3,2023-04-15,16,18.81
NOT003128,STU00395,MAT0018,2,PROJET,15.95,2,2024-04-16,16,31.9
NOT003129,STU00395,MAT0013,2,EXAMEN,12.22,3,2024-04-15,16,36.66
NOT003130,STU00395,MAT0014,4,EXAMEN,10.77,3,2024-04-16,16,32.31
NOT003131,STU00395,MAT0004,1,TP,11.73,1,2023-04-16,16,11.73
NOT003132,STU00396,MAT0024,2,CC,11.89,1,2024-05-16,17,11.89
NOT003133,STU00396,MAT0001,1,CC,6.81,2,2024-05-17,17,13.62
NOT003134,STU00396,MAT0017,2,TP,16.48,2,2024-04-15,17,32.96
NOT003135,STU00396,MAT0023,1,EXAMEN,12.12,2,2023-04-16,17,24.24
NOT003136,STU00396,MAT0011,1,TP,13.33,2,2024-04-16,17,26.66
NOT003137,STU00396,MAT0020,3,TP,14.85,1,2023-04-15,17,14.85
NOT003138,STU00397,MAT0013,2,TP,8.94,1,2024-05-17,18,8.94
NOT003139,STU00397,MAT0005,3,TP,13.42,2,2024-04-16,18,26.84
NOT003140,STU00397,MAT0028,4,CC,11.2,2,2023-04-16,18,22.4
NOT003141,STU00397,MAT0017,2,EXAMEN,14.54,3,2024-05-17,18,43.62
NOT003142,STU00397,MAT0033,1,CC,5.62,1,2024-04-16,18,5.62
NOT003143,STU00397,MAT0029,3,CC,11.7,3,2024-04-15,18,35.1
NOT003144,STU00397,MAT0025,4,PROJET,10.19,2,2024-05-16,18,20.38
NOT003145,STU00398,MAT0019,3,TP,13.3,2,2024-04-15,19,26.6
NOT003146,STU00398,MAT0030,2,EXAMEN,13.41,2,2023-05-16,19,26.82
NOT003147,STU00398,MAT0005,3,CC,9.88,1,2023-05-16,19,9.88
NOT003148,STU00398,MAT0026,3,CC,9.86,2,2024-04-15,19,19.72
NOT003149,STU00398,MAT0031,4,EXAMEN,11.67,1,2024-05-16,19,11.67
NOT003150,STU00398,MAT0021,3,CC,9.31,2,2024-05-17,19,18.62
NOT003151,STU00398,MAT0024,4,CC,14.53,1,2023-04-16,19,14.53
NOT003152,STU00398,MAT0031,3,EXAMEN,10.89,2,2023-05-17,19,21.78
NOT003153,STU00399,MAT0011,2,EXAMEN,3.28,2,2023-04-15,20,6.56
NOT003154,STU00399,MAT0018,1,TP,10.88,3,2023-04-16,20,32.64
NOT003155,STU00399,MAT0029,1,TP,8.88,2,2023-04-15,20,17.76
NOT003156,STU00399,MAT0009,2,PROJET,7.11,2,2024-04-16,20,14.22
NOT003157,STU00399,MAT0009,1,TP,8.29,2,2024-05-17,20,16.58
NOT003158,STU00399,MAT0032,2,EXAMEN,12.33,1,2024-04-16,20,12.33
NOT003159,STU00399,MAT0012,1,TP,15.99,2,2024-04-16,20,31.98
NOT003160,STU00399,MAT0027,3,EXAMEN,12.94,3,2024-04-15,20,38.82
NOT003161,STU00399,MAT0023,3,PROJET,10.18,2,2023-05-17,20,20.36
NOT003162,STU00400,MAT0029,3,CC,13.37,2,2024-04-16,21,26.74
NOT003163,STU00400,MAT0011,4,TP,10.62,2,2023-04-16,21,21.24
NOT003164,STU00400,MAT0011,2,CC,9.92,2,2023-05-16,21,19.84
NOT003165,STU00400,MAT0014,3,TP,8.54,2,2023-05-17,21,17.08
NOT003166,STU00400,MAT0016,3,TP,6.74,1,2024-04-16,21,6.74
NOT003167,STU00400,MAT0004,2,EXAMEN,10.83,2,2024-04-16,21,21.66
NOT003168,STU00400,MAT0001,3,TP,12.47,1,2024-05-17,21,12.47
NOT003169,STU00400,MAT0013,1,CC,11.71,2,2023-04-16,21,23.42
NOT003170,STU00401,MAT0012,2,CC,10.75,2,2024-05-17,12,21.5
NOT003171,STU00401,MAT0029,3,EXAMEN,9.16,2,2024-04-16,12,18.32
NOT003172,STU00401,MAT0012,4,EXAMEN,13.82,2,2024-04-16,12,27.64
NOT003173,STU00401,MAT0014,1,CC,8.05,3,2023-05-17,12,24.150002
NOT003174,STU00401,MAT0011,2,TP,14.33,1,2023-04-15,12,14.33
NOT003175,STU00401,MAT0034,3,PROJET,8.99,2,2023-05-17,12,17.98
NOT003176,STU00401,MAT0032,2,TP,9.74,1,2023-05-17,12,9.74
NOT003177,STU00401,MAT0023,2,PROJET,7.6,2,2023-05-17,12,15.2
NOT003178,STU00401,MAT0016,4,CC,10.5,1,2023-05-16,12,10.5
NOT003179,STU00401,MAT0015,1,TP,14.93,2,2024-05-17,12,29.86
NOT003180,STU00402,MAT0016,2,PROJET,13.55,3,2023-05-16,13,40.65
NOT003181,STU00402,MAT0017,1,CC,14.94,2,2024-05-17,13,29.88
NOT003182,STU00402,MAT0010,4,CC,13.57,2,2024-04-16,13,27.14
NOT003183,STU00402,MAT0026,4,EXAMEN,8.69,1,2023-05-17,13,8.69
NOT003184,STU00402,MAT0005,2,EXAMEN,11.01,1,2023-05-17,13,11.01
NOT003185,STU00402,MAT0034,1,PROJET,9.66,2,2023-04-16,13,19.32
NOT003186,STU00402,MAT0024,1,TP,15.99,2,2023-04-16,13,31.98
NOT003187,STU00403,MAT0017,3,TP,8.41,2,2024-04-16,14,16.82
NOT003188,STU00403,MAT0035,4,EXAMEN,14.68,3,2023-04-15,14,44.04
NOT003189,STU00403,MAT0001,3,TP,14.68,2,2024-04-16,14,29.36
NOT003190,STU00403,MAT0010,1,CC,17.49,1,2024-04-15,14,17.49
NOT003191,STU00403,MAT0006,1,PROJET,10.77,2,2024-05-17,14,21.54
NOT003192,STU00403,MAT0006,3,EXAMEN,14.14,2,2024-05-16,14,28.28
NOT003193,STU00403,MAT0035,2,PROJET,18.84,1,2024-05-17,14,18.84
NOT003194,STU00403,MAT0009,1,CC,10.15,3,2023-04-16,14,30.449999
NOT003195,STU00403,MAT0024,4,CC,7.39,2,2023-04-16,14,14.78
NOT003196,STU00404,MAT0024,1,EXAMEN,6.36,1,2023-04-15,15,6.36
NOT003197,STU00404,MAT0005,4,PROJET,14.14,1,2023-04-16,15,14.14
NOT003198,STU00404,MAT0005,2,TP,6.35,2,2023-05-16,15,12.7
NOT003199,STU00404,MAT0025,1,TP,10.88,2,2024-05-16,15,21.76
NOT003200,STU00404,MAT0019,4,PROJET,13.31,2,2023-05-16,15,26.62
NOT003201,STU00404,MAT0024,3,PROJET,12.56,1,2024-05-16,15,12.56
NOT003202,STU00404,MAT0032,2,PROJET,13.28,2,2023-05-16,15,26.56
NOT003203,STU00405,MAT0023,1,CC,12.67,3,2023-05-16,16,38.010002
NOT003204,STU00405,MAT0018,4,EXAMEN,15.84,3,2024-04-15,16,47.52
NOT003205,STU00405,MAT0003,3,EXAMEN,9.14,2,2024-04-15,16,18.28
NOT003206,STU00405,MAT0007,2,PROJET,9.97,2,2024-05-17,16,19.94
NOT003207,STU00405,MAT0026,2,CC,9.68,3,2023-05-17,16,29.04
NOT003208,STU00405,MAT0032,2,CC,14.49,3,2023-05-16,16,43.47
NOT003209,STU00405,MAT0001,1,CC,14.7,2,2023-05-16,16,29.4
NOT003210,STU00406,MAT0033,3,PROJET,13.35,1,2024-04-16,17,13.35
NOT003211,STU00406,MAT0029,1,CC,15.55,1,2023-04-16,17,15.55
NOT003212,STU00406,MAT0019,2,CC,8.47,2,2023-04-15,17,16.94
NOT003213,STU00406,MAT0023,2,PROJET,17.0,1,2024-04-16,17,17.0
NOT003214,STU00406,MAT0035,1,CC,16.57,2,2024-04-16,17,33.14
NOT003215,STU00406,MAT0020,1,PROJET,14.21,2,2023-05-16,17,28.42
NOT003216,STU00406,MAT0005,4,TP,17.35,2,2024-05-16,17,34.7
NOT003217,STU00406,MAT0027,4,CC,7.03,3,2024-04-16,17,21.09
NOT003218,STU00406,MAT0012,2,CC,10.43,3,2023-04-16,17,31.29
NOT003219,STU00407,MAT0010,2,CC,9.79,3,2024-05-16,18,29.369999
NOT003220,STU00407,MAT0034,1,TP,14.16,2,2024-05-16,18,28.32
NOT003221,STU00407,MAT0021,3,PROJET,8.85,3,2023-05-17,18,26.550001
NOT003222,STU00407,MAT0024,2,EXAMEN,14.27,3,2024-05-16,18,42.81
NOT003223,STU00407,MAT0031,2,EXAMEN,16.11,2,2024-04-15,18,32.22
NOT003224,STU00407,MAT0006,4,PROJET,14.09,2,2023-05-17,18,28.18
NOT003225,STU00407,MAT0034,1,CC,12.85,3,2024-05-16,18,38.550003
NOT003226,STU00408,MAT0014,4,PROJET,9.04,3,2024-05-16,19,27.119999
NOT003227,STU00408,MAT0010,4,PROJET,9.46,3,2024-05-16,19,28.380001
NOT003228,STU00408,MAT0025,3,CC,15.75,2,2023-04-15,19,31.5
NOT003229,STU00408,MAT0022,1,TP,14.34,3,2024-05-16,19,43.02
NOT003230,STU00408,MAT0031,1,PROJET,11.88,2,2023-05-16,19,23.76
NOT003231,STU00408,MAT0012,2,TP,10.75,1,2024-04-15,19,10.75
NOT003232,STU00409,MAT0021,4,PROJET,5.92,2,2024-05-17,20,11.84
NOT003233,STU00409,MAT0016,4,TP,8.79,2,2024-05-16,20,17.58
NOT003234,STU00409,MAT0007,3,TP,17.73,2,2023-05-17,20,35.46
NOT003235,STU00409,MAT0006,4,EXAMEN,8.16,2,2023-04-15,20,16.32
NOT003236,STU00409,MAT0023,3,TP,12.57,2,2023-04-15,20,25.14
NOT003237,STU00409,MAT0022,2,CC,15.02,2,2024-05-17,20,30.04
NOT003238,STU00409,MAT0014,4,TP,8.24,2,2023-04-15,20,16.48
NOT003239,STU00409,MAT0034,1,PROJET,12.55,2,2023-04-15,20,25.1
NOT003240,STU00409,MAT0005,1,CC,14.81,2,2023-04-16,20,29.62
NOT003241,STU00410,MAT0020,3,TP,12.04,2,2023-04-16,21,24.08
NOT003242,STU00410,MAT0019,3,TP,20.0,2,2024-05-16,21,40.0
NOT003243,STU00410,MAT0009,4,PROJET,6.99,1,2024-05-16,21,6.99
NOT003244,STU00410,MAT0029,2,PROJET,15.18,1,2024-05-17,21,15.18
NOT003245,STU00410,MAT0031,3,PROJET,11.48,2,2023-05-17,21,22.96
NOT003246,STU00410,MAT0026,4,CC,14.32,3,2023-04-16,21,42.96
NOT003247,STU00410,MAT0009,2,EXAMEN,13.32,2,2023-04-16,21,26.64
NOT003248,STU00410,MAT0019,2,CC,9.8,3,2023-04-16,21,29.400002
NOT003249,STU00411,MAT0006,4,CC,12.69,3,2024-04-16,12,38.07
NOT003250,STU00411,MAT0024,4,TP,6.43,2,2023-04-15,12,12.86
NOT003251,STU00411,MAT0026,1,CC,13.81,1,2023-05-17,12,13.81
NOT003252,STU00411,MAT0031,4,CC,12.89,3,2023-04-15,12,38.670002
NOT003253,STU00411,MAT0003,2,EXAMEN,13.92,1,2024-04-15,12,13.92
NOT003254,STU00411,MAT0003,3,EXAMEN,15.17,2,2024-04-15,12,30.34
NOT003255,STU00411,MAT0011,3,CC,13.1,1,2023-04-16,12,13.1
NOT003256,STU00411,MAT0031,4,PROJET,12.44,2,2023-05-17,12,24.88
NOT003257,STU00411,MAT0026,1,CC,9.36,2,2024-05-17,12,18.72
NOT003258,STU00412,MAT0035,3,PROJET,9.86,2,2023-04-15,13,19.72
NOT003259,STU00412,MAT0022,3,CC,15.56,2,2024-05-17,13,31.12
NOT003260,STU00412,MAT0025,2,CC,16.31,3,2024-05-17,13,48.93
NOT003261,STU00412,MAT0023,4,TP,11.29,3,2024-04-16,13,33.87
NOT003262,STU00412,MAT0020,3,TP,12.14,1,2024-05-16,13,12.14
NOT003263,STU00412,MAT0005,4,TP,9.29,3,2024-05-16,13,27.869999
NOT003264,STU00412,MAT0019,2,TP,15.52,1,2023-04-16,13,15.52
NOT003265,STU00412,MAT0008,2,CC,14.0,2,2023-04-16,13,28.0
NOT003266,STU00412,MAT0004,4,PROJET,17.82,2,2023-05-17,13,35.64
NOT003267,STU00413,MAT0034,4,TP,9.37,1,2023-05-17,14,9.37
NOT003268,STU00413,MAT0031,4,CC,10.87,1,2023-05-17,14,10.87
NOT003269,STU00413,MAT0014,4,TP,12.69,3,2023-04-15,14,38.07
NOT003270,STU00413,MAT0005,4,EXAMEN,13.94,1,2024-04-16,14,13.94
NOT003271,STU00413,MAT0030,1,PROJET,11.35,3,2023-04-16,14,34.050003
NOT003272,STU00413,MAT0028,1,EXAMEN,9.38,2,2024-04-16,14,18.76
NOT003273,STU00413,MAT0014,2,CC,14.64,2,2023-04-16,14,29.28
NOT003274,STU00413,MAT0028,3,CC,14.16,2,2024-05-16,14,28.32
NOT003275,STU00414,MAT0010,4,PROJET,9.25,1,2024-05-16,15,9.25
NOT003276,STU00414,MAT0019,2,TP,16.07,3,2023-04-16,15,48.21
NOT003277,STU00414,MAT0032,1,EXAMEN,15.51,1,2023-04-16,15,15.51
NOT003278,STU00414,MAT0029,2,EXAMEN,12.4,2,2023-05-17,15,24.8
NOT003279,STU00414,MAT0005,4,TP,12.24,2,2023-05-16,15,24.48
NOT003280,STU00414,MAT0012,2,TP,13.66,2,2023-05-16,15,27.32
NOT003281,STU00415,MAT0015,2,PROJET,9.41,2,2024-04-16,16,18.82
NOT003282,STU00415,MAT0004,1,PROJET,12.09,1,2023-04-15,16,12.09
NOT003283,STU00415,MAT0033,2,CC,5.54,2,2023-05-17,16,11.08
NOT003284,STU00415,MAT0006,3,CC,14.63,1,2023-04-15,16,14.63
NOT003285,STU00415,MAT0007,1,CC,7.32,2,2024-05-16,16,14.64
NOT003286,STU00415,MAT0030,2,PROJET,16.51,1,2024-05-17,16,16.51
NOT003287,STU00415,MAT0017,3,PROJET,11.01,3,2024-05-17,16,33.03
NOT003288,STU00415,MAT0028,2,CC,11.36,3,2023-04-16,16,34.079998
NOT003289,STU00416,MAT0010,2,CC,10.12,1,2023-04-15,17,10.12
NOT003290,STU00416,MAT0003,4,CC,11.14,1,2023-04-15,17,11.14
NOT003291,STU00416,MAT0034,3,TP,16.26,1,2023-05-17,17,16.26
NOT003292,STU00416,MAT0023,4,CC,4.54,2,2023-05-16,17,9.08
NOT003293,STU00416,MAT0013,2,TP,15.83,3,2023-05-17,17,47.489998
NOT003294,STU00416,MAT0001,1,PROJET,13.01,1,2024-05-17,17,13.01
NOT003295,STU00416,MAT0028,4,CC,8.38,2,2023-04-16,17,16.76
NOT003296,STU00417,MAT0010,2,TP,8.77,2,2024-04-16,18,17.54
NOT003297,STU00417,MAT0024,4,TP,17.03,3,2023-04-16,18,51.090004
NOT003298,STU00417,MAT0032,3,TP,9.16,3,2024-05-16,18,27.48
NOT003299,STU00417,MAT0009,4,EXAMEN,8.54,1,2024-04-15,18,8.54
NOT003300,STU00417,MAT0035,4,PROJET,15.41,2,2023-04-15,18,30.82
NOT003301,STU00417,MAT0026,2,EXAMEN,13.02,3,2023-04-15,18,39.06
NOT003302,STU00417,MAT0032,1,PROJET,9.19,3,2024-05-17,18,27.57
NOT003303,STU00418,MAT0001,4,EXAMEN,12.65,2,2023-04-16,19,25.3
NOT003304,STU00418,MAT0001,1,CC,8.92,3,2024-05-17,19,26.76
NOT003305,STU00418,MAT0009,1,EXAMEN,15.3,3,2024-05-16,19,45.9
NOT003306,STU00418,MAT0029,2,EXAMEN,15.18,2,2023-05-17,19,30.36
NOT003307,STU00418,MAT0002,4,PROJET,13.6,1,2024-05-16,19,13.6
NOT003308,STU00418,MAT0001,4,CC,13.08,2,2023-05-17,19,26.16
NOT003309,STU00419,MAT0020,3,CC,17.28,2,2023-04-15,20,34.56
NOT003310,STU00419,MAT0035,1,CC,12.0,1,2023-04-15,20,12.0
NOT003311,STU00419,MAT0014,2,CC,8.45,2,2023-05-17,20,16.9
NOT003312,STU00419,MAT0024,1,TP,13.35,2,2024-04-16,20,26.7
NOT003313,STU00419,MAT0035,1,EXAMEN,18.26,2,2023-04-15,20,36.52
NOT003314,STU00419,MAT0022,1,PROJET,8.96,1,2024-04-15,20,8.96
NOT003315,STU00419,MAT0029,3,EXAMEN,10.92,2,2024-05-16,20,21.84
NOT003316,STU00419,MAT0002,2,CC,13.25,2,2024-05-17,20,26.5
NOT003317,STU00419,MAT0023,4,PROJET,11.84,1,2024-04-16,20,11.84
NOT003318,STU00419,MAT0023,1,TP,9.05,2,2023-05-17,20,18.1
NOT003319,STU00420,MAT0027,1,TP,15.37,3,2023-05-16,21,46.11
NOT003320,STU00420,MAT0012,1,EXAMEN,18.96,1,2024-04-16,21,18.96
NOT003321,STU00420,MAT0001,2,CC,12.59,2,2023-05-17,21,25.18
NOT003322,STU00420,MAT0033,3,CC,9.29,2,2023-05-17,21,18.58
NOT003323,STU00420,MAT0012,4,EXAMEN,7.35,2,2024-04-15,21,14.7
NOT003324,STU00420,MAT0020,4,TP,12.77,2,2023-05-17,21,25.54
NOT003325,STU00420,MAT0023,1,CC,15.31,2,2024-04-15,21,30.62
NOT003326,STU00421,MAT0022,1,TP,13.43,2,2024-05-17,12,26.86
NOT003327,STU00421,MAT0004,4,PROJET,11.99,2,2023-04-16,12,23.98
NOT003328,STU00421,MAT0023,3,TP,10.23,1,2023-05-16,12,10.23
NOT003329,STU00421,MAT0030,2,TP,8.72,2,2023-04-15,12,17.44
NOT003330,STU00421,MAT0013,1,TP,14.5,2,2024-04-15,12,29.0
NOT003331,STU00421,MAT0020,2,EXAMEN,14.74,1,2024-05-17,12,14.74
NOT003332,STU00421,MAT0010,1,TP,7.36,2,2024-05-17,12,14.72
NOT003333,STU00422,MAT0022,4,EXAMEN,16.77,2,2023-04-15,13,33.54
NOT003334,STU00422,MAT0014,3,TP,13.72,3,2024-05-16,13,41.16
NOT003335,STU00422,MAT0026,4,CC,16.2,2,2023-05-16,13,32.4
NOT003336,STU00422,MAT0009,2,PROJET,7.97,2,2023-05-16,13,15.94
NOT003337,STU00422,MAT0008,4,EXAMEN,7.9,2,2023-05-16,13,15.8
NOT003338,STU00422,MAT0024,4,EXAMEN,11.55,3,2024-05-16,13,34.65
NOT003339,STU00422,MAT0011,2,CC,13.51,3,2024-04-15,13,40.53
NOT003340,STU00423,MAT0032,3,TP,17.39,3,2023-04-15,14,52.17
NOT003341,STU00423,MAT0015,3,CC,14.12,1,2024-04-16,14,14.12
NOT003342,STU00423,MAT0012,1,PROJET,11.27,3,2024-05-17,14,33.81
NOT003343,STU00423,MAT0019,4,CC,8.92,1,2024-04-15,14,8.92
NOT003344,STU00423,MAT0035,1,PROJET,15.69,1,2024-05-17,14,15.69
NOT003345,STU00423,MAT0007,3,EXAMEN,9.11,2,2024-05-17,14,18.22
NOT003346,STU00424,MAT0011,4,EXAMEN,16.89,2,2023-04-15,15,33.78
NOT003347,STU00424,MAT0010,3,EXAMEN,11.15,3,2024-05-17,15,33.449997
NOT003348,STU00424,MAT0014,2,CC,16.77,2,2023-04-16,15,33.54
NOT003349,STU00424,MAT0002,1,TP,14.04,3,2023-04-16,15,42.12
NOT003350,STU00424,MAT0023,4,EXAMEN,11.59,1,2024-04-16,15,11.59
NOT003351,STU00424,MAT0015,2,TP,10.44,2,2024-05-17,15,20.88
NOT003352,STU00425,MAT0018,2,PROJET,10.98,2,2023-04-15,16,21.96
NOT003353,STU00425,MAT0027,4,CC,13.28,2,2024-04-15,16,26.56
NOT003354,STU00425,MAT0005,4,PROJET,12.23,2,2023-04-16,16,24.46
NOT003355,STU00425,MAT0002,3,TP,10.22,1,2024-05-16,16,10.22
NOT003356,STU00425,MAT0021,2,EXAMEN,11.5,1,2024-05-17,16,11.5
NOT003357,STU00425,MAT0011,2,CC,12.24,3,2023-04-15,16,36.72
NOT003358,STU00426,MAT0021,4,CC,5.61,1,2023-05-16,17,5.61
NOT003359,STU00426,MAT0031,4,PROJET,13.37,2,2024-04-15,17,26.74
NOT003360,STU00426,MAT0020,1,PROJET,9.06,1,2023-04-16,17,9.06
NOT003361,STU00426,MAT0026,1,TP,8.54,2,2023-04-16,17,17.08
NOT003362,STU00426,MAT0003,4,CC,6.94,3,2024-05-16,17,20.82
NOT003363,STU00426,MAT0005,4,PROJET,6.62,2,2024-05-16,17,13.24
NOT003364,STU00427,MAT0012,1,TP,7.93,2,2023-04-16,18,15.86
NOT003365,STU00427,MAT0020,1,EXAMEN,9.87,3,2024-05-17,18,29.61
NOT003366,STU00427,MAT0002,2,PROJET,17.86,3,2024-04-15,18,53.58
NOT003367,STU00427,MAT0023,3,PROJET,10.42,3,2023-04-16,18,31.26
NOT003368,STU00427,MAT0031,1,TP,12.53,2,2024-05-17,18,25.06
NOT003369,STU00427,MAT0007,2,TP,13.2,2,2023-04-16,18,26.4
NOT003370,STU00427,MAT0006,4,PROJET,12.39,1,2024-04-16,18,12.39
NOT003371,STU00427,MAT0010,2,EXAMEN,11.77,2,2023-04-15,18,23.54
NOT003372,STU00427,MAT0005,2,PROJET,8.41,3,2023-05-17,18,25.23
NOT003373,STU00427,MAT0032,3,CC,16.35,2,2024-04-15,18,32.7
NOT003374,STU00428,MAT0035,3,EXAMEN,17.42,3,2024-04-15,19,52.260002
NOT003375,STU00428,MAT0008,4,EXAMEN,6.95,1,2023-05-17,19,6.95
NOT003376,STU00428,MAT0030,3,EXAMEN,8.93,2,2024-04-16,19,17.86
NOT003377,STU00428,MAT0008,1,CC,11.16,3,2023-04-16,19,33.48
NOT003378,STU00428,MAT0021,3,EXAMEN,9.11,1,2024-05-17,19,9.11
NOT003379,STU00428,MAT0004,3,EXAMEN,13.52,2,2024-05-17,19,27.04
NOT003380,STU00428,MAT0022,2,PROJET,9.82,1,2023-05-17,19,9.82
NOT003381,STU00428,MAT0023,1,CC,18.5,2,2023-05-16,19,37.0
NOT003382,STU00429,MAT0002,1,TP,15.57,1,2023-04-15,20,15.57
NOT003383,STU00429,MAT0012,3,TP,12.64,1,2024-05-17,20,12.64
NOT003384,STU00429,MAT0033,2,EXAMEN,15.08,2,2024-05-16,20,30.16
NOT003385,STU00429,MAT0008,1,TP,15.32,2,2023-04-15,20,30.64
NOT003386,STU00429,MAT0021,1,PROJET,10.31,2,2024-05-17,20,20.62
NOT003387,STU00429,MAT0015,3,TP,9.55,3,2024-04-15,20,28.650002
NOT003388,STU00429,MAT0003,2,TP,12.23,2,2024-05-16,20,24.46
NOT003389,STU00430,MAT0027,4,TP,14.58,1,2024-04-16,21,14.58
NOT003390,STU00430,MAT0003,4,TP,12.42,2,2023-05-16,21,24.84
NOT003391,STU00430,MAT0016,1,CC,7.27,3,2024-05-16,21,21.81
NOT003392,STU00430,MAT0020,4,TP,9.59,3,2023-04-16,21,28.77
NOT003393,STU00430,MAT0032,4,PROJET,11.78,1,2024-05-17,21,11.78
NOT003394,STU00430,MAT0014,1,EXAMEN,11.77,2,2024-05-17,21,23.54
NOT003395,STU00431,MAT0023,2,EXAMEN,17.92,2,2024-04-15,12,35.84
NOT003396,STU00431,MAT0017,1,TP,7.84,1,2023-04-16,12,7.84
NOT003397,STU00431,MAT0007,4,EXAMEN,13.52,3,2024-05-16,12,40.56
NOT003398,STU00431,MAT0020,3,CC,16.47,1,2024-05-16,12,16.47
NOT003399,STU00431,MAT0017,3,CC,18.81,3,2024-05-16,12,56.43
NOT003400,STU00431,MAT0032,2,TP,10.79,2,2023-05-16,12,21.58
NOT003401,STU00431,MAT0033,1,PROJET,13.47,3,2023-05-16,12,40.41
NOT003402,STU00431,MAT0007,3,PROJET,13.71,1,2024-05-16,12,13.71
NOT003403,STU00431,MAT0018,2,CC,12.59,1,2024-04-15,12,12.59
NOT003404,STU00432,MAT0003,2,TP,11.7,1,2023-04-15,13,11.7
NOT003405,STU00432,MAT0024,2,EXAMEN,13.31,3,2023-04-16,13,39.93
NOT003406,STU00432,MAT0021,2,TP,4.4,1,2024-05-16,13,4.4
NOT003407,STU00432,MAT0024,1,TP,14.05,2,2024-05-16,13,28.1
NOT003408,STU00432,MAT0023,1,CC,12.38,3,2023-05-16,13,37.14
NOT003409,STU00432,MAT0020,4,PROJET,11.33,1,2024-05-16,13,11.33
NOT003410,STU00432,MAT0024,2,TP,18.14,3,2023-05-16,13,54.42
NOT003411,STU00432,MAT0008,3,EXAMEN,9.98,2,2023-05-17,13,19.96
NOT003412,STU00432,MAT0033,2,CC,10.79,3,2024-05-16,13,32.37
NOT003413,STU00433,MAT0008,1,TP,17.97,1,2023-04-15,14,17.97
NOT003414,STU00433,MAT0031,4,TP,9.5,3,2024-04-16,14,28.5
NOT003415,STU00433,MAT0007,2,EXAMEN,10.35,2,2024-04-16,14,20.7
NOT003416,STU00433,MAT0012,4,TP,11.56,2,2023-04-16,14,23.12
NOT003417,STU00433,MAT0019,1,TP,14.52,1,2024-04-16,14,14.52
NOT003418,STU00433,MAT0007,2,PROJET,12.62,2,2024-05-17,14,25.24
NOT003419,STU00433,MAT0033,4,EXAMEN,8.12,2,2023-05-17,14,16.24
NOT003420,STU00433,MAT0005,4,EXAMEN,10.4,3,2023-04-16,14,31.199999
NOT003421,STU00434,MAT0002,2,TP,10.18,2,2023-04-16,15,20.36
NOT003422,STU00434,MAT0018,2,CC,11.77,2,2024-04-16,15,23.54
NOT003423,STU00434,MAT0007,1,TP,13.28,2,2023-04-16,15,26.56
NOT003424,STU00434,MAT0003,1,EXAMEN,13.25,3,2023-05-17,15,39.75
NOT003425,STU00434,MAT0004,1,PROJET,6.67,2,2023-04-16,15,13.34
NOT003426,STU00434,MAT0024,3,PROJET,15.19,3,2024-04-15,15,45.57
NOT003427,STU00434,MAT0012,3,TP,12.76,3,2023-05-16,15,38.28
NOT003428,STU00434,MAT0009,3,PROJET,16.15,2,2023-05-16,15,32.3
NOT003429,STU00434,MAT0007,3,PROJET,13.33,1,2023-04-15,15,13.33
NOT003430,STU00435,MAT0003,1,TP,15.3,3,2024-04-15,16,45.9
NOT003431,STU00435,MAT0026,1,TP,13.4,2,2023-05-16,16,26.8
NOT003432,STU00435,MAT0023,3,EXAMEN,16.04,3,2023-04-16,16,48.120003
NOT003433,STU00435,MAT0005,1,EXAMEN,13.57,3,2023-05-17,16,40.71
NOT003434,STU00435,MAT0012,2,CC,11.71,1,2023-04-15,16,11.71
NOT003435,STU00435,MAT0001,2,CC,18.82,1,2024-04-16,16,18.82
NOT003436,STU00435,MAT0002,2,CC,14.67,2,2023-05-17,16,29.34
NOT003437,STU00435,MAT0008,3,PROJET,13.72,2,2024-05-16,16,27.44
NOT003438,STU00435,MAT0034,4,EXAMEN,8.17,3,2023-05-17,16,24.51
NOT003439,STU00435,MAT0008,2,TP,8.14,1,2023-05-16,16,8.14
NOT003440,STU00436,MAT0019,3,EXAMEN,12.88,2,2024-05-16,17,25.76
NOT003441,STU00436,MAT0025,3,EXAMEN,12.44,3,2023-04-16,17,37.32
NOT003442,STU00436,MAT0031,1,EXAMEN,10.16,2,2024-05-16,17,20.32
NOT003443,STU00436,MAT0005,1,TP,12.42,2,2023-05-16,17,24.84
NOT003444,STU00436,MAT0001,1,CC,16.77,2,2024-04-16,17,33.54
NOT003445,STU00436,MAT0033,2,EXAMEN,14.09,2,2023-05-17,17,28.18
NOT003446,STU00436,MAT0013,4,EXAMEN,8.58,2,2024-05-16,17,17.16
NOT003447,STU00436,MAT0003,4,PROJET,11.67,1,2024-05-17,17,11.67
NOT003448,STU00436,MAT0006,2,TP,9.59,1,2023-05-17,17,9.59
NOT003449,STU00437,MAT0024,1,TP,10.84,3,2023-05-16,18,32.52
NOT003450,STU00437,MAT0017,1,EXAMEN,10.76,3,2023-05-16,18,32.28
NOT003451,STU00437,MAT0018,4,TP,10.57,1,2024-05-16,18,10.57
NOT003452,STU00437,MAT0004,1,TP,8.23,2,2024-04-15,18,16.46
NOT003453,STU00437,MAT0007,3,TP,11.62,2,2024-05-16,18,23.24
NOT003454,STU00437,MAT0009,4,PROJET,10.32,2,2023-05-16,18,20.64
NOT003455,STU00438,MAT0003,1,EXAMEN,3.21,1,2023-05-16,19,3.21
NOT003456,STU00438,MAT0006,1,TP,18.16,2,2024-04-15,19,36.32
NOT003457,STU00438,MAT0028,2,CC,15.27,2,2024-04-15,19,30.54
NOT003458,STU00438,MAT0010,4,EXAMEN,10.87,1,2024-05-17,19,10.87
NOT003459,STU00438,MAT0031,1,EXAMEN,12.06,2,2023-04-15,19,24.12
NOT003460,STU00438,MAT0008,2,EXAMEN,8.49,2,2023-04-16,19,16.98
NOT003461,STU00438,MAT0014,1,TP,17.09,3,2024-04-15,19,51.27
NOT003462,STU00439,MAT0013,4,EXAMEN,17.69,1,2024-05-17,20,17.69
NOT003463,STU00439,MAT0008,1,CC,12.47,2,2023-05-17,20,24.94
NOT003464,STU00439,MAT0015,4,PROJET,15.07,2,2023-05-16,20,30.14
NOT003465,STU00439,MAT0018,3,CC,12.53,3,2024-05-17,20,37.59
NOT003466,STU00439,MAT0031,3,EXAMEN,7.99,2,2023-04-16,20,15.98
NOT003467,STU00439,MAT0019,4,TP,10.76,2,2023-05-16,20,21.52
NOT003468,STU00439,MAT0021,4,CC,12.4,2,2023-05-16,20,24.8
NOT003469,STU00439,MAT0032,3,EXAMEN,10.64,3,2024-05-16,20,31.920002
NOT003470,STU00440,MAT0019,4,TP,11.34,1,2024-04-15,21,11.34
NOT003471,STU00440,MAT0008,3,PROJET,11.73,1,2023-04-16,21,11.73
NOT003472,STU00440,MAT0033,1,CC,11.76,1,2024-04-16,21,11.76
NOT003473,STU00440,MAT0032,2,CC,12.16,2,2023-04-16,21,24.32
NOT003474,STU00440,MAT0032,4,PROJET,8.82,2,2023-04-15,21,17.64
NOT003475,STU00440,MAT0033,1,CC,9.85,2,2023-05-16,21,19.7
NOT003476,STU00440,MAT0030,4,CC,8.15,2,2023-04-16,21,16.3
NOT003477,STU00440,MAT0016,2,PROJET,14.93,1,2023-04-16,21,14.93
NOT003478,STU00440,MAT0015,1,CC,5.68,3,2023-04-15,21,17.039999
NOT003479,STU00440,MAT0021,1,CC,15.46,1,2024-04-15,21,15.46
NOT003480,STU00441,MAT0026,1,PROJET,16.16,3,2023-05-17,12,48.48
NOT003481,STU00441,MAT0017,1,CC,11.09,3,2023-05-17,12,33.27
NOT003482,STU00441,MAT0004,4,PROJET,4.19,2,2024-05-16,12,8.38
NOT003483,STU00441,MAT0034,4,EXAMEN,10.92,2,2023-05-17,12,21.84
NOT003484,STU00441,MAT0009,4,EXAMEN,11.81,2,2023-05-16,12,23.62
NOT003485,STU00441,MAT0033,2,PROJET,8.97,2,2024-04-16,12,17.94
NOT003486,STU00441,MAT0033,2,PROJET,10.45,2,2023-05-17,12,20.9
NOT003487,STU00441,MAT0012,4,PROJET,16.59,2,2023-05-17,12,33.18
NOT003488,STU00441,MAT0027,1,PROJET,13.99,3,2023-04-16,12,41.97
NOT003489,STU00442,MAT0024,3,TP,9.23,2,2024-04-15,13,18.46
NOT003490,STU00442,MAT0030,3,TP,7.21,2,2024-05-16,13,14.42
NOT003491,STU00442,MAT0010,2,PROJET,11.02,1,2024-04-15,13,11.02
NOT003492,STU00442,MAT0024,3,CC,11.36,3,2024-05-17,13,34.079998
NOT003493,STU00442,MAT0021,3,EXAMEN,13.49,3,2023-04-15,13,40.47
NOT003494,STU00442,MAT0005,1,CC,10.39,2,2023-05-17,13,20.78
NOT003495,STU00442,MAT0025,1,TP,13.53,3,2024-05-17,13,40.59
NOT003496,STU00443,MAT0020,2,TP,17.81,2,2023-05-16,14,35.62
NOT003497,STU00443,MAT0012,3,PROJET,14.45,1,2023-05-17,14,14.45
NOT003498,STU00443,MAT0009,1,EXAMEN,11.86,1,2024-04-15,14,11.86
NOT003499,STU00443,MAT0012,2,PROJET,11.45,2,2024-04-16,14,22.9
NOT003500,STU00443,MAT0026,3,CC,10.93,2,2023-05-16,14,21.86
NOT003501,STU00443,MAT0017,1,CC,15.54,2,2024-04-15,14,31.08
NOT003502,STU00443,MAT0010,4,PROJET,10.12,1,2024-05-17,14,10.12
NOT003503,STU00444,MAT0008,4,TP,12.14,1,2024-05-16,15,12.14
NOT003504,STU00444,MAT0031,3,EXAMEN,12.15,3,2024-05-17,15,36.449997
NOT003505,STU00444,MAT0012,3,CC,10.49,1,2023-04-16,15,10.49
NOT003506,STU00444,MAT0008,3,TP,7.88,3,2023-05-17,15,23.64
NOT003507,STU00444,MAT0031,1,EXAMEN,12.97,1,2024-05-17,15,12.97
NOT003508,STU00444,MAT0013,3,TP,11.82,2,2023-04-16,15,23.64
NOT003509,STU00444,MAT0021,4,EXAMEN,13.5,2,2023-04-16,15,27.0
NOT003510,STU00444,MAT0014,4,EXAMEN,10.4,3,2023-05-17,15,31.199999
NOT003511,STU00445,MAT0005,1,PROJET,15.66,1,2023-05-16,16,15.66
NOT003512,STU00445,MAT0021,1,PROJET,9.37,1,2024-05-16,16,9.37
NOT003513,STU00445,MAT0028,4,CC,17.14,2,2023-04-15,16,34.28
NOT003514,STU00445,MAT0021,3,CC,6.76,1,2024-05-17,16,6.76
NOT003515,STU00445,MAT0018,1,TP,13.3,2,2023-05-16,16,26.6
NOT003516,STU00445,MAT0024,3,TP,13.43,2,2024-05-17,16,26.86
NOT003517,STU00446,MAT0006,4,PROJET,9.61,3,2023-05-17,17,28.829998
NOT003518,STU00446,MAT0033,1,EXAMEN,13.27,2,2024-05-16,17,26.54
NOT003519,STU00446,MAT0018,3,PROJET,15.84,3,2024-04-16,17,47.52
NOT003520,STU00446,MAT0029,1,TP,5.35,1,2023-04-16,17,5.35
NOT003521,STU00446,MAT0030,1,CC,13.51,2,2023-04-16,17,27.02
NOT003522,STU00446,MAT0019,1,PROJET,4.52,2,2024-04-16,17,9.04
NOT003523,STU00446,MAT0032,1,CC,9.1,3,2024-04-16,17,27.300001
NOT003524,STU00447,MAT0033,4,EXAMEN,16.89,3,2023-05-17,18,50.67
NOT003525,STU00447,MAT0018,4,EXAMEN,10.25,2,2024-05-17,18,20.5
NOT003526,STU00447,MAT0019,3,TP,8.48,1,2024-04-16,18,8.48
NOT003527,STU00447,MAT0034,2,CC,11.41,2,2023-04-16,18,22.82
NOT003528,STU00447,MAT0021,3,TP,18.2,1,2024-05-17,18,18.2
NOT003529,STU00447,MAT0009,4,CC,6.5,2,2024-04-16,18,13.0
NOT003530,STU00447,MAT0028,3,TP,8.85,2,2023-05-16,18,17.7
NOT003531,STU00448,MAT0031,2,EXAMEN,16.49,2,2024-04-16,19,32.98
NOT003532,STU00448,MAT0003,1,CC,17.57,3,2023-05-16,19,52.71
NOT003533,STU00448,MAT0025,3,CC,11.69,2,2024-05-17,19,23.38
NOT003534,STU00448,MAT0030,2,CC,8.28,1,2024-04-15,19,8.28
NOT003535,STU00448,MAT0015,1,PROJET,18.29,2,2024-04-16,19,36.58
NOT003536,STU00448,MAT0014,4,PROJET,16.78,2,2024-04-16,19,33.56
NOT003537,STU00448,MAT0025,1,CC,14.04,2,2023-05-16,19,28.08
NOT003538,STU00449,MAT0005,4,CC,9.56,2,2023-05-16,20,19.12
NOT003539,STU00449,MAT0008,4,TP,11.85,2,2023-05-17,20,23.7
NOT003540,STU00449,MAT0019,4,PROJET,11.52,3,2024-05-17,20,34.56
NOT003541,STU00449,MAT0016,1,CC,12.99,3,2024-04-16,20,38.97
NOT003542,STU00449,MAT0018,1,PROJET,16.35,1,2024-04-15,20,16.35
NOT003543,STU00449,MAT0032,2,PROJET,14.64,2,2023-04-16,20,29.28
NOT003544,STU00449,MAT0031,2,PROJET,8.77,2,2024-04-16,20,17.54
NOT003545,STU00449,MAT0017,3,TP,16.13,2,2024-05-17,20,32.26
NOT003546,STU00450,MAT0017,1,PROJET,12.94,2,2023-04-16,21,25.88
NOT003547,STU00450,MAT0035,4,CC,14.06,1,2023-05-16,21,14.06
NOT003548,STU00450,MAT0001,4,PROJET,16.4,3,2023-04-15,21,49.199997
NOT003549,STU00450,MAT0024,2,TP,8.67,1,2024-05-17,21,8.67
NOT003550,STU00450,MAT0024,2,EXAMEN,11.89,3,2023-05-16,21,35.670002
NOT003551,STU00450,MAT0031,4,EXAMEN,10.41,2,2023-04-15,21,20.82
NOT003552,STU00450,MAT0020,4,CC,7.3,2,2023-04-16,21,14.6
NOT003553,STU00450,MAT0016,2,PROJET,13.04,1,2023-04-15,21,13.04
NOT003554,STU00451,MAT0012,3,PROJET,19.53,3,2024-05-16,12,58.590004
NOT003555,STU00451,MAT0023,1,TP,6.48,1,2023-05-17,12,6.48
NOT003556,STU00451,MAT0007,2,TP,11.9,2,2024-05-17,12,23.8
NOT003557,STU00451,MAT0015,4,TP,13.92,2,2023-05-16,12,27.84
NOT003558,STU00451,MAT0026,1,CC,12.37,3,2024-05-17,12,37.11
NOT003559,STU00451,MAT0033,1,EXAMEN,11.66,1,2023-04-16,12,11.66
NOT003560,STU00451,MAT0010,1,TP,8.1,2,2024-04-15,12,16.2
NOT003561,STU00452,MAT0021,3,PROJET,12.7,2,2023-04-15,13,25.4
NOT003562,STU00452,MAT0023,2,TP,9.73,2,2023-04-16,13,19.46
NOT003563,STU00452,MAT0004,4,PROJET,5.43,2,2023-05-16,13,10.86
NOT003564,STU00452,MAT0034,1,CC,15.58,2,2024-04-16,13,31.16
NOT003565,STU00452,MAT0012,3,CC,14.88,3,2024-05-17,13,44.64
NOT003566,STU00452,MAT0016,2,PROJET,12.15,1,2023-04-16,13,12.15
NOT003567,STU00453,MAT0017,2,TP,12.69,2,2023-05-16,14,25.38
NOT003568,STU00453,MAT0007,2,PROJET,15.22,3,2024-04-16,14,45.66
NOT003569,STU00453,MAT0033,3,TP,12.67,1,2024-04-15,14,12.67
NOT003570,STU00453,MAT0005,2,CC,14.71,2,2023-05-17,14,29.42
NOT003571,STU00453,MAT0028,1,EXAMEN,11.11,3,2023-05-16,14,33.329998
NOT003572,STU00453,MAT0008,1,CC,15.94,2,2024-05-16,14,31.88
NOT003573,STU00454,MAT0011,2,EXAMEN,12.96,1,2024-04-16,15,12.96
NOT003574,STU00454,MAT0015,4,TP,12.58,1,2023-04-16,15,12.58
NOT003575,STU00454,MAT0021,2,EXAMEN,8.19,2,2023-05-17,15,16.38
NOT003576,STU00454,MAT0017,1,PROJET,12.86,3,2024-04-16,15,38.579998
NOT003577,STU00454,MAT0001,1,EXAMEN,9.5,1,2024-05-17,15,9.5
NOT003578,STU00454,MAT0029,3,CC,10.09,2,2023-05-17,15,20.18
NOT003579,STU00454,MAT0024,1,PROJET,9.55,2,2023-04-16,15,19.1
NOT003580,STU00455,MAT0015,3,EXAMEN,8.8,1,2023-04-15,16,8.8
NOT003581,STU00455,MAT0006,3,TP,18.37,1,2023-05-16,16,18.37
NOT003582,STU00455,MAT0030,1,TP,15.99,2,2023-04-16,16,31.98
NOT003583,STU00455,MAT0012,2,PROJET,17.76,1,2024-05-16,16,17.76
NOT003584,STU00455,MAT0015,4,CC,8.33,3,2023-04-16,16,24.99
NOT003585,STU00455,MAT0027,4,TP,12.21,3,2023-05-17,16,36.63
NOT003586,STU00455,MAT0030,3,EXAMEN,8.12,2,2023-04-15,16,16.24
NOT003587,STU00455,MAT0019,3,TP,9.91,2,2023-04-15,16,19.82
NOT003588,STU00455,MAT0010,4,CC,9.25,2,2023-04-16,16,18.5
NOT003589,STU00456,MAT0014,4,TP,15.72,2,2024-04-16,17,31.44
NOT003590,STU00456,MAT0026,1,PROJET,10.81,2,2023-05-16,17,21.62
NOT003591,STU00456,MAT0023,1,EXAMEN,15.21,1,2024-05-16,17,15.21
NOT003592,STU00456,MAT0004,4,TP,13.81,2,2024-04-15,17,27.62
NOT003593,STU00456,MAT0030,3,CC,18.91,3,2023-05-17,17,56.73
NOT003594,STU00456,MAT0030,2,PROJET,7.56,3,2023-05-17,17,22.68
NOT003595,STU00456,MAT0014,3,PROJET,15.78,2,2023-04-16,17,31.56
NOT003596,STU00456,MAT0022,4,PROJET,15.44,2,2023-05-17,17,30.88
NOT003597,STU00456,MAT0004,2,TP,9.08,2,2024-04-16,17,18.16
NOT003598,STU00457,MAT0020,2,CC,15.02,1,2023-04-15,18,15.02
NOT003599,STU00457,MAT0034,2,CC,13.01,2,2023-05-16,18,26.02
NOT003600,STU00457,MAT0005,4,TP,11.32,3,2023-04-16,18,33.96
NOT003601,STU00457,MAT0019,2,TP,9.53,2,2023-04-15,18,19.06
NOT003602,STU00457,MAT0009,4,EXAMEN,9.84,2,2024-05-16,18,19.68
NOT003603,STU00457,MAT0008,1,CC,18.15,2,2023-05-17,18,36.3
NOT003604,STU00457,MAT0026,3,TP,12.0,2,2024-04-15,18,24.0
NOT003605,STU00458,MAT0001,4,CC,14.35,3,2023-04-16,19,43.050003
NOT003606,STU00458,MAT0003,1,EXAMEN,9.63,1,2024-05-16,19,9.63
NOT003607,STU00458,MAT0030,3,PROJET,9.66,2,2023-04-16,19,19.32
NOT003608,STU00458,MAT0034,3,CC,15.25,3,2023-04-16,19,45.75
NOT003609,STU00458,MAT0016,3,CC,7.95,1,2024-04-16,19,7.95
NOT003610,STU00458,MAT0033,2,TP,10.75,1,2024-05-17,19,10.75
NOT003611,STU00459,MAT0001,1,PROJET,12.1,2,2023-04-15,20,24.2
NOT003612,STU00459,MAT0005,2,EXAMEN,12.33,1,2023-05-16,20,12.33
NOT003613,STU00459,MAT0027,4,PROJET,11.46,2,2023-04-15,20,22.92
NOT003614,STU00459,MAT0002,1,EXAMEN,13.19,3,2024-04-15,20,39.57
NOT003615,STU00459,MAT0034,2,CC,14.08,1,2024-05-17,20,14.08
NOT003616,STU00459,MAT0015,3,CC,14.2,2,2024-04-16,20,28.4
NOT003617,STU00459,MAT0012,4,TP,9.04,1,2024-04-15,20,9.04
NOT003618,STU00459,MAT0015,1,TP,11.15,2,2024-05-16,20,22.3
NOT003619,STU00459,MAT0024,2,PROJET,15.58,2,2024-04-15,20,31.16
NOT003620,STU00459,MAT0031,2,TP,14.68,3,2024-05-16,20,44.04
NOT003621,STU00460,MAT0029,2,CC,7.88,2,2024-05-16,21,15.76
NOT003622,STU00460,MAT0021,2,TP,13.05,3,2023-04-15,21,39.15
NOT003623,STU00460,MAT0013,3,CC,6.07,3,2023-05-17,21,18.210001
NOT003624,STU00460,MAT0017,2,CC,12.14,2,2023-04-15,21,24.28
NOT003625,STU00460,MAT0034,2,CC,17.69,1,2023-05-16,21,17.69
NOT003626,STU00460,MAT0023,4,EXAMEN,9.16,1,2023-04-15,21,9.16
NOT003627,STU00460,MAT0018,1,PROJET,9.5,3,2024-05-16,21,28.5
NOT003628,STU00461,MAT0032,4,TP,14.29,3,2024-05-16,12,42.87
NOT003629,STU00461,MAT0021,3,TP,7.37,2,2024-05-16,12,14.74
NOT003630,STU00461,MAT0014,4,PROJET,10.1,2,2024-04-16,12,20.2
NOT003631,STU00461,MAT0019,3,EXAMEN,13.79,1,2023-05-16,12,13.79
NOT003632,STU00461,MAT0013,1,CC,10.1,1,2024-05-16,12,10.1
NOT003633,STU00461,MAT0024,2,CC,11.29,2,2023-04-16,12,22.58
NOT003634,STU00461,MAT0001,3,TP,14.23,1,2024-04-16,12,14.23
NOT003635,STU00461,MAT0033,3,TP,13.26,2,2024-04-16,12,26.52
NOT003636,STU00461,MAT0018,3,EXAMEN,12.8,2,2024-04-16,12,25.6
NOT003637,STU00462,MAT0002,1,CC,10.98,3,2024-05-16,13,32.94
NOT003638,STU00462,MAT0021,4,CC,13.11,2,2024-05-16,13,26.22
NOT003639,STU00462,MAT0026,4,PROJET,11.63,2,2024-05-17,13,23.26
NOT003640,STU00462,MAT0024,3,CC,13.37,2,2023-05-16,13,26.74
NOT003641,STU00462,MAT0032,3,TP,10.51,2,2023-05-17,13,21.02
NOT003642,STU00462,MAT0009,3,TP,11.45,2,2024-04-16,13,22.9
NOT003643,STU00462,MAT0018,2,EXAMEN,9.03,2,2023-04-15,13,18.06
NOT003644,STU00462,MAT0003,1,PROJET,11.89,2,2024-05-17,13,23.78
NOT003645,STU00462,MAT0033,2,TP,9.57,1,2024-04-15,13,9.57
NOT003646,STU00463,MAT0018,3,EXAMEN,8.66,1,2024-05-16,14,8.66
NOT003647,STU00463,MAT0005,1,CC,12.78,2,2024-04-16,14,25.56
NOT003648,STU00463,MAT0031,3,PROJET,12.64,1,2024-05-17,14,12.64
NOT003649,STU00463,MAT0028,2,EXAMEN,14.35,3,2023-04-16,14,43.050003
NOT003650,STU00463,MAT0009,1,TP,10.71,1,2023-05-16,14,10.71
NOT003651,STU00463,MAT0027,2,TP,13.22,3,2024-05-16,14,39.66
NOT003652,STU00463,MAT0030,1,TP,13.65,2,2024-05-16,14,27.3
NOT003653,STU00464,MAT0028,3,TP,13.33,2,2023-05-17,15,26.66
NOT003654,STU00464,MAT0009,2,TP,9.52,1,2024-05-17,15,9.52
NOT003655,STU00464,MAT0026,1,CC,12.45,2,2024-05-17,15,24.9
NOT003656,STU00464,MAT0019,2,CC,13.09,2,2024-05-16,15,26.18
NOT003657,STU00464,MAT0034,2,CC,12.02,1,2024-05-16,15,12.02
NOT003658,STU00464,MAT0024,2,EXAMEN,5.74,2,2024-04-15,15,11.48
NOT003659,STU00464,MAT0005,4,TP,12.48,2,2023-05-17,15,24.96
NOT003660,STU00464,MAT0016,1,PROJET,18.64,2,2023-05-17,15,37.28
NOT003661,STU00464,MAT0004,2,TP,10.92,1,2024-04-15,15,10.92
NOT003662,STU00464,MAT0034,4,PROJET,9.82,1,2023-04-15,15,9.82
NOT003663,STU00465,MAT0005,1,PROJET,13.12,2,2024-05-16,16,26.24
NOT003664,STU00465,MAT0009,2,EXAMEN,12.94,1,2023-04-15,16,12.94
NOT003665,STU00465,MAT0024,3,EXAMEN,15.58,3,2023-04-15,16,46.739998
NOT003666,STU00465,MAT0012,4,TP,8.23,2,2023-04-15,16,16.46
NOT003667,STU00465,MAT0009,4,PROJET,14.19,1,2024-04-15,16,14.19
NOT003668,STU00465,MAT0023,4,EXAMEN,13.77,2,2024-04-15,16,27.54
NOT003669,STU00465,MAT0034,4,TP,11.57,2,2023-05-17,16,23.14
NOT003670,STU00465,MAT0006,3,TP,13.02,2,2023-04-16,16,26.04
NOT003671,STU00465,MAT0020,3,TP,15.09,1,2024-04-15,16,15.09
NOT003672,STU00466,MAT0034,1,EXAMEN,14.62,2,2024-04-15,17,29.24
NOT003673,STU00466,MAT0031,2,TP,8.57,3,2024-05-16,17,25.71
NOT003674,STU00466,MAT0013,2,CC,14.46,2,2023-05-17,17,28.92
NOT003675,STU00466,MAT0019,2,EXAMEN,11.81,3,2023-04-15,17,35.43
NOT003676,STU00466,MAT0018,3,PROJET,12.22,3,2024-05-16,17,36.66
NOT003677,STU00466,MAT0004,2,TP,12.22,1,2024-04-15,17,12.22
NOT003678,STU00466,MAT0029,4,CC,11.55,1,2023-04-16,17,11.55
NOT003679,STU00466,MAT0011,2,PROJET,15.58,2,2024-04-15,17,31.16
NOT003680,STU00466,MAT0013,3,CC,11.75,3,2023-04-15,17,35.25
NOT003681,STU00467,MAT0031,1,EXAMEN,8.64,2,2024-05-17,18,17.28
NOT003682,STU00467,MAT0035,1,CC,10.82,2,2024-05-16,18,21.64
NOT003683,STU00467,MAT0028,2,EXAMEN,12.54,1,2024-05-17,18,12.54
NOT003684,STU00467,MAT0010,1,CC,15.69,3,2023-05-16,18,47.07
NOT003685,STU00467,MAT0009,4,CC,13.81,2,2024-05-16,18,27.62
NOT003686,STU00467,MAT0006,4,PROJET,9.45,3,2023-04-16,18,28.349998
NOT003687,STU00467,MAT0027,4,CC,19.46,1,2024-04-16,18,19.46
NOT003688,STU00467,MAT0001,3,TP,12.79,1,2023-05-16,18,12.79
NOT003689,STU00467,MAT0023,4,TP,15.83,2,2024-04-16,18,31.66
NOT003690,STU00467,MAT0024,3,TP,11.54,3,2024-05-16,18,34.62
NOT003691,STU00468,MAT0021,4,PROJET,13.6,1,2024-04-16,19,13.6
NOT003692,STU00468,MAT0027,1,EXAMEN,14.52,2,2024-04-16,19,29.04
NOT003693,STU00468,MAT0012,4,TP,15.65,2,2023-04-16,19,31.3
NOT003694,STU00468,MAT0016,2,PROJET,15.17,3,2023-05-16,19,45.510002
NOT003695,STU00468,MAT0006,2,CC,14.62,3,2024-04-15,19,43.86
NOT003696,STU00468,MAT0006,4,TP,11.05,1,2023-04-16,19,11.05
NOT003697,STU00468,MAT0011,1,TP,10.28,2,2024-04-16,19,20.56
NOT003698,STU00469,MAT0020,2,TP,13.0,2,2024-05-16,20,26.0
NOT003699,STU00469,MAT0017,2,EXAMEN,14.8,2,2023-05-17,20,29.6
NOT003700,STU00469,MAT0022,2,PROJET,11.33,1,2024-05-16,20,11.33
NOT003701,STU00469,MAT0031,1,EXAMEN,15.2,1,2024-04-16,20,15.2
NOT003702,STU00469,MAT0026,4,TP,16.36,2,2024-04-15,20,32.72
NOT003703,STU00469,MAT0025,2,TP,9.25,2,2024-05-16,20,18.5
NOT003704,STU00469,MAT0032,3,TP,9.49,2,2023-04-16,20,18.98
NOT003705,STU00470,MAT0028,1,CC,11.58,3,2024-05-16,21,34.739998
NOT003706,STU00470,MAT0030,4,TP,12.92,1,2023-04-15,21,12.92
NOT003707,STU00470,MAT0007,3,EXAMEN,10.43,1,2023-04-16,21,10.43
NOT003708,STU00470,MAT0004,2,CC,16.06,3,2024-05-16,21,48.18
NOT003709,STU00470,MAT0022,4,EXAMEN,13.27,1,2024-05-16,21,13.27
NOT003710,STU00470,MAT0013,1,TP,12.12,1,2024-05-17,21,12.12
NOT003711,STU00470,MAT0015,2,EXAMEN,7.69,2,2023-04-15,21,15.38
NOT003712,STU00470,MAT0018,3,EXAMEN,8.05,1,2024-05-17,21,8.05
NOT003713,STU00470,MAT0011,1,CC,12.84,1,2024-04-15,21,12.84
NOT003714,STU00470,MAT0034,3,PROJET,5.6,1,2024-05-17,21,5.6
NOT003715,STU00471,MAT0030,1,TP,15.04,2,2023-05-16,12,30.08
NOT003716,STU00471,MAT0026,4,EXAMEN,11.53,2,2024-05-17,12,23.06
NOT003717,STU00471,MAT0034,1,PROJET,20.0,1,2024-05-16,12,20.0
NOT003718,STU00471,MAT0027,2,PROJET,18.92,2,2023-04-15,12,37.84
NOT003719,STU00471,MAT0021,4,EXAMEN,11.46,3,2023-04-15,12,34.38
NOT003720,STU00471,MAT0011,1,EXAMEN,11.68,2,2024-05-17,12,23.36
NOT003721,STU00471,MAT0012,1,CC,14.99,2,2024-05-17,12,29.98
NOT003722,STU00471,MAT0024,4,CC,17.11,2,2024-04-15,12,34.22
NOT003723,STU00472,MAT0005,3,PROJET,7.09,2,2023-05-16,13,14.18
NOT003724,STU00472,MAT0030,3,TP,6.64,1,2023-05-16,13,6.64
NOT003725,STU00472,MAT0002,1,PROJET,10.13,3,2023-04-15,13,30.39
NOT003726,STU00472,MAT0009,3,PROJET,13.75,2,2023-04-15,13,27.5
NOT003727,STU00472,MAT0023,2,CC,13.49,1,2023-04-15,13,13.49
NOT003728,STU00472,MAT0004,2,EXAMEN,15.21,1,2024-04-16,13,15.21
NOT003729,STU00472,MAT0007,1,PROJET,8.4,3,2023-04-15,13,25.199999
NOT003730,STU00472,MAT0032,4,CC,5.05,2,2023-04-15,13,10.1
NOT003731,STU00472,MAT0031,2,TP,14.57,3,2023-05-17,13,43.71
NOT003732,STU00473,MAT0030,3,CC,9.52,2,2024-04-16,14,19.04
NOT003733,STU00473,MAT0035,4,PROJET,5.94,3,2023-04-15,14,17.82
NOT003734,STU00473,MAT0034,2,PROJET,12.44,2,2023-05-17,14,24.88
NOT003735,STU00473,MAT0018,1,TP,14.38,1,2024-05-16,14,14.38
NOT003736,STU00473,MAT0010,2,TP,11.63,3,2023-04-15,14,34.89
NOT003737,STU00473,MAT0021,4,TP,10.63,2,2023-05-17,14,21.26
NOT003738,STU00473,MAT0013,4,CC,11.52,3,2024-05-16,14,34.56
NOT003739,STU00473,MAT0023,2,CC,10.89,2,2024-04-16,14,21.78
NOT003740,STU00474,MAT0027,2,TP,7.96,2,2024-04-16,15,15.92
NOT003741,STU00474,MAT0012,3,EXAMEN,9.86,1,2023-04-15,15,9.86
NOT003742,STU00474,MAT0002,4,PROJET,13.56,2,2024-05-17,15,27.12
NOT003743,STU00474,MAT0016,1,EXAMEN,12.97,1,2024-04-16,15,12.97
NOT003744,STU00474,MAT0016,4,TP,12.5,2,2024-05-17,15,25.0
NOT003745,STU00474,MAT0032,1,EXAMEN,9.01,2,2024-04-16,15,18.02
NOT003746,STU00474,MAT0008,2,TP,11.46,2,2024-04-16,15,22.92
NOT003747,STU00475,MAT0028,3,CC,5.47,2,2023-04-16,16,10.94
NOT003748,STU00475,MAT0008,3,CC,12.54,3,2023-04-15,16,37.62
NOT003749,STU00475,MAT0003,3,PROJET,16.29,2,2024-05-17,16,32.58
NOT003750,STU00475,MAT0033,4,EXAMEN,7.58,2,2024-04-16,16,15.16
NOT003751,STU00475,MAT0033,2,PROJET,10.24,3,2024-04-16,16,30.72
NOT003752,STU00475,MAT0008,3,CC,12.99,2,2023-04-16,16,25.98
NOT003753,STU00475,MAT0001,4,PROJET,15.76,3,2023-04-15,16,47.28
NOT003754,STU00476,MAT0019,1,PROJET,10.66,2,2023-04-15,17,21.32
NOT003755,STU00476,MAT0032,1,PROJET,9.92,2,2024-05-17,17,19.84
NOT003756,STU00476,MAT0035,1,EXAMEN,6.09,2,2023-04-15,17,12.18
NOT003757,STU00476,MAT0024,3,TP,12.31,2,2024-05-16,17,24.62
NOT003758,STU00476,MAT0017,2,CC,18.13,2,2023-05-17,17,36.26
NOT003759,STU00476,MAT0013,1,TP,12.83,2,2024-04-15,17,25.66
NOT003760,STU00476,MAT0021,1,CC,11.93,3,2024-04-15,17,35.79
NOT003761,STU00476,MAT0020,1,TP,12.97,2,2023-05-17,17,25.94
NOT003762,STU00476,MAT0021,1,EXAMEN,11.97,3,2023-04-15,17,35.91
NOT003763,STU00476,MAT0012,2,PROJET,9.56,1,2023-04-15,17,9.56
NOT003764,STU00477,MAT0020,2,EXAMEN,14.47,3,2024-05-17,18,43.41
NOT003765,STU00477,MAT0025,2,TP,12.68,3,2023-05-16,18,38.04
NOT003766,STU00477,MAT0021,1,CC,12.05,2,2024-05-16,18,24.1
NOT003767,STU00477,MAT0004,2,CC,9.07,1,2024-05-17,18,9.07
NOT003768,STU00477,MAT0004,3,PROJET,15.91,2,2023-04-15,18,31.82
NOT003769,STU00477,MAT0021,2,EXAMEN,13.99,2,2024-05-17,18,27.98
NOT003770,STU00477,MAT0022,3,CC,10.34,2,2023-05-16,18,20.68
NOT003771,STU00477,MAT0006,3,EXAMEN,15.01,2,2024-05-17,18,30.02
NOT003772,STU00477,MAT0035,3,PROJET,10.51,1,2024-04-15,18,10.51
NOT003773,STU00478,MAT0020,4,CC,9.65,2,2024-05-17,19,19.3
NOT003774,STU00478,MAT0023,3,CC,9.72,2,2024-04-16,19,19.44
NOT003775,STU00478,MAT0001,1,CC,6.69,1,2024-04-15,19,6.69
NOT003776,STU00478,MAT0003,2,EXAMEN,13.41,2,2023-04-16,19,26.82
NOT003777,STU00478,MAT0035,3,CC,6.51,3,2023-04-15,19,19.53
NOT003778,STU00478,MAT0033,4,CC,8.31,1,2024-05-16,19,8.31
NOT003779,STU00478,MAT0026,2,TP,5.77,2,2024-04-16,19,11.54
NOT003780,STU00478,MAT0032,1,TP,11.74,3,2023-05-17,19,35.22
NOT003781,STU00479,MAT0018,2,EXAMEN,11.55,2,2024-05-16,20,23.1
NOT003782,STU00479,MAT0011,2,EXAMEN,11.02,3,2023-05-17,20,33.06
NOT003783,STU00479,MAT0009,4,EXAMEN,8.87,2,2023-05-16,20,17.74
NOT003784,STU00479,MAT0032,3,TP,8.48,2,2024-05-16,20,16.96
NOT003785,STU00479,MAT0003,3,CC,13.39,1,2023-04-16,20,13.39
NOT003786,STU00479,MAT0002,4,TP,10.35,3,2024-05-17,20,31.050001
NOT003787,STU00479,MAT0028,1,PROJET,12.95,3,2023-05-16,20,38.85
NOT003788,STU00480,MAT0008,1,TP,9.34,1,2023-05-17,21,9.34
NOT003789,STU00480,MAT0030,3,PROJET,12.54,2,2024-04-15,21,25.08
NOT003790,STU00480,MAT0022,2,EXAMEN,15.91,2,2024-05-16,21,31.82
NOT003791,STU00480,MAT0020,1,TP,13.76,1,2023-05-17,21,13.76
NOT003792,STU00480,MAT0025,1,PROJET,10.76,3,2023-04-16,21,32.28
NOT003793,STU00480,MAT0026,1,TP,12.77,2,2024-04-15,21,25.54
NOT003794,STU00480,MAT0012,1,TP,11.28,2,2024-04-15,21,22.56
NOT003795,STU00480,MAT0006,1,PROJET,12.02,2,2023-05-16,21,24.04
NOT003796,STU00480,MAT0016,1,PROJET,11.02,2,2024-05-16,21,22.04
NOT003797,STU00481,MAT0014,3,CC,11.51,2,2023-05-17,12,23.02
NOT003798,STU00481,MAT0002,2,PROJET,12.64,1,2024-05-17,12,12.64
NOT003799,STU00481,MAT0034,2,EXAMEN,9.02,3,2023-04-16,12,27.060001
NOT003800,STU00481,MAT0022,2,EXAMEN,8.95,1,2023-05-16,12,8.95
NOT003801,STU00481,MAT0017,4,EXAMEN,7.83,2,2024-05-16,12,15.66
NOT003802,STU00481,MAT0006,3,CC,7.2,2,2024-04-16,12,14.4
NOT003803,STU00481,MAT0020,2,PROJET,8.35,2,2023-04-15,12,16.7
NOT003804,STU00481,MAT0025,3,PROJET,12.48,3,2023-05-16,12,37.44
NOT003805,STU00481,MAT0001,4,PROJET,9.32,2,2023-04-16,12,18.64
NOT003806,STU00482,MAT0022,2,EXAMEN,13.54,1,2024-05-17,13,13.54
NOT003807,STU00482,MAT0021,1,CC,12.1,1,2023-04-16,13,12.1
NOT003808,STU00482,MAT0021,1,EXAMEN,6.09,3,2024-05-17,13,18.27
NOT003809,STU00482,MAT0031,4,PROJET,13.96,1,2024-04-16,13,13.96
NOT003810,STU00482,MAT0031,1,TP,14.43,3,2023-04-16,13,43.29
NOT003811,STU00482,MAT0032,1,PROJET,9.02,2,2023-04-16,13,18.04
NOT003812,STU00482,MAT0010,1,PROJET,13.26,2,2024-05-17,13,26.52
NOT003813,STU00482,MAT0004,2,EXAMEN,9.43,2,2024-04-16,13,18.86
NOT003814,STU00482,MAT0032,3,PROJET,12.29,2,2024-05-16,13,24.58
NOT003815,STU00483,MAT0028,3,PROJET,8.21,2,2024-05-17,14,16.42
NOT003816,STU00483,MAT0026,2,CC,6.62,2,2024-05-17,14,13.24
NOT003817,STU00483,MAT0028,4,CC,10.85,1,2023-04-15,14,10.85
NOT003818,STU00483,MAT0019,3,TP,11.63,2,2024-04-16,14,23.26
NOT003819,STU00483,MAT0022,3,CC,10.81,1,2023-04-16,14,10.81
NOT003820,STU00483,MAT0031,2,CC,8.45,3,2023-04-15,14,25.349998
NOT003821,STU00484,MAT0017,3,EXAMEN,10.8,2,2023-04-16,15,21.6
NOT003822,STU00484,MAT0030,1,TP,12.81,2,2023-04-15,15,25.62
NOT003823,STU00484,MAT0010,1,PROJET,11.87,2,2023-04-16,15,23.74
NOT003824,STU00484,MAT0006,2,TP,12.55,1,2023-04-16,15,12.55
NOT003825,STU00484,MAT0004,3,EXAMEN,9.99,2,2024-04-15,15,19.98
NOT003826,STU00484,MAT0004,2,PROJET,15.52,2,2023-04-16,15,31.04
NOT003827,STU00484,MAT0020,1,CC,8.47,2,2024-04-15,15,16.94
NOT003828,STU00484,MAT0002,2,TP,13.46,3,2024-05-17,15,40.38
NOT003829,STU00484,MAT0022,4,PROJET,15.55,1,2024-05-17,15,15.55
NOT003830,STU00485,MAT0002,2,PROJET,13.44,2,2024-05-17,16,26.88
NOT003831,STU00485,MAT0035,3,PROJET,11.39,2,2023-05-16,16,22.78
NOT003832,STU00485,MAT0011,3,TP,10.42,2,2024-04-15,16,20.84
NOT003833,STU00485,MAT0028,4,EXAMEN,15.11,2,2024-04-16,16,30.22
NOT003834,STU00485,MAT0002,2,EXAMEN,7.73,2,2024-04-16,16,15.46
NOT003835,STU00485,MAT0034,4,CC,9.09,2,2023-05-17,16,18.18
NOT003836,STU00485,MAT0023,4,CC,10.81,2,2023-04-15,16,21.62
NOT003837,STU00485,MAT0008,4,PROJET,15.71,1,2024-05-17,16,15.71
NOT003838,STU00485,MAT0020,2,PROJET,13.14,3,2024-05-16,16,39.420002
NOT003839,STU00485,MAT0001,2,EXAMEN,9.1,2,2024-04-15,16,18.2
NOT003840,STU00486,MAT0003,1,PROJET,11.07,1,2023-05-16,17,11.07
NOT003841,STU00486,MAT0033,2,TP,10.16,2,2024-04-15,17,20.32
NOT003842,STU00486,MAT0028,1,TP,9.87,2,2024-04-16,17,19.74
NOT003843,STU00486,MAT0026,3,EXAMEN,14.94,2,2024-05-16,17,29.88
NOT003844,STU00486,MAT0030,4,PROJET,7.88,2,2023-05-16,17,15.76
NOT003845,STU00486,MAT0015,2,EXAMEN,16.83,3,2023-04-15,17,50.489998
NOT003846,STU00487,MAT0002,4,TP,14.48,1,2024-04-15,18,14.48
NOT003847,STU00487,MAT0008,4,PROJET,15.27,2,2024-05-17,18,30.54
NOT003848,STU00487,MAT0027,2,EXAMEN,10.61,1,2024-04-16,18,10.61
NOT003849,STU00487,MAT0012,4,EXAMEN,11.55,2,2023-05-16,18,23.1
NOT003850,STU00487,MAT0023,4,EXAMEN,7.7,1,2023-04-15,18,7.7
NOT003851,STU00487,MAT0012,2,CC,10.43,1,2023-04-15,18,10.43
NOT003852,STU00487,MAT0004,3,TP,13.48,3,2023-04-16,18,40.44
NOT003853,STU00487,MAT0003,1,CC,15.89,1,2023-04-16,18,15.89
NOT003854,STU00487,MAT0015,4,EXAMEN,8.68,2,2024-04-15,18,17.36
NOT003855,STU00488,MAT0014,4,CC,10.9,3,2023-04-16,19,32.699997
NOT003856,STU00488,MAT0031,3,CC,11.55,3,2024-04-15,19,34.65
NOT003857,STU00488,MAT0032,1,CC,7.81,2,2023-04-15,19,15.62
NOT003858,STU00488,MAT0004,1,EXAMEN,13.77,2,2024-05-16,19,27.54
NOT003859,STU00488,MAT0017,1,EXAMEN,9.83,3,2023-04-15,19,29.49
NOT003860,STU00488,MAT0014,4,PROJET,11.41,2,2024-05-17,19,22.82
NOT003861,STU00488,MAT0021,2,PROJET,10.64,3,2024-04-16,19,31.920002
NOT003862,STU00488,MAT0020,3,TP,9.63,1,2024-04-16,19,9.63
NOT003863,STU00489,MAT0033,4,TP,11.98,2,2024-05-16,20,23.96
NOT003864,STU00489,MAT0006,1,TP,11.35,1,2023-04-15,20,11.35
NOT003865,STU00489,MAT0014,4,PROJET,10.88,2,2023-04-16,20,21.76
NOT003866,STU00489,MAT0030,3,TP,9.81,2,2024-04-16,20,19.62
NOT003867,STU00489,MAT0007,2,CC,12.96,2,2023-05-16,20,25.92
NOT003868,STU00489,MAT0007,4,EXAMEN,16.96,3,2023-04-15,20,50.879997
NOT003869,STU00489,MAT0009,1,PROJET,12.42,2,2024-05-17,20,24.84
NOT003870,STU00489,MAT0022,1,TP,14.99,1,2023-04-16,20,14.99
NOT003871,STU00490,MAT0020,2,PROJET,7.83,1,2023-05-16,21,7.83
NOT003872,STU00490,MAT0034,2,TP,12.47,2,2024-05-17,21,24.94
NOT003873,STU00490,MAT0019,2,PROJET,8.71,1,2024-05-16,21,8.71
NOT003874,STU00490,MAT0034,1,CC,7.57,1,2023-05-16,21,7.57
NOT003875,STU00490,MAT0006,2,CC,9.78,3,2024-05-16,21,29.34
NOT003876,STU00490,MAT0017,4,CC,15.58,3,2023-05-17,21,46.739998
NOT003877,STU00490,MAT0004,1,TP,14.85,2,2024-05-17,21,29.7
NOT003878,STU00490,MAT0020,1,CC,12.73,2,2024-05-17,21,25.46
NOT003879,STU00490,MAT0030,1,CC,7.4,2,2023-04-16,21,14.8
NOT003880,STU00490,MAT0002,4,EXAMEN,11.41,2,2024-04-15,21,22.82
NOT003881,STU00491,MAT0006,1,TP,12.91,3,2023-05-17,12,38.73
NOT003882,STU00491,MAT0015,4,EXAMEN,12.53,3,2024-04-16,12,37.59
NOT003883,STU00491,MAT0010,1,CC,6.47,1,2023-04-15,12,6.47
NOT003884,STU00491,MAT0029,2,EXAMEN,9.33,2,2024-04-15,12,18.66
NOT003885,STU00491,MAT0012,1,TP,11.81,1,2023-04-15,12,11.81
NOT003886,STU00491,MAT0028,2,CC,13.61,2,2023-05-16,12,27.22
NOT003887,STU00491,MAT0032,4,PROJET,5.41,2,2024-04-16,12,10.82
NOT003888,STU00492,MAT0006,2,PROJET,11.51,1,2023-05-16,13,11.51
NOT003889,STU00492,MAT0004,1,CC,12.43,3,2024-05-17,13,37.29
NOT003890,STU00492,MAT0001,2,TP,14.55,2,2024-04-15,13,29.1
NOT003891,STU00492,MAT0001,2,PROJET,14.08,3,2024-04-15,13,42.239998
NOT003892,STU00492,MAT0007,4,EXAMEN,13.75,1,2023-04-16,13,13.75
NOT003893,STU00492,MAT0029,4,CC,9.6,2,2023-05-16,13,19.2
NOT003894,STU00492,MAT0030,1,CC,6.28,1,2023-05-16,13,6.28
NOT003895,STU00492,MAT0013,4,PROJET,10.82,2,2024-04-16,13,21.64
NOT003896,STU00492,MAT0019,2,PROJET,15.0,2,2023-05-16,13,30.0
NOT003897,STU00493,MAT0029,1,EXAMEN,16.18,3,2023-05-16,14,48.54
NOT003898,STU00493,MAT0006,4,TP,14.13,2,2023-05-16,14,28.26
NOT003899,STU00493,MAT0015,4,CC,13.29,1,2024-05-16,14,13.29
NOT003900,STU00493,MAT0017,4,PROJET,13.14,1,2024-05-17,14,13.14
NOT003901,STU00493,MAT0009,4,EXAMEN,10.33,3,2024-05-16,14,30.99
NOT003902,STU00493,MAT0007,3,PROJET,11.61,1,2023-05-17,14,11.61
NOT003903,STU00493,MAT0002,1,TP,17.01,2,2023-05-16,14,34.02
NOT003904,STU00494,MAT0026,1,PROJET,9.17,2,2024-05-16,15,18.34
NOT003905,STU00494,MAT0007,3,CC,16.84,1,2023-04-16,15,16.84
NOT003906,STU00494,MAT0025,2,CC,11.03,2,2024-05-17,15,22.06
NOT003907,STU00494,MAT0006,2,TP,15.98,3,2023-05-17,15,47.94
NOT003908,STU00494,MAT0018,4,CC,7.78,2,2023-04-16,15,15.56
NOT003909,STU00494,MAT0006,3,CC,13.76,2,2023-05-17,15,27.52
NOT003910,STU00494,MAT0008,3,CC,9.79,1,2023-04-15,15,9.79
NOT003911,STU00495,MAT0022,4,TP,7.75,2,2023-04-15,16,15.5
NOT003912,STU00495,MAT0031,4,EXAMEN,12.66,2,2024-04-16,16,25.32
NOT003913,STU00495,MAT0028,3,EXAMEN,15.03,1,2024-04-15,16,15.03
NOT003914,STU00495,MAT0031,4,CC,9.47,2,2023-04-16,16,18.94
NOT003915,STU00495,MAT0029,1,EXAMEN,7.5,2,2024-05-16,16,15.0
NOT003916,STU00495,MAT0010,1,CC,11.72,3,2023-05-17,16,35.16
NOT003917,STU00495,MAT0025,3,TP,11.74,2,2023-04-16,16,23.48
NOT003918,STU00496,MAT0012,2,PROJET,13.64,1,2023-04-16,17,13.64
NOT003919,STU00496,MAT0006,4,EXAMEN,14.85,2,2024-04-15,17,29.7
NOT003920,STU00496,MAT0035,2,EXAMEN,11.82,2,2023-05-16,17,23.64
NOT003921,STU00496,MAT0012,4,CC,17.57,1,2023-05-16,17,17.57
NOT003922,STU00496,MAT0035,1,TP,12.67,2,2023-04-16,17,25.34
NOT003923,STU00496,MAT0023,3,EXAMEN,10.96,3,2024-04-16,17,32.88
NOT003924,STU00496,MAT0021,4,EXAMEN,7.17,2,2024-04-16,17,14.34
NOT003925,STU00496,MAT0006,1,TP,11.21,2,2023-04-15,17,22.42
NOT003926,STU00496,MAT0019,1,TP,10.99,2,2024-05-17,17,21.98
NOT003927,STU00496,MAT0014,1,TP,14.88,2,2023-05-16,17,29.76
NOT003928,STU00497,MAT0008,1,CC,13.39,2,2024-05-17,18,26.78
NOT003929,STU00497,MAT0018,4,CC,8.46,1,2024-04-15,18,8.46
NOT003930,STU00497,MAT0030,4,TP,12.52,2,2024-05-17,18,25.04
NOT003931,STU00497,MAT0016,1,EXAMEN,14.01,1,2024-04-16,18,14.01
NOT003932,STU00497,MAT0014,3,EXAMEN,16.58,1,2024-04-15,18,16.58
NOT003933,STU00497,MAT0014,2,EXAMEN,14.66,2,2023-05-16,18,29.32
NOT003934,STU00498,MAT0019,3,CC,14.28,2,2023-05-17,19,28.56
NOT003935,STU00498,MAT0001,3,EXAMEN,12.18,3,2023-05-16,19,36.54
NOT003936,STU00498,MAT0018,3,EXAMEN,13.16,2,2024-04-15,19,26.32
NOT003937,STU00498,MAT0032,1,CC,15.75,1,2024-05-16,19,15.75
NOT003938,STU00498,MAT0021,4,CC,8.0,2,2023-05-17,19,16.0
NOT003939,STU00498,MAT0026,1,TP,10.95,2,2024-04-16,19,21.9
NOT003940,STU00498,MAT0027,4,CC,9.68,2,2024-04-15,19,19.36
NOT003941,STU00498,MAT0010,1,TP,13.14,3,2024-04-16,19,39.420002
NOT003942,STU00499,MAT0029,2,PROJET,15.69,3,2023-04-16,20,47.07
NOT003943,STU00499,MAT0009,1,TP,10.21,3,2023-05-16,20,30.630001
NOT003944,STU00499,MAT0029,3,CC,4.83,2,2023-05-16,20,9.66
NOT003945,STU00499,MAT0023,4,TP,10.76,2,2023-05-17,20,21.52
NOT003946,STU00499,MAT0016,4,TP,14.74,2,2024-04-16,20,29.48
NOT003947,STU00499,MAT0012,4,TP,13.61,2,2023-04-16,20,27.22
NOT003948,STU00500,MAT0004,2,CC,13.28,1,2024-04-15,21,13.28
NOT003949,STU00500,MAT0018,4,TP,11.16,2,2023-04-15,21,22.32
NOT003950,STU00500,MAT0023,3,TP,8.16,2,2024-04-16,21,16.32
NOT003951,STU00500,MAT0011,4,CC,13.55,2,2023-04-16,21,27.1
NOT003952,STU00500,MAT0003,3,CC,9.5,2,2023-04-16,21,19.0
NOT003953,STU00500,MAT0027,2,EXAMEN,18.55,2,2024-04-16,21,37.1
NOT003954,STU00500,MAT0007,2,EXAMEN,13.71,1,2024-05-17,21,13.71
NOT003955,STU00500,MAT0007,4,EXAMEN,10.26,2,2023-04-15,21,20.52
NOT003956,STU00500,MAT0026,2,CC,10.17,3,2024-04-16,21,30.51
NOT003957,STU00500,MAT0006,2,PROJET,11.72,2,2023-04-15,21,23.44
NOT003958,STU00501,MAT0002,1,PROJET,11.28,2,2023-05-17,12,22.56
NOT003959,STU00501,MAT0009,2,EXAMEN,15.35,2,2023-05-16,12,30.7
NOT003960,STU00501,MAT0015,1,CC,12.56,3,2024-05-17,12,37.68
NOT003961,STU00501,MAT0029,4,PROJET,9.81,2,2023-04-15,12,19.62
NOT003962,STU00501,MAT0027,1,EXAMEN,17.67,3,2024-04-15,12,53.010002
NOT003963,STU00501,MAT0005,4,EXAMEN,12.15,2,2023-04-16,12,24.3
NOT003964,STU00501,MAT0027,4,TP,14.31,2,2023-05-16,12,28.62
NOT003965,STU00501,MAT0028,1,PROJET,10.18,2,2023-05-17,12,20.36
NOT003966,STU00502,MAT0020,3,EXAMEN,13.09,3,2024-04-16,13,39.27
NOT003967,STU00502,MAT0023,3,CC,12.93,3,2024-05-17,13,38.79
NOT003968,STU00502,MAT0009,2,EXAMEN,6.33,2,2024-04-15,13,12.66
NOT003969,STU00502,MAT0001,1,EXAMEN,18.05,1,2024-04-15,13,18.05
NOT003970,STU00502,MAT0030,2,EXAMEN,15.87,1,2024-04-16,13,15.87
NOT003971,STU00502,MAT0027,4,EXAMEN,10.81,2,2024-05-17,13,21.62
NOT003972,STU00502,MAT0028,4,PROJET,8.69,1,2024-04-15,13,8.69
NOT003973,STU00503,MAT0005,3,PROJET,13.04,2,2024-04-16,14,26.08
NOT003974,STU00503,MAT0026,1,TP,12.26,2,2023-05-17,14,24.52
NOT003975,STU00503,MAT0003,1,TP,13.07,3,2023-05-16,14,39.21
NOT003976,STU00503,MAT0029,4,PROJET,12.57,1,2024-05-16,14,12.57
NOT003977,STU00503,MAT0008,2,CC,13.52,2,2024-04-16,14,27.04
NOT003978,STU00503,MAT0032,2,EXAMEN,16.34,1,2023-04-15,14,16.34
NOT003979,STU00503,MAT0015,3,PROJET,13.7,2,2023-04-15,14,27.4
NOT003980,STU00503,MAT0016,1,CC,8.85,1,2023-04-15,14,8.85
NOT003981,STU00504,MAT0011,2,EXAMEN,16.09,2,2024-05-16,15,32.18
NOT003982,STU00504,MAT0002,2,PROJET,16.92,2,2023-04-15,15,33.84
NOT003983,STU00504,MAT0004,4,PROJET,20.0,3,2023-04-15,15,60.0
NOT003984,STU00504,MAT0034,4,PROJET,8.63,1,2024-05-16,15,8.63
NOT003985,STU00504,MAT0027,2,TP,12.73,3,2023-04-16,15,38.19
NOT003986,STU00504,MAT0025,2,CC,5.75,3,2024-04-15,15,17.25
NOT003987,STU00504,MAT0029,3,TP,13.66,2,2023-04-16,15,27.32
NOT003988,STU00504,MAT0032,1,PROJET,10.36,3,2023-05-17,15,31.079998
NOT003989,STU00504,MAT0017,4,CC,17.77,2,2023-05-16,15,35.54
NOT003990,STU00504,MAT0012,4,PROJET,9.68,1,2024-04-16,15,9.68
NOT003991,STU00505,MAT0010,4,PROJET,6.93,1,2024-04-15,16,6.93
NOT003992,STU00505,MAT0031,4,PROJET,10.59,2,2024-05-16,16,21.18
NOT003993,STU00505,MAT0010,1,TP,6.07,2,2023-05-17,16,12.14
NOT003994,STU00505,MAT0030,3,PROJET,14.25,1,2024-04-15,16,14.25
NOT003995,STU00505,MAT0034,1,PROJET,5.8,2,2023-05-16,16,11.6
NOT003996,STU00505,MAT0034,4,PROJET,12.09,3,2023-05-16,16,36.27
NOT003997,STU00505,MAT0019,1,CC,5.77,2,2024-04-15,16,11.54
NOT003998,STU00505,MAT0024,1,PROJET,11.04,1,2023-05-17,16,11.04
NOT003999,STU00505,MAT0011,4,PROJET,16.93,3,2023-05-16,16,50.79
NOT004000,STU00505,MAT0012,3,TP,13.08,2,2024-05-16,16,26.16
NOT004001,STU00506,MAT0023,2,EXAMEN,9.41,2,2023-05-16,17,18.82
NOT004002,STU00506,MAT0028,2,EXAMEN,11.91,2,2024-04-16,17,23.82
NOT004003,STU00506,MAT0013,1,CC,12.05,2,2024-04-16,17,24.1
NOT004004,STU00506,MAT0007,1,TP,13.42,1,2023-04-15,17,13.42
NOT004005,STU00506,MAT0016,3,CC,7.9,2,2023-05-16,17,15.8
NOT004006,STU00506,MAT0024,3,EXAMEN,13.78,2,2024-05-17,17,27.56
NOT004007,STU00506,MAT0033,2,CC,3.89,3,2023-04-15,17,11.67
NOT004008,STU00506,MAT0007,4,PROJET,10.11,2,2023-05-17,17,20.22
NOT004009,STU00506,MAT0006,1,PROJET,10.54,3,2023-04-16,17,31.619999
NOT004010,STU00507,MAT0031,3,CC,13.9,3,2024-05-17,18,41.699997
NOT004011,STU00507,MAT0009,4,EXAMEN,12.07,1,2023-05-17,18,12.07
NOT004012,STU00507,MAT0023,3,PROJET,7.78,1,2024-05-16,18,7.78
NOT004013,STU00507,MAT0015,4,EXAMEN,9.05,3,2024-04-16,18,27.150002
NOT004014,STU00507,MAT0024,4,CC,12.6,1,2023-05-16,18,12.6
NOT004015,STU00507,MAT0005,3,EXAMEN,11.76,1,2023-05-16,18,11.76
NOT004016,STU00507,MAT0028,2,CC,10.26,2,2023-04-16,18,20.52
NOT004017,STU00507,MAT0034,1,EXAMEN,10.56,2,2023-04-16,18,21.12
NOT004018,STU00508,MAT0018,4,PROJET,14.09,1,2024-04-15,19,14.09
NOT004019,STU00508,MAT0028,3,EXAMEN,10.45,3,2023-05-17,19,31.349998
NOT004020,STU00508,MAT0002,2,EXAMEN,11.74,3,2023-04-15,19,35.22
NOT004021,STU00508,MAT0017,1,CC,18.51,2,2023-04-15,19,37.02
NOT004022,STU00508,MAT0029,1,PROJET,7.73,1,2024-05-17,19,7.73
NOT004023,STU00508,MAT0013,4,CC,6.44,1,2023-04-16,19,6.44
NOT004024,STU00508,MAT0008,1,TP,14.35,3,2024-05-16,19,43.050003
NOT004025,STU00508,MAT0003,4,PROJET,9.96,2,2023-04-15,19,19.92
NOT004026,STU00508,MAT0029,4,PROJET,11.05,2,2023-04-16,19,22.1
NOT004027,STU00509,MAT0022,2,PROJET,9.66,2,2024-05-17,20,19.32
NOT004028,STU00509,MAT0023,1,CC,11.22,1,2024-04-16,20,11.22
NOT004029,STU00509,MAT0003,4,CC,16.8,2,2024-04-16,20,33.6
NOT004030,STU00509,MAT0026,3,TP,14.41,1,2024-05-17,20,14.41
NOT004031,STU00509,MAT0001,2,PROJET,14.59,3,2023-04-16,20,43.77
NOT004032,STU00509,MAT0003,1,CC,7.75,2,2023-04-16,20,15.5
NOT004033,STU00509,MAT0010,4,PROJET,8.55,3,2023-04-16,20,25.650002
NOT004034,STU00509,MAT0018,4,EXAMEN,3.48,3,2024-04-15,20,10.440001
NOT004035,STU00509,MAT0003,4,EXAMEN,9.57,1,2024-05-16,20,9.57
NOT004036,STU00510,MAT0010,2,EXAMEN,14.87,2,2023-05-16,21,29.74
NOT004037,STU00510,MAT0011,1,CC,13.55,2,2024-04-16,21,27.1
NOT004038,STU00510,MAT0009,2,CC,11.34,3,2023-05-16,21,34.02
NOT004039,STU00510,MAT0016,1,EXAMEN,11.93,2,2024-05-17,21,23.86
NOT004040,STU00510,MAT0027,1,CC,9.93,2,2023-04-16,21,19.86
NOT004041,STU00510,MAT0008,2,EXAMEN,12.61,3,2023-05-16,21,37.829998
NOT004042,STU00510,MAT0020,3,CC,14.3,3,2023-05-16,21,42.9
NOT004043,STU00510,MAT0008,4,EXAMEN,7.15,2,2024-05-17,21,14.3
NOT004044,STU00510,MAT0034,4,EXAMEN,12.9,3,2023-05-16,21,38.699997
NOT004045,STU00511,MAT0015,3,PROJET,14.8,1,2024-05-17,12,14.8
NOT004046,STU00511,MAT0021,1,PROJET,10.75,2,2023-05-16,12,21.5
NOT004047,STU00511,MAT0005,4,EXAMEN,14.1,1,2023-05-16,12,14.1
NOT004048,STU00511,MAT0002,3,CC,20.0,2,2024-05-16,12,40.0
NOT004049,STU00511,MAT0030,1,CC,11.69,1,2023-05-17,12,11.69
NOT004050,STU00511,MAT0002,2,CC,13.18,3,2023-05-16,12,39.54
NOT004051,STU00512,MAT0022,1,CC,9.79,1,2024-04-15,13,9.79
NOT004052,STU00512,MAT0027,4,CC,12.54,2,2024-04-16,13,25.08
NOT004053,STU00512,MAT0034,1,TP,13.38,2,2024-04-16,13,26.76
NOT004054,STU00512,MAT0003,3,CC,12.58,3,2024-05-16,13,37.739998
NOT004055,STU00512,MAT0028,1,CC,8.94,2,2023-04-16,13,17.88
NOT004056,STU00512,MAT0023,4,TP,12.62,2,2023-05-16,13,25.24
NOT004057,STU00512,MAT0024,1,TP,16.39,3,2023-04-16,13,49.17
NOT004058,STU00513,MAT0002,4,PROJET,13.35,2,2024-05-17,14,26.7
NOT004059,STU00513,MAT0018,1,EXAMEN,14.89,1,2024-05-17,14,14.89
NOT004060,STU00513,MAT0021,2,TP,11.29,2,2023-04-16,14,22.58
NOT004061,STU00513,MAT0022,2,EXAMEN,14.25,3,2024-04-16,14,42.75
NOT004062,STU00513,MAT0033,2,TP,12.84,3,2024-04-16,14,38.52
NOT004063,STU00513,MAT0022,1,CC,9.15,2,2024-05-17,14,18.3
NOT004064,STU00514,MAT0020,2,CC,12.96,1,2023-05-17,15,12.96
NOT004065,STU00514,MAT0025,1,TP,9.02,3,2023-04-15,15,27.060001
NOT004066,STU00514,MAT0015,2,EXAMEN,10.1,2,2024-05-16,15,20.2
NOT004067,STU00514,MAT0032,3,CC,12.57,3,2024-05-16,15,37.71
NOT004068,STU00514,MAT0021,1,EXAMEN,12.89,2,2023-05-17,15,25.78
NOT004069,STU00514,MAT0035,4,TP,8.43,2,2023-04-15,15,16.86
NOT004070,STU00514,MAT0018,1,CC,15.16,1,2024-04-16,15,15.16
NOT004071,STU00515,MAT0033,4,EXAMEN,13.72,3,2024-04-16,16,41.16
NOT004072,STU00515,MAT0034,3,TP,9.89,3,2024-05-16,16,29.670002
NOT004073,STU00515,MAT0010,3,TP,7.39,3,2024-05-17,16,22.17
NOT004074,STU00515,MAT0034,4,PROJET,11.57,3,2024-05-16,16,34.71
NOT004075,STU00515,MAT0005,2,CC,10.66,2,2024-04-15,16,21.32
NOT004076,STU00515,MAT0015,2,CC,12.34,2,2024-04-15,16,24.68
NOT004077,STU00515,MAT0011,4,TP,10.91,2,2024-05-16,16,21.82
NOT004078,STU00515,MAT0014,2,EXAMEN,5.98,2,2023-05-17,16,11.96
NOT004079,STU00515,MAT0015,2,PROJET,10.83,2,2023-05-16,16,21.66
NOT004080,STU00516,MAT0022,3,EXAMEN,11.08,1,2024-04-16,17,11.08
NOT004081,STU00516,MAT0017,2,EXAMEN,13.9,3,2024-04-15,17,41.699997
NOT004082,STU00516,MAT0030,3,TP,9.91,3,2024-05-17,17,29.73
NOT004083,STU00516,MAT0004,3,PROJET,17.04,2,2023-04-16,17,34.08
NOT004084,STU00516,MAT0008,4,EXAMEN,6.27,2,2023-05-17,17,12.54
NOT004085,STU00516,MAT0005,4,PROJET,15.93,1,2024-05-16,17,15.93
NOT004086,STU00516,MAT0003,2,CC,11.33,2,2024-04-16,17,22.66
NOT004087,STU00516,MAT0016,3,EXAMEN,14.58,2,2023-04-15,17,29.16
NOT004088,STU00516,MAT0007,2,PROJET,12.24,2,2024-05-16,17,24.48
NOT004089,STU00517,MAT0009,3,EXAMEN,15.42,2,2023-05-17,18,30.84
NOT004090,STU00517,MAT0033,2,TP,10.84,3,2024-05-17,18,32.52
NOT004091,STU00517,MAT0003,1,TP,8.7,2,2024-04-15,18,17.4
NOT004092,STU00517,MAT0023,1,TP,16.26,1,2024-05-17,18,16.26
NOT004093,STU00517,MAT0026,2,CC,11.66,3,2024-05-17,18,34.98
NOT004094,STU00517,MAT0031,4,CC,12.66,1,2024-04-15,18,12.66
NOT004095,STU00517,MAT0033,3,PROJET,15.7,2,2024-04-15,18,31.4
NOT004096,STU00517,MAT0009,2,TP,8.9,3,2023-04-16,18,26.699999
NOT004097,STU00517,MAT0025,4,PROJET,13.79,2,2023-04-15,18,27.58
NOT004098,STU00517,MAT0032,4,EXAMEN,10.23,2,2023-05-16,18,20.46
NOT004099,STU00518,MAT0013,1,TP,11.6,2,2024-05-16,19,23.2
NOT004100,STU00518,MAT0012,3,EXAMEN,12.22,1,2023-04-15,19,12.22
NOT004101,STU00518,MAT0030,3,EXAMEN,7.5,2,2023-05-16,19,15.0
NOT004102,STU00518,MAT0033,3,EXAMEN,9.66,3,2024-05-16,19,28.98
NOT004103,STU00518,MAT0009,1,PROJET,16.05,2,2023-04-16,19,32.1
NOT004104,STU00518,MAT0019,3,TP,14.66,1,2024-04-16,19,14.66
NOT004105,STU00519,MAT0019,4,CC,11.81,1,2023-04-15,20,11.81
NOT004106,STU00519,MAT0014,1,EXAMEN,12.73,2,2023-05-16,20,25.46
NOT004107,STU00519,MAT0029,3,TP,11.12,2,2024-04-15,20,22.24
NOT004108,STU00519,MAT0012,4,PROJET,16.07,2,2023-04-16,20,32.14
NOT004109,STU00519,MAT0011,1,PROJET,11.4,1,2024-05-16,20,11.4
NOT004110,STU00519,MAT0006,2,EXAMEN,12.7,2,2023-05-17,20,25.4
NOT004111,STU00519,MAT0035,4,TP,15.44,2,2024-04-16,20,30.88
NOT004112,STU00519,MAT0004,2,TP,9.67,1,2023-05-16,20,9.67
NOT004113,STU00520,MAT0006,1,TP,16.68,2,2024-05-17,21,33.36
NOT004114,STU00520,MAT0014,4,PROJET,7.41,2,2024-04-16,21,14.82
NOT004115,STU00520,MAT0007,4,TP,16.89,2,2024-05-16,21,33.78
NOT004116,STU00520,MAT0001,4,PROJET,10.88,3,2023-05-16,21,32.64
NOT004117,STU00520,MAT0029,2,PROJET,11.27,2,2024-05-17,21,22.54
NOT004118,STU00520,MAT0009,3,CC,6.33,3,2024-05-17,21,18.99
NOT004119,STU00520,MAT0032,1,CC,10.64,2,2023-04-16,21,21.28
NOT004120,STU00521,MAT0016,2,TP,8.88,1,2023-04-16,12,8.88
NOT004121,STU00521,MAT0033,4,EXAMEN,10.18,1,2023-04-15,12,10.18
NOT004122,STU00521,MAT0028,4,CC,11.59,2,2024-04-16,12,23.18
NOT004123,STU00521,MAT0013,4,CC,14.87,1,2024-05-17,12,14.87
NOT004124,STU00521,MAT0009,3,EXAMEN,12.62,3,2024-04-16,12,37.86
NOT004125,STU00521,MAT0018,4,PROJET,12.92,3,2024-05-17,12,38.760002
NOT004126,STU00521,MAT0025,4,EXAMEN,8.71,2,2023-05-16,12,17.42
NOT004127,STU00521,MAT0029,2,EXAMEN,9.36,1,2023-04-16,12,9.36
NOT004128,STU00522,MAT0017,2,TP,17.4,2,2023-05-17,13,34.8
NOT004129,STU00522,MAT0010,3,EXAMEN,9.79,1,2024-05-17,13,9.79
NOT004130,STU00522,MAT0005,1,CC,16.97,2,2023-05-17,13,33.94
NOT004131,STU00522,MAT0017,2,PROJET,11.27,2,2023-05-16,13,22.54
NOT004132,STU00522,MAT0019,1,PROJET,12.01,2,2023-04-15,13,24.02
NOT004133,STU00522,MAT0011,4,EXAMEN,15.21,2,2024-04-16,13,30.42
NOT004134,STU00522,MAT0033,3,CC,15.82,2,2024-04-16,13,31.64
NOT004135,STU00522,MAT0001,4,TP,11.67,3,2023-04-15,13,35.010002
NOT004136,STU00522,MAT0002,4,EXAMEN,10.84,3,2024-05-17,13,32.52
NOT004137,STU00522,MAT0029,3,TP,11.83,2,2024-05-16,13,23.66
NOT004138,STU00523,MAT0007,2,PROJET,13.01,3,2023-04-15,14,39.03
NOT004139,STU00523,MAT0004,2,PROJET,14.67,3,2024-04-15,14,44.010002
NOT004140,STU00523,MAT0011,2,PROJET,12.01,3,2023-04-15,14,36.03
NOT004141,STU00523,MAT0024,1,CC,13.86,2,2023-05-17,14,27.72
NOT004142,STU00523,MAT0007,3,PROJET,16.92,2,2023-05-17,14,33.84
NOT004143,STU00523,MAT0034,4,PROJET,13.14,2,2024-04-16,14,26.28
NOT004144,STU00523,MAT0023,4,EXAMEN,12.93,1,2023-04-15,14,12.93
NOT004145,STU00523,MAT0002,2,TP,7.44,2,2023-05-17,14,14.88
NOT004146,STU00524,MAT0016,4,CC,4.11,1,2024-05-16,15,4.11
NOT004147,STU00524,MAT0001,4,CC,13.17,2,2023-05-16,15,26.34
NOT004148,STU00524,MAT0009,2,PROJET,11.72,2,2024-05-17,15,23.44
NOT004149,STU00524,MAT0003,2,CC,10.46,1,2024-05-17,15,10.46
NOT004150,STU00524,MAT0028,4,PROJET,12.73,2,2023-04-16,15,25.46
NOT004151,STU00524,MAT0005,3,CC,11.82,2,2023-04-16,15,23.64
NOT004152,STU00524,MAT0030,3,TP,15.38,2,2024-05-16,15,30.76
NOT004153,STU00524,MAT0017,1,CC,12.26,1,2024-04-16,15,12.26
NOT004154,STU00524,MAT0026,2,PROJET,9.76,3,2023-05-17,15,29.28
NOT004155,STU00525,MAT0006,4,EXAMEN,14.97,1,2023-05-16,16,14.97
NOT004156,STU00525,MAT0020,1,EXAMEN,11.35,2,2023-04-16,16,22.7
NOT004157,STU00525,MAT0007,3,PROJET,13.58,2,2024-05-17,16,27.16
NOT004158,STU00525,MAT0013,3,CC,10.57,1,2024-04-16,16,10.57
NOT004159,STU00525,MAT0029,3,EXAMEN,10.05,1,2024-04-16,16,10.05
NOT004160,STU00525,MAT0001,4,PROJET,12.25,1,2024-04-15,16,12.25
NOT004161,STU00525,MAT0022,4,EXAMEN,12.04,3,2023-05-17,16,36.12
NOT004162,STU00525,MAT0031,3,PROJET,13.44,2,2023-04-16,16,26.88
NOT004163,STU00526,MAT0019,4,CC,11.19,1,2024-05-17,17,11.19
NOT004164,STU00526,MAT0021,1,EXAMEN,6.49,2,2023-05-16,17,12.98
NOT004165,STU00526,MAT0018,1,PROJET,10.7,3,2023-05-17,17,32.1
NOT004166,STU00526,MAT0002,3,TP,14.38,3,2023-04-15,17,43.14
NOT004167,STU00526,MAT0023,4,PROJET,11.11,1,2024-04-15,17,11.11
NOT004168,STU00526,MAT0035,2,TP,11.26,3,2023-05-17,17,33.78
NOT004169,STU00527,MAT0020,2,CC,14.96,1,2023-04-16,18,14.96
NOT004170,STU00527,MAT0002,3,TP,9.86,3,2023-04-16,18,29.579998
NOT004171,STU00527,MAT0026,1,EXAMEN,7.37,3,2024-05-16,18,22.11
NOT004172,STU00527,MAT0003,3,EXAMEN,11.52,2,2024-05-16,18,23.04
NOT004173,STU00527,MAT0013,1,PROJET,10.55,2,2023-05-16,18,21.1
NOT004174,STU00527,MAT0021,3,EXAMEN,9.1,3,2024-05-16,18,27.300001
NOT004175,STU00527,MAT0004,4,CC,11.47,2,2023-05-16,18,22.94
NOT004176,STU00527,MAT0001,2,PROJET,13.47,2,2023-04-15,18,26.94
NOT004177,STU00528,MAT0014,4,EXAMEN,11.97,2,2024-05-16,19,23.94
NOT004178,STU00528,MAT0018,4,PROJET,12.92,1,2023-05-17,19,12.92
NOT004179,STU00528,MAT0021,1,CC,17.44,2,2024-05-17,19,34.88
NOT004180,STU00528,MAT0023,3,CC,10.97,2,2024-05-17,19,21.94
NOT004181,STU00528,MAT0013,2,CC,12.84,2,2024-04-15,19,25.68
NOT004182,STU00528,MAT0033,4,CC,10.47,2,2024-05-17,19,20.94
NOT004183,STU00528,MAT0017,2,TP,9.46,2,2023-04-16,19,18.92
NOT004184,STU00528,MAT0025,3,EXAMEN,10.25,2,2023-04-16,19,20.5
NOT004185,STU00528,MAT0035,4,TP,10.56,3,2023-05-16,19,31.68
NOT004186,STU00528,MAT0012,4,CC,13.08,2,2024-04-15,19,26.16
NOT004187,STU00529,MAT0013,1,EXAMEN,19.05,2,2024-05-17,20,38.1
NOT004188,STU00529,MAT0034,1,EXAMEN,9.85,1,2023-05-17,20,9.85
NOT004189,STU00529,MAT0004,4,CC,10.75,3,2024-05-17,20,32.25
NOT004190,STU00529,MAT0032,3,CC,11.81,3,2024-04-16,20,35.43
NOT004191,STU00529,MAT0018,1,CC,13.19,2,2024-05-17,20,26.38
NOT004192,STU00529,MAT0014,2,CC,12.79,1,2024-04-15,20,12.79
NOT004193,STU00530,MAT0014,3,TP,15.85,2,2023-04-16,21,31.7
NOT004194,STU00530,MAT0012,1,EXAMEN,4.72,3,2023-04-15,21,14.16
NOT004195,STU00530,MAT0010,2,PROJET,4.84,3,2024-04-15,21,14.52
NOT004196,STU00530,MAT0035,2,TP,10.51,2,2024-04-15,21,21.02
NOT004197,STU00530,MAT0005,3,EXAMEN,15.29,3,2024-05-16,21,45.87
NOT004198,STU00530,MAT0008,2,PROJET,7.3,2,2023-05-17,21,14.6
NOT004199,STU00530,MAT0026,4,TP,2.98,3,2023-04-15,21,8.940001
NOT004200,STU00530,MAT0003,3,TP,13.71,3,2024-05-17,21,41.13
NOT004201,STU00530,MAT0034,2,EXAMEN,12.73,2,2024-04-15,21,25.46
NOT004202,STU00530,MAT0011,1,TP,8.73,2,2023-05-16,21,17.46
NOT004203,STU00531,MAT0005,3,EXAMEN,9.04,3,2024-05-16,12,27.119999
NOT004204,STU00531,MAT0014,3,CC,9.09,1,2023-04-16,12,9.09
NOT004205,STU00531,MAT0024,1,PROJET,12.33,2,2024-04-16,12,24.66
NOT004206,STU00531,MAT0021,1,PROJET,10.12,3,2024-05-16,12,30.36
NOT004207,STU00531,MAT0010,2,PROJET,13.48,2,2024-05-17,12,26.96
NOT004208,STU00531,MAT0013,4,CC,3.44,2,2023-04-15,12,6.88
NOT004209,STU00531,MAT0009,4,CC,9.43,2,2023-04-16,12,18.86
NOT004210,STU00532,MAT0010,2,CC,8.62,2,2024-04-15,13,17.24
NOT004211,STU00532,MAT0025,2,TP,11.23,2,2023-05-17,13,22.46
NOT004212,STU00532,MAT0019,3,PROJET,10.39,2,2024-05-16,13,20.78
NOT004213,STU00532,MAT0001,3,TP,14.39,1,2024-04-15,13,14.39
NOT004214,STU00532,MAT0008,2,PROJET,6.42,1,2024-05-17,13,6.42
NOT004215,STU00532,MAT0016,4,PROJET,12.14,2,2024-04-15,13,24.28
NOT004216,STU00532,MAT0004,2,CC,13.68,2,2023-05-17,13,27.36
NOT004217,STU00532,MAT0007,4,PROJET,17.57,2,2023-05-17,13,35.14
NOT004218,STU00532,MAT0028,4,TP,10.55,1,2024-04-16,13,10.55
NOT004219,STU00533,MAT0034,1,CC,12.97,2,2023-05-16,14,25.94
NOT004220,STU00533,MAT0029,4,TP,6.59,3,2024-04-16,14,19.77
NOT004221,STU00533,MAT0012,3,CC,4.82,1,2024-05-17,14,4.82
NOT004222,STU00533,MAT0019,2,CC,14.53,2,2024-04-15,14,29.06
NOT004223,STU00533,MAT0005,3,PROJET,11.98,2,2023-04-16,14,23.96
NOT004224,STU00533,MAT0014,1,EXAMEN,15.54,1,2023-05-17,14,15.54
NOT004225,STU00533,MAT0001,4,EXAMEN,7.88,3,2024-04-16,14,23.64
NOT004226,STU00534,MAT0009,3,EXAMEN,13.56,1,2023-04-16,15,13.56
NOT004227,STU00534,MAT0033,4,TP,17.61,2,2024-05-17,15,35.22
NOT004228,STU00534,MAT0014,1,TP,13.26,2,2023-04-16,15,26.52
NOT004229,STU00534,MAT0010,2,CC,12.83,3,2024-05-16,15,38.489998
NOT004230,STU00534,MAT0002,2,CC,12.03,2,2023-04-15,15,24.06
NOT004231,STU00534,MAT0018,1,TP,7.29,3,2023-05-17,15,21.869999
NOT004232,STU00534,MAT0004,2,EXAMEN,16.07,1,2023-04-15,15,16.07
NOT004233,STU00535,MAT0007,2,EXAMEN,10.17,1,2023-04-15,16,10.17
NOT004234,STU00535,MAT0019,4,PROJET,13.51,2,2024-05-16,16,27.02
NOT004235,STU00535,MAT0027,2,PROJET,7.31,3,2024-04-16,16,21.93
NOT004236,STU00535,MAT0018,2,TP,8.46,2,2023-04-15,16,16.92
NOT004237,STU00535,MAT0024,4,TP,16.31,2,2024-04-16,16,32.62
NOT004238,STU00535,MAT0034,1,TP,10.96,1,2024-05-16,16,10.96
NOT004239,STU00535,MAT0003,1,CC,16.36,3,2023-04-16,16,49.08
NOT004240,STU00535,MAT0007,4,EXAMEN,11.77,1,2023-05-17,16,11.77
NOT004241,STU00535,MAT0032,1,PROJET,6.47,2,2024-05-17,16,12.94
NOT004242,STU00535,MAT0019,1,TP,14.68,3,2023-04-15,16,44.04
NOT004243,STU00536,MAT0029,2,EXAMEN,10.23,3,2023-05-16,17,30.689999
NOT004244,STU00536,MAT0001,3,TP,14.1,2,2023-05-16,17,28.2
NOT004245,STU00536,MAT0018,1,PROJET,12.08,1,2024-05-17,17,12.08
NOT004246,STU00536,MAT0009,2,PROJET,7.37,3,2024-04-15,17,22.11
NOT004247,STU00536,MAT0026,4,CC,12.49,2,2023-05-16,17,24.98
NOT004248,STU00536,MAT0024,3,EXAMEN,18.59,3,2024-04-15,17,55.77
NOT004249,STU00536,MAT0027,1,TP,13.48,2,2024-04-15,17,26.96
NOT004250,STU00536,MAT0008,1,EXAMEN,11.83,2,2024-04-15,17,23.66
NOT004251,STU00536,MAT0016,2,EXAMEN,15.23,2,2024-05-17,17,30.46
NOT004252,STU00537,MAT0012,4,TP,12.63,3,2024-05-16,18,37.89
NOT004253,STU00537,MAT0028,2,CC,12.63,2,2023-04-15,18,25.26
NOT004254,STU00537,MAT0030,1,CC,8.73,3,2024-05-16,18,26.189999
NOT004255,STU00537,MAT0033,2,PROJET,12.7,1,2023-04-16,18,12.7
NOT004256,STU00537,MAT0030,4,CC,15.11,3,2023-04-15,18,45.329998
NOT004257,STU00537,MAT0013,4,EXAMEN,9.49,1,2024-05-17,18,9.49
NOT004258,STU00537,MAT0022,1,PROJET,16.27,3,2024-04-15,18,48.81
NOT004259,STU00538,MAT0029,2,EXAMEN,11.72,2,2024-05-17,19,23.44
NOT004260,STU00538,MAT0029,4,EXAMEN,9.34,2,2024-04-16,19,18.68
NOT004261,STU00538,MAT0030,4,CC,14.99,2,2023-05-17,19,29.98
NOT004262,STU00538,MAT0022,1,PROJET,11.14,2,2023-05-17,19,22.28
NOT004263,STU00538,MAT0029,2,CC,14.28,2,2024-05-16,19,28.56
NOT004264,STU00538,MAT0018,3,TP,11.12,3,2023-04-15,19,33.36
NOT004265,STU00538,MAT0021,2,CC,11.82,3,2024-04-15,19,35.46
NOT004266,STU00539,MAT0010,4,EXAMEN,13.48,1,2023-04-16,20,13.48
NOT004267,STU00539,MAT0008,2,PROJET,12.87,1,2023-04-15,20,12.87
NOT004268,STU00539,MAT0021,3,TP,6.01,2,2024-04-16,20,12.02
NOT004269,STU00539,MAT0005,2,CC,8.64,1,2023-05-16,20,8.64
NOT004270,STU00539,MAT0003,3,CC,14.79,2,2023-04-15,20,29.58
NOT004271,STU00539,MAT0027,3,CC,11.6,2,2024-04-15,20,23.2
NOT004272,STU00540,MAT0001,1,PROJET,10.43,2,2024-04-15,21,20.86
NOT004273,STU00540,MAT0016,4,TP,7.92,2,2023-05-17,21,15.84
NOT004274,STU00540,MAT0004,3,CC,8.76,2,2023-04-15,21,17.52
NOT004275,STU00540,MAT0035,4,EXAMEN,5.93,2,2023-04-15,21,11.86
NOT004276,STU00540,MAT0018,2,CC,11.7,1,2024-04-16,21,11.7
NOT004277,STU00540,MAT0009,4,TP,10.2,2,2024-05-16,21,20.4
NOT004278,STU00540,MAT0020,2,PROJET,9.1,1,2023-04-16,21,9.1
NOT004279,STU00541,MAT0033,1,TP,11.8,2,2024-05-17,12,23.6
NOT004280,STU00541,MAT0028,3,CC,13.09,2,2024-05-16,12,26.18
NOT004281,STU00541,MAT0012,2,PROJET,18.28,3,2023-04-16,12,54.840004
NOT004282,STU00541,MAT0018,3,EXAMEN,7.46,1,2024-04-15,12,7.46
NOT004283,STU00541,MAT0011,3,PROJET,15.48,2,2024-04-16,12,30.96
NOT004284,STU00541,MAT0011,4,PROJET,14.92,2,2023-05-16,12,29.84
NOT004285,STU00542,MAT0034,3,TP,9.66,3,2024-04-15,13,28.98
NOT004286,STU00542,MAT0015,2,PROJET,12.61,2,2024-05-16,13,25.22
NOT004287,STU00542,MAT0012,4,PROJET,10.63,2,2024-04-15,13,21.26
NOT004288,STU00542,MAT0035,4,EXAMEN,12.56,3,2023-04-16,13,37.68
NOT004289,STU00542,MAT0010,3,CC,16.53,3,2024-05-16,13,49.590004
NOT004290,STU00542,MAT0015,2,CC,13.82,2,2023-05-17,13,27.64
NOT004291,STU00542,MAT0016,2,TP,13.53,3,2024-05-17,13,40.59
NOT004292,STU00542,MAT0021,4,EXAMEN,10.71,2,2024-04-16,13,21.42
NOT004293,STU00543,MAT0022,4,EXAMEN,7.55,1,2024-04-16,14,7.55
NOT004294,STU00543,MAT0009,3,TP,11.37,3,2024-04-15,14,34.11
NOT004295,STU00543,MAT0027,2,TP,15.62,2,2024-05-16,14,31.24
NOT004296,STU00543,MAT0003,3,CC,7.42,3,2023-04-16,14,22.26
NOT004297,STU00543,MAT0013,2,EXAMEN,8.83,2,2023-04-15,14,17.66
NOT004298,STU00543,MAT0001,1,EXAMEN,12.38,2,2024-05-17,14,24.76
NOT004299,STU00543,MAT0010,1,CC,9.05,2,2024-04-16,14,18.1
NOT004300,STU00543,MAT0032,3,TP,9.62,1,2023-04-15,14,9.62
NOT004301,STU00543,MAT0025,2,CC,10.73,2,2024-05-17,14,21.46
NOT004302,STU00544,MAT0025,1,TP,7.9,2,2024-05-16,15,15.8
NOT004303,STU00544,MAT0003,3,CC,9.08,2,2024-05-16,15,18.16
NOT004304,STU00544,MAT0011,3,PROJET,14.11,3,2024-04-16,15,42.329998
NOT004305,STU00544,MAT0024,4,CC,8.08,2,2024-05-16,15,16.16
NOT004306,STU00544,MAT0001,1,EXAMEN,7.21,3,2023-05-17,15,21.630001
NOT004307,STU00544,MAT0011,3,PROJET,10.11,2,2024-04-15,15,20.22
NOT004308,STU00545,MAT0012,2,CC,14.2,1,2024-04-16,16,14.2
NOT004309,STU00545,MAT0003,2,TP,11.41,1,2023-04-15,16,11.41
NOT004310,STU00545,MAT0004,1,CC,10.61,1,2023-04-16,16,10.61
NOT004311,STU00545,MAT0011,2,CC,12.13,1,2024-04-15,16,12.13
NOT004312,STU00545,MAT0035,4,PROJET,6.76,1,2023-04-16,16,6.76
NOT004313,STU00545,MAT0019,1,CC,13.48,3,2023-05-17,16,40.44
NOT004314,STU00546,MAT0024,4,EXAMEN,13.15,1,2023-04-15,17,13.15
NOT004315,STU00546,MAT0026,1,TP,10.77,2,2023-04-16,17,21.54
NOT004316,STU00546,MAT0023,4,EXAMEN,15.02,2,2023-04-16,17,30.04
NOT004317,STU00546,MAT0031,4,CC,8.62,3,2024-04-16,17,25.86
NOT004318,STU00546,MAT0020,3,TP,15.38,2,2024-04-15,17,30.76
NOT004319,STU00546,MAT0013,4,TP,12.46,2,2023-04-16,17,24.92
NOT004320,STU00546,MAT0024,2,PROJET,10.99,2,2024-05-16,17,21.98
NOT004321,STU00546,MAT0026,3,TP,11.94,2,2024-05-17,17,23.88
NOT004322,STU00546,MAT0010,1,EXAMEN,11.68,3,2023-05-17,17,35.04
NOT004323,STU00546,MAT0020,4,PROJET,15.66,2,2023-05-16,17,31.32
NOT004324,STU00547,MAT0018,1,TP,8.77,2,2024-05-17,18,17.54
NOT004325,STU00547,MAT0002,3,CC,9.71,1,2024-04-15,18,9.71
NOT004326,STU00547,MAT0007,2,CC,15.11,1,2023-05-17,18,15.11
NOT004327,STU00547,MAT0004,3,PROJET,10.21,1,2024-05-17,18,10.21
NOT004328,STU00547,MAT0003,1,EXAMEN,14.7,2,2024-05-16,18,29.4
NOT004329,STU00547,MAT0018,1,CC,17.1,2,2023-04-15,18,34.2
NOT004330,STU00547,MAT0033,1,CC,10.79,2,2023-05-16,18,21.58
NOT004331,STU00547,MAT0012,3,TP,14.04,2,2024-05-16,18,28.08
NOT004332,STU00547,MAT0019,4,CC,8.54,2,2023-05-17,18,17.08
NOT004333,STU00547,MAT0008,1,TP,14.26,2,2023-04-15,18,28.52
NOT004334,STU00548,MAT0006,3,EXAMEN,12.6,3,2023-04-16,19,37.800003
NOT004335,STU00548,MAT0001,2,EXAMEN,13.42,2,2024-04-15,19,26.84
NOT004336,STU00548,MAT0007,3,EXAMEN,10.06,2,2024-05-16,19,20.12
NOT004337,STU00548,MAT0031,1,PROJET,7.02,2,2024-05-17,19,14.04
NOT004338,STU00548,MAT0007,4,PROJET,13.51,2,2024-04-16,19,27.02
NOT004339,STU00548,MAT0008,4,TP,5.81,3,2024-04-16,19,17.43
NOT004340,STU00548,MAT0015,3,EXAMEN,11.05,1,2024-04-16,19,11.05
NOT004341,STU00549,MAT0013,3,EXAMEN,14.82,2,2024-04-15,20,29.64
NOT004342,STU00549,MAT0024,4,EXAMEN,12.58,2,2024-04-15,20,25.16
NOT004343,STU00549,MAT0021,2,EXAMEN,17.85,3,2024-04-15,20,53.550003
NOT004344,STU00549,MAT0009,4,CC,15.08,2,2023-04-15,20,30.16
NOT004345,STU00549,MAT0001,2,PROJET,10.04,2,2024-05-17,20,20.08
NOT004346,STU00549,MAT0027,2,CC,12.08,1,2023-05-16,20,12.08
NOT004347,STU00549,MAT0031,4,PROJET,11.86,1,2023-05-16,20,11.86
NOT004348,STU00549,MAT0033,2,PROJET,7.25,2,2023-05-17,20,14.5
NOT004349,STU00549,MAT0019,2,TP,9.18,2,2023-05-17,20,18.36
NOT004350,STU00549,MAT0034,2,EXAMEN,10.32,2,2024-04-15,20,20.64
NOT004351,STU00550,MAT0026,2,TP,5.89,2,2023-04-15,21,11.78
NOT004352,STU00550,MAT0021,3,CC,12.14,2,2023-04-16,21,24.28
NOT004353,STU00550,MAT0021,3,TP,11.25,2,2023-04-15,21,22.5
NOT004354,STU00550,MAT0013,1,CC,6.98,2,2024-04-15,21,13.96
NOT004355,STU00550,MAT0009,3,CC,13.21,2,2023-05-17,21,26.42
NOT004356,STU00550,MAT0031,3,EXAMEN,14.15,1,2023-05-16,21,14.15
NOT004357,STU00550,MAT0016,3,CC,12.68,2,2024-05-17,21,25.36
NOT004358,STU00550,MAT0006,2,PROJET,11.03,2,2024-05-17,21,22.06
NOT004359,STU00551,MAT0029,2,TP,13.77,3,2023-05-17,12,41.31
NOT004360,STU00551,MAT0012,2,EXAMEN,14.04,3,2023-05-16,12,42.12
NOT004361,STU00551,MAT0008,3,EXAMEN,12.92,3,2024-05-17,12,38.760002
NOT004362,STU00551,MAT0028,1,CC,9.53,1,2023-04-16,12,9.53
NOT004363,STU00551,MAT0020,3,EXAMEN,12.83,2,2023-04-16,12,25.66
NOT004364,STU00551,MAT0035,2,PROJET,15.59,1,2023-05-16,12,15.59
NOT004365,STU00552,MAT0024,2,EXAMEN,10.21,1,2024-04-16,13,10.21
NOT004366,STU00552,MAT0035,4,CC,18.29,2,2023-04-15,13,36.58
NOT004367,STU00552,MAT0008,2,EXAMEN,10.42,2,2024-04-16,13,20.84
NOT004368,STU00552,MAT0004,4,EXAMEN,12.1,3,2024-05-16,13,36.300003
NOT004369,STU00552,MAT0016,3,PROJET,9.98,1,2023-05-16,13,9.98
NOT004370,STU00552,MAT0008,3,CC,12.67,2,2024-04-16,13,25.34
NOT004371,STU00552,MAT0030,3,CC,6.77,1,2024-04-15,13,6.77
NOT004372,STU00552,MAT0027,4,PROJET,10.36,3,2024-04-15,13,31.079998
NOT004373,STU00553,MAT0010,4,PROJET,8.72,1,2024-05-16,14,8.72
NOT004374,STU00553,MAT0018,4,EXAMEN,12.41,3,2024-05-16,14,37.23
NOT004375,STU00553,MAT0022,2,EXAMEN,14.98,1,2024-04-16,14,14.98
NOT004376,STU00553,MAT0018,2,TP,13.94,3,2023-05-16,14,41.82
NOT004377,STU00553,MAT0004,1,CC,4.89,1,2023-05-16,14,4.89
NOT004378,STU00553,MAT0007,2,EXAMEN,18.13,2,2023-05-16,14,36.26
NOT004379,STU00554,MAT0015,2,CC,12.89,3,2024-05-17,15,38.670002
NOT004380,STU00554,MAT0001,1,CC,9.67,2,2023-04-16,15,19.34
NOT004381,STU00554,MAT0020,1,EXAMEN,12.47,2,2024-04-16,15,24.94
NOT004382,STU00554,MAT0011,4,TP,12.53,2,2024-04-16,15,25.06
NOT004383,STU00554,MAT0025,2,TP,10.0,1,2023-04-16,15,10.0
NOT004384,STU00554,MAT0026,1,TP,12.59,3,2023-04-15,15,37.77
NOT004385,STU00554,MAT0035,4,EXAMEN,10.18,2,2023-05-16,15,20.36
NOT004386,STU00554,MAT0010,4,CC,10.79,1,2024-05-16,15,10.79
NOT004387,STU00554,MAT0004,1,PROJET,9.94,2,2024-05-17,15,19.88
NOT004388,STU00555,MAT0035,1,EXAMEN,7.7,2,2023-04-16,16,15.4
NOT004389,STU00555,MAT0001,3,TP,12.44,2,2023-05-17,16,24.88
NOT004390,STU00555,MAT0014,1,CC,13.76,2,2024-04-16,16,27.52
NOT004391,STU00555,MAT0020,1,TP,13.54,2,2024-04-15,16,27.08
NOT004392,STU00555,MAT0010,1,TP,14.46,1,2024-05-16,16,14.46
NOT004393,STU00555,MAT0008,1,CC,12.97,2,2024-04-16,16,25.94
NOT004394,STU00555,MAT0001,4,CC,10.4,2,2023-05-17,16,20.8
NOT004395,STU00556,MAT0013,4,PROJET,14.52,1,2024-05-17,17,14.52
NOT004396,STU00556,MAT0027,2,PROJET,7.93,2,2024-04-15,17,15.86
NOT004397,STU00556,MAT0011,3,CC,9.3,3,2024-04-15,17,27.900002
NOT004398,STU00556,MAT0016,3,TP,9.11,1,2023-04-15,17,9.11
NOT004399,STU00556,MAT0022,2,EXAMEN,15.24,1,2024-05-16,17,15.24
NOT004400,STU00556,MAT0015,1,PROJET,14.83,3,2024-04-16,17,44.489998
NOT004401,STU00556,MAT0004,1,TP,13.46,1,2024-04-16,17,13.46
NOT004402,STU00556,MAT0027,1,EXAMEN,15.22,3,2023-05-16,17,45.66
NOT004403,STU00557,MAT0002,3,CC,9.36,2,2024-04-16,18,18.72
NOT004404,STU00557,MAT0022,2,PROJET,13.05,3,2024-05-16,18,39.15
NOT004405,STU00557,MAT0015,3,EXAMEN,11.62,2,2024-05-16,18,23.24
NOT004406,STU00557,MAT0013,3,EXAMEN,14.54,2,2023-04-16,18,29.08
NOT004407,STU00557,MAT0002,4,EXAMEN,11.65,3,2024-04-15,18,34.949997
NOT004408,STU00557,MAT0012,1,PROJET,10.85,2,2023-04-15,18,21.7
NOT004409,STU00557,MAT0006,4,TP,13.62,2,2023-04-16,18,27.24
NOT004410,STU00557,MAT0007,3,EXAMEN,14.63,1,2023-05-16,18,14.63
NOT004411,STU00557,MAT0006,1,CC,9.99,2,2023-05-17,18,19.98
NOT004412,STU00557,MAT0021,2,PROJET,11.82,1,2024-05-17,18,11.82
NOT004413,STU00558,MAT0012,3,TP,8.82,2,2024-05-16,19,17.64
NOT004414,STU00558,MAT0035,4,PROJET,4.51,2,2023-05-17,19,9.02
NOT004415,STU00558,MAT0013,3,PROJET,12.6,3,2024-05-16,19,37.800003
NOT004416,STU00558,MAT0026,2,CC,13.83,2,2023-04-16,19,27.66
NOT004417,STU00558,MAT0001,1,EXAMEN,12.79,2,2023-05-17,19,25.58
NOT004418,STU00558,MAT0014,1,EXAMEN,6.15,2,2024-04-16,19,12.3
NOT004419,STU00558,MAT0018,1,TP,10.95,1,2023-05-17,19,10.95
NOT004420,STU00558,MAT0033,4,TP,5.34,1,2023-05-16,19,5.34
NOT004421,STU00558,MAT0026,3,CC,16.11,2,2024-05-17,19,32.22
NOT004422,STU00558,MAT0033,3,CC,8.74,1,2024-05-17,19,8.74
NOT004423,STU00559,MAT0023,3,CC,15.77,1,2024-04-16,20,15.77
NOT004424,STU00559,MAT0020,3,EXAMEN,14.84,2,2023-05-16,20,29.68
NOT004425,STU00559,MAT0012,2,CC,9.3,2,2023-04-16,20,18.6
NOT004426,STU00559,MAT0022,3,PROJET,8.6,1,2023-04-15,20,8.6
NOT004427,STU00559,MAT0032,2,EXAMEN,13.05,2,2023-04-15,20,26.1
NOT004428,STU00559,MAT0019,1,CC,9.47,1,2023-04-15,20,9.47
NOT004429,STU00559,MAT0028,1,CC,12.31,2,2024-04-15,20,24.62
NOT004430,STU00560,MAT0017,1,TP,10.55,1,2023-05-17,21,10.55
NOT004431,STU00560,MAT0022,1,EXAMEN,6.66,2,2023-05-16,21,13.32
NOT004432,STU00560,MAT0002,3,EXAMEN,5.31,2,2023-05-17,21,10.62
NOT004433,STU00560,MAT0026,2,TP,12.68,2,2023-05-16,21,25.36
NOT004434,STU00560,MAT0023,2,EXAMEN,10.32,3,2023-05-16,21,30.96
NOT004435,STU00560,MAT0010,3,CC,10.34,3,2023-04-16,21,31.02
NOT004436,STU00560,MAT0024,1,CC,14.09,2,2024-05-16,21,28.18
NOT004437,STU00560,MAT0017,2,EXAMEN,15.52,2,2023-04-15,21,31.04
NOT004438,STU00560,MAT0030,1,EXAMEN,11.18,1,2024-04-16,21,11.18
NOT004439,STU00560,MAT0024,4,CC,10.98,3,2023-05-17,21,32.94
NOT004440,STU00561,MAT0029,1,EXAMEN,13.5,1,2023-04-16,12,13.5
NOT004441,STU00561,MAT0016,1,PROJET,7.93,2,2023-05-17,12,15.86
NOT004442,STU00561,MAT0002,2,CC,12.67,2,2023-05-17,12,25.34
NOT004443,STU00561,MAT0034,1,PROJET,13.66,2,2024-04-15,12,27.32
NOT004444,STU00561,MAT0005,1,EXAMEN,14.04,3,2024-05-16,12,42.12
NOT004445,STU00561,MAT0026,3,PROJET,6.19,3,2023-04-16,12,18.57
NOT004446,STU00562,MAT0004,4,CC,9.72,1,2023-04-15,13,9.72
NOT004447,STU00562,MAT0015,1,TP,9.37,1,2023-04-16,13,9.37
NOT004448,STU00562,MAT0018,4,CC,12.3,3,2023-05-17,13,36.9
NOT004449,STU00562,MAT0034,4,PROJET,13.44,1,2024-04-16,13,13.44
NOT004450,STU00562,MAT0006,1,PROJET,16.49,3,2023-05-16,13,49.47
NOT004451,STU00562,MAT0024,3,CC,10.52,3,2023-05-16,13,31.560001
NOT004452,STU00562,MAT0026,2,PROJET,10.51,1,2024-05-16,13,10.51
NOT004453,STU00563,MAT0004,3,CC,15.45,1,2023-05-17,14,15.45
NOT004454,STU00563,MAT0035,4,EXAMEN,12.89,3,2023-04-15,14,38.670002
NOT004455,STU00563,MAT0006,1,TP,15.8,2,2024-05-16,14,31.6
NOT004456,STU00563,MAT0032,4,CC,12.87,2,2023-04-16,14,25.74
NOT004457,STU00563,MAT0025,4,PROJET,8.53,1,2024-05-17,14,8.53
NOT004458,STU00563,MAT0031,2,PROJET,8.0,2,2023-05-16,14,16.0
NOT004459,STU00563,MAT0018,4,CC,7.35,2,2024-04-16,14,14.7
NOT004460,STU00563,MAT0024,2,TP,13.99,2,2023-04-16,14,27.98
NOT004461,STU00564,MAT0002,1,EXAMEN,15.57,2,2024-04-16,15,31.14
NOT004462,STU00564,MAT0002,3,EXAMEN,17.55,2,2023-05-17,15,35.1
NOT004463,STU00564,MAT0016,2,CC,14.53,3,2023-04-15,15,43.59
NOT004464,STU00564,MAT0008,3,EXAMEN,15.49,1,2023-05-17,15,15.49
NOT004465,STU00564,MAT0017,4,CC,10.26,2,2024-04-16,15,20.52
NOT004466,STU00564,MAT0033,1,PROJET,8.53,2,2023-04-15,15,17.06
NOT004467,STU00564,MAT0025,4,TP,14.55,1,2023-04-15,15,14.55
NOT004468,STU00564,MAT0015,4,EXAMEN,13.25,2,2024-04-16,15,26.5
NOT004469,STU00565,MAT0008,4,EXAMEN,12.32,2,2024-04-15,16,24.64
NOT004470,STU00565,MAT0012,2,CC,13.16,2,2024-04-15,16,26.32
NOT004471,STU00565,MAT0010,3,TP,12.97,1,2024-05-16,16,12.97
NOT004472,STU00565,MAT0030,2,TP,15.85,3,2024-04-16,16,47.550003
NOT004473,STU00565,MAT0028,3,CC,15.88,2,2023-04-16,16,31.76
NOT004474,STU00565,MAT0004,2,EXAMEN,13.63,2,2024-05-17,16,27.26
NOT004475,STU00565,MAT0026,1,TP,14.54,1,2024-04-15,16,14.54
NOT004476,STU00565,MAT0031,1,EXAMEN,13.54,2,2024-05-17,16,27.08
NOT004477,STU00565,MAT0008,1,TP,10.62,3,2023-04-15,16,31.86
NOT004478,STU00566,MAT0015,1,PROJET,14.27,3,2024-04-16,17,42.81
NOT004479,STU00566,MAT0033,3,PROJET,7.82,2,2023-05-16,17,15.64
NOT004480,STU00566,MAT0003,4,CC,15.16,2,2023-05-17,17,30.32
NOT004481,STU00566,MAT0022,1,PROJET,8.42,1,2024-04-15,17,8.42
NOT004482,STU00566,MAT0013,1,EXAMEN,12.86,2,2023-04-15,17,25.72
NOT004483,STU00566,MAT0008,1,PROJET,9.46,3,2024-04-16,17,28.380001
NOT004484,STU00566,MAT0034,4,PROJET,13.66,3,2023-04-16,17,40.98
NOT004485,STU00566,MAT0016,3,PROJET,11.9,1,2023-05-17,17,11.9
NOT004486,STU00566,MAT0003,3,EXAMEN,7.22,3,2023-05-16,17,21.66
NOT004487,STU00567,MAT0029,2,PROJET,13.26,2,2023-05-17,18,26.52
NOT004488,STU00567,MAT0020,2,PROJET,10.27,2,2023-04-16,18,20.54
NOT004489,STU00567,MAT0020,4,CC,14.64,1,2023-04-15,18,14.64
NOT004490,STU00567,MAT0002,2,TP,12.0,1,2023-04-15,18,12.0
NOT004491,STU00567,MAT0017,4,TP,13.19,1,2024-05-16,18,13.19
NOT004492,STU00567,MAT0033,3,CC,9.13,1,2024-05-17,18,9.13
NOT004493,STU00567,MAT0030,1,TP,10.23,1,2023-05-17,18,10.23
NOT004494,STU00568,MAT0009,1,TP,10.62,3,2024-05-16,19,31.86
NOT004495,STU00568,MAT0009,3,PROJET,14.57,1,2023-04-16,19,14.57
NOT004496,STU00568,MAT0003,3,CC,17.03,3,2023-05-17,19,51.090004
NOT004497,STU00568,MAT0033,2,TP,9.58,2,2024-05-17,19,19.16
NOT004498,STU00568,MAT0030,2,TP,15.23,2,2023-04-15,19,30.46
NOT004499,STU00568,MAT0031,3,CC,5.49,3,2024-04-16,19,16.47
NOT004500,STU00568,MAT0022,1,TP,8.42,1,2024-04-15,19,8.42
NOT004501,STU00568,MAT0007,4,TP,9.12,3,2023-05-17,19,27.36
NOT004502,STU00569,MAT0032,3,CC,7.94,1,2024-04-16,20,7.94
NOT004503,STU00569,MAT0014,4,PROJET,7.25,3,2023-04-15,20,21.75
NOT004504,STU00569,MAT0015,3,CC,13.24,2,2024-04-16,20,26.48
NOT004505,STU00569,MAT0024,4,CC,11.36,3,2023-05-17,20,34.079998
NOT004506,STU00569,MAT0033,4,TP,13.14,2,2024-04-16,20,26.28
NOT004507,STU00569,MAT0008,3,CC,14.07,2,2023-05-16,20,28.14
NOT004508,STU00569,MAT0017,4,CC,12.8,1,2024-05-16,20,12.8
NOT004509,STU00569,MAT0035,4,CC,13.97,1,2024-04-16,20,13.97
NOT004510,STU00569,MAT0001,1,CC,11.79,1,2023-05-16,20,11.79
NOT004511,STU00569,MAT0008,3,EXAMEN,8.44,3,2024-04-16,20,25.32
NOT004512,STU00570,MAT0019,2,CC,15.17,1,2023-05-17,21,15.17
NOT004513,STU00570,MAT0019,1,CC,10.23,2,2024-04-15,21,20.46
NOT004514,STU00570,MAT0028,3,CC,9.19,1,2024-04-15,21,9.19
NOT004515,STU00570,MAT0022,3,EXAMEN,11.47,2,2023-05-16,21,22.94
NOT004516,STU00570,MAT0028,3,TP,9.26,3,2023-04-16,21,27.78
NOT004517,STU00570,MAT0027,1,PROJET,10.75,2,2024-05-16,21,21.5
NOT004518,STU00571,MAT0032,4,PROJET,13.03,2,2024-04-15,12,26.06
NOT004519,STU00571,MAT0017,2,TP,13.05,3,2023-05-16,12,39.15
NOT004520,STU00571,MAT0016,3,PROJET,9.31,2,2023-05-17,12,18.62
NOT004521,STU00571,MAT0027,1,TP,10.54,3,2023-05-17,12,31.619999
NOT004522,STU00571,MAT0026,3,TP,15.22,1,2024-04-15,12,15.22
NOT004523,STU00571,MAT0029,3,EXAMEN,13.49,2,2023-05-17,12,26.98
NOT004524,STU00572,MAT0022,2,CC,18.23,1,2023-04-16,13,18.23
NOT004525,STU00572,MAT0025,4,PROJET,15.54,1,2024-04-15,13,15.54
NOT004526,STU00572,MAT0034,2,EXAMEN,15.43,2,2023-04-15,13,30.86
NOT004527,STU00572,MAT0018,4,PROJET,7.84,1,2024-04-15,13,7.84
NOT004528,STU00572,MAT0034,4,PROJET,14.29,2,2023-04-15,13,28.58
NOT004529,STU00572,MAT0016,2,PROJET,11.84,3,2024-04-15,13,35.52
NOT004530,STU00573,MAT0006,2,CC,10.35,1,2024-04-15,14,10.35
NOT004531,STU00573,MAT0019,4,EXAMEN,12.5,3,2023-04-16,14,37.5
NOT004532,STU00573,MAT0007,2,TP,14.84,1,2023-05-16,14,14.84
NOT004533,STU00573,MAT0001,4,PROJET,13.5,2,2023-04-15,14,27.0
NOT004534,STU00573,MAT0035,4,CC,9.36,3,2024-04-15,14,28.079998
NOT004535,STU00573,MAT0033,3,CC,14.23,1,2023-04-15,14,14.23
NOT004536,STU00573,MAT0022,3,CC,10.09,2,2024-04-16,14,20.18
NOT004537,STU00574,MAT0022,2,PROJET,12.65,3,2024-04-15,15,37.949997
NOT004538,STU00574,MAT0006,2,EXAMEN,11.09,2,2023-04-15,15,22.18
NOT004539,STU00574,MAT0008,2,TP,11.34,3,2024-04-16,15,34.02
NOT004540,STU00574,MAT0023,3,TP,14.3,2,2023-04-16,15,28.6
NOT004541,STU00574,MAT0034,3,TP,8.88,2,2023-04-15,15,17.76
NOT004542,STU00574,MAT0033,3,EXAMEN,17.84,3,2023-04-16,15,53.52
NOT004543,STU00574,MAT0014,3,PROJET,6.54,2,2023-05-16,15,13.08
NOT004544,STU00574,MAT0006,1,PROJET,10.21,1,2024-04-15,15,10.21
NOT004545,STU00574,MAT0022,1,CC,13.11,2,2023-04-16,15,26.22
NOT004546,STU00575,MAT0021,2,TP,13.75,2,2023-05-17,16,27.5
NOT004547,STU00575,MAT0029,3,CC,11.7,1,2024-05-17,16,11.7
NOT004548,STU00575,MAT0014,4,EXAMEN,11.83,3,2024-05-16,16,35.489998
NOT004549,STU00575,MAT0033,2,TP,13.23,1,2023-04-15,16,13.23
NOT004550,STU00575,MAT0006,4,TP,11.31,3,2023-05-16,16,33.93
NOT004551,STU00575,MAT0012,4,CC,16.18,2,2023-04-15,16,32.36
NOT004552,STU00575,MAT0026,1,EXAMEN,14.52,2,2024-05-16,16,29.04
NOT004553,STU00575,MAT0026,4,EXAMEN,14.62,1,2024-04-16,16,14.62
NOT004554,STU00576,MAT0017,3,CC,9.1,1,2024-05-17,17,9.1
NOT004555,STU00576,MAT0011,1,CC,11.76,1,2023-05-16,17,11.76
NOT004556,STU00576,MAT0007,3,TP,11.1,2,2024-04-16,17,22.2
NOT004557,STU00576,MAT0032,3,TP,8.98,2,2023-05-16,17,17.96
NOT004558,STU00576,MAT0020,1,EXAMEN,13.08,2,2023-05-16,17,26.16
NOT004559,STU00576,MAT0033,3,CC,10.39,2,2024-05-16,17,20.78
NOT004560,STU00577,MAT0007,3,TP,13.97,2,2023-05-16,18,27.94
NOT004561,STU00577,MAT0006,3,TP,8.79,3,2024-05-16,18,26.369999
NOT004562,STU00577,MAT0007,1,EXAMEN,17.16,1,2023-05-16,18,17.16
NOT004563,STU00577,MAT0031,2,CC,9.31,2,2024-05-17,18,18.62
NOT004564,STU00577,MAT0008,3,CC,12.66,2,2023-04-16,18,25.32
NOT004565,STU00577,MAT0001,2,EXAMEN,14.38,2,2023-05-16,18,28.76
NOT004566,STU00577,MAT0008,4,CC,10.29,2,2023-05-17,18,20.58
NOT004567,STU00578,MAT0027,3,CC,14.56,2,2023-05-17,19,29.12
NOT004568,STU00578,MAT0019,4,CC,8.31,2,2024-05-16,19,16.62
NOT004569,STU00578,MAT0015,3,PROJET,16.36,1,2024-04-15,19,16.36
NOT004570,STU00578,MAT0024,3,PROJET,12.04,2,2023-05-17,19,24.08
NOT004571,STU00578,MAT0024,4,TP,10.21,2,2024-05-16,19,20.42
NOT004572,STU00578,MAT0033,1,PROJET,11.1,2,2023-05-17,19,22.2
NOT004573,STU00578,MAT0001,2,EXAMEN,14.43,2,2023-05-17,19,28.86
NOT004574,STU00578,MAT0005,4,CC,10.25,1,2024-04-16,19,10.25
NOT004575,STU00579,MAT0006,2,EXAMEN,9.75,2,2024-05-17,20,19.5
NOT004576,STU00579,MAT0011,1,TP,11.34,2,2023-04-15,20,22.68
NOT004577,STU00579,MAT0026,4,TP,8.47,3,2023-05-16,20,25.41
NOT004578,STU00579,MAT0019,1,TP,17.46,2,2023-04-16,20,34.92
NOT004579,STU00579,MAT0024,4,EXAMEN,10.3,3,2023-05-16,20,30.900002
NOT004580,STU00579,MAT0014,2,EXAMEN,14.49,2,2023-04-15,20,28.98
NOT004581,STU00579,MAT0001,4,CC,12.63,2,2023-05-16,20,25.26
NOT004582,STU00579,MAT0002,1,PROJET,9.05,2,2023-04-15,20,18.1
NOT004583,STU00579,MAT0030,3,TP,11.98,3,2023-05-16,20,35.94
NOT004584,STU00579,MAT0033,2,TP,14.35,2,2024-05-16,20,28.7
NOT004585,STU00580,MAT0003,2,PROJET,11.44,2,2024-04-16,21,22.88
NOT004586,STU00580,MAT0020,1,TP,15.58,2,2024-04-15,21,31.16
NOT004587,STU00580,MAT0010,3,TP,15.06,1,2024-04-16,21,15.06
NOT004588,STU00580,MAT0013,3,CC,14.76,1,2023-04-15,21,14.76
NOT004589,STU00580,MAT0009,4,PROJET,10.62,2,2023-04-16,21,21.24
NOT004590,STU00580,MAT0035,4,PROJET,8.76,2,2023-04-16,21,17.52
NOT004591,STU00580,MAT0027,3,PROJET,10.16,3,2023-05-16,21,30.48
NOT004592,STU00580,MAT0033,2,CC,12.59,2,2024-04-16,21,25.18
NOT004593,STU00580,MAT0006,4,TP,13.64,2,2024-04-15,21,27.28
NOT004594,STU00580,MAT0001,2,EXAMEN,5.49,2,2023-04-16,21,10.98
NOT004595,STU00581,MAT0027,4,CC,11.98,2,2024-04-15,12,23.96
NOT004596,STU00581,MAT0020,4,EXAMEN,12.47,2,2023-04-15,12,24.94
NOT004597,STU00581,MAT0017,1,EXAMEN,11.17,2,2024-05-17,12,22.34
NOT004598,STU00581,MAT0005,1,CC,15.87,3,2024-04-15,12,47.61
NOT004599,STU00581,MAT0003,1,EXAMEN,13.27,2,2024-05-17,12,26.54
NOT004600,STU00581,MAT0011,4,PROJET,15.93,1,2023-04-16,12,15.93
NOT004601,STU00581,MAT0030,3,CC,11.35,1,2023-05-17,12,11.35
NOT004602,STU00581,MAT0020,4,EXAMEN,14.81,3,2024-05-17,12,44.43
NOT004603,STU00581,MAT0026,1,TP,16.91,2,2024-05-17,12,33.82
NOT004604,STU00582,MAT0005,4,EXAMEN,15.94,2,2023-05-16,13,31.88
NOT004605,STU00582,MAT0003,4,EXAMEN,8.72,3,2024-05-16,13,26.16
NOT004606,STU00582,MAT0033,1,CC,11.24,2,2024-04-15,13,22.48
NOT004607,STU00582,MAT0028,3,TP,10.96,1,2023-05-17,13,10.96
NOT004608,STU00582,MAT0029,2,EXAMEN,13.47,1,2024-04-15,13,13.47
NOT004609,STU00582,MAT0011,3,CC,14.06,2,2023-04-15,13,28.12
NOT004610,STU00582,MAT0002,1,CC,9.48,2,2023-04-16,13,18.96
NOT004611,STU00583,MAT0031,2,EXAMEN,12.2,1,2024-05-16,14,12.2
NOT004612,STU00583,MAT0035,3,CC,5.94,2,2023-05-17,14,11.88
NOT004613,STU00583,MAT0016,1,TP,16.33,3,2023-04-15,14,48.989998
NOT004614,STU00583,MAT0033,2,CC,10.46,2,2024-05-17,14,20.92
NOT004615,STU00583,MAT0007,1,TP,12.17,1,2024-04-15,14,12.17
NOT004616,STU00583,MAT0019,4,EXAMEN,11.07,2,2024-05-17,14,22.14
NOT004617,STU00584,MAT0005,2,TP,15.44,2,2023-04-15,15,30.88
NOT004618,STU00584,MAT0012,4,CC,3.49,3,2023-04-15,15,10.47
NOT004619,STU00584,MAT0007,1,EXAMEN,11.95,2,2024-04-16,15,23.9
NOT004620,STU00584,MAT0004,1,PROJET,11.68,3,2024-05-16,15,35.04
NOT004621,STU00584,MAT0026,4,PROJET,10.64,3,2024-04-15,15,31.920002
NOT004622,STU00584,MAT0021,4,CC,17.18,2,2023-04-15,15,34.36
NOT004623,STU00584,MAT0007,1,PROJET,9.34,3,2023-05-16,15,28.02
NOT004624,STU00584,MAT0011,2,PROJET,14.32,2,2023-04-15,15,28.64
NOT004625,STU00584,MAT0005,4,CC,13.07,2,2023-05-16,15,26.14
NOT004626,STU00585,MAT0027,2,PROJET,15.78,2,2024-05-16,16,31.56
NOT004627,STU00585,MAT0023,4,EXAMEN,10.0,2,2024-04-16,16,20.0
NOT004628,STU00585,MAT0030,3,PROJET,9.8,3,2023-05-16,16,29.400002
NOT004629,STU00585,MAT0001,3,EXAMEN,15.29,2,2023-05-17,16,30.58
NOT004630,STU00585,MAT0028,4,PROJET,13.28,1,2024-04-15,16,13.28
NOT004631,STU00585,MAT0014,2,EXAMEN,7.37,1,2023-04-16,16,7.37
NOT004632,STU00585,MAT0020,1,TP,10.38,3,2024-05-17,16,31.14
NOT004633,STU00586,MAT0028,3,PROJET,13.16,3,2023-05-16,17,39.48
NOT004634,STU00586,MAT0001,1,CC,14.51,3,2023-05-17,17,43.53
NOT004635,STU00586,MAT0008,3,PROJET,9.96,1,2024-04-16,17,9.96
NOT004636,STU00586,MAT0016,4,PROJET,3.26,3,2023-05-17,17,9.78
NOT004637,STU00586,MAT0003,1,EXAMEN,13.57,3,2023-05-16,17,40.71
NOT004638,STU00586,MAT0016,3,EXAMEN,8.34,1,2024-04-15,17,8.34
NOT004639,STU00586,MAT0005,4,CC,5.95,1,2023-04-16,17,5.95
NOT004640,STU00586,MAT0032,3,PROJET,3.5,1,2023-05-17,17,3.5
NOT004641,STU00586,MAT0015,2,CC,14.44,3,2023-04-15,17,43.32
NOT004642,STU00586,MAT0002,4,TP,12.39,2,2023-05-17,17,24.78
NOT004643,STU00587,MAT0019,4,TP,11.32,2,2024-05-17,18,22.64
NOT004644,STU00587,MAT0013,3,CC,16.17,2,2023-04-16,18,32.34
NOT004645,STU00587,MAT0016,1,EXAMEN,13.91,2,2024-04-15,18,27.82
NOT004646,STU00587,MAT0024,3,PROJET,16.85,1,2023-04-16,18,16.85
NOT004647,STU00587,MAT0013,4,EXAMEN,7.82,2,2023-04-16,18,15.64
NOT004648,STU00587,MAT0030,1,CC,11.9,2,2023-05-16,18,23.8
NOT004649,STU00587,MAT0025,2,EXAMEN,7.15,3,2023-04-16,18,21.45
NOT004650,STU00587,MAT0024,1,CC,11.31,2,2024-04-15,18,22.62
NOT004651,STU00588,MAT0025,1,PROJET,11.25,1,2023-05-16,19,11.25
NOT004652,STU00588,MAT0028,1,PROJET,13.88,2,2024-05-16,19,27.76
NOT004653,STU00588,MAT0010,2,EXAMEN,12.14,2,2024-05-16,19,24.28
NOT004654,STU00588,MAT0026,1,TP,13.87,2,2023-05-17,19,27.74
NOT004655,STU00588,MAT0030,4,EXAMEN,14.11,1,2023-05-16,19,14.11
NOT004656,STU00588,MAT0032,4,CC,18.46,1,2024-05-16,19,18.46
NOT004657,STU00588,MAT0033,4,TP,11.05,2,2024-05-16,19,22.1
NOT004658,STU00588,MAT0031,2,TP,9.18,3,2024-05-17,19,27.54
NOT004659,STU00589,MAT0004,2,CC,12.74,3,2023-05-17,20,38.22
NOT004660,STU00589,MAT0006,3,CC,9.59,2,2024-04-15,20,19.18
NOT004661,STU00589,MAT0016,2,TP,16.45,2,2023-04-16,20,32.9
NOT004662,STU00589,MAT0025,4,TP,11.15,2,2023-05-17,20,22.3
NOT004663,STU00589,MAT0005,4,PROJET,10.3,1,2023-05-17,20,10.3
NOT004664,STU00589,MAT0025,3,EXAMEN,10.59,1,2024-04-15,20,10.59
NOT004665,STU00590,MAT0033,3,TP,14.16,2,2024-04-15,21,28.32
NOT004666,STU00590,MAT0010,3,TP,11.53,3,2023-04-15,21,34.59
NOT004667,STU00590,MAT0015,2,EXAMEN,10.07,3,2024-05-17,21,30.21
NOT004668,STU00590,MAT0010,3,CC,17.0,2,2024-04-15,21,34.0
NOT004669,STU00590,MAT0010,4,PROJET,9.43,3,2024-04-15,21,28.29
NOT004670,STU00590,MAT0013,3,EXAMEN,12.11,1,2023-04-16,21,12.11
NOT004671,STU00590,MAT0026,2,EXAMEN,13.96,1,2024-05-17,21,13.96
NOT004672,STU00590,MAT0033,3,PROJET,7.11,1,2024-05-16,21,7.11
NOT004673,STU00591,MAT0006,3,PROJET,13.44,1,2023-04-16,12,13.44
NOT004674,STU00591,MAT0027,4,CC,8.83,2,2024-05-17,12,17.66
NOT004675,STU00591,MAT0034,1,CC,14.47,3,2023-05-17,12,43.41
NOT004676,STU00591,MAT0029,2,CC,9.11,1,2024-04-16,12,9.11
NOT004677,STU00591,MAT0027,3,EXAMEN,14.08,1,2024-04-15,12,14.08
NOT004678,STU00591,MAT0001,2,CC,15.32,3,2023-04-15,12,45.96
NOT004679,STU00591,MAT0029,2,PROJET,14.58,1,2023-04-16,12,14.58
NOT004680,STU00591,MAT0020,3,PROJET,12.75,2,2024-04-16,12,25.5
NOT004681,STU00591,MAT0023,1,PROJET,11.31,2,2024-05-16,12,22.62
NOT004682,STU00591,MAT0007,4,TP,10.27,2,2023-04-15,12,20.54
NOT004683,STU00592,MAT0021,4,EXAMEN,16.41,1,2024-05-16,13,16.41
NOT004684,STU00592,MAT0003,3,CC,9.9,2,2023-05-17,13,19.8
NOT004685,STU00592,MAT0030,4,TP,8.89,3,2024-04-16,13,26.670002
NOT004686,STU00592,MAT0021,2,CC,14.0,2,2024-04-16,13,28.0
NOT004687,STU00592,MAT0003,3,EXAMEN,9.61,2,2024-04-15,13,19.22
NOT004688,STU00592,MAT0002,3,EXAMEN,9.15,2,2023-04-15,13,18.3
NOT004689,STU00592,MAT0003,4,CC,7.67,2,2024-04-15,13,15.34
NOT004690,STU00592,MAT0003,3,EXAMEN,10.55,3,2023-05-17,13,31.650002
NOT004691,STU00592,MAT0031,2,PROJET,11.75,1,2023-05-16,13,11.75
NOT004692,STU00592,MAT0015,3,EXAMEN,12.73,2,2023-05-17,13,25.46
NOT004693,STU00593,MAT0007,2,PROJET,14.85,2,2023-05-16,14,29.7
NOT004694,STU00593,MAT0006,4,TP,13.58,3,2023-05-17,14,40.739998
NOT004695,STU00593,MAT0010,3,PROJET,11.43,2,2023-04-16,14,22.86
NOT004696,STU00593,MAT0035,3,PROJET,11.41,2,2024-05-16,14,22.82
NOT004697,STU00593,MAT0014,2,CC,13.53,3,2023-04-16,14,40.59
NOT004698,STU00593,MAT0029,3,PROJET,15.82,1,2023-05-17,14,15.82
NOT004699,STU00594,MAT0009,4,TP,12.38,1,2024-05-16,15,12.38
NOT004700,STU00594,MAT0029,2,PROJET,10.59,1,2024-04-16,15,10.59
NOT004701,STU00594,MAT0002,3,CC,9.02,1,2024-05-16,15,9.02
NOT004702,STU00594,MAT0003,1,EXAMEN,7.66,2,2023-04-15,15,15.32
NOT004703,STU00594,MAT0012,2,EXAMEN,14.0,2,2024-04-15,15,28.0
NOT004704,STU00594,MAT0008,2,CC,13.73,3,2024-04-15,15,41.19
NOT004705,STU00594,MAT0020,4,CC,13.73,2,2023-04-16,15,27.46
NOT004706,STU00595,MAT0026,3,EXAMEN,11.61,1,2024-05-17,16,11.61
NOT004707,STU00595,MAT0022,3,PROJET,16.22,2,2024-05-17,16,32.44
NOT004708,STU00595,MAT0001,3,CC,10.55,2,2024-04-16,16,21.1
NOT004709,STU00595,MAT0005,4,EXAMEN,14.87,3,2023-04-15,16,44.61
NOT004710,STU00595,MAT0021,1,CC,11.88,3,2023-04-16,16,35.64
NOT004711,STU00595,MAT0027,1,TP,10.17,2,2023-04-15,16,20.34
NOT004712,STU00595,MAT0011,1,EXAMEN,13.78,1,2023-04-16,16,13.78
NOT004713,STU00596,MAT0026,3,EXAMEN,13.23,2,2024-04-16,17,26.46
NOT004714,STU00596,MAT0013,1,EXAMEN,13.07,2,2024-04-16,17,26.14
NOT004715,STU00596,MAT0004,1,EXAMEN,12.24,1,2024-05-17,17,12.24
NOT004716,STU00596,MAT0018,4,PROJET,11.89,2,2023-05-16,17,23.78
NOT004717,STU00596,MAT0012,4,EXAMEN,19.17,2,2024-04-16,17,38.34
NOT004718,STU00596,MAT0030,1,TP,15.55,3,2024-05-17,17,46.65
NOT004719,STU00596,MAT0006,2,TP,14.17,2,2024-04-16,17,28.34
NOT004720,STU00596,MAT0033,1,CC,12.34,2,2023-04-16,17,24.68
NOT004721,STU00597,MAT0035,4,CC,15.02,3,2023-04-16,18,45.06
NOT004722,STU00597,MAT0034,2,EXAMEN,13.55,3,2024-05-16,18,40.65
NOT004723,STU00597,MAT0003,3,TP,12.08,2,2023-04-16,18,24.16
NOT004724,STU00597,MAT0028,2,EXAMEN,11.09,1,2023-04-15,18,11.09
NOT004725,STU00597,MAT0028,3,PROJET,11.76,2,2023-05-17,18,23.52
NOT004726,STU00597,MAT0025,3,CC,2.49,1,2024-04-15,18,2.49
NOT004727,STU00597,MAT0029,3,PROJET,12.63,3,2024-05-17,18,37.89
NOT004728,STU00597,MAT0022,2,PROJET,10.53,2,2024-05-17,18,21.06
NOT004729,STU00597,MAT0027,2,CC,16.78,2,2023-04-15,18,33.56
NOT004730,STU00597,MAT0003,3,EXAMEN,12.06,1,2024-05-17,18,12.06
NOT004731,STU00598,MAT0009,2,EXAMEN,8.43,1,2023-04-16,19,8.43
NOT004732,STU00598,MAT0014,4,PROJET,11.85,2,2024-05-17,19,23.7
NOT004733,STU00598,MAT0005,1,PROJET,8.86,1,2024-05-17,19,8.86
NOT004734,STU00598,MAT0023,1,EXAMEN,13.42,2,2024-04-16,19,26.84
NOT004735,STU00598,MAT0017,1,PROJET,12.87,2,2024-05-16,19,25.74
NOT004736,STU00598,MAT0013,2,TP,14.87,2,2023-05-16,19,29.74
NOT004737,STU00598,MAT0013,3,PROJET,9.63,2,2023-04-15,19,19.26
NOT004738,STU00599,MAT0012,1,PROJET,12.1,2,2024-04-16,20,24.2
NOT004739,STU00599,MAT0002,3,EXAMEN,7.9,2,2024-04-16,20,15.8
NOT004740,STU00599,MAT0002,2,CC,14.1,2,2024-05-17,20,28.2
NOT004741,STU00599,MAT0020,4,EXAMEN,13.56,2,2024-05-16,20,27.12
NOT004742,STU00599,MAT0012,4,TP,13.49,3,2024-05-16,20,40.47
NOT004743,STU00599,MAT0005,2,PROJET,12.0,2,2024-04-16,20,24.0
NOT004744,STU00600,MAT0016,2,TP,13.24,2,2024-04-16,21,26.48
NOT004745,STU00600,MAT0011,1,CC,16.81,2,2024-05-16,21,33.62
NOT004746,STU00600,MAT0016,4,PROJET,11.14,3,2023-05-16,21,33.420002
NOT004747,STU00600,MAT0010,2,EXAMEN,12.42,2,2024-04-16,21,24.84
NOT004748,STU00600,MAT0019,3,TP,8.74,3,2023-05-16,21,26.22
NOT004749,STU00600,MAT0025,1,EXAMEN,9.4,2,2024-05-16,21,18.8
NOT004750,STU00600,MAT0017,3,CC,12.29,2,2023-05-16,21,24.58
NOT004751,STU00600,MAT0033,2,PROJET,15.31,1,2024-04-16,21,15.31
NOT004752,STU00600,MAT0010,3,TP,11.23,2,2023-04-15,21,22.46
NOT004753,STU00601,MAT0014,4,CC,11.29,2,2024-04-16,22,22.58
NOT004754,STU00601,MAT0018,1,PROJET,10.78,2,2023-05-17,22,21.56
NOT004755,STU00601,MAT0026,2,PROJET,10.4,2,2023-05-17,22,20.8
NOT004756,STU00601,MAT0027,4,CC,12.88,2,2024-05-16,22,25.76
NOT004757,STU00601,MAT0028,3,TP,7.51,2,2023-04-16,22,15.02
NOT004758,STU00601,MAT0016,3,CC,15.84,3,2024-05-16,22,47.52
NOT004759,STU00601,MAT0010,1,PROJET,10.0,2,2023-04-16,22,20.0
NOT004760,STU00601,MAT0034,3,EXAMEN,14.17,3,2024-05-16,22,42.510002
NOT004761,STU00601,MAT0020,2,CC,8.19,2,2023-05-17,22,16.38
NOT004762,STU00601,MAT0028,3,EXAMEN,14.01,2,2023-05-16,22,28.02
NOT004763,STU00602,MAT0029,2,CC,14.02,2,2023-05-17,23,28.04
NOT004764,STU00602,MAT0023,1,EXAMEN,13.15,2,2023-05-16,23,26.3
NOT004765,STU00602,MAT0033,3,PROJET,9.02,2,2024-04-15,23,18.04
NOT004766,STU00602,MAT0008,4,EXAMEN,12.75,1,2023-05-17,23,12.75
NOT004767,STU00602,MAT0011,2,EXAMEN,8.45,1,2024-04-16,23,8.45
NOT004768,STU00602,MAT0029,1,PROJET,11.24,1,2023-05-16,23,11.24
NOT004769,STU00602,MAT0021,2,EXAMEN,15.09,1,2024-04-16,23,15.09
NOT004770,STU00602,MAT0004,2,PROJET,14.39,3,2023-04-15,23,43.170002
NOT004771,STU00602,MAT0024,2,PROJET,12.05,2,2023-04-15,23,24.1
NOT004772,STU00602,MAT0020,4,PROJET,9.08,1,2023-04-15,23,9.08
NOT004773,STU00603,MAT0010,3,PROJET,13.94,3,2023-04-16,22,41.82
NOT004774,STU00603,MAT0017,1,CC,12.06,2,2023-04-15,22,24.12
NOT004775,STU00603,MAT0032,4,EXAMEN,5.04,3,2024-05-17,22,15.12
NOT004776,STU00603,MAT0021,3,TP,14.35,2,2024-05-16,22,28.7
NOT004777,STU00603,MAT0022,2,CC,11.93,2,2023-04-16,22,23.86
NOT004778,STU00603,MAT0020,1,TP,15.61,3,2023-05-16,22,46.829998
NOT004779,STU00603,MAT0021,1,TP,8.71,1,2024-04-15,22,8.71
NOT004780,STU00603,MAT0003,2,CC,2.47,3,2024-05-16,22,7.41
NOT004781,STU00603,MAT0009,2,PROJET,12.84,2,2023-04-15,22,25.68
NOT004782,STU00603,MAT0031,2,TP,12.87,2,2023-05-17,22,25.74
NOT004783,STU00604,MAT0022,1,PROJET,6.93,3,2024-05-17,23,20.789999
NOT004784,STU00604,MAT0002,3,EXAMEN,9.06,3,2023-04-16,23,27.18
NOT004785,STU00604,MAT0031,1,EXAMEN,20.0,2,2023-05-17,23,40.0
NOT004786,STU00604,MAT0006,1,CC,11.08,2,2024-04-15,23,22.16
NOT004787,STU00604,MAT0018,3,EXAMEN,14.19,3,2023-04-16,23,42.57
NOT004788,STU00604,MAT0006,4,TP,10.05,2,2023-05-16,23,20.1
NOT004789,STU00604,MAT0035,3,TP,5.73,1,2023-04-16,23,5.73
NOT004790,STU00604,MAT0035,1,TP,11.49,1,2024-05-17,23,11.49
NOT004791,STU00604,MAT0009,4,PROJET,11.2,1,2024-05-17,23,11.2
NOT004792,STU00605,MAT0009,1,CC,10.8,1,2024-05-17,22,10.8
NOT004793,STU00605,MAT0015,4,EXAMEN,11.66,3,2024-05-16,22,34.98
NOT004794,STU00605,MAT0029,3,EXAMEN,12.79,2,2023-04-16,22,25.58
NOT004795,STU00605,MAT0020,1,EXAMEN,11.55,1,2023-05-16,22,11.55
NOT004796,STU00605,MAT0005,3,TP,8.21,2,2024-05-17,22,16.42
NOT004797,STU00605,MAT0012,2,TP,13.46,2,2023-04-15,22,26.92
NOT004798,STU00605,MAT0002,4,EXAMEN,6.15,2,2023-05-17,22,12.3
NOT004799,STU00606,MAT0008,4,CC,5.85,3,2023-05-17,23,17.55
NOT004800,STU00606,MAT0033,1,CC,14.22,2,2023-04-15,23,28.44
NOT004801,STU00606,MAT0007,1,CC,13.52,2,2023-04-16,23,27.04
NOT004802,STU00606,MAT0024,2,PROJET,11.83,1,2024-04-16,23,11.83
NOT004803,STU00606,MAT0026,4,CC,7.81,2,2023-05-17,23,15.62
NOT004804,STU00606,MAT0003,1,TP,9.88,1,2024-04-15,23,9.88
NOT004805,STU00607,MAT0035,3,EXAMEN,11.21,2,2023-04-16,22,22.42
NOT004806,STU00607,MAT0006,1,PROJET,7.21,2,2024-04-16,22,14.42
NOT004807,STU00607,MAT0003,2,TP,9.78,3,2023-04-16,22,29.34
NOT004808,STU00607,MAT0024,3,TP,13.96,3,2024-04-16,22,41.88
NOT004809,STU00607,MAT0001,3,EXAMEN,16.28,1,2024-05-17,22,16.28
NOT004810,STU00607,MAT0008,1,TP,10.74,1,2024-04-15,22,10.74
NOT004811,STU00608,MAT0033,4,EXAMEN,14.27,2,2023-04-15,23,28.54
NOT004812,STU00608,MAT0017,4,CC,6.26,1,2024-04-15,23,6.26
NOT004813,STU00608,MAT0008,2,TP,13.98,2,2023-04-16,23,27.96
NOT004814,STU00608,MAT0025,2,EXAMEN,9.59,2,2023-05-17,23,19.18
NOT004815,STU00608,MAT0030,2,TP,12.92,3,2024-05-17,23,38.760002
NOT004816,STU00608,MAT0026,4,CC,11.26,3,2024-04-15,23,33.78
NOT004817,STU00609,MAT0026,1,TP,15.96,2,2024-05-17,22,31.92
NOT004818,STU00609,MAT0015,1,CC,9.38,2,2023-05-16,22,18.76
NOT004819,STU00609,MAT0030,4,PROJET,13.88,2,2024-05-17,22,27.76
NOT004820,STU00609,MAT0034,4,EXAMEN,11.16,2,2023-05-17,22,22.32
NOT004821,STU00609,MAT0028,2,TP,11.53,3,2024-04-16,22,34.59
NOT004822,STU00609,MAT0029,3,EXAMEN,11.45,2,2024-04-15,22,22.9
NOT004823,STU00609,MAT0012,2,EXAMEN,9.46,1,2024-05-16,22,9.46
NOT004824,STU00609,MAT0008,3,PROJET,11.96,2,2024-05-17,22,23.92
NOT004825,STU00610,MAT0012,2,CC,11.81,2,2024-04-16,23,23.62
NOT004826,STU00610,MAT0016,4,CC,12.72,2,2023-05-16,23,25.44
NOT004827,STU00610,MAT0004,3,EXAMEN,12.25,2,2024-04-15,23,24.5
NOT004828,STU00610,MAT0001,4,TP,14.39,3,2024-05-17,23,43.170002
NOT004829,STU00610,MAT0012,2,EXAMEN,14.77,2,2024-05-16,23,29.54
NOT004830,STU00610,MAT0022,4,TP,8.85,1,2024-04-16,23,8.85
NOT004831,STU00610,MAT0001,3,EXAMEN,14.61,2,2023-05-17,23,29.22
NOT004832,STU00611,MAT0016,4,PROJET,8.44,3,2023-05-17,22,25.32
NOT004833,STU00611,MAT0020,2,EXAMEN,13.76,2,2024-05-16,22,27.52
NOT004834,STU00611,MAT0010,1,EXAMEN,13.86,1,2023-05-16,22,13.86
NOT004835,STU00611,MAT0007,3,TP,6.27,1,2024-04-15,22,6.27
NOT004836,STU00611,MAT0011,2,PROJET,12.28,3,2023-04-16,22,36.84
NOT004837,STU00611,MAT0026,1,EXAMEN,10.59,2,2023-05-17,22,21.18
NOT004838,STU00611,MAT0006,1,PROJET,9.72,3,2023-04-16,22,29.16
NOT004839,STU00611,MAT0011,3,CC,16.05,1,2024-04-16,22,16.05
NOT004840,STU00611,MAT0014,1,CC,10.04,2,2024-05-16,22,20.08
NOT004841,STU00612,MAT0008,4,PROJET,9.58,3,2023-05-16,23,28.74
NOT004842,STU00612,MAT0006,2,EXAMEN,12.23,2,2023-04-15,23,24.46
NOT004843,STU00612,MAT0030,3,TP,14.06,2,2023-04-15,23,28.12
NOT004844,STU00612,MAT0002,4,PROJET,11.58,3,2023-04-16,23,34.739998
NOT004845,STU00612,MAT0001,1,TP,15.5,1,2023-04-16,23,15.5
NOT004846,STU00612,MAT0035,4,EXAMEN,13.59,2,2024-04-15,23,27.18
NOT004847,STU00613,MAT0001,3,EXAMEN,5.47,2,2024-05-16,22,10.94
NOT004848,STU00613,MAT0006,1,TP,10.41,2,2024-04-15,22,20.82
NOT004849,STU00613,MAT0018,3,CC,10.31,1,2023-04-15,22,10.31
NOT004850,STU00613,MAT0030,3,EXAMEN,13.44,2,2024-05-17,22,26.88
NOT004851,STU00613,MAT0006,2,PROJET,4.13,2,2023-04-16,22,8.26
NOT004852,STU00613,MAT0005,4,TP,19.65,3,2024-05-16,22,58.949997
NOT004853,STU00614,MAT0024,1,PROJET,13.59,2,2023-04-16,23,27.18
NOT004854,STU00614,MAT0005,2,PROJET,12.45,1,2023-05-16,23,12.45
NOT004855,STU00614,MAT0032,4,PROJET,15.54,2,2024-05-16,23,31.08
NOT004856,STU00614,MAT0028,1,TP,19.03,2,2023-05-17,23,38.06
NOT004857,STU00614,MAT0028,1,EXAMEN,14.61,1,2023-04-16,23,14.61
NOT004858,STU00614,MAT0014,1,PROJET,14.85,2,2024-04-15,23,29.7
NOT004859,STU00614,MAT0018,3,EXAMEN,12.39,3,2023-04-15,23,37.170002
NOT004860,STU00615,MAT0009,1,PROJET,11.58,1,2023-04-15,22,11.58
NOT004861,STU00615,MAT0031,4,CC,10.57,2,2023-04-16,22,21.14
NOT004862,STU00615,MAT0021,1,TP,9.52,1,2024-05-17,22,9.52
NOT004863,STU00615,MAT0002,3,TP,9.94,3,2024-05-17,22,29.82
NOT004864,STU00615,MAT0012,4,CC,7.95,3,2023-05-17,22,23.849998
NOT004865,STU00615,MAT0010,4,PROJET,11.77,2,2023-05-17,22,23.54
NOT004866,STU00615,MAT0001,1,CC,6.95,2,2024-05-16,22,13.9
NOT004867,STU00615,MAT0011,1,TP,12.57,2,2023-04-16,22,25.14
NOT004868,STU00616,MAT0027,3,TP,11.89,2,2023-04-15,23,23.78
NOT004869,STU00616,MAT0025,3,PROJET,12.44,1,2023-04-16,23,12.44
NOT004870,STU00616,MAT0014,2,EXAMEN,10.43,2,2024-04-16,23,20.86
NOT004871,STU00616,MAT0005,1,EXAMEN,20.0,2,2024-04-16,23,40.0
NOT004872,STU00616,MAT0010,4,TP,16.08,2,2023-05-16,23,32.16
NOT004873,STU00616,MAT0006,4,CC,8.27,2,2024-04-15,23,16.54
NOT004874,STU00616,MAT0022,1,CC,12.7,3,2023-04-15,23,38.1
NOT004875,STU00616,MAT0009,2,TP,10.18,1,2023-05-16,23,10.18
NOT004876,STU00617,MAT0033,3,PROJET,8.96,1,2023-04-15,22,8.96
NOT004877,STU00617,MAT0003,3,CC,7.98,2,2023-05-16,22,15.96
NOT004878,STU00617,MAT0015,4,TP,13.3,1,2023-04-16,22,13.3
NOT004879,STU00617,MAT0002,4,PROJET,9.96,1,2024-04-16,22,9.96
NOT004880,STU00617,MAT0032,4,EXAMEN,14.9,3,2023-04-16,22,44.699997
NOT004881,STU00617,MAT0026,3,CC,14.98,3,2023-04-15,22,44.94
NOT004882,STU00618,MAT0016,4,EXAMEN,16.12,2,2023-04-16,23,32.24
NOT004883,STU00618,MAT0025,3,CC,9.44,1,2023-05-17,23,9.44
NOT004884,STU00618,MAT0014,1,CC,13.43,2,2023-04-15,23,26.86
NOT004885,STU00618,MAT0033,4,CC,13.9,2,2024-05-16,23,27.8
NOT004886,STU00618,MAT0026,1,CC,10.58,1,2023-05-17,23,10.58
NOT004887,STU00618,MAT0006,2,EXAMEN,9.68,2,2024-05-16,23,19.36
NOT004888,STU00618,MAT0011,3,CC,16.83,2,2024-04-15,23,33.66
NOT004889,STU00619,MAT0004,3,EXAMEN,12.68,3,2023-04-15,22,38.04
NOT004890,STU00619,MAT0021,2,CC,13.91,1,2024-04-15,22,13.91
NOT004891,STU00619,MAT0015,1,CC,9.53,1,2024-05-17,22,9.53
NOT004892,STU00619,MAT0028,4,PROJET,8.34,1,2024-04-15,22,8.34
NOT004893,STU00619,MAT0009,4,CC,10.29,1,2023-05-17,22,10.29
NOT004894,STU00619,MAT0016,3,EXAMEN,11.63,2,2024-05-16,22,23.26
NOT004895,STU00619,MAT0019,1,TP,8.81,2,2024-05-17,22,17.62
NOT004896,STU00619,MAT0014,2,PROJET,11.97,2,2023-05-17,22,23.94
NOT004897,STU00619,MAT0017,2,CC,6.93,2,2023-05-16,22,13.86
NOT004898,STU00620,MAT0020,4,TP,8.64,2,2024-04-16,23,17.28
NOT004899,STU00620,MAT0034,1,EXAMEN,14.01,3,2024-04-16,23,42.03
NOT004900,STU00620,MAT0019,1,PROJET,13.81,2,2024-04-16,23,27.62
NOT004901,STU00620,MAT0029,4,TP,10.82,2,2024-05-17,23,21.64
NOT004902,STU00620,MAT0028,4,CC,8.95,2,2024-04-15,23,17.9
NOT004903,STU00620,MAT0010,4,EXAMEN,8.92,2,2023-05-17,23,17.84
NOT004904,STU00620,MAT0033,3,CC,10.88,1,2024-05-17,23,10.88
NOT004905,STU00620,MAT0002,2,PROJET,13.93,1,2024-05-16,23,13.93
NOT004906,STU00620,MAT0009,2,TP,14.78,2,2023-05-16,23,29.56
NOT004907,STU00620,MAT0008,1,CC,10.51,2,2023-04-16,23,21.02
NOT004908,STU00621,MAT0014,4,CC,8.54,1,2024-05-16,22,8.54
NOT004909,STU00621,MAT0032,1,CC,12.8,2,2024-05-17,22,25.6
NOT004910,STU00621,MAT0003,1,CC,9.53,2,2024-05-16,22,19.06
NOT004911,STU00621,MAT0002,4,TP,10.45,3,2024-04-15,22,31.349998
NOT004912,STU00621,MAT0008,2,TP,15.98,2,2024-05-16,22,31.96
NOT004913,STU00621,MAT0018,4,TP,14.48,2,2024-05-17,22,28.96
NOT004914,STU00621,MAT0011,4,CC,12.47,1,2024-04-16,22,12.47
NOT004915,STU00621,MAT0006,1,CC,8.18,2,2024-05-17,22,16.36
NOT004916,STU00621,MAT0030,3,PROJET,12.63,3,2023-04-15,22,37.89
NOT004917,STU00622,MAT0027,1,TP,15.19,2,2024-05-17,23,30.38
NOT004918,STU00622,MAT0013,3,TP,10.87,2,2023-04-16,23,21.74
NOT004919,STU00622,MAT0012,4,CC,16.05,2,2024-05-16,23,32.1
NOT004920,STU00622,MAT0006,1,EXAMEN,15.88,1,2024-05-17,23,15.88
NOT004921,STU00622,MAT0007,4,PROJET,16.99,2,2023-05-17,23,33.98
NOT004922,STU00622,MAT0010,1,CC,12.92,3,2024-05-16,23,38.760002
NOT004923,STU00622,MAT0027,4,TP,13.76,2,2023-04-15,23,27.52
NOT004924,STU00622,MAT0030,3,EXAMEN,16.24,3,2024-05-16,23,48.72
NOT004925,STU00622,MAT0029,1,TP,13.34,1,2023-05-16,23,13.34
NOT004926,STU00623,MAT0010,1,CC,10.5,3,2023-05-17,22,31.5
NOT004927,STU00623,MAT0002,1,EXAMEN,10.65,3,2023-05-17,22,31.949999
NOT004928,STU00623,MAT0013,3,PROJET,12.72,1,2023-05-16,22,12.72
NOT004929,STU00623,MAT0004,3,TP,8.13,3,2024-05-16,22,24.39
NOT004930,STU00623,MAT0008,1,PROJET,11.57,2,2024-05-16,22,23.14
NOT004931,STU00623,MAT0027,2,PROJET,15.29,2,2024-04-15,22,30.58
NOT004932,STU00623,MAT0010,1,CC,5.43,2,2023-04-16,22,10.86
NOT004933,STU00623,MAT0023,2,PROJET,16.6,3,2024-05-17,22,49.800003
NOT004934,STU00623,MAT0032,3,EXAMEN,15.37,2,2023-04-15,22,30.74
NOT004935,STU00624,MAT0019,3,CC,10.62,3,2023-05-16,23,31.86
NOT004936,STU00624,MAT0022,1,PROJET,13.63,1,2024-05-16,23,13.63
NOT004937,STU00624,MAT0030,2,EXAMEN,12.01,2,2024-04-15,23,24.02
NOT004938,STU00624,MAT0030,3,PROJET,15.69,1,2023-04-16,23,15.69
NOT004939,STU00624,MAT0010,2,TP,14.95,2,2024-05-17,23,29.9
NOT004940,STU00624,MAT0011,2,CC,7.8,3,2024-05-17,23,23.400002
NOT004941,STU00625,MAT0010,1,TP,13.76,2,2024-05-17,22,27.52
NOT004942,STU00625,MAT0018,2,TP,11.38,2,2023-04-16,22,22.76
NOT004943,STU00625,MAT0010,1,PROJET,12.25,3,2023-04-16,22,36.75
NOT004944,STU00625,MAT0011,1,EXAMEN,9.82,3,2024-05-16,22,29.46
NOT004945,STU00625,MAT0016,3,EXAMEN,17.24,3,2023-04-16,22,51.72
NOT004946,STU00625,MAT0024,1,TP,15.12,2,2023-05-16,22,30.24
NOT004947,STU00625,MAT0010,3,CC,9.78,1,2023-05-17,22,9.78
NOT004948,STU00625,MAT0001,4,EXAMEN,8.0,2,2023-05-16,22,16.0
NOT004949,STU00625,MAT0030,3,CC,10.84,1,2024-04-15,22,10.84
NOT004950,STU00625,MAT0023,2,EXAMEN,13.3,2,2024-05-16,22,26.6
NOT004951,STU00626,MAT0024,4,TP,12.72,3,2023-05-16,23,38.16
NOT004952,STU00626,MAT0028,1,CC,15.76,3,2023-04-16,23,47.28
NOT004953,STU00626,MAT0011,2,PROJET,14.37,2,2023-05-16,23,28.74
NOT004954,STU00626,MAT0002,3,PROJET,14.91,2,2023-05-16,23,29.82
NOT004955,STU00626,MAT0027,1,EXAMEN,12.98,2,2024-05-17,23,25.96
NOT004956,STU00626,MAT0031,1,TP,7.83,2,2024-04-15,23,15.66
NOT004957,STU00626,MAT0026,2,EXAMEN,11.41,2,2024-05-17,23,22.82
NOT004958,STU00626,MAT0014,2,PROJET,15.18,2,2023-05-16,23,30.36
NOT004959,STU00626,MAT0029,1,CC,11.85,1,2023-04-16,23,11.85
NOT004960,STU00626,MAT0027,1,PROJET,13.51,1,2024-05-17,23,13.51
NOT004961,STU00627,MAT0027,2,CC,11.04,2,2024-04-16,22,22.08
NOT004962,STU00627,MAT0008,1,TP,8.91,1,2023-05-17,22,8.91
NOT004963,STU00627,MAT0001,1,PROJET,11.63,2,2023-05-16,22,23.26
NOT004964,STU00627,MAT0005,3,CC,12.93,3,2023-04-16,22,38.79
NOT004965,STU00627,MAT0028,4,TP,10.03,2,2024-04-16,22,20.06
NOT004966,STU00627,MAT0007,4,CC,11.29,2,2024-05-17,22,22.58
NOT004967,STU00627,MAT0008,3,EXAMEN,9.18,1,2023-04-16,22,9.18
NOT004968,STU00627,MAT0021,4,CC,15.36,3,2024-04-15,22,46.079998
NOT004969,STU00628,MAT0014,3,TP,11.12,3,2024-04-16,23,33.36
NOT004970,STU00628,MAT0019,1,TP,16.36,2,2024-04-15,23,32.72
NOT004971,STU00628,MAT0016,4,TP,16.59,3,2023-05-17,23,49.77
NOT004972,STU00628,MAT0014,4,PROJET,11.76,1,2023-05-16,23,11.76
NOT004973,STU00628,MAT0033,2,PROJET,8.97,2,2024-04-16,23,17.94
NOT004974,STU00628,MAT0030,2,PROJET,5.74,3,2024-04-15,23,17.22
NOT004975,STU00628,MAT0012,2,PROJET,7.58,2,2023-05-16,23,15.16
NOT004976,STU00628,MAT0032,1,PROJET,7.88,2,2024-04-15,23,15.76
NOT004977,STU00628,MAT0020,4,TP,16.14,1,2024-04-15,23,16.14
NOT004978,STU00629,MAT0008,2,PROJET,12.35,2,2024-04-16,22,24.7
NOT004979,STU00629,MAT0011,1,PROJET,13.17,2,2024-05-16,22,26.34
NOT004980,STU00629,MAT0019,3,EXAMEN,5.34,1,2024-05-16,22,5.34
NOT004981,STU00629,MAT0014,2,PROJET,8.41,2,2024-05-16,22,16.82
NOT004982,STU00629,MAT0004,1,EXAMEN,14.66,2,2024-05-16,22,29.32
NOT004983,STU00629,MAT0005,1,EXAMEN,12.86,1,2024-04-16,22,12.86
NOT004984,STU00629,MAT0001,1,PROJET,11.56,2,2024-04-15,22,23.12
NOT004985,STU00629,MAT0002,3,EXAMEN,13.69,2,2024-05-16,22,27.38
NOT004986,STU00629,MAT0013,3,PROJET,16.91,2,2023-05-17,22,33.82
NOT004987,STU00630,MAT0025,4,PROJET,11.34,3,2023-04-16,23,34.02
NOT004988,STU00630,MAT0033,3,CC,12.21,2,2024-05-17,23,24.42
NOT004989,STU00630,MAT0001,1,TP,12.58,2,2024-05-16,23,25.16
NOT004990,STU00630,MAT0015,2,CC,19.18,2,2023-05-17,23,38.36
NOT004991,STU00630,MAT0018,4,PROJET,5.7,1,2024-05-16,23,5.7
NOT004992,STU00630,MAT0007,4,EXAMEN,14.05,3,2023-05-17,23,42.15
NOT004993,STU00630,MAT0020,3,CC,11.66,1,2023-05-17,23,11.66
NOT004994,STU00630,MAT0026,2,PROJET,13.7,2,2023-04-15,23,27.4
NOT004995,STU00630,MAT0002,1,PROJET,10.03,2,2023-04-15,23,20.06
NOT004996,STU00630,MAT0034,1,EXAMEN,11.85,1,2024-04-15,23,11.85
NOT004997,STU00631,MAT0009,1,EXAMEN,14.13,2,2023-05-16,22,28.26
NOT004998,STU00631,MAT0027,2,CC,20.0,2,2023-05-16,22,40.0
NOT004999,STU00631,MAT0020,1,CC,14.42,2,2024-04-16,22,28.84
NOT005000,STU00631,MAT0009,4,PROJET,9.46,2,2023-05-17,22,18.92
NOT005001,STU00631,MAT0020,1,PROJET,10.73,1,2024-04-16,22,10.73
NOT005002,STU00631,MAT0017,1,EXAMEN,10.64,1,2023-05-16,22,10.64
NOT005003,STU00631,MAT0002,3,PROJET,6.61,2,2023-05-16,22,13.22
NOT005004,STU00631,MAT0010,2,PROJET,11.01,2,2023-04-15,22,22.02
NOT005005,STU00632,MAT0017,2,TP,14.2,2,2024-05-16,23,28.4
NOT005006,STU00632,MAT0003,3,CC,8.18,1,2023-04-16,23,8.18
NOT005007,STU00632,MAT0014,2,PROJET,15.15,2,2023-05-16,23,30.3
NOT005008,STU00632,MAT0001,3,PROJET,13.46,2,2023-05-17,23,26.92
NOT005009,STU00632,MAT0023,4,EXAMEN,9.8,2,2023-05-16,23,19.6
NOT005010,STU00632,MAT0014,4,PROJET,11.58,1,2024-04-15,23,11.58
NOT005011,STU00632,MAT0017,1,TP,16.79,2,2024-05-17,23,33.58
NOT005012,STU00632,MAT0028,2,TP,14.2,2,2024-05-17,23,28.4
NOT005013,STU00632,MAT0022,4,TP,12.03,2,2023-04-16,23,24.06
NOT005014,STU00632,MAT0029,2,CC,11.29,2,2024-05-16,23,22.58
NOT005015,STU00633,MAT0033,1,TP,12.23,3,2023-04-15,22,36.69
NOT005016,STU00633,MAT0001,2,EXAMEN,10.46,1,2023-05-17,22,10.46
NOT005017,STU00633,MAT0020,3,PROJET,5.69,2,2023-04-16,22,11.38
NOT005018,STU00633,MAT0014,2,TP,18.13,1,2023-05-16,22,18.13
NOT005019,STU00633,MAT0022,3,EXAMEN,12.47,1,2023-04-15,22,12.47
NOT005020,STU00633,MAT0003,1,EXAMEN,13.19,2,2024-05-16,22,26.38
NOT005021,STU00633,MAT0027,1,PROJET,11.83,2,2023-05-17,22,23.66
NOT005022,STU00633,MAT0003,1,EXAMEN,9.79,2,2023-05-17,22,19.58
NOT005023,STU00634,MAT0026,1,CC,11.44,2,2023-04-15,23,22.88
NOT005024,STU00634,MAT0024,3,PROJET,7.2,1,2023-04-15,23,7.2
NOT005025,STU00634,MAT0015,3,CC,18.83,1,2023-05-17,23,18.83
NOT005026,STU00634,MAT0033,4,PROJET,8.3,2,2023-04-15,23,16.6
NOT005027,STU00634,MAT0009,1,EXAMEN,8.9,2,2023-04-16,23,17.8
NOT005028,STU00634,MAT0027,3,EXAMEN,10.68,2,2024-04-15,23,21.36
NOT005029,STU00634,MAT0005,2,PROJET,15.86,1,2024-05-16,23,15.86
NOT005030,STU00634,MAT0008,2,TP,12.04,2,2023-05-17,23,24.08
NOT005031,STU00634,MAT0008,1,PROJET,8.29,2,2023-04-16,23,16.58
NOT005032,STU00635,MAT0005,4,TP,15.76,2,2023-05-17,22,31.52
NOT005033,STU00635,MAT0003,3,CC,14.19,2,2024-04-16,22,28.38
NOT005034,STU00635,MAT0034,4,PROJET,13.62,2,2024-05-17,22,27.24
NOT005035,STU00635,MAT0014,3,TP,14.15,2,2024-05-17,22,28.3
NOT005036,STU00635,MAT0002,4,EXAMEN,19.18,3,2024-05-16,22,57.54
NOT005037,STU00635,MAT0026,1,EXAMEN,18.56,1,2024-05-16,22,18.56
NOT005038,STU00635,MAT0012,2,TP,9.94,3,2023-05-16,22,29.82
NOT005039,STU00636,MAT0012,1,CC,16.87,2,2023-05-16,23,33.74
NOT005040,STU00636,MAT0026,3,CC,13.15,1,2024-05-16,23,13.15
NOT005041,STU00636,MAT0033,3,TP,13.5,2,2024-04-16,23,27.0
NOT005042,STU00636,MAT0031,3,PROJET,6.92,2,2024-05-16,23,13.84
NOT005043,STU00636,MAT0033,1,TP,11.49,1,2024-04-15,23,11.49
NOT005044,STU00636,MAT0031,4,EXAMEN,9.56,2,2024-05-16,23,19.12
NOT005045,STU00636,MAT0031,3,TP,14.48,1,2023-04-16,23,14.48
NOT005046,STU00636,MAT0026,4,CC,15.21,2,2024-05-17,23,30.42
NOT005047,STU00636,MAT0018,4,CC,5.78,2,2024-04-16,23,11.56
NOT005048,STU00636,MAT0003,3,PROJET,11.93,2,2024-04-15,23,23.86
NOT005049,STU00637,MAT0017,4,EXAMEN,15.37,2,2023-04-15,22,30.74
NOT005050,STU00637,MAT0028,3,TP,11.44,1,2023-05-17,22,11.44
NOT005051,STU00637,MAT0032,4,CC,14.19,2,2023-05-16,22,28.38
NOT005052,STU00637,MAT0007,3,EXAMEN,13.05,1,2023-04-15,22,13.05
NOT005053,STU00637,MAT0027,2,EXAMEN,13.02,2,2024-05-16,22,26.04
NOT005054,STU00637,MAT0009,3,CC,11.19,1,2023-04-16,22,11.19
NOT005055,STU00637,MAT0009,2,EXAMEN,8.35,3,2023-04-15,22,25.050001
NOT005056,STU00638,MAT0035,2,CC,8.64,3,2024-04-15,23,25.920002
NOT005057,STU00638,MAT0030,1,PROJET,14.13,2,2023-04-15,23,28.26
NOT005058,STU00638,MAT0016,3,TP,12.06,2,2024-04-15,23,24.12
NOT005059,STU00638,MAT0010,3,CC,11.58,1,2024-04-16,23,11.58
NOT005060,STU00638,MAT0023,2,TP,10.73,2,2023-04-16,23,21.46
NOT005061,STU00638,MAT0034,4,EXAMEN,11.08,1,2023-05-16,23,11.08
NOT005062,STU00638,MAT0007,2,TP,15.14,2,2024-05-16,23,30.28
NOT005063,STU00638,MAT0029,4,CC,10.99,3,2024-04-15,23,32.97
NOT005064,STU00639,MAT0023,2,CC,7.98,3,2024-04-16,22,23.94
NOT005065,STU00639,MAT0030,4,PROJET,14.23,2,2023-05-17,22,28.46
NOT005066,STU00639,MAT0014,3,PROJET,11.39,1,2024-04-16,22,11.39
NOT005067,STU00639,MAT0019,1,PROJET,12.09,1,2023-05-17,22,12.09
NOT005068,STU00639,MAT0034,2,EXAMEN,16.82,2,2024-04-15,22,33.64
NOT005069,STU00639,MAT0027,1,PROJET,11.94,3,2023-05-17,22,35.82
NOT005070,STU00639,MAT0019,1,CC,12.87,2,2023-04-16,22,25.74
NOT005071,STU00639,MAT0012,1,TP,8.46,2,2024-04-15,22,16.92
NOT005072,STU00639,MAT0015,1,EXAMEN,11.34,3,2023-04-16,22,34.02
NOT005073,STU00640,MAT0003,3,CC,13.83,2,2024-04-15,23,27.66
NOT005074,STU00640,MAT0028,4,PROJET,7.33,1,2024-04-16,23,7.33
NOT005075,STU00640,MAT0025,1,PROJET,12.6,2,2024-05-16,23,25.2
NOT005076,STU00640,MAT0021,1,PROJET,12.3,1,2023-05-16,23,12.3
NOT005077,STU00640,MAT0032,3,TP,12.12,2,2023-04-15,23,24.24
NOT005078,STU00640,MAT0004,3,EXAMEN,15.11,2,2023-04-16,23,30.22
NOT005079,STU00640,MAT0032,3,TP,13.0,2,2023-04-16,23,26.0
NOT005080,STU00640,MAT0026,4,TP,16.43,1,2024-05-17,23,16.43
NOT005081,STU00640,MAT0010,3,EXAMEN,9.02,3,2023-05-16,23,27.060001
NOT005082,STU00640,MAT0014,2,PROJET,12.41,1,2024-04-16,23,12.41
NOT005083,STU00641,MAT0020,2,TP,12.25,2,2024-04-16,22,24.5
NOT005084,STU00641,MAT0035,1,TP,8.79,1,2024-05-16,22,8.79
NOT005085,STU00641,MAT0019,1,PROJET,14.87,1,2024-05-17,22,14.87
NOT005086,STU00641,MAT0014,4,CC,18.97,3,2024-04-15,22,56.909996
NOT005087,STU00641,MAT0026,4,TP,11.95,2,2023-05-16,22,23.9
NOT005088,STU00641,MAT0004,3,EXAMEN,13.52,2,2023-05-17,22,27.04
NOT005089,STU00641,MAT0010,1,TP,12.25,2,2023-04-15,22,24.5
NOT005090,STU00641,MAT0033,1,CC,9.86,2,2023-05-16,22,19.72
NOT005091,STU00641,MAT0026,4,EXAMEN,6.54,2,2024-05-16,22,13.08
NOT005092,STU00641,MAT0023,3,CC,9.88,1,2024-05-17,22,9.88
NOT005093,STU00642,MAT0020,3,CC,7.82,3,2023-05-16,23,23.460001
NOT005094,STU00642,MAT0021,4,EXAMEN,17.11,1,2023-04-15,23,17.11
NOT005095,STU00642,MAT0021,1,TP,11.65,2,2024-05-17,23,23.3
NOT005096,STU00642,MAT0018,1,EXAMEN,10.96,2,2024-05-16,23,21.92
NOT005097,STU00642,MAT0034,1,EXAMEN,14.67,2,2024-04-15,23,29.34
NOT005098,STU00642,MAT0027,3,CC,8.63,1,2023-04-15,23,8.63
NOT005099,STU00642,MAT0024,1,EXAMEN,9.7,3,2023-04-15,23,29.099998
NOT005100,STU00642,MAT0011,3,TP,12.2,2,2023-05-16,23,24.4
NOT005101,STU00642,MAT0010,4,EXAMEN,15.09,2,2023-04-16,23,30.18
NOT005102,STU00642,MAT0011,4,TP,13.51,3,2024-05-16,23,40.53
NOT005103,STU00643,MAT0023,1,PROJET,12.74,2,2023-04-16,22,25.48
NOT005104,STU00643,MAT0027,1,CC,12.23,2,2023-05-17,22,24.46
NOT005105,STU00643,MAT0025,1,CC,13.2,3,2024-05-17,22,39.6
NOT005106,STU00643,MAT0025,1,EXAMEN,12.6,1,2024-04-15,22,12.6
NOT005107,STU00643,MAT0026,3,EXAMEN,8.91,3,2023-05-17,22,26.73
NOT005108,STU00643,MAT0029,1,EXAMEN,12.14,1,2023-04-16,22,12.14
NOT005109,STU00643,MAT0004,2,TP,8.78,2,2024-04-16,22,17.56
NOT005110,STU00643,MAT0025,3,PROJET,12.24,2,2024-05-17,22,24.48
NOT005111,STU00644,MAT0006,2,PROJET,10.56,3,2023-04-15,23,31.68
NOT005112,STU00644,MAT0005,2,TP,19.62,3,2024-04-15,23,58.86
NOT005113,STU00644,MAT0030,3,CC,11.88,3,2024-05-16,23,35.64
NOT005114,STU00644,MAT0009,1,TP,7.79,2,2023-04-15,23,15.58
NOT005115,STU00644,MAT0032,3,CC,11.6,2,2023-05-17,23,23.2
NOT005116,STU00644,MAT0011,4,PROJET,13.56,1,2023-04-15,23,13.56
NOT005117,STU00644,MAT0014,3,TP,17.02,2,2024-05-16,23,34.04
NOT005118,STU00644,MAT0003,1,CC,10.23,3,2024-05-16,23,30.689999
NOT005119,STU00644,MAT0027,4,TP,7.25,3,2023-04-15,23,21.75
NOT005120,STU00645,MAT0020,2,TP,14.45,1,2023-04-16,22,14.45
NOT005121,STU00645,MAT0003,2,TP,7.86,1,2023-05-16,22,7.86
NOT005122,STU00645,MAT0020,3,CC,10.69,3,2024-04-16,22,32.07
NOT005123,STU00645,MAT0030,2,PROJET,11.23,2,2024-05-17,22,22.46
NOT005124,STU00645,MAT0016,1,TP,11.79,2,2023-05-16,22,23.58
NOT005125,STU00645,MAT0017,4,EXAMEN,14.07,3,2024-04-15,22,42.21
NOT005126,STU00645,MAT0024,2,TP,9.95,1,2023-05-17,22,9.95
NOT005127,STU00645,MAT0020,2,PROJET,11.18,2,2023-04-16,22,22.36
NOT005128,STU00645,MAT0034,3,CC,11.96,3,2023-05-16,22,35.88
NOT005129,STU00646,MAT0032,1,TP,12.45,2,2023-05-16,23,24.9
NOT005130,STU00646,MAT0028,4,EXAMEN,12.29,3,2023-05-16,23,36.87
NOT005131,STU00646,MAT0014,4,EXAMEN,13.31,2,2024-04-16,23,26.62
NOT005132,STU00646,MAT0019,1,PROJET,14.53,2,2024-05-17,23,29.06
NOT005133,STU00646,MAT0016,2,PROJET,13.18,2,2023-05-17,23,26.36
NOT005134,STU00646,MAT0026,1,CC,13.36,2,2024-05-16,23,26.72
NOT005135,STU00647,MAT0013,1,TP,7.25,2,2024-04-15,22,14.5
NOT005136,STU00647,MAT0008,3,TP,12.15,1,2023-04-15,22,12.15
NOT005137,STU00647,MAT0015,3,CC,13.44,2,2023-05-16,22,26.88
NOT005138,STU00647,MAT0022,1,CC,14.19,2,2024-04-16,22,28.38
NOT005139,STU00647,MAT0006,4,TP,9.92,2,2024-05-16,22,19.84
NOT005140,STU00647,MAT0003,1,PROJET,10.02,3,2023-04-16,22,30.060001
NOT005141,STU00647,MAT0006,3,EXAMEN,10.28,2,2023-04-16,22,20.56
NOT005142,STU00647,MAT0025,1,TP,13.61,1,2023-05-16,22,13.61
NOT005143,STU00647,MAT0003,2,CC,15.1,3,2023-05-17,22,45.300003
NOT005144,STU00647,MAT0012,3,CC,10.78,1,2024-04-15,22,10.78
NOT005145,STU00648,MAT0035,1,TP,14.72,3,2024-04-16,23,44.16
NOT005146,STU00648,MAT0024,2,TP,12.37,3,2023-05-16,23,37.11
NOT005147,STU00648,MAT0024,2,PROJET,11.63,2,2024-04-16,23,23.26
NOT005148,STU00648,MAT0004,1,EXAMEN,11.37,2,2023-04-15,23,22.74
NOT005149,STU00648,MAT0021,2,EXAMEN,14.24,1,2024-05-17,23,14.24
NOT005150,STU00648,MAT0007,2,PROJET,12.98,2,2024-04-16,23,25.96
NOT005151,STU00649,MAT0016,3,TP,18.83,2,2023-05-17,22,37.66
NOT005152,STU00649,MAT0023,4,CC,9.44,2,2024-05-16,22,18.88
NOT005153,STU00649,MAT0023,1,TP,13.55,3,2023-04-16,22,40.65
NOT005154,STU00649,MAT0034,2,EXAMEN,10.41,2,2024-05-17,22,20.82
NOT005155,STU00649,MAT0017,3,CC,9.39,1,2023-04-15,22,9.39
NOT005156,STU00649,MAT0009,4,CC,11.97,3,2023-05-17,22,35.91
NOT005157,STU00650,MAT0023,2,PROJET,12.41,2,2024-04-15,23,24.82
NOT005158,STU00650,MAT0007,2,CC,20.0,3,2024-04-15,23,60.0
NOT005159,STU00650,MAT0032,1,PROJET,11.45,2,2024-05-16,23,22.9
NOT005160,STU00650,MAT0014,4,TP,8.61,2,2023-05-17,23,17.22
NOT005161,STU00650,MAT0003,3,PROJET,12.82,2,2024-04-15,23,25.64
NOT005162,STU00650,MAT0010,1,TP,5.78,1,2024-04-15,23,5.78
NOT005163,STU00651,MAT0035,2,CC,11.72,3,2024-05-16,22,35.16
NOT005164,STU00651,MAT0003,4,PROJET,12.05,2,2024-05-17,22,24.1
NOT005165,STU00651,MAT0005,1,TP,14.38,3,2024-05-17,22,43.14
NOT005166,STU00651,MAT0008,4,EXAMEN,14.92,2,2024-05-17,22,29.84
NOT005167,STU00651,MAT0018,4,PROJET,10.49,2,2023-04-15,22,20.98
NOT005168,STU00651,MAT0025,1,PROJET,11.55,1,2023-04-16,22,11.55
NOT005169,STU00652,MAT0021,4,EXAMEN,9.7,2,2024-04-15,23,19.4
NOT005170,STU00652,MAT0014,2,CC,8.62,1,2023-04-16,23,8.62
NOT005171,STU00652,MAT0005,3,CC,12.93,2,2023-05-16,23,25.86
NOT005172,STU00652,MAT0006,2,CC,8.18,2,2023-04-15,23,16.36
NOT005173,STU00652,MAT0017,4,EXAMEN,10.76,2,2023-04-16,23,21.52
NOT005174,STU00652,MAT0009,3,EXAMEN,9.01,2,2024-05-17,23,18.02
NOT005175,STU00652,MAT0025,3,CC,13.65,2,2024-04-15,23,27.3
NOT005176,STU00652,MAT0020,1,PROJET,17.4,3,2023-05-17,23,52.199997
NOT005177,STU00652,MAT0002,1,PROJET,8.1,2,2024-04-15,23,16.2
NOT005178,STU00653,MAT0028,4,EXAMEN,6.44,3,2024-05-16,22,19.32
NOT005179,STU00653,MAT0005,4,CC,11.63,2,2024-04-15,22,23.26
NOT005180,STU00653,MAT0001,3,EXAMEN,12.05,1,2024-05-17,22,12.05
NOT005181,STU00653,MAT0031,1,TP,12.66,2,2024-04-16,22,25.32
NOT005182,STU00653,MAT0032,3,EXAMEN,10.66,1,2023-04-16,22,10.66
NOT005183,STU00653,MAT0030,3,TP,11.4,2,2024-04-16,22,22.8
NOT005184,STU00653,MAT0017,2,EXAMEN,13.1,2,2024-04-15,22,26.2
NOT005185,STU00653,MAT0012,2,PROJET,15.12,2,2023-05-16,22,30.24
NOT005186,STU00653,MAT0029,3,PROJET,6.13,2,2023-05-17,22,12.26
NOT005187,STU00653,MAT0034,3,PROJET,10.89,3,2024-04-15,22,32.670002
NOT005188,STU00654,MAT0029,1,TP,12.64,3,2024-04-15,23,37.920002
NOT005189,STU00654,MAT0034,4,TP,9.25,3,2023-05-16,23,27.75
NOT005190,STU00654,MAT0004,2,CC,17.19,2,2023-04-16,23,34.38
NOT005191,STU00654,MAT0026,3,EXAMEN,10.09,2,2024-05-16,23,20.18
NOT005192,STU00654,MAT0005,4,PROJET,11.88,2,2024-04-15,23,23.76
NOT005193,STU00654,MAT0015,4,EXAMEN,13.67,1,2023-05-17,23,13.67
NOT005194,STU00654,MAT0020,2,TP,10.23,1,2023-04-16,23,10.23
NOT005195,STU00655,MAT0034,1,TP,6.46,2,2024-04-15,22,12.92
NOT005196,STU00655,MAT0010,2,EXAMEN,10.71,2,2024-05-17,22,21.42
NOT005197,STU00655,MAT0019,2,EXAMEN,15.09,2,2024-04-15,22,30.18
NOT005198,STU00655,MAT0008,3,TP,10.99,2,2024-04-15,22,21.98
NOT005199,STU00655,MAT0011,4,EXAMEN,9.46,2,2024-04-16,22,18.92
NOT005200,STU00655,MAT0031,3,TP,14.78,2,2024-04-16,22,29.56
NOT005201,STU00655,MAT0035,2,EXAMEN,11.01,2,2023-04-15,22,22.02
NOT005202,STU00655,MAT0004,2,EXAMEN,10.47,1,2024-05-17,22,10.47
NOT005203,STU00655,MAT0029,2,EXAMEN,12.45,3,2023-04-15,22,37.35
NOT005204,STU00656,MAT0017,1,CC,14.31,1,2024-05-16,23,14.31
NOT005205,STU00656,MAT0012,3,EXAMEN,19.15,2,2024-05-16,23,38.3
NOT005206,STU00656,MAT0015,2,CC,14.48,2,2023-05-16,23,28.96
NOT005207,STU00656,MAT0009,2,CC,15.48,2,2024-04-15,23,30.96
NOT005208,STU00656,MAT0011,1,TP,10.48,2,2023-04-15,23,20.96
NOT005209,STU00656,MAT0004,2,CC,8.92,3,2024-04-16,23,26.76
NOT005210,STU00657,MAT0026,3,EXAMEN,12.19,2,2023-05-16,22,24.38
NOT005211,STU00657,MAT0033,4,CC,12.32,3,2023-05-16,22,36.96
NOT005212,STU00657,MAT0006,4,CC,8.76,2,2024-05-17,22,17.52
NOT005213,STU00657,MAT0004,1,EXAMEN,11.47,1,2023-05-17,22,11.47
NOT005214,STU00657,MAT0011,3,PROJET,13.2,2,2024-04-15,22,26.4
NOT005215,STU00657,MAT0004,1,TP,13.08,2,2024-04-16,22,26.16
NOT005216,STU00658,MAT0015,4,PROJET,13.51,2,2023-05-17,23,27.02
NOT005217,STU00658,MAT0030,1,TP,12.87,3,2023-04-16,23,38.61
NOT005218,STU00658,MAT0035,3,EXAMEN,10.48,3,2023-04-16,23,31.439999
NOT005219,STU00658,MAT0027,3,CC,10.46,2,2024-05-17,23,20.92
NOT005220,STU00658,MAT0025,3,CC,8.4,3,2024-04-15,23,25.199999
NOT005221,STU00658,MAT0002,3,PROJET,17.35,3,2023-04-16,23,52.050003
NOT005222,STU00658,MAT0015,2,CC,12.04,3,2024-04-16,23,36.12
NOT005223,STU00658,MAT0034,2,CC,11.33,1,2023-05-16,23,11.33
NOT005224,STU00658,MAT0022,2,TP,9.21,1,2023-05-17,23,9.21
NOT005225,STU00658,MAT0009,4,PROJET,20.0,2,2023-05-16,23,40.0
NOT005226,STU00659,MAT0008,2,PROJET,8.78,2,2023-04-16,22,17.56
NOT005227,STU00659,MAT0006,3,TP,10.71,2,2023-05-17,22,21.42
NOT005228,STU00659,MAT0034,1,CC,13.25,2,2024-05-16,22,26.5
NOT005229,STU00659,MAT0025,2,PROJET,13.8,1,2024-04-15,22,13.8
NOT005230,STU00659,MAT0021,4,TP,14.87,3,2023-05-16,22,44.61
NOT005231,STU00659,MAT0014,1,CC,17.42,2,2023-04-16,22,34.84
NOT005232,STU00659,MAT0025,1,PROJET,13.52,3,2024-05-17,22,40.56
NOT005233,STU00660,MAT0002,2,CC,8.83,2,2024-04-15,23,17.66
NOT005234,STU00660,MAT0011,4,CC,11.23,3,2024-04-16,23,33.69
NOT005235,STU00660,MAT0024,3,PROJET,12.92,2,2023-05-16,23,25.84
NOT005236,STU00660,MAT0024,4,PROJET,18.2,2,2024-04-16,23,36.4
NOT005237,STU00660,MAT0006,4,PROJET,7.81,1,2024-05-16,23,7.81
NOT005238,STU00660,MAT0010,4,CC,15.61,1,2023-05-16,23,15.61
NOT005239,STU00660,MAT0016,2,PROJET,12.54,3,2024-04-16,23,37.62
NOT005240,STU00660,MAT0021,1,CC,14.51,2,2023-05-16,23,29.02
NOT005241,STU00660,MAT0015,4,PROJET,11.69,3,2023-05-17,23,35.07
NOT005242,STU00661,MAT0014,4,CC,9.47,2,2024-05-17,28,18.94
NOT005243,STU00661,MAT0021,1,PROJET,14.25,2,2024-04-16,28,28.5
NOT005244,STU00661,MAT0026,2,EXAMEN,13.96,3,2024-05-17,28,41.88
NOT005245,STU00661,MAT0012,3,EXAMEN,14.92,3,2024-04-16,28,44.760002
NOT005246,STU00661,MAT0015,4,TP,11.96,3,2023-05-16,28,35.88
NOT005247,STU00661,MAT0017,4,CC,10.2,2,2024-04-15,28,20.4
NOT005248,STU00661,MAT0014,4,CC,7.32,1,2024-04-15,28,7.32
NOT005249,STU00661,MAT0033,2,PROJET,14.46,2,2023-05-17,28,28.92
NOT005250,STU00661,MAT0016,2,PROJET,13.27,2,2023-04-16,28,26.54
NOT005251,STU00661,MAT0033,1,PROJET,9.1,2,2023-05-16,28,18.2
NOT005252,STU00662,MAT0030,2,TP,10.38,2,2023-05-17,29,20.76
NOT005253,STU00662,MAT0033,1,CC,10.6,2,2024-05-17,29,21.2
NOT005254,STU00662,MAT0024,1,EXAMEN,7.55,1,2023-05-16,29,7.55
NOT005255,STU00662,MAT0002,4,TP,9.55,1,2024-04-15,29,9.55
NOT005256,STU00662,MAT0007,2,TP,8.6,2,2023-04-15,29,17.2
NOT005257,STU00662,MAT0014,4,TP,10.76,1,2024-05-17,29,10.76
NOT005258,STU00663,MAT0022,3,TP,9.78,3,2023-05-17,28,29.34
NOT005259,STU00663,MAT0013,4,TP,7.12,2,2023-05-16,28,14.24
NOT005260,STU00663,MAT0010,3,TP,18.07,1,2023-04-16,28,18.07
NOT005261,STU00663,MAT0035,3,EXAMEN,15.76,1,2024-05-16,28,15.76
NOT005262,STU00663,MAT0021,2,CC,9.66,2,2024-04-16,28,19.32
NOT005263,STU00663,MAT0015,1,EXAMEN,12.82,1,2024-05-16,28,12.82
NOT005264,STU00663,MAT0015,3,EXAMEN,13.25,2,2024-04-16,28,26.5
NOT005265,STU00664,MAT0013,1,CC,15.57,2,2024-04-15,29,31.14
NOT005266,STU00664,MAT0011,2,EXAMEN,9.54,1,2024-05-17,29,9.54
NOT005267,STU00664,MAT0019,4,TP,15.28,2,2024-04-15,29,30.56
NOT005268,STU00664,MAT0025,2,EXAMEN,10.36,1,2023-05-17,29,10.36
NOT005269,STU00664,MAT0019,1,PROJET,7.99,2,2024-05-16,29,15.98
NOT005270,STU00664,MAT0027,1,CC,14.17,2,2023-05-17,29,28.34
NOT005271,STU00665,MAT0023,4,EXAMEN,15.87,2,2023-05-17,28,31.74
NOT005272,STU00665,MAT0022,1,PROJET,19.76,2,2023-04-16,28,39.52
NOT005273,STU00665,MAT0030,4,PROJET,8.4,2,2023-04-15,28,16.8
NOT005274,STU00665,MAT0016,1,TP,14.1,3,2023-05-16,28,42.300003
NOT005275,STU00665,MAT0010,2,PROJET,10.77,1,2024-04-15,28,10.77
NOT005276,STU00665,MAT0016,4,TP,14.35,1,2023-05-17,28,14.35
NOT005277,STU00665,MAT0006,4,TP,7.59,1,2023-05-17,28,7.59
NOT005278,STU00666,MAT0014,4,PROJET,8.21,3,2024-04-16,29,24.630001
NOT005279,STU00666,MAT0019,2,TP,9.67,2,2024-05-17,29,19.34
NOT005280,STU00666,MAT0017,2,CC,12.24,3,2024-05-17,29,36.72
NOT005281,STU00666,MAT0003,4,PROJET,10.08,2,2024-05-16,29,20.16
NOT005282,STU00666,MAT0035,2,CC,13.98,3,2023-05-16,29,41.94
NOT005283,STU00666,MAT0027,4,EXAMEN,15.08,2,2023-04-15,29,30.16
NOT005284,STU00666,MAT0032,3,EXAMEN,13.8,2,2024-04-16,29,27.6
NOT005285,STU00666,MAT0005,3,PROJET,16.86,3,2024-05-16,29,50.58
NOT005286,STU00666,MAT0020,1,TP,13.25,2,2024-05-17,29,26.5
NOT005287,STU00667,MAT0006,2,PROJET,8.35,2,2024-04-15,28,16.7
NOT005288,STU00667,MAT0029,2,CC,16.09,1,2023-05-16,28,16.09
NOT005289,STU00667,MAT0031,2,EXAMEN,10.18,3,2024-05-16,28,30.54
NOT005290,STU00667,MAT0014,2,CC,14.73,3,2024-05-16,28,44.19
NOT005291,STU00667,MAT0030,1,PROJET,16.72,1,2023-04-15,28,16.72
NOT005292,STU00667,MAT0025,4,EXAMEN,13.37,2,2023-05-17,28,26.74
NOT005293,STU00668,MAT0019,4,CC,7.51,2,2023-05-16,29,15.02
NOT005294,STU00668,MAT0010,1,PROJET,9.25,2,2023-04-15,29,18.5
NOT005295,STU00668,MAT0022,1,TP,15.97,3,2024-05-16,29,47.91
NOT005296,STU00668,MAT0026,2,CC,11.49,2,2023-05-16,29,22.98
NOT005297,STU00668,MAT0007,3,EXAMEN,12.24,2,2023-05-16,29,24.48
NOT005298,STU00668,MAT0024,4,CC,14.28,1,2024-05-17,29,14.28
NOT005299,STU00669,MAT0024,4,TP,14.09,2,2024-05-16,28,28.18
NOT005300,STU00669,MAT0029,1,CC,12.84,2,2023-04-16,28,25.68
NOT005301,STU00669,MAT0025,3,TP,11.37,2,2023-05-16,28,22.74
NOT005302,STU00669,MAT0012,1,TP,11.06,1,2024-05-16,28,11.06
NOT005303,STU00669,MAT0018,4,EXAMEN,14.57,2,2024-05-16,28,29.14
NOT005304,STU00669,MAT0020,1,EXAMEN,13.66,2,2024-05-17,28,27.32
NOT005305,STU00669,MAT0031,2,CC,11.23,3,2023-05-16,28,33.69
NOT005306,STU00669,MAT0014,1,EXAMEN,15.25,1,2023-05-16,28,15.25
NOT005307,STU00669,MAT0032,1,CC,11.61,2,2024-05-16,28,23.22
NOT005308,STU00670,MAT0010,2,EXAMEN,9.45,1,2023-05-17,29,9.45
NOT005309,STU00670,MAT0016,2,TP,9.72,2,2024-05-17,29,19.44
NOT005310,STU00670,MAT0034,2,PROJET,9.06,2,2023-04-15,29,18.12
NOT005311,STU00670,MAT0017,1,PROJET,11.18,3,2023-05-16,29,33.54
NOT005312,STU00670,MAT0014,1,PROJET,15.7,3,2024-04-15,29,47.1
NOT005313,STU00670,MAT0007,2,PROJET,9.58,3,2023-05-16,29,28.74
NOT005314,STU00670,MAT0002,4,TP,12.57,2,2023-04-15,29,25.14
NOT005315,STU00670,MAT0016,3,CC,10.03,2,2023-04-16,29,20.06
NOT005316,STU00670,MAT0006,3,EXAMEN,11.22,2,2024-04-16,29,22.44
NOT005317,STU00671,MAT0028,4,TP,7.47,2,2024-04-15,28,14.94
NOT005318,STU00671,MAT0020,1,CC,11.34,1,2023-05-17,28,11.34
NOT005319,STU00671,MAT0030,3,TP,11.42,2,2023-04-16,28,22.84
NOT005320,STU00671,MAT0011,4,EXAMEN,13.62,2,2024-05-16,28,27.24
NOT005321,STU00671,MAT0004,4,EXAMEN,12.67,3,2023-05-17,28,38.010002
NOT005322,STU00671,MAT0002,1,EXAMEN,8.4,1,2023-05-16,28,8.4
NOT005323,STU00672,MAT0013,3,CC,15.25,1,2023-04-15,29,15.25
NOT005324,STU00672,MAT0012,3,EXAMEN,12.63,3,2024-05-16,29,37.89
NOT005325,STU00672,MAT0022,1,EXAMEN,12.6,2,2024-04-15,29,25.2
NOT005326,STU00672,MAT0012,4,TP,11.97,3,2024-05-17,29,35.91
NOT005327,STU00672,MAT0035,3,CC,10.45,3,2023-04-16,29,31.349998
NOT005328,STU00672,MAT0030,3,CC,12.65,1,2023-05-17,29,12.65
NOT005329,STU00672,MAT0001,1,CC,13.43,2,2024-04-15,29,26.86
NOT005330,STU00672,MAT0020,4,CC,6.76,2,2023-05-17,29,13.52
NOT005331,STU00672,MAT0034,4,EXAMEN,10.38,2,2023-04-16,29,20.76
NOT005332,STU00672,MAT0005,4,TP,11.24,1,2024-05-17,29,11.24
NOT005333,STU00673,MAT0021,4,CC,12.77,1,2023-05-16,28,12.77
NOT005334,STU00673,MAT0028,2,EXAMEN,15.58,1,2023-05-17,28,15.58
NOT005335,STU00673,MAT0029,2,TP,9.68,1,2023-05-17,28,9.68
NOT005336,STU00673,MAT0035,1,EXAMEN,10.51,1,2023-04-15,28,10.51
NOT005337,STU00673,MAT0009,2,PROJET,10.46,2,2023-05-17,28,20.92
NOT005338,STU00673,MAT0026,2,PROJET,9.6,3,2024-04-16,28,28.800001
NOT005339,STU00673,MAT0003,3,TP,10.96,2,2023-05-17,28,21.92
NOT005340,STU00674,MAT0010,2,PROJET,14.31,1,2023-05-16,29,14.31
NOT005341,STU00674,MAT0032,1,EXAMEN,8.84,3,2024-05-17,29,26.52
NOT005342,STU00674,MAT0022,3,TP,13.28,1,2023-04-15,29,13.28
NOT005343,STU00674,MAT0023,2,CC,6.89,3,2024-05-16,29,20.67
NOT005344,STU00674,MAT0010,1,PROJET,10.32,3,2024-04-15,29,30.96
NOT005345,STU00674,MAT0017,4,TP,11.01,1,2024-05-16,29,11.01
NOT005346,STU00674,MAT0019,1,CC,17.02,3,2023-04-15,29,51.06
NOT005347,STU00675,MAT0026,3,PROJET,11.18,2,2023-05-17,28,22.36
NOT005348,STU00675,MAT0019,2,CC,5.4,1,2024-05-17,28,5.4
NOT005349,STU00675,MAT0021,3,PROJET,6.0,2,2023-05-17,28,12.0
NOT005350,STU00675,MAT0005,4,PROJET,12.1,2,2023-04-16,28,24.2
NOT005351,STU00675,MAT0008,4,PROJET,13.84,2,2024-04-15,28,27.68
NOT005352,STU00675,MAT0006,2,CC,13.13,3,2024-05-17,28,39.39
NOT005353,STU00676,MAT0029,2,PROJET,12.5,2,2024-05-17,29,25.0
NOT005354,STU00676,MAT0019,4,CC,15.49,2,2023-04-15,29,30.98
NOT005355,STU00676,MAT0010,2,PROJET,10.38,2,2024-05-16,29,20.76
NOT005356,STU00676,MAT0016,4,PROJET,14.68,2,2024-05-17,29,29.36
NOT005357,STU00676,MAT0004,2,PROJET,7.1,1,2024-04-16,29,7.1
NOT005358,STU00676,MAT0014,4,EXAMEN,9.29,1,2023-05-16,29,9.29
NOT005359,STU00676,MAT0015,2,CC,6.58,1,2024-05-16,29,6.58
NOT005360,STU00676,MAT0027,2,EXAMEN,11.18,2,2023-05-16,29,22.36
NOT005361,STU00677,MAT0035,3,TP,11.86,1,2023-04-15,28,11.86
NOT005362,STU00677,MAT0024,3,CC,12.34,3,2023-04-15,28,37.02
NOT005363,STU00677,MAT0015,3,TP,12.19,2,2024-05-16,28,24.38
NOT005364,STU00677,MAT0010,1,EXAMEN,9.22,1,2023-05-16,28,9.22
NOT005365,STU00677,MAT0034,1,EXAMEN,11.43,3,2023-04-16,28,34.29
NOT005366,STU00677,MAT0034,3,EXAMEN,7.51,1,2023-05-16,28,7.51
NOT005367,STU00677,MAT0009,2,TP,16.09,2,2023-05-16,28,32.18
NOT005368,STU00677,MAT0031,1,EXAMEN,11.09,2,2024-05-17,28,22.18
NOT005369,STU00678,MAT0011,3,TP,10.53,2,2023-04-15,29,21.06
NOT005370,STU00678,MAT0022,2,CC,16.77,1,2024-05-17,29,16.77
NOT005371,STU00678,MAT0003,1,PROJET,8.27,2,2024-05-16,29,16.54
NOT005372,STU00678,MAT0001,2,PROJET,8.62,3,2024-04-16,29,25.86
NOT005373,STU00678,MAT0007,1,CC,8.71,2,2024-05-16,29,17.42
NOT005374,STU00678,MAT0007,3,CC,11.8,1,2024-04-15,29,11.8
NOT005375,STU00678,MAT0010,3,TP,13.29,1,2023-05-16,29,13.29
NOT005376,STU00679,MAT0026,1,EXAMEN,14.22,1,2023-05-17,28,14.22
NOT005377,STU00679,MAT0015,2,PROJET,19.72,1,2024-04-16,28,19.72
NOT005378,STU00679,MAT0003,1,EXAMEN,5.25,2,2023-05-17,28,10.5
NOT005379,STU00679,MAT0001,2,EXAMEN,13.83,3,2023-04-16,28,41.489998
NOT005380,STU00679,MAT0011,1,CC,10.33,3,2023-04-15,28,30.99
NOT005381,STU00679,MAT0024,4,EXAMEN,10.24,3,2023-05-16,28,30.72
NOT005382,STU00679,MAT0035,1,TP,10.14,2,2024-04-15,28,20.28
NOT005383,STU00679,MAT0030,1,TP,9.27,2,2024-05-17,28,18.54
NOT005384,STU00680,MAT0008,2,TP,17.05,1,2024-04-15,29,17.05
NOT005385,STU00680,MAT0024,4,EXAMEN,14.53,1,2024-05-17,29,14.53
NOT005386,STU00680,MAT0003,4,CC,12.07,2,2023-04-16,29,24.14
NOT005387,STU00680,MAT0024,4,EXAMEN,16.05,3,2024-04-16,29,48.149998
NOT005388,STU00680,MAT0014,2,EXAMEN,7.46,2,2024-04-16,29,14.92
NOT005389,STU00680,MAT0007,4,TP,8.01,3,2024-04-15,29,24.03
NOT005390,STU00681,MAT0020,2,CC,5.47,2,2023-04-16,28,10.94
NOT005391,STU00681,MAT0008,3,TP,9.9,3,2024-05-17,28,29.699999
NOT005392,STU00681,MAT0001,3,CC,12.49,3,2024-04-15,28,37.47
NOT005393,STU00681,MAT0011,1,EXAMEN,12.31,1,2023-05-16,28,12.31
NOT005394,STU00681,MAT0026,2,TP,12.45,2,2024-04-15,28,24.9
NOT005395,STU00681,MAT0035,3,PROJET,7.77,2,2023-05-16,28,15.54
NOT005396,STU00682,MAT0007,1,CC,14.41,1,2024-04-15,29,14.41
NOT005397,STU00682,MAT0005,3,PROJET,12.72,3,2024-05-17,29,38.16
NOT005398,STU00682,MAT0035,1,TP,14.2,2,2023-05-16,29,28.4
NOT005399,STU00682,MAT0030,3,TP,6.32,2,2023-04-15,29,12.64
NOT005400,STU00682,MAT0013,3,EXAMEN,12.93,1,2023-04-15,29,12.93
NOT005401,STU00682,MAT0031,2,CC,8.44,2,2024-04-15,29,16.88
NOT005402,STU00682,MAT0019,1,CC,10.81,1,2024-05-17,29,10.81
NOT005403,STU00682,MAT0006,1,PROJET,13.6,1,2023-04-16,29,13.6
NOT005404,STU00683,MAT0010,2,PROJET,12.27,1,2024-04-15,28,12.27
NOT005405,STU00683,MAT0017,2,TP,9.45,2,2024-04-16,28,18.9
NOT005406,STU00683,MAT0023,4,PROJET,12.02,3,2023-05-16,28,36.06
NOT005407,STU00683,MAT0015,4,EXAMEN,7.41,3,2023-04-16,28,22.23
NOT005408,STU00683,MAT0009,1,EXAMEN,15.45,3,2024-04-15,28,46.35
NOT005409,STU00683,MAT0032,4,PROJET,11.38,3,2024-04-15,28,34.14
NOT005410,STU00683,MAT0004,4,EXAMEN,15.36,2,2023-04-16,28,30.72
NOT005411,STU00683,MAT0031,3,TP,10.42,2,2024-04-16,28,20.84
NOT005412,STU00683,MAT0001,2,TP,10.43,2,2024-04-16,28,20.86
NOT005413,STU00684,MAT0006,2,PROJET,9.71,2,2024-04-15,29,19.42
NOT005414,STU00684,MAT0031,3,CC,14.63,2,2024-05-16,29,29.26
NOT005415,STU00684,MAT0012,4,TP,9.87,2,2024-05-17,29,19.74
NOT005416,STU00684,MAT0013,3,CC,13.93,3,2023-04-15,29,41.79
NOT005417,STU00684,MAT0016,2,CC,10.85,3,2024-04-16,29,32.550003
NOT005418,STU00684,MAT0023,3,TP,6.07,2,2024-05-16,29,12.14
NOT005419,STU00684,MAT0029,2,EXAMEN,10.29,3,2023-05-17,29,30.869999
NOT005420,STU00685,MAT0020,1,PROJET,8.46,3,2023-05-16,28,25.380001
NOT005421,STU00685,MAT0019,1,PROJET,12.1,1,2023-04-16,28,12.1
NOT005422,STU00685,MAT0024,3,CC,8.43,3,2023-05-17,28,25.29
NOT005423,STU00685,MAT0032,1,TP,14.78,2,2024-04-16,28,29.56
NOT005424,STU00685,MAT0016,4,EXAMEN,11.73,3,2024-04-15,28,35.19
NOT005425,STU00685,MAT0013,1,CC,11.47,2,2024-05-17,28,22.94
NOT005426,STU00685,MAT0013,2,PROJET,13.97,1,2024-04-15,28,13.97
NOT005427,STU00685,MAT0019,1,EXAMEN,14.89,3,2024-05-16,28,44.670002
NOT005428,STU00686,MAT0005,2,CC,11.94,2,2023-05-17,29,23.88
NOT005429,STU00686,MAT0024,2,PROJET,9.69,2,2024-04-15,29,19.38
NOT005430,STU00686,MAT0014,4,EXAMEN,6.68,1,2024-04-15,29,6.68
NOT005431,STU00686,MAT0020,3,PROJET,9.94,2,2024-05-17,29,19.88
NOT005432,STU00686,MAT0031,1,CC,10.15,2,2024-04-16,29,20.3
NOT005433,STU00686,MAT0018,1,TP,12.32,3,2024-04-15,29,36.96
NOT005434,STU00686,MAT0011,4,PROJET,10.96,2,2023-05-17,29,21.92
NOT005435,STU00686,MAT0004,2,EXAMEN,14.06,3,2024-05-17,29,42.18
NOT005436,STU00687,MAT0016,1,PROJET,10.16,2,2023-04-16,28,20.32
NOT005437,STU00687,MAT0015,2,EXAMEN,11.83,2,2024-04-16,28,23.66
NOT005438,STU00687,MAT0024,4,PROJET,15.55,3,2024-05-16,28,46.65
NOT005439,STU00687,MAT0019,3,TP,13.03,2,2024-04-15,28,26.06
NOT005440,STU00687,MAT0027,3,CC,11.82,3,2024-04-16,28,35.46
NOT005441,STU00687,MAT0005,4,TP,10.19,2,2023-04-16,28,20.38
NOT005442,STU00688,MAT0032,2,CC,10.1,1,2024-04-16,29,10.1
NOT005443,STU00688,MAT0016,4,CC,9.45,3,2024-05-17,29,28.349998
NOT005444,STU00688,MAT0028,1,CC,10.38,2,2023-04-15,29,20.76
NOT005445,STU00688,MAT0008,4,TP,14.27,3,2023-04-15,29,42.81
NOT005446,STU00688,MAT0025,3,TP,11.33,2,2023-05-16,29,22.66
NOT005447,STU00688,MAT0025,1,CC,7.95,2,2023-04-16,29,15.9
NOT005448,STU00688,MAT0028,4,CC,17.3,1,2023-04-15,29,17.3
NOT005449,STU00688,MAT0014,4,TP,12.96,2,2024-04-16,29,25.92
NOT005450,STU00688,MAT0003,2,PROJET,7.78,2,2024-04-15,29,15.56
NOT005451,STU00689,MAT0015,2,CC,10.67,1,2024-04-16,28,10.67
NOT005452,STU00689,MAT0015,2,EXAMEN,12.33,1,2024-05-17,28,12.33
NOT005453,STU00689,MAT0023,2,EXAMEN,17.11,3,2024-05-16,28,51.33
NOT005454,STU00689,MAT0006,1,EXAMEN,8.68,1,2023-04-15,28,8.68
NOT005455,STU00689,MAT0011,3,CC,14.93,2,2024-04-15,28,29.86
NOT005456,STU00689,MAT0012,1,PROJET,16.2,2,2023-04-15,28,32.4
NOT005457,STU00689,MAT0013,3,PROJET,10.11,2,2024-05-16,28,20.22
NOT005458,STU00689,MAT0024,4,PROJET,11.17,3,2023-05-17,28,33.510002
NOT005459,STU00689,MAT0017,3,TP,8.89,1,2024-05-17,28,8.89
NOT005460,STU00689,MAT0010,3,TP,11.39,3,2023-05-16,28,34.170002
NOT005461,STU00690,MAT0020,4,EXAMEN,11.89,3,2024-04-16,29,35.670002
NOT005462,STU00690,MAT0025,2,PROJET,13.98,1,2023-05-16,29,13.98
NOT005463,STU00690,MAT0027,2,TP,15.27,2,2024-04-15,29,30.54
NOT005464,STU00690,MAT0005,2,PROJET,9.76,2,2023-05-17,29,19.52
NOT005465,STU00690,MAT0005,4,EXAMEN,6.1,2,2024-05-16,29,12.2
NOT005466,STU00690,MAT0034,2,PROJET,11.94,1,2024-04-16,29,11.94
NOT005467,STU00690,MAT0023,4,PROJET,12.88,2,2023-05-16,29,25.76
NOT005468,STU00690,MAT0033,1,EXAMEN,12.75,1,2023-05-17,29,12.75
NOT005469,STU00691,MAT0014,1,TP,11.02,2,2024-04-16,28,22.04
NOT005470,STU00691,MAT0004,2,CC,12.37,1,2024-05-16,28,12.37
NOT005471,STU00691,MAT0017,3,TP,16.55,2,2023-05-17,28,33.1
NOT005472,STU00691,MAT0020,1,TP,13.15,2,2023-04-15,28,26.3
NOT005473,STU00691,MAT0001,3,PROJET,10.88,2,2023-04-15,28,21.76
NOT005474,STU00691,MAT0023,1,TP,10.5,2,2023-05-16,28,21.0
NOT005475,STU00691,MAT0004,1,PROJET,11.49,2,2023-04-16,28,22.98
NOT005476,STU00692,MAT0024,4,PROJET,16.91,2,2024-04-16,29,33.82
NOT005477,STU00692,MAT0030,4,TP,11.45,1,2024-05-16,29,11.45
NOT005478,STU00692,MAT0027,3,PROJET,11.94,2,2024-05-17,29,23.88
NOT005479,STU00692,MAT0019,1,TP,10.55,2,2024-05-16,29,21.1
NOT005480,STU00692,MAT0025,3,EXAMEN,15.3,3,2023-05-17,29,45.9
NOT005481,STU00692,MAT0032,4,CC,17.88,1,2023-05-16,29,17.88
NOT005482,STU00692,MAT0011,3,TP,13.35,2,2023-05-17,29,26.7
NOT005483,STU00692,MAT0033,1,CC,12.25,3,2024-05-16,29,36.75
NOT005484,STU00692,MAT0023,4,EXAMEN,12.11,2,2023-05-16,29,24.22
NOT005485,STU00692,MAT0024,3,TP,4.85,1,2024-05-17,29,4.85
NOT005486,STU00693,MAT0028,4,PROJET,14.24,2,2023-05-16,28,28.48
NOT005487,STU00693,MAT0004,1,CC,12.4,1,2024-04-16,28,12.4
NOT005488,STU00693,MAT0025,3,EXAMEN,13.29,3,2024-05-16,28,39.87
NOT005489,STU00693,MAT0032,4,TP,9.87,2,2024-05-16,28,19.74
NOT005490,STU00693,MAT0032,1,PROJET,10.85,1,2024-05-17,28,10.85
NOT005491,STU00693,MAT0033,2,EXAMEN,10.77,2,2024-04-16,28,21.54
NOT005492,STU00693,MAT0009,3,EXAMEN,15.06,2,2023-04-15,28,30.12
NOT005493,STU00694,MAT0011,3,PROJET,10.86,1,2024-05-17,29,10.86
NOT005494,STU00694,MAT0021,3,PROJET,18.25,3,2023-05-17,29,54.75
NOT005495,STU00694,MAT0018,4,EXAMEN,13.29,3,2023-04-16,29,39.87
NOT005496,STU00694,MAT0012,3,EXAMEN,8.17,2,2024-04-16,29,16.34
NOT005497,STU00694,MAT0020,3,PROJET,11.61,2,2023-05-17,29,23.22
NOT005498,STU00694,MAT0027,2,EXAMEN,10.04,2,2023-04-15,29,20.08
NOT005499,STU00694,MAT0022,1,PROJET,5.42,2,2023-05-17,29,10.84
NOT005500,STU00695,MAT0033,1,CC,16.8,1,2024-04-16,28,16.8
NOT005501,STU00695,MAT0026,4,PROJET,14.11,3,2023-04-16,28,42.329998
NOT005502,STU00695,MAT0032,4,CC,13.6,2,2024-05-17,28,27.2
NOT005503,STU00695,MAT0013,4,CC,12.5,3,2023-05-16,28,37.5
NOT005504,STU00695,MAT0009,4,EXAMEN,7.85,3,2024-05-16,28,23.55
NOT005505,STU00695,MAT0025,1,PROJET,10.55,1,2024-05-16,28,10.55
NOT005506,STU00695,MAT0002,1,TP,14.53,3,2023-04-15,28,43.59
NOT005507,STU00695,MAT0007,1,TP,8.85,3,2024-04-16,28,26.550001
NOT005508,STU00696,MAT0022,4,CC,4.4,2,2024-05-17,29,8.8
NOT005509,STU00696,MAT0022,2,PROJET,11.32,2,2024-05-16,29,22.64
NOT005510,STU00696,MAT0016,2,EXAMEN,11.57,1,2024-05-17,29,11.57
NOT005511,STU00696,MAT0006,4,CC,12.41,1,2024-04-15,29,12.41
NOT005512,STU00696,MAT0014,2,PROJET,14.19,3,2023-05-16,29,42.57
NOT005513,STU00696,MAT0019,1,EXAMEN,13.91,3,2023-05-17,29,41.73
NOT005514,STU00696,MAT0011,4,CC,12.78,2,2023-05-16,29,25.56
NOT005515,STU00697,MAT0012,3,PROJET,15.59,2,2023-04-16,28,31.18
NOT005516,STU00697,MAT0012,4,CC,7.44,1,2024-05-16,28,7.44
NOT005517,STU00697,MAT0031,3,PROJET,13.51,1,2023-05-17,28,13.51
NOT005518,STU00697,MAT0026,1,PROJET,13.88,2,2024-04-16,28,27.76
NOT005519,STU00697,MAT0016,1,CC,8.28,2,2023-05-17,28,16.56
NOT005520,STU00697,MAT0009,4,PROJET,7.49,1,2024-04-15,28,7.49
NOT005521,STU00698,MAT0012,2,PROJET,9.76,3,2023-05-16,29,29.28
NOT005522,STU00698,MAT0013,3,CC,10.02,1,2024-04-16,29,10.02
NOT005523,STU00698,MAT0007,3,TP,14.26,3,2023-05-17,29,42.78
NOT005524,STU00698,MAT0027,3,PROJET,10.16,1,2023-04-16,29,10.16
NOT005525,STU00698,MAT0016,4,PROJET,9.43,1,2024-05-16,29,9.43
NOT005526,STU00698,MAT0008,1,CC,10.17,1,2024-04-16,29,10.17
NOT005527,STU00698,MAT0023,4,EXAMEN,15.36,2,2024-05-16,29,30.72
NOT005528,STU00698,MAT0017,4,EXAMEN,12.04,1,2024-05-17,29,12.04
NOT005529,STU00698,MAT0005,4,CC,11.46,2,2024-04-15,29,22.92
NOT005530,STU00699,MAT0035,3,PROJET,11.67,3,2023-04-15,28,35.010002
NOT005531,STU00699,MAT0023,4,PROJET,15.88,3,2023-05-17,28,47.64
NOT005532,STU00699,MAT0034,3,CC,9.75,3,2023-05-16,28,29.25
NOT005533,STU00699,MAT0027,2,TP,15.95,2,2024-05-16,28,31.9
NOT005534,STU00699,MAT0011,4,TP,12.63,2,2024-05-16,28,25.26
NOT005535,STU00699,MAT0005,2,PROJET,11.52,1,2024-05-17,28,11.52
NOT005536,STU00699,MAT0006,2,CC,19.5,2,2023-05-17,28,39.0
NOT005537,STU00700,MAT0035,3,PROJET,8.83,2,2023-04-16,29,17.66
NOT005538,STU00700,MAT0035,4,EXAMEN,10.94,3,2023-04-16,29,32.82
NOT005539,STU00700,MAT0005,1,PROJET,8.3,2,2023-05-17,29,16.6
NOT005540,STU00700,MAT0017,4,PROJET,14.86,3,2024-05-17,29,44.579998
NOT005541,STU00700,MAT0011,2,EXAMEN,17.07,3,2023-04-15,29,51.21
NOT005542,STU00700,MAT0027,1,EXAMEN,17.01,2,2024-05-16,29,34.02
NOT005543,STU00701,MAT0011,2,PROJET,15.67,3,2024-04-15,28,47.010002
NOT005544,STU00701,MAT0022,3,TP,11.41,1,2024-04-15,28,11.41
NOT005545,STU00701,MAT0001,3,EXAMEN,10.9,2,2023-05-17,28,21.8
NOT005546,STU00701,MAT0007,4,TP,6.99,1,2024-05-17,28,6.99
NOT005547,STU00701,MAT0008,4,PROJET,18.11,2,2024-05-16,28,36.22
NOT005548,STU00701,MAT0006,4,TP,13.41,2,2024-05-16,28,26.82
NOT005549,STU00702,MAT0001,4,CC,10.52,3,2024-04-15,29,31.560001
NOT005550,STU00702,MAT0008,1,EXAMEN,15.98,3,2023-04-15,29,47.94
NOT005551,STU00702,MAT0017,1,TP,9.08,2,2023-04-15,29,18.16
NOT005552,STU00702,MAT0027,3,PROJET,13.22,2,2023-04-15,29,26.44
NOT005553,STU00702,MAT0032,4,CC,11.48,2,2024-04-16,29,22.96
NOT005554,STU00702,MAT0034,4,CC,13.92,2,2024-04-15,29,27.84
NOT005555,STU00702,MAT0025,4,PROJET,11.81,3,2023-05-17,29,35.43
NOT005556,STU00702,MAT0018,3,TP,7.65,3,2023-04-15,29,22.95
NOT005557,STU00702,MAT0014,4,PROJET,12.23,3,2023-04-15,29,36.69
NOT005558,STU00702,MAT0013,2,EXAMEN,15.15,3,2024-05-17,29,45.449997
NOT005559,STU00703,MAT0002,4,PROJET,11.91,2,2023-05-17,28,23.82
NOT005560,STU00703,MAT0022,2,PROJET,14.33,1,2024-04-15,28,14.33
NOT005561,STU00703,MAT0001,3,EXAMEN,8.86,2,2024-04-16,28,17.72
NOT005562,STU00703,MAT0005,3,EXAMEN,11.92,2,2023-05-17,28,23.84
NOT005563,STU00703,MAT0003,1,PROJET,10.13,3,2024-05-16,28,30.39
NOT005564,STU00703,MAT0008,2,PROJET,14.24,1,2024-04-15,28,14.24
NOT005565,STU00703,MAT0013,2,EXAMEN,12.09,2,2023-05-16,28,24.18
NOT005566,STU00704,MAT0015,1,PROJET,14.07,2,2024-05-17,29,28.14
NOT005567,STU00704,MAT0024,4,TP,15.26,1,2024-04-15,29,15.26
NOT005568,STU00704,MAT0017,2,PROJET,14.07,2,2024-04-15,29,28.14
NOT005569,STU00704,MAT0033,2,TP,12.82,3,2023-05-17,29,38.46
NOT005570,STU00704,MAT0009,1,EXAMEN,9.01,3,2024-04-15,29,27.03
NOT005571,STU00704,MAT0006,3,CC,11.99,2,2023-04-15,29,23.98
NOT005572,STU00704,MAT0014,1,TP,10.4,1,2024-04-16,29,10.4
NOT005573,STU00704,MAT0029,2,PROJET,10.97,2,2023-04-15,29,21.94
NOT005574,STU00704,MAT0012,4,PROJET,10.88,3,2024-05-16,29,32.64
NOT005575,STU00705,MAT0012,3,EXAMEN,9.06,2,2024-05-17,28,18.12
NOT005576,STU00705,MAT0032,4,PROJET,6.13,3,2024-04-15,28,18.39
NOT005577,STU00705,MAT0033,3,TP,10.0,1,2024-04-15,28,10.0
NOT005578,STU00705,MAT0028,1,PROJET,12.58,3,2023-04-15,28,37.739998
NOT005579,STU00705,MAT0014,3,PROJET,7.96,3,2024-04-16,28,23.880001
NOT005580,STU00705,MAT0015,2,TP,12.05,2,2024-05-16,28,24.1
NOT005581,STU00705,MAT0017,1,EXAMEN,17.7,2,2023-05-17,28,35.4
NOT005582,STU00705,MAT0016,1,EXAMEN,15.07,2,2024-04-15,28,30.14
NOT005583,STU00705,MAT0026,3,CC,16.93,2,2023-04-15,28,33.86
NOT005584,STU00705,MAT0007,4,CC,13.17,2,2024-05-16,28,26.34
NOT005585,STU00706,MAT0010,2,TP,15.5,2,2024-05-17,29,31.0
NOT005586,STU00706,MAT0004,2,EXAMEN,9.83,3,2023-05-17,29,29.49
NOT005587,STU00706,MAT0022,4,EXAMEN,10.07,3,2023-04-16,29,30.21
NOT005588,STU00706,MAT0022,3,TP,3.78,2,2024-04-16,29,7.56
NOT005589,STU00706,MAT0033,3,TP,15.56,1,2024-05-17,29,15.56
NOT005590,STU00706,MAT0019,4,CC,16.62,2,2023-04-15,29,33.24
NOT005591,STU00706,MAT0008,1,EXAMEN,10.34,1,2024-04-16,29,10.34
NOT005592,STU00706,MAT0004,4,PROJET,11.24,2,2023-05-17,29,22.48
NOT005593,STU00706,MAT0013,2,CC,9.74,2,2023-04-16,29,19.48
NOT005594,STU00706,MAT0001,1,PROJET,13.15,2,2023-05-16,29,26.3
NOT005595,STU00707,MAT0022,2,EXAMEN,15.37,2,2023-04-15,28,30.74
NOT005596,STU00707,MAT0001,1,CC,6.77,3,2023-05-17,28,20.31
NOT005597,STU00707,MAT0033,1,EXAMEN,13.23,2,2023-04-16,28,26.46
NOT005598,STU00707,MAT0022,1,PROJET,11.17,2,2024-05-17,28,22.34
NOT005599,STU00707,MAT0008,2,EXAMEN,12.34,2,2024-05-17,28,24.68
NOT005600,STU00707,MAT0001,1,CC,13.38,1,2023-05-16,28,13.38
NOT005601,STU00707,MAT0011,1,CC,11.44,1,2024-04-15,28,11.44
NOT005602,STU00707,MAT0006,1,CC,11.69,3,2023-04-16,28,35.07
NOT005603,STU00708,MAT0016,4,PROJET,11.36,3,2024-05-17,29,34.079998
NOT005604,STU00708,MAT0001,2,EXAMEN,14.91,1,2024-04-16,29,14.91
NOT005605,STU00708,MAT0013,4,TP,13.26,2,2023-04-16,29,26.52
NOT005606,STU00708,MAT0023,4,TP,12.66,2,2023-04-15,29,25.32
NOT005607,STU00708,MAT0002,1,TP,8.19,1,2023-05-16,29,8.19
NOT005608,STU00708,MAT0009,2,TP,10.86,2,2024-04-15,29,21.72
NOT005609,STU00708,MAT0022,2,EXAMEN,14.7,3,2023-04-15,29,44.1
NOT005610,STU00708,MAT0025,2,TP,12.11,1,2023-05-17,29,12.11
NOT005611,STU00708,MAT0023,1,PROJET,13.98,1,2023-04-16,29,13.98
NOT005612,STU00708,MAT0001,4,CC,17.3,2,2023-04-15,29,34.6
NOT005613,STU00709,MAT0010,3,EXAMEN,15.12,1,2023-04-16,28,15.12
NOT005614,STU00709,MAT0030,1,PROJET,12.28,2,2023-05-16,28,24.56
NOT005615,STU00709,MAT0014,2,TP,10.47,2,2024-04-15,28,20.94
NOT005616,STU00709,MAT0008,2,CC,4.34,3,2023-05-16,28,13.02
NOT005617,STU00709,MAT0009,3,CC,11.49,3,2023-05-16,28,34.47
NOT005618,STU00709,MAT0023,2,TP,11.02,3,2023-05-17,28,33.06
NOT005619,STU00709,MAT0010,2,PROJET,13.17,2,2023-04-16,28,26.34
NOT005620,STU00709,MAT0008,3,TP,11.54,3,2023-04-16,28,34.62
NOT005621,STU00709,MAT0018,1,TP,11.04,2,2023-05-16,28,22.08
NOT005622,STU00710,MAT0032,2,PROJET,6.66,3,2023-05-16,29,19.98
NOT005623,STU00710,MAT0010,1,TP,9.18,2,2024-04-15,29,18.36
NOT005624,STU00710,MAT0010,1,TP,13.43,1,2023-05-16,29,13.43
NOT005625,STU00710,MAT0009,3,EXAMEN,17.15,1,2023-04-15,29,17.15
NOT005626,STU00710,MAT0007,1,TP,11.71,2,2024-05-17,29,23.42
NOT005627,STU00710,MAT0028,4,EXAMEN,12.98,2,2024-05-17,29,25.96
NOT005628,STU00710,MAT0007,4,TP,14.86,1,2024-05-17,29,14.86
NOT005629,STU00710,MAT0009,2,TP,9.57,3,2023-04-15,29,28.71
NOT005630,STU00710,MAT0006,2,EXAMEN,13.1,1,2024-04-16,29,13.1
NOT005631,STU00710,MAT0033,1,TP,9.78,2,2023-04-15,29,19.56
NOT005632,STU00711,MAT0030,2,EXAMEN,14.59,2,2024-05-17,28,29.18
NOT005633,STU00711,MAT0009,4,EXAMEN,12.45,1,2024-04-16,28,12.45
NOT005634,STU00711,MAT0035,1,EXAMEN,12.9,2,2023-05-17,28,25.8
NOT005635,STU00711,MAT0023,3,CC,9.65,1,2023-04-16,28,9.65
NOT005636,STU00711,MAT0011,3,PROJET,14.12,1,2023-05-16,28,14.12
NOT005637,STU00711,MAT0024,1,TP,18.25,2,2024-04-16,28,36.5
NOT005638,STU00711,MAT0019,1,EXAMEN,8.98,3,2023-04-16,28,26.939999
NOT005639,STU00711,MAT0014,3,TP,10.98,1,2024-04-15,28,10.98
NOT005640,STU00711,MAT0017,1,PROJET,12.69,1,2024-04-15,28,12.69
NOT005641,STU00711,MAT0005,1,PROJET,14.36,2,2023-04-16,28,28.72
NOT005642,STU00712,MAT0006,3,CC,10.32,1,2023-05-17,29,10.32
NOT005643,STU00712,MAT0028,2,TP,3.5,2,2024-04-15,29,7.0
NOT005644,STU00712,MAT0024,4,EXAMEN,16.08,3,2024-05-17,29,48.239998
NOT005645,STU00712,MAT0011,1,TP,14.28,1,2023-05-17,29,14.28
NOT005646,STU00712,MAT0032,3,EXAMEN,6.77,2,2023-04-15,29,13.54
NOT005647,STU00712,MAT0007,3,TP,10.18,1,2024-04-16,29,10.18
NOT005648,STU00712,MAT0016,1,TP,16.7,3,2024-05-17,29,50.100002
NOT005649,STU00713,MAT0024,1,EXAMEN,16.34,2,2024-04-15,28,32.68
NOT005650,STU00713,MAT0025,4,EXAMEN,14.82,3,2024-04-16,28,44.46
NOT005651,STU00713,MAT0009,4,PROJET,11.47,3,2023-05-17,28,34.41
NOT005652,STU00713,MAT0022,3,PROJET,12.25,2,2024-04-16,28,24.5
NOT005653,STU00713,MAT0010,1,TP,11.61,2,2024-04-16,28,23.22
NOT005654,STU00713,MAT0031,3,PROJET,15.38,2,2023-04-16,28,30.76
NOT005655,STU00713,MAT0019,3,TP,9.37,2,2023-05-17,28,18.74
NOT005656,STU00713,MAT0017,3,PROJET,9.58,1,2024-05-16,28,9.58
NOT005657,STU00713,MAT0022,1,EXAMEN,15.03,3,2024-05-17,28,45.09
NOT005658,STU00714,MAT0032,2,CC,11.87,3,2023-05-16,29,35.61
NOT005659,STU00714,MAT0025,1,PROJET,16.14,1,2024-05-17,29,16.14
NOT005660,STU00714,MAT0023,1,CC,9.99,3,2024-05-17,29,29.97
NOT005661,STU00714,MAT0027,4,TP,11.84,3,2024-05-17,29,35.52
NOT005662,STU00714,MAT0013,2,EXAMEN,9.23,1,2023-04-16,29,9.23
NOT005663,STU00714,MAT0005,1,PROJET,12.02,2,2023-04-15,29,24.04
NOT005664,STU00714,MAT0018,1,EXAMEN,7.56,3,2024-04-15,29,22.68
NOT005665,STU00714,MAT0014,4,EXAMEN,10.54,3,2023-05-16,29,31.619999
NOT005666,STU00714,MAT0002,2,TP,7.69,2,2024-04-15,29,15.38
NOT005667,STU00714,MAT0031,3,CC,14.08,3,2023-05-17,29,42.239998
NOT005668,STU00715,MAT0013,2,TP,14.15,2,2024-05-17,28,28.3
NOT005669,STU00715,MAT0027,1,PROJET,6.81,2,2024-04-16,28,13.62
NOT005670,STU00715,MAT0010,1,TP,16.0,3,2023-05-16,28,48.0
NOT005671,STU00715,MAT0007,1,CC,19.49,2,2024-05-17,28,38.98
NOT005672,STU00715,MAT0017,1,PROJET,12.14,2,2024-04-16,28,24.28
NOT005673,STU00715,MAT0006,4,PROJET,10.08,3,2023-05-17,28,30.24
NOT005674,STU00715,MAT0030,3,EXAMEN,20.0,2,2024-05-16,28,40.0
NOT005675,STU00715,MAT0025,3,CC,8.04,2,2024-04-15,28,16.08
NOT005676,STU00715,MAT0008,1,TP,12.06,1,2023-04-15,28,12.06
NOT005677,STU00715,MAT0008,4,EXAMEN,12.54,2,2023-04-15,28,25.08
NOT005678,STU00716,MAT0029,3,PROJET,16.04,2,2023-05-17,29,32.08
NOT005679,STU00716,MAT0018,3,CC,13.08,3,2023-05-16,29,39.239998
NOT005680,STU00716,MAT0034,4,TP,10.5,2,2023-04-16,29,21.0
NOT005681,STU00716,MAT0009,4,TP,9.15,2,2023-05-16,29,18.3
NOT005682,STU00716,MAT0014,3,CC,10.97,1,2023-05-16,29,10.97
NOT005683,STU00716,MAT0012,4,TP,8.98,2,2024-05-16,29,17.96
NOT005684,STU00717,MAT0033,3,EXAMEN,12.14,2,2023-04-16,28,24.28
NOT005685,STU00717,MAT0031,4,PROJET,10.31,3,2023-04-15,28,30.93
NOT005686,STU00717,MAT0023,2,EXAMEN,7.52,1,2023-05-16,28,7.52
NOT005687,STU00717,MAT0006,3,CC,15.77,3,2024-04-15,28,47.31
NOT005688,STU00717,MAT0031,4,PROJET,10.51,3,2023-04-15,28,31.53
NOT005689,STU00717,MAT0001,4,EXAMEN,8.2,2,2024-05-16,28,16.4
NOT005690,STU00717,MAT0031,2,EXAMEN,11.5,3,2024-05-17,28,34.5
NOT005691,STU00717,MAT0021,3,CC,12.21,1,2023-05-16,28,12.21
NOT005692,STU00717,MAT0023,2,EXAMEN,6.76,2,2024-04-16,28,13.52
NOT005693,STU00717,MAT0017,3,EXAMEN,12.99,3,2023-05-17,28,38.97
NOT005694,STU00718,MAT0005,1,PROJET,8.86,1,2023-04-15,29,8.86
NOT005695,STU00718,MAT0001,4,CC,17.13,3,2024-05-16,29,51.39
NOT005696,STU00718,MAT0023,4,PROJET,13.57,1,2024-05-16,29,13.57
NOT005697,STU00718,MAT0032,3,CC,10.8,2,2024-05-16,29,21.6
NOT005698,STU00718,MAT0012,4,PROJET,9.76,2,2024-05-17,29,19.52
NOT005699,STU00718,MAT0009,1,EXAMEN,11.69,2,2024-04-15,29,23.38
NOT005700,STU00718,MAT0019,2,PROJET,13.84,3,2023-05-16,29,41.52
NOT005701,STU00719,MAT0017,2,TP,11.92,2,2024-05-16,28,23.84
NOT005702,STU00719,MAT0014,4,EXAMEN,11.35,1,2024-05-17,28,11.35
NOT005703,STU00719,MAT0032,1,TP,12.18,2,2023-05-17,28,24.36
NOT005704,STU00719,MAT0026,2,CC,10.19,2,2023-04-15,28,20.38
NOT005705,STU00719,MAT0019,4,EXAMEN,10.97,3,2024-05-16,28,32.91
NOT005706,STU00719,MAT0024,4,CC,5.74,3,2024-05-17,28,17.22
NOT005707,STU00719,MAT0009,4,TP,14.92,2,2023-04-16,28,29.84
NOT005708,STU00720,MAT0010,4,TP,12.9,2,2024-04-16,29,25.8
NOT005709,STU00720,MAT0022,2,EXAMEN,9.68,3,2023-05-16,29,29.04
NOT005710,STU00720,MAT0013,1,PROJET,17.7,3,2024-05-16,29,53.100002
NOT005711,STU00720,MAT0031,4,EXAMEN,12.26,2,2024-04-16,29,24.52
NOT005712,STU00720,MAT0018,4,TP,8.89,3,2023-05-17,29,26.670002
NOT005713,STU00720,MAT0024,2,CC,14.57,1,2023-04-16,29,14.57
NOT005714,STU00720,MAT0001,3,EXAMEN,13.19,2,2024-05-17,29,26.38
NOT005715,STU00721,MAT0025,2,TP,13.18,3,2024-05-17,4,39.54
NOT005716,STU00721,MAT0030,1,TP,10.72,2,2023-04-15,4,21.44
NOT005717,STU00721,MAT0021,4,TP,13.35,2,2024-05-16,4,26.7
NOT005718,STU00721,MAT0027,4,TP,11.21,2,2024-04-15,4,22.42
NOT005719,STU00721,MAT0013,1,PROJET,13.67,1,2023-05-17,4,13.67
NOT005720,STU00721,MAT0011,1,PROJET,6.29,2,2024-05-16,4,12.58
NOT005721,STU00721,MAT0028,4,TP,10.7,2,2023-04-16,4,21.4
NOT005722,STU00721,MAT0006,4,EXAMEN,17.17,1,2023-04-16,4,17.17
NOT005723,STU00721,MAT0011,1,EXAMEN,9.7,2,2023-04-16,4,19.4
NOT005724,STU00722,MAT0017,1,TP,10.19,1,2023-04-16,5,10.19
NOT005725,STU00722,MAT0020,1,TP,10.66,2,2024-04-16,5,21.32
NOT005726,STU00722,MAT0017,3,EXAMEN,8.36,2,2024-04-15,5,16.72
NOT005727,STU00722,MAT0033,2,PROJET,5.38,3,2023-05-17,5,16.14
NOT005728,STU00722,MAT0009,2,CC,11.31,1,2023-04-16,5,11.31
NOT005729,STU00722,MAT0026,2,CC,12.41,3,2023-04-16,5,37.23
NOT005730,STU00722,MAT0002,3,CC,11.84,1,2023-04-16,5,11.84
NOT005731,STU00722,MAT0012,2,PROJET,11.57,1,2024-04-16,5,11.57
NOT005732,STU00722,MAT0001,4,EXAMEN,12.13,2,2024-04-16,5,24.26
NOT005733,STU00723,MAT0002,3,PROJET,15.07,2,2023-05-17,4,30.14
NOT005734,STU00723,MAT0018,4,PROJET,11.43,1,2023-04-16,4,11.43
NOT005735,STU00723,MAT0009,4,EXAMEN,10.28,3,2023-04-15,4,30.84
NOT005736,STU00723,MAT0006,4,CC,11.16,3,2024-04-16,4,33.48
NOT005737,STU00723,MAT0028,4,EXAMEN,13.74,2,2024-05-16,4,27.48
NOT005738,STU00723,MAT0032,1,PROJET,16.24,1,2024-04-16,4,16.24
NOT005739,STU00723,MAT0008,4,CC,10.12,3,2024-05-17,4,30.36
NOT005740,STU00723,MAT0025,3,TP,12.3,1,2024-05-17,4,12.3
NOT005741,STU00723,MAT0035,3,TP,13.02,3,2024-04-16,4,39.06
NOT005742,STU00724,MAT0030,3,TP,9.02,3,2024-05-17,5,27.060001
NOT005743,STU00724,MAT0007,2,TP,12.06,1,2023-05-16,5,12.06
NOT005744,STU00724,MAT0023,4,CC,7.6,2,2024-05-17,5,15.2
NOT005745,STU00724,MAT0018,4,TP,6.69,2,2024-05-17,5,13.38
NOT005746,STU00724,MAT0015,3,PROJET,13.1,2,2024-04-16,5,26.2
NOT005747,STU00724,MAT0001,3,PROJET,10.85,1,2023-04-15,5,10.85
NOT005748,STU00724,MAT0021,2,CC,12.61,1,2023-04-15,5,12.61
NOT005749,STU00725,MAT0014,1,EXAMEN,11.95,2,2024-04-16,4,23.9
NOT005750,STU00725,MAT0028,4,EXAMEN,9.07,2,2023-05-17,4,18.14
NOT005751,STU00725,MAT0001,4,PROJET,11.86,2,2023-05-17,4,23.72
NOT005752,STU00725,MAT0023,2,EXAMEN,8.3,2,2024-04-16,4,16.6
NOT005753,STU00725,MAT0030,1,TP,16.17,2,2023-04-15,4,32.34
NOT005754,STU00725,MAT0024,2,PROJET,7.93,1,2024-05-17,4,7.93
NOT005755,STU00725,MAT0012,1,TP,11.41,1,2023-04-16,4,11.41
NOT005756,STU00725,MAT0025,3,TP,8.87,2,2024-05-16,4,17.74
NOT005757,STU00725,MAT0018,2,TP,13.71,1,2024-04-15,4,13.71
NOT005758,STU00726,MAT0003,1,EXAMEN,11.01,3,2024-04-16,5,33.03
NOT005759,STU00726,MAT0023,4,TP,10.44,3,2024-04-15,5,31.32
NOT005760,STU00726,MAT0014,2,PROJET,14.56,2,2024-05-16,5,29.12
NOT005761,STU00726,MAT0008,1,PROJET,12.09,3,2023-04-15,5,36.27
NOT005762,STU00726,MAT0010,1,PROJET,13.55,1,2023-05-16,5,13.55
NOT005763,STU00726,MAT0002,4,CC,9.06,2,2023-05-16,5,18.12
NOT005764,STU00726,MAT0023,1,CC,7.79,1,2023-05-17,5,7.79
NOT005765,STU00727,MAT0005,1,PROJET,12.32,2,2024-05-16,4,24.64
NOT005766,STU00727,MAT0012,4,TP,11.04,1,2024-04-16,4,11.04
NOT005767,STU00727,MAT0025,1,TP,13.88,2,2024-04-16,4,27.76
NOT005768,STU00727,MAT0002,4,CC,11.76,1,2023-04-15,4,11.76
NOT005769,STU00727,MAT0013,1,PROJET,12.62,2,2024-04-15,4,25.24
NOT005770,STU00727,MAT0003,2,PROJET,7.13,3,2024-04-15,4,21.39
NOT005771,STU00727,MAT0022,3,EXAMEN,17.67,3,2024-05-17,4,53.010002
NOT005772,STU00727,MAT0017,2,TP,11.51,2,2023-05-17,4,23.02
NOT005773,STU00728,MAT0002,2,CC,14.09,3,2023-04-15,5,42.27
NOT005774,STU00728,MAT0016,4,TP,9.49,2,2023-05-16,5,18.98
NOT005775,STU00728,MAT0008,4,PROJET,12.92,1,2023-05-16,5,12.92
NOT005776,STU00728,MAT0014,3,PROJET,8.09,3,2024-04-16,5,24.27
NOT005777,STU00728,MAT0004,4,EXAMEN,13.36,2,2023-05-17,5,26.72
NOT005778,STU00728,MAT0010,1,TP,10.93,2,2023-05-16,5,21.86
NOT005779,STU00728,MAT0020,2,TP,12.09,2,2024-05-16,5,24.18
NOT005780,STU00728,MAT0033,3,EXAMEN,14.09,2,2023-04-16,5,28.18
NOT005781,STU00728,MAT0023,2,CC,8.3,2,2023-05-17,5,16.6
NOT005782,STU00728,MAT0016,2,PROJET,9.95,2,2024-04-16,5,19.9
NOT005783,STU00729,MAT0011,3,CC,13.37,2,2023-05-16,4,26.74
NOT005784,STU00729,MAT0012,3,TP,18.29,3,2024-04-16,4,54.870003
NOT005785,STU00729,MAT0008,1,EXAMEN,11.59,3,2023-04-15,4,34.77
NOT005786,STU00729,MAT0022,4,CC,13.77,3,2024-04-15,4,41.31
NOT005787,STU00729,MAT0021,4,EXAMEN,11.68,1,2023-05-16,4,11.68
NOT005788,STU00729,MAT0008,3,TP,17.83,3,2024-05-16,4,53.489998
NOT005789,STU00729,MAT0031,2,CC,6.76,1,2024-04-15,4,6.76
NOT005790,STU00730,MAT0029,1,TP,12.28,2,2023-04-16,5,24.56
NOT005791,STU00730,MAT0027,3,TP,7.12,2,2023-05-16,5,14.24
NOT005792,STU00730,MAT0014,2,TP,4.48,1,2023-05-16,5,4.48
NOT005793,STU00730,MAT0019,2,EXAMEN,12.89,2,2024-05-17,5,25.78
NOT005794,STU00730,MAT0021,3,TP,12.42,1,2024-05-16,5,12.42
NOT005795,STU00730,MAT0013,3,TP,11.15,1,2024-04-15,5,11.15
NOT005796,STU00730,MAT0014,2,PROJET,11.68,1,2023-05-17,5,11.68
NOT005797,STU00731,MAT0012,1,CC,20.0,3,2023-05-16,4,60.0
NOT005798,STU00731,MAT0031,1,PROJET,11.23,3,2023-04-15,4,33.69
NOT005799,STU00731,MAT0006,2,CC,13.53,1,2023-04-16,4,13.53
NOT005800,STU00731,MAT0025,4,CC,10.05,2,2024-05-17,4,20.1
NOT005801,STU00731,MAT0008,4,TP,12.89,3,2024-04-15,4,38.670002
NOT005802,STU00731,MAT0023,3,PROJET,11.29,2,2024-04-16,4,22.58
NOT005803,STU00731,MAT0016,2,TP,10.77,3,2023-05-16,4,32.31
NOT005804,STU00731,MAT0016,1,TP,17.46,1,2023-05-17,4,17.46
NOT005805,STU00731,MAT0013,3,CC,15.53,2,2023-04-15,4,31.06
NOT005806,STU00731,MAT0006,3,CC,12.41,1,2024-05-17,4,12.41
NOT005807,STU00732,MAT0034,3,PROJET,5.09,2,2024-04-16,5,10.18
NOT005808,STU00732,MAT0019,2,EXAMEN,10.92,2,2023-04-15,5,21.84
NOT005809,STU00732,MAT0010,3,PROJET,20.0,1,2023-04-16,5,20.0
NOT005810,STU00732,MAT0021,3,TP,11.31,2,2023-04-15,5,22.62
NOT005811,STU00732,MAT0023,1,TP,15.31,1,2023-05-16,5,15.31
NOT005812,STU00732,MAT0028,4,TP,16.33,1,2023-05-16,5,16.33
NOT005813,STU00732,MAT0022,3,PROJET,12.66,3,2024-05-17,5,37.98
NOT005814,STU00732,MAT0009,3,CC,9.47,1,2024-04-15,5,9.47
NOT005815,STU00732,MAT0033,2,EXAMEN,4.69,2,2024-04-16,5,9.38
NOT005816,STU00733,MAT0023,1,EXAMEN,14.05,2,2024-05-16,4,28.1
NOT005817,STU00733,MAT0025,3,CC,9.56,1,2023-04-16,4,9.56
NOT005818,STU00733,MAT0035,1,TP,12.53,1,2024-05-16,4,12.53
NOT005819,STU00733,MAT0016,3,EXAMEN,8.25,2,2024-05-17,4,16.5
NOT005820,STU00733,MAT0009,1,PROJET,11.2,2,2023-05-17,4,22.4
NOT005821,STU00733,MAT0008,4,TP,12.1,2,2023-04-16,4,24.2
NOT005822,STU00734,MAT0021,4,TP,12.81,3,2024-05-17,5,38.43
NOT005823,STU00734,MAT0034,1,EXAMEN,8.66,1,2023-05-16,5,8.66
NOT005824,STU00734,MAT0012,3,PROJET,15.59,3,2024-05-17,5,46.77
NOT005825,STU00734,MAT0013,4,TP,10.21,3,2024-05-17,5,30.630001
NOT005826,STU00734,MAT0001,4,CC,6.98,2,2024-04-15,5,13.96
NOT005827,STU00734,MAT0002,3,CC,11.67,1,2023-05-16,5,11.67
NOT005828,STU00735,MAT0024,1,PROJET,12.1,2,2024-04-16,4,24.2
NOT005829,STU00735,MAT0035,4,TP,12.48,1,2024-05-17,4,12.48
NOT005830,STU00735,MAT0026,1,PROJET,16.09,2,2024-04-15,4,32.18
NOT005831,STU00735,MAT0003,2,PROJET,11.29,3,2024-04-16,4,33.87
NOT005832,STU00735,MAT0023,2,PROJET,11.64,3,2024-05-17,4,34.920002
NOT005833,STU00735,MAT0024,2,TP,8.69,2,2024-04-15,4,17.38
NOT005834,STU00735,MAT0016,2,EXAMEN,14.46,3,2024-04-15,4,43.38
NOT005835,STU00735,MAT0009,2,PROJET,12.55,3,2023-05-16,4,37.65
NOT005836,STU00735,MAT0016,4,EXAMEN,10.74,2,2024-04-15,4,21.48
NOT005837,STU00735,MAT0018,4,CC,6.29,2,2023-05-17,4,12.58
NOT005838,STU00736,MAT0006,3,CC,16.33,1,2023-04-16,5,16.33
NOT005839,STU00736,MAT0004,3,PROJET,8.32,1,2023-04-16,5,8.32
NOT005840,STU00736,MAT0034,2,PROJET,10.23,2,2024-05-16,5,20.46
NOT005841,STU00736,MAT0013,4,EXAMEN,13.08,3,2024-05-16,5,39.239998
NOT005842,STU00736,MAT0034,1,CC,8.41,1,2023-05-16,5,8.41
NOT005843,STU00736,MAT0009,3,EXAMEN,7.52,2,2023-04-15,5,15.04
NOT005844,STU00736,MAT0014,1,TP,5.63,1,2024-04-15,5,5.63
NOT005845,STU00736,MAT0025,1,TP,14.16,3,2024-05-16,5,42.48
NOT005846,STU00737,MAT0009,4,EXAMEN,10.36,2,2024-05-17,4,20.72
NOT005847,STU00737,MAT0031,3,CC,20.0,2,2024-04-15,4,40.0
NOT005848,STU00737,MAT0021,4,TP,9.02,2,2023-05-16,4,18.04
NOT005849,STU00737,MAT0015,2,TP,9.24,3,2024-04-15,4,27.72
NOT005850,STU00737,MAT0003,3,EXAMEN,10.3,2,2023-04-16,4,20.6
NOT005851,STU00737,MAT0029,4,EXAMEN,12.73,2,2023-04-15,4,25.46
NOT005852,STU00738,MAT0034,4,PROJET,10.59,2,2024-05-16,5,21.18
NOT005853,STU00738,MAT0020,3,EXAMEN,13.84,2,2024-05-16,5,27.68
NOT005854,STU00738,MAT0011,1,TP,9.06,2,2024-05-16,5,18.12
NOT005855,STU00738,MAT0010,2,EXAMEN,7.86,3,2023-04-16,5,23.58
NOT005856,STU00738,MAT0033,1,CC,6.61,3,2023-05-17,5,19.83
NOT005857,STU00738,MAT0009,2,TP,5.33,3,2024-04-15,5,15.99
NOT005858,STU00738,MAT0006,4,CC,10.45,2,2023-05-17,5,20.9
NOT005859,STU00738,MAT0031,4,TP,11.1,2,2024-04-16,5,22.2
NOT005860,STU00739,MAT0033,1,EXAMEN,10.11,2,2024-05-16,4,20.22
NOT005861,STU00739,MAT0030,4,EXAMEN,15.73,2,2024-05-16,4,31.46
NOT005862,STU00739,MAT0012,3,CC,15.68,1,2024-05-17,4,15.68
NOT005863,STU00739,MAT0007,3,CC,11.0,1,2024-05-16,4,11.0
NOT005864,STU00739,MAT0016,1,CC,6.62,1,2023-05-16,4,6.62
NOT005865,STU00739,MAT0029,2,TP,10.3,3,2023-04-16,4,30.900002
NOT005866,STU00739,MAT0015,2,EXAMEN,10.2,3,2023-04-16,4,30.599998
NOT005867,STU00739,MAT0008,4,PROJET,10.03,1,2023-04-15,4,10.03
NOT005868,STU00739,MAT0026,3,PROJET,9.91,2,2023-04-16,4,19.82
NOT005869,STU00740,MAT0015,2,PROJET,10.04,3,2023-05-16,5,30.119999
NOT005870,STU00740,MAT0029,1,PROJET,10.84,1,2023-04-16,5,10.84
NOT005871,STU00740,MAT0030,1,EXAMEN,10.09,2,2023-04-16,5,20.18
NOT005872,STU00740,MAT0034,1,TP,12.62,2,2023-04-15,5,25.24
NOT005873,STU00740,MAT0031,4,EXAMEN,13.08,1,2024-04-15,5,13.08
NOT005874,STU00740,MAT0010,3,TP,9.27,1,2024-04-16,5,9.27
NOT005875,STU00740,MAT0016,1,CC,15.81,2,2024-05-17,5,31.62
NOT005876,STU00740,MAT0004,4,CC,9.06,1,2024-05-16,5,9.06
NOT005877,STU00740,MAT0011,1,CC,7.15,1,2024-04-16,5,7.15
NOT005878,STU00740,MAT0012,4,EXAMEN,13.14,2,2023-05-16,5,26.28
NOT005879,STU00741,MAT0001,4,EXAMEN,9.55,2,2023-04-15,4,19.1
NOT005880,STU00741,MAT0029,3,EXAMEN,12.96,2,2024-05-17,4,25.92
NOT005881,STU00741,MAT0026,1,PROJET,4.79,2,2024-04-15,4,9.58
NOT005882,STU00741,MAT0021,2,TP,16.18,1,2023-05-17,4,16.18
NOT005883,STU00741,MAT0021,1,EXAMEN,14.02,2,2023-04-15,4,28.04
NOT005884,STU00741,MAT0028,1,TP,7.5,2,2024-05-17,4,15.0
NOT005885,STU00741,MAT0033,2,TP,7.56,2,2024-05-16,4,15.12
NOT005886,STU00741,MAT0003,3,PROJET,17.02,1,2023-05-16,4,17.02
NOT005887,STU00741,MAT0033,2,EXAMEN,9.79,2,2023-04-15,4,19.58
NOT005888,STU00741,MAT0031,4,PROJET,9.5,1,2023-04-16,4,9.5
NOT005889,STU00742,MAT0017,1,TP,5.2,3,2023-04-15,5,15.599999
NOT005890,STU00742,MAT0018,4,CC,10.95,2,2024-05-16,5,21.9
NOT005891,STU00742,MAT0014,3,EXAMEN,11.32,1,2024-04-16,5,11.32
NOT005892,STU00742,MAT0008,4,EXAMEN,14.15,2,2024-05-17,5,28.3
NOT005893,STU00742,MAT0026,4,TP,7.8,1,2023-04-16,5,7.8
NOT005894,STU00742,MAT0011,1,EXAMEN,7.44,2,2024-05-16,5,14.88
NOT005895,STU00742,MAT0015,2,PROJET,13.35,2,2024-05-16,5,26.7
NOT005896,STU00742,MAT0029,4,PROJET,15.02,2,2024-05-17,5,30.04
NOT005897,STU00742,MAT0015,2,EXAMEN,7.29,2,2023-04-15,5,14.58
NOT005898,STU00742,MAT0003,4,CC,15.24,3,2024-05-16,5,45.72
NOT005899,STU00743,MAT0022,1,PROJET,12.11,3,2023-05-16,4,36.329998
NOT005900,STU00743,MAT0025,1,TP,15.28,2,2023-05-16,4,30.56
NOT005901,STU00743,MAT0010,4,TP,11.79,3,2023-05-16,4,35.37
NOT005902,STU00743,MAT0033,1,CC,4.43,2,2024-04-16,4,8.86
NOT005903,STU00743,MAT0024,4,TP,11.54,3,2024-05-16,4,34.62
NOT005904,STU00743,MAT0010,2,CC,15.18,1,2024-04-16,4,15.18
NOT005905,STU00743,MAT0027,1,EXAMEN,9.32,2,2023-04-15,4,18.64
NOT005906,STU00744,MAT0003,2,PROJET,10.84,3,2023-04-16,5,32.52
NOT005907,STU00744,MAT0034,4,CC,11.47,2,2024-04-16,5,22.94
NOT005908,STU00744,MAT0011,1,TP,3.3,3,2023-05-16,5,9.9
NOT005909,STU00744,MAT0026,1,TP,17.01,2,2023-04-16,5,34.02
NOT005910,STU00744,MAT0006,3,PROJET,9.3,2,2024-05-16,5,18.6
NOT005911,STU00744,MAT0017,2,PROJET,13.52,3,2024-05-16,5,40.56
NOT005912,STU00744,MAT0032,4,TP,11.74,2,2023-04-16,5,23.48
NOT005913,STU00744,MAT0006,4,TP,15.77,1,2023-04-15,5,15.77
NOT005914,STU00744,MAT0008,1,CC,13.22,1,2024-04-16,5,13.22
NOT005915,STU00744,MAT0033,3,CC,11.3,2,2023-04-16,5,22.6
NOT005916,STU00745,MAT0013,3,EXAMEN,9.32,3,2023-04-15,4,27.96
NOT005917,STU00745,MAT0018,3,TP,14.39,2,2023-04-15,4,28.78
NOT005918,STU00745,MAT0017,4,CC,6.38,2,2023-05-16,4,12.76
NOT005919,STU00745,MAT0029,4,TP,13.94,1,2024-04-15,4,13.94
NOT005920,STU00745,MAT0020,4,PROJET,8.7,2,2023-05-16,4,17.4
NOT005921,STU00745,MAT0028,2,EXAMEN,15.76,2,2023-04-16,4,31.52
NOT005922,STU00745,MAT0031,2,TP,12.48,2,2023-04-16,4,24.96
NOT005923,STU00746,MAT0029,4,EXAMEN,13.93,1,2024-04-16,5,13.93
NOT005924,STU00746,MAT0033,3,PROJET,12.25,1,2024-04-15,5,12.25
NOT005925,STU00746,MAT0021,4,EXAMEN,6.74,2,2024-05-17,5,13.48
NOT005926,STU00746,MAT0031,2,TP,9.42,3,2023-05-16,5,28.26
NOT005927,STU00746,MAT0028,2,PROJET,14.02,1,2023-04-16,5,14.02
NOT005928,STU00746,MAT0029,1,PROJET,12.5,2,2024-05-17,5,25.0
NOT005929,STU00746,MAT0008,3,CC,15.54,2,2023-05-16,5,31.08
NOT005930,STU00746,MAT0011,3,PROJET,13.21,2,2024-05-17,5,26.42
NOT005931,STU00746,MAT0029,2,CC,9.1,3,2023-05-17,5,27.300001
NOT005932,STU00746,MAT0006,3,CC,9.61,2,2023-04-16,5,19.22
NOT005933,STU00747,MAT0016,4,CC,12.31,1,2023-05-16,4,12.31
NOT005934,STU00747,MAT0023,4,PROJET,5.06,2,2024-04-16,4,10.12
NOT005935,STU00747,MAT0023,3,TP,17.02,2,2023-04-15,4,34.04
NOT005936,STU00747,MAT0007,2,TP,13.33,2,2024-04-15,4,26.66
NOT005937,STU00747,MAT0032,4,EXAMEN,15.68,3,2023-04-16,4,47.04
NOT005938,STU00747,MAT0032,4,PROJET,7.26,3,2023-05-16,4,21.78
NOT005939,STU00747,MAT0020,1,TP,15.73,1,2023-05-16,4,15.73
NOT005940,STU00747,MAT0026,3,EXAMEN,18.69,2,2024-05-17,4,37.38
NOT005941,STU00747,MAT0003,3,PROJET,8.04,2,2024-04-15,4,16.08
NOT005942,STU00748,MAT0018,3,TP,14.31,1,2023-04-15,5,14.31
NOT005943,STU00748,MAT0001,2,CC,12.0,1,2023-04-15,5,12.0
NOT005944,STU00748,MAT0019,4,EXAMEN,7.37,2,2023-05-17,5,14.74
NOT005945,STU00748,MAT0006,4,TP,13.48,2,2024-05-16,5,26.96
NOT005946,STU00748,MAT0021,3,TP,14.5,2,2024-04-16,5,29.0
NOT005947,STU00748,MAT0034,4,EXAMEN,10.2,2,2023-04-15,5,20.4
NOT005948,STU00749,MAT0013,1,EXAMEN,15.5,2,2023-04-15,4,31.0
NOT005949,STU00749,MAT0012,4,EXAMEN,7.0,3,2024-05-17,4,21.0
NOT005950,STU00749,MAT0005,4,PROJET,7.52,3,2023-04-15,4,22.56
NOT005951,STU00749,MAT0022,4,TP,12.41,2,2024-04-16,4,24.82
NOT005952,STU00749,MAT0032,1,PROJET,12.08,1,2024-05-16,4,12.08
NOT005953,STU00749,MAT0012,1,TP,9.85,1,2023-04-16,4,9.85
NOT005954,STU00749,MAT0024,4,TP,14.43,2,2024-05-16,4,28.86
NOT005955,STU00749,MAT0019,4,CC,13.59,2,2023-04-16,4,27.18
NOT005956,STU00749,MAT0011,1,EXAMEN,14.57,2,2023-05-17,4,29.14
NOT005957,STU00749,MAT0001,4,EXAMEN,11.63,1,2023-05-16,4,11.63
NOT005958,STU00750,MAT0015,2,PROJET,13.81,1,2024-05-17,5,13.81
NOT005959,STU00750,MAT0029,1,EXAMEN,10.66,2,2023-04-16,5,21.32
NOT005960,STU00750,MAT0017,1,EXAMEN,18.16,1,2023-05-16,5,18.16
NOT005961,STU00750,MAT0016,2,PROJET,9.56,2,2023-04-16,5,19.12
NOT005962,STU00750,MAT0018,3,TP,18.32,2,2023-05-16,5,36.64
NOT005963,STU00750,MAT0018,2,EXAMEN,12.1,2,2023-04-16,5,24.2
NOT005964,STU00751,MAT0004,2,PROJET,7.87,3,2024-04-15,4,23.61
NOT005965,STU00751,MAT0013,4,EXAMEN,16.1,2,2024-04-16,4,32.2
NOT005966,STU00751,MAT0016,4,EXAMEN,12.38,1,2023-04-15,4,12.38
NOT005967,STU00751,MAT0033,3,EXAMEN,14.55,1,2024-05-17,4,14.55
NOT005968,STU00751,MAT0017,1,TP,15.67,1,2023-05-17,4,15.67
NOT005969,STU00751,MAT0028,2,CC,13.01,3,2023-04-15,4,39.03
NOT005970,STU00751,MAT0024,1,CC,10.22,2,2024-05-16,4,20.44
NOT005971,STU00751,MAT0005,1,EXAMEN,14.93,1,2024-04-16,4,14.93
NOT005972,STU00751,MAT0026,3,PROJET,12.0,2,2024-05-17,4,24.0
NOT005973,STU00751,MAT0001,4,PROJET,14.06,2,2023-04-15,4,28.12
NOT005974,STU00752,MAT0026,1,CC,5.54,3,2024-04-15,5,16.619999
NOT005975,STU00752,MAT0028,3,TP,13.34,1,2023-04-16,5,13.34
NOT005976,STU00752,MAT0016,4,PROJET,10.08,3,2023-04-16,5,30.24
NOT005977,STU00752,MAT0019,3,CC,16.96,3,2023-04-15,5,50.879997
NOT005978,STU00752,MAT0034,1,TP,13.87,2,2023-04-16,5,27.74
NOT005979,STU00752,MAT0005,3,CC,12.72,3,2023-05-16,5,38.16
NOT005980,STU00752,MAT0024,4,TP,13.46,3,2023-05-17,5,40.38
NOT005981,STU00752,MAT0034,2,PROJET,9.0,3,2024-05-16,5,27.0
NOT005982,STU00753,MAT0015,3,CC,16.87,2,2024-05-16,4,33.74
NOT005983,STU00753,MAT0032,4,EXAMEN,17.97,3,2024-05-17,4,53.909996
NOT005984,STU00753,MAT0002,1,CC,13.18,3,2023-04-15,4,39.54
NOT005985,STU00753,MAT0031,1,PROJET,16.77,2,2023-04-15,4,33.54
NOT005986,STU00753,MAT0008,3,EXAMEN,10.29,1,2023-04-15,4,10.29
NOT005987,STU00753,MAT0004,2,TP,9.61,2,2023-04-16,4,19.22
NOT005988,STU00753,MAT0035,4,EXAMEN,12.12,2,2023-04-16,4,24.24
NOT005989,STU00753,MAT0016,1,EXAMEN,13.3,1,2024-05-16,4,13.3
NOT005990,STU00754,MAT0031,1,TP,10.82,2,2023-04-15,5,21.64
NOT005991,STU00754,MAT0034,4,CC,13.61,2,2024-04-15,5,27.22
NOT005992,STU00754,MAT0025,2,PROJET,12.92,3,2023-05-17,5,38.760002
NOT005993,STU00754,MAT0020,1,TP,9.01,3,2024-05-16,5,27.03
NOT005994,STU00754,MAT0035,1,PROJET,13.56,3,2023-05-16,5,40.68
NOT005995,STU00754,MAT0005,3,TP,14.59,2,2024-04-16,5,29.18
NOT005996,STU00754,MAT0032,4,PROJET,12.51,1,2023-05-17,5,12.51
NOT005997,STU00755,MAT0007,3,TP,15.46,2,2024-05-16,4,30.92
NOT005998,STU00755,MAT0002,1,TP,8.35,2,2024-05-16,4,16.7
NOT005999,STU00755,MAT0035,1,CC,13.4,3,2024-05-17,4,40.199997
NOT006000,STU00755,MAT0001,1,CC,8.49,3,2023-05-16,4,25.47
NOT006001,STU00755,MAT0004,2,CC,8.66,1,2023-05-16,4,8.66
NOT006002,STU00755,MAT0012,3,PROJET,10.11,2,2024-04-16,4,20.22
NOT006003,STU00755,MAT0004,4,PROJET,9.17,3,2023-04-15,4,27.51
NOT006004,STU00756,MAT0031,1,CC,10.36,2,2023-05-16,5,20.72
NOT006005,STU00756,MAT0033,3,PROJET,11.36,1,2024-04-16,5,11.36
NOT006006,STU00756,MAT0010,4,CC,14.51,2,2023-04-16,5,29.02
NOT006007,STU00756,MAT0022,1,TP,11.04,2,2023-05-17,5,22.08
NOT006008,STU00756,MAT0033,3,EXAMEN,7.24,2,2024-04-15,5,14.48
NOT006009,STU00756,MAT0012,1,TP,15.42,2,2024-05-16,5,30.84
NOT006010,STU00757,MAT0023,4,CC,9.49,3,2023-05-16,4,28.47
NOT006011,STU00757,MAT0001,1,EXAMEN,11.82,3,2024-05-16,4,35.46
NOT006012,STU00757,MAT0011,2,PROJET,13.34,2,2024-05-16,4,26.68
NOT006013,STU00757,MAT0034,1,PROJET,12.6,3,2023-04-15,4,37.800003
NOT006014,STU00757,MAT0016,4,TP,15.28,3,2023-04-16,4,45.84
NOT006015,STU00757,MAT0030,1,CC,13.44,1,2023-05-16,4,13.44
NOT006016,STU00758,MAT0007,3,CC,9.42,2,2024-05-16,5,18.84
NOT006017,STU00758,MAT0009,2,TP,18.54,2,2024-05-17,5,37.08
NOT006018,STU00758,MAT0030,2,CC,12.58,1,2024-04-16,5,12.58
NOT006019,STU00758,MAT0027,2,PROJET,11.56,2,2024-05-17,5,23.12
NOT006020,STU00758,MAT0002,4,PROJET,14.89,3,2024-04-15,5,44.670002
NOT006021,STU00758,MAT0015,3,EXAMEN,12.75,2,2024-05-17,5,25.5
NOT006022,STU00758,MAT0022,4,EXAMEN,13.2,3,2023-05-17,5,39.6
NOT006023,STU00758,MAT0017,3,TP,19.48,3,2024-04-15,5,58.44
NOT006024,STU00758,MAT0008,3,EXAMEN,11.17,2,2023-05-17,5,22.34
NOT006025,STU00759,MAT0030,4,PROJET,11.05,1,2023-05-16,4,11.05
NOT006026,STU00759,MAT0018,2,EXAMEN,12.35,2,2024-04-15,4,24.7
NOT006027,STU00759,MAT0034,3,CC,15.21,2,2023-05-16,4,30.42
NOT006028,STU00759,MAT0029,2,PROJET,7.48,1,2024-05-17,4,7.48
NOT006029,STU00759,MAT0027,3,EXAMEN,6.1,1,2023-04-16,4,6.1
NOT006030,STU00759,MAT0032,4,TP,10.24,2,2023-05-16,4,20.48
NOT006031,STU00760,MAT0012,4,EXAMEN,7.1,2,2024-04-15,5,14.2
NOT006032,STU00760,MAT0034,1,CC,10.73,3,2023-05-17,5,32.19
NOT006033,STU00760,MAT0017,4,TP,13.51,1,2023-04-16,5,13.51
NOT006034,STU00760,MAT0012,4,CC,9.33,3,2023-04-16,5,27.99
NOT006035,STU00760,MAT0014,4,PROJET,7.72,1,2023-04-15,5,7.72
NOT006036,STU00760,MAT0034,1,PROJET,12.21,1,2024-04-16,5,12.21
NOT006037,STU00760,MAT0032,3,TP,14.59,3,2024-04-16,5,43.77
NOT006038,STU00761,MAT0003,3,CC,6.92,2,2024-05-17,4,13.84
NOT006039,STU00761,MAT0010,4,EXAMEN,14.46,1,2023-05-17,4,14.46
NOT006040,STU00761,MAT0018,4,CC,14.45,1,2023-05-16,4,14.45
NOT006041,STU00761,MAT0035,4,CC,14.86,1,2023-04-15,4,14.86
NOT006042,STU00761,MAT0031,3,PROJET,15.66,2,2023-04-16,4,31.32
NOT006043,STU00761,MAT0005,3,PROJET,18.61,2,2024-05-16,4,37.22
NOT006044,STU00761,MAT0027,3,EXAMEN,10.93,2,2024-04-16,4,21.86
NOT006045,STU00762,MAT0004,2,CC,12.33,1,2023-05-17,5,12.33
NOT006046,STU00762,MAT0008,3,TP,10.75,2,2024-04-15,5,21.5
NOT006047,STU00762,MAT0029,2,CC,12.01,2,2023-05-16,5,24.02
NOT006048,STU00762,MAT0026,4,TP,16.6,2,2023-04-15,5,33.2
NOT006049,STU00762,MAT0013,1,EXAMEN,7.96,3,2024-05-16,5,23.880001
NOT006050,STU00762,MAT0016,2,EXAMEN,9.42,2,2023-05-17,5,18.84
NOT006051,STU00762,MAT0029,4,PROJET,16.13,2,2023-05-16,5,32.26
NOT006052,STU00762,MAT0034,1,PROJET,15.06,3,2023-04-16,5,45.18
NOT006053,STU00762,MAT0030,1,EXAMEN,10.91,2,2023-05-16,5,21.82
NOT006054,STU00762,MAT0020,4,CC,14.56,3,2024-04-16,5,43.68
NOT006055,STU00763,MAT0028,3,PROJET,13.02,3,2023-04-16,4,39.06
NOT006056,STU00763,MAT0027,3,TP,16.5,1,2023-05-17,4,16.5
NOT006057,STU00763,MAT0032,4,TP,12.22,2,2024-04-16,4,24.44
NOT006058,STU00763,MAT0029,1,CC,15.08,2,2023-04-15,4,30.16
NOT006059,STU00763,MAT0024,2,PROJET,19.93,3,2023-05-17,4,59.79
NOT006060,STU00763,MAT0031,1,PROJET,13.79,1,2024-04-15,4,13.79
NOT006061,STU00763,MAT0005,2,EXAMEN,12.15,3,2024-04-16,4,36.449997
NOT006062,STU00763,MAT0024,2,EXAMEN,14.17,1,2024-05-17,4,14.17
NOT006063,STU00764,MAT0009,4,TP,10.9,2,2023-05-17,5,21.8
NOT006064,STU00764,MAT0015,3,CC,19.16,2,2024-05-17,5,38.32
NOT006065,STU00764,MAT0029,2,EXAMEN,12.54,2,2023-05-16,5,25.08
NOT006066,STU00764,MAT0029,2,CC,11.18,3,2024-04-15,5,33.54
NOT006067,STU00764,MAT0013,2,PROJET,9.49,3,2023-05-16,5,28.47
NOT006068,STU00764,MAT0026,1,PROJET,15.29,3,2024-05-17,5,45.87
NOT006069,STU00765,MAT0034,2,PROJET,14.6,2,2024-04-16,4,29.2
NOT006070,STU00765,MAT0011,1,EXAMEN,10.51,2,2023-04-15,4,21.02
NOT006071,STU00765,MAT0023,1,EXAMEN,13.73,2,2024-04-16,4,27.46
NOT006072,STU00765,MAT0029,2,CC,7.47,2,2024-04-16,4,14.94
NOT006073,STU00765,MAT0010,4,TP,12.55,2,2024-04-16,4,25.1
NOT006074,STU00765,MAT0028,4,PROJET,13.36,3,2023-05-16,4,40.079998
NOT006075,STU00765,MAT0026,4,EXAMEN,17.12,1,2024-04-16,4,17.12
NOT006076,STU00765,MAT0025,4,TP,9.69,3,2024-05-17,4,29.07
NOT006077,STU00765,MAT0013,4,CC,8.16,1,2023-05-16,4,8.16
NOT006078,STU00765,MAT0007,4,TP,9.31,3,2024-04-15,4,27.93
NOT006079,STU00766,MAT0004,2,PROJET,7.99,3,2024-05-17,5,23.97
NOT006080,STU00766,MAT0029,4,EXAMEN,16.01,2,2024-05-16,5,32.02
NOT006081,STU00766,MAT0006,1,TP,16.65,3,2024-04-15,5,49.949997
NOT006082,STU00766,MAT0010,2,PROJET,12.96,2,2024-05-16,5,25.92
NOT006083,STU00766,MAT0033,1,PROJET,15.66,1,2024-04-15,5,15.66
NOT006084,STU00766,MAT0023,2,EXAMEN,12.4,2,2024-04-15,5,24.8
NOT006085,STU00766,MAT0004,1,EXAMEN,11.71,2,2023-04-15,5,23.42
NOT006086,STU00766,MAT0012,2,EXAMEN,11.0,2,2024-04-16,5,22.0
NOT006087,STU00767,MAT0033,2,CC,11.07,3,2023-04-15,4,33.21
NOT006088,STU00767,MAT0032,2,PROJET,7.36,2,2023-05-17,4,14.72
NOT006089,STU00767,MAT0015,2,PROJET,12.79,1,2024-05-17,4,12.79
NOT006090,STU00767,MAT0005,4,CC,11.88,2,2023-05-17,4,23.76
NOT006091,STU00767,MAT0023,1,TP,14.24,2,2024-05-16,4,28.48
NOT006092,STU00767,MAT0033,2,CC,12.28,1,2024-04-15,4,12.28
NOT006093,STU00767,MAT0028,3,TP,11.51,1,2024-04-15,4,11.51
NOT006094,STU00767,MAT0003,4,PROJET,9.39,2,2024-04-16,4,18.78
NOT006095,STU00767,MAT0005,3,PROJET,12.22,3,2023-04-16,4,36.66
NOT006096,STU00767,MAT0015,1,PROJET,14.21,2,2023-05-17,4,28.42
NOT006097,STU00768,MAT0003,2,TP,8.57,1,2024-04-15,5,8.57
NOT006098,STU00768,MAT0007,2,EXAMEN,12.26,3,2024-04-16,5,36.78
NOT006099,STU00768,MAT0008,3,TP,12.7,2,2024-04-16,5,25.4
NOT006100,STU00768,MAT0008,2,TP,9.85,2,2023-05-17,5,19.7
NOT006101,STU00768,MAT0012,2,TP,10.24,2,2023-05-16,5,20.48
NOT006102,STU00768,MAT0006,2,EXAMEN,12.69,2,2024-05-16,5,25.38
NOT006103,STU00768,MAT0006,3,EXAMEN,8.6,2,2024-04-15,5,17.2
NOT006104,STU00768,MAT0023,4,PROJET,13.05,1,2023-05-16,5,13.05
NOT006105,STU00769,MAT0002,4,TP,9.31,1,2024-05-17,4,9.31
NOT006106,STU00769,MAT0028,4,PROJET,15.19,1,2024-04-16,4,15.19
NOT006107,STU00769,MAT0035,4,TP,19.01,2,2023-04-16,4,38.02
NOT006108,STU00769,MAT0021,3,TP,9.42,3,2024-05-17,4,28.26
NOT006109,STU00769,MAT0001,4,EXAMEN,13.6,2,2024-04-16,4,27.2
NOT006110,STU00769,MAT0034,4,TP,9.82,3,2024-05-17,4,29.46
NOT006111,STU00770,MAT0034,2,CC,15.12,3,2023-05-17,5,45.36
NOT006112,STU00770,MAT0015,3,TP,8.2,3,2023-05-16,5,24.599998
NOT006113,STU00770,MAT0004,3,CC,13.44,1,2024-04-16,5,13.44
NOT006114,STU00770,MAT0006,2,TP,9.38,1,2023-05-16,5,9.38
NOT006115,STU00770,MAT0001,1,EXAMEN,11.38,1,2023-05-17,5,11.38
NOT006116,STU00770,MAT0014,4,CC,8.91,2,2023-05-17,5,17.82
NOT006117,STU00770,MAT0026,4,PROJET,14.47,2,2024-05-16,5,28.94
NOT006118,STU00770,MAT0007,3,PROJET,9.49,2,2023-04-15,5,18.98
NOT006119,STU00771,MAT0005,3,EXAMEN,13.66,2,2023-04-16,4,27.32
NOT006120,STU00771,MAT0034,4,PROJET,10.97,3,2023-04-15,4,32.91
NOT006121,STU00771,MAT0016,1,CC,11.66,2,2024-05-17,4,23.32
NOT006122,STU00771,MAT0010,4,TP,12.44,3,2024-05-17,4,37.32
NOT006123,STU00771,MAT0001,4,TP,9.71,3,2023-04-16,4,29.130001
NOT006124,STU00771,MAT0025,3,EXAMEN,12.63,2,2024-04-15,4,25.26
NOT006125,STU00771,MAT0019,4,EXAMEN,16.59,1,2024-04-16,4,16.59
NOT006126,STU00771,MAT0015,3,TP,9.67,3,2023-04-15,4,29.01
NOT006127,STU00771,MAT0031,1,PROJET,15.52,2,2023-04-16,4,31.04
NOT006128,STU00772,MAT0025,1,TP,16.49,3,2024-05-16,5,49.47
NOT006129,STU00772,MAT0014,3,EXAMEN,9.55,2,2023-04-16,5,19.1
NOT006130,STU00772,MAT0030,1,EXAMEN,7.63,1,2024-04-15,5,7.63
NOT006131,STU00772,MAT0026,1,PROJET,12.91,1,2023-05-16,5,12.91
NOT006132,STU00772,MAT0020,2,EXAMEN,10.36,2,2024-05-16,5,20.72
NOT006133,STU00772,MAT0019,1,EXAMEN,17.61,1,2024-05-17,5,17.61
NOT006134,STU00772,MAT0020,1,TP,12.1,2,2023-05-16,5,24.2
NOT006135,STU00772,MAT0031,3,TP,9.59,2,2023-04-15,5,19.18
NOT006136,STU00773,MAT0005,4,CC,8.56,1,2023-05-16,4,8.56
NOT006137,STU00773,MAT0017,2,TP,15.27,3,2023-05-17,4,45.81
NOT006138,STU00773,MAT0027,1,CC,10.29,3,2024-04-16,4,30.869999
NOT006139,STU00773,MAT0006,3,PROJET,12.13,2,2024-04-15,4,24.26
NOT006140,STU00773,MAT0004,1,TP,14.87,1,2024-05-17,4,14.87
NOT006141,STU00773,MAT0026,1,EXAMEN,10.55,3,2023-04-15,4,31.650002
NOT006142,STU00773,MAT0009,2,TP,11.86,3,2024-04-16,4,35.579998
NOT006143,STU00773,MAT0035,2,PROJET,11.95,1,2023-05-17,4,11.95
NOT006144,STU00773,MAT0034,2,CC,14.05,2,2023-04-16,4,28.1
NOT006145,STU00773,MAT0014,4,CC,13.77,3,2023-04-16,4,41.31
NOT006146,STU00774,MAT0022,3,CC,11.34,2,2023-05-17,5,22.68
NOT006147,STU00774,MAT0018,3,TP,12.19,1,2023-05-16,5,12.19
NOT006148,STU00774,MAT0012,2,CC,10.88,3,2023-05-17,5,32.64
NOT006149,STU00774,MAT0012,2,TP,7.57,3,2024-04-16,5,22.710001
NOT006150,STU00774,MAT0035,3,CC,12.77,2,2024-04-15,5,25.54
NOT006151,STU00774,MAT0030,1,EXAMEN,17.68,3,2023-04-16,5,53.04
NOT006152,STU00774,MAT0014,1,CC,9.35,2,2023-05-17,5,18.7
NOT006153,STU00774,MAT0005,1,CC,9.68,2,2024-05-16,5,19.36
NOT006154,STU00774,MAT0020,3,PROJET,9.39,1,2023-04-16,5,9.39
NOT006155,STU00774,MAT0020,4,TP,14.17,2,2023-04-16,5,28.34
NOT006156,STU00775,MAT0034,1,CC,13.35,2,2024-05-17,4,26.7
NOT006157,STU00775,MAT0032,4,PROJET,11.52,2,2024-05-17,4,23.04
NOT006158,STU00775,MAT0024,3,CC,9.25,1,2024-04-15,4,9.25
NOT006159,STU00775,MAT0034,3,TP,12.28,2,2023-04-15,4,24.56
NOT006160,STU00775,MAT0011,1,PROJET,7.31,2,2024-04-15,4,14.62
NOT006161,STU00775,MAT0031,2,CC,12.43,2,2024-04-16,4,24.86
NOT006162,STU00776,MAT0001,2,PROJET,14.61,3,2023-05-17,5,43.829998
NOT006163,STU00776,MAT0008,2,CC,8.25,1,2023-05-16,5,8.25
NOT006164,STU00776,MAT0024,1,PROJET,7.4,2,2023-04-15,5,14.8
NOT006165,STU00776,MAT0002,3,CC,16.74,2,2023-05-17,5,33.48
NOT006166,STU00776,MAT0025,2,TP,10.16,1,2023-04-15,5,10.16
NOT006167,STU00776,MAT0012,3,TP,15.41,1,2024-04-15,5,15.41
NOT006168,STU00776,MAT0006,1,EXAMEN,11.54,2,2023-05-17,5,23.08
NOT006169,STU00776,MAT0010,1,EXAMEN,11.51,2,2024-05-16,5,23.02
NOT006170,STU00776,MAT0020,1,CC,13.32,3,2024-04-16,5,39.96
NOT006171,STU00776,MAT0014,4,TP,9.35,2,2024-05-16,5,18.7
NOT006172,STU00777,MAT0029,1,EXAMEN,12.4,1,2023-04-15,4,12.4
NOT006173,STU00777,MAT0022,1,PROJET,10.86,1,2024-05-16,4,10.86
NOT006174,STU00777,MAT0024,2,TP,8.04,2,2024-04-16,4,16.08
NOT006175,STU00777,MAT0007,3,EXAMEN,13.01,1,2024-04-15,4,13.01
NOT006176,STU00777,MAT0022,1,EXAMEN,11.21,3,2023-04-16,4,33.63
NOT006177,STU00777,MAT0034,1,PROJET,11.53,2,2023-05-16,4,23.06
NOT006178,STU00777,MAT0017,4,CC,8.37,1,2023-05-17,4,8.37
NOT006179,STU00777,MAT0018,2,TP,16.77,2,2023-05-17,4,33.54
NOT006180,STU00778,MAT0005,3,CC,14.63,2,2024-04-15,5,29.26
NOT006181,STU00778,MAT0005,1,CC,14.89,1,2023-04-15,5,14.89
NOT006182,STU00778,MAT0034,3,TP,11.08,2,2024-05-17,5,22.16
NOT006183,STU00778,MAT0006,2,CC,6.81,2,2024-05-17,5,13.62
NOT006184,STU00778,MAT0014,2,EXAMEN,17.86,2,2023-04-15,5,35.72
NOT006185,STU00778,MAT0033,4,EXAMEN,11.82,1,2023-05-17,5,11.82
NOT006186,STU00778,MAT0030,4,EXAMEN,9.75,3,2023-05-17,5,29.25
NOT006187,STU00778,MAT0023,4,PROJET,13.25,2,2023-04-16,5,26.5
NOT006188,STU00778,MAT0031,3,CC,15.5,3,2024-05-17,5,46.5
NOT006189,STU00779,MAT0018,1,PROJET,11.93,3,2024-05-16,4,35.79
NOT006190,STU00779,MAT0013,3,CC,15.84,1,2023-05-17,4,15.84
NOT006191,STU00779,MAT0029,1,EXAMEN,15.25,2,2023-05-17,4,30.5
NOT006192,STU00779,MAT0019,2,EXAMEN,8.77,2,2024-04-16,4,17.54
NOT006193,STU00779,MAT0004,2,PROJET,9.98,2,2024-05-16,4,19.96
NOT006194,STU00779,MAT0007,3,TP,14.87,1,2023-05-17,4,14.87
NOT006195,STU00779,MAT0014,4,PROJET,3.86,2,2024-05-16,4,7.72
NOT006196,STU00780,MAT0009,1,TP,11.55,3,2024-04-15,5,34.65
NOT006197,STU00780,MAT0029,1,EXAMEN,7.71,1,2023-04-15,5,7.71
NOT006198,STU00780,MAT0022,3,PROJET,10.57,1,2024-05-16,5,10.57
NOT006199,STU00780,MAT0008,1,EXAMEN,11.1,1,2023-05-16,5,11.1
NOT006200,STU00780,MAT0021,4,CC,10.93,1,2023-05-16,5,10.93
NOT006201,STU00780,MAT0022,1,EXAMEN,10.34,2,2023-04-15,5,20.68
NOT006202,STU00780,MAT0024,2,PROJET,8.71,1,2023-04-16,5,8.71
NOT006203,STU00780,MAT0006,4,PROJET,18.88,2,2024-05-16,5,37.76
NOT006204,STU00780,MAT0029,1,EXAMEN,17.6,2,2023-05-16,5,35.2
NOT006205,STU00781,MAT0030,2,PROJET,8.51,2,2023-04-16,10,17.02
NOT006206,STU00781,MAT0002,1,PROJET,16.75,2,2023-04-16,10,33.5
NOT006207,STU00781,MAT0020,1,TP,10.8,1,2023-05-17,10,10.8
NOT006208,STU00781,MAT0008,3,TP,12.39,2,2023-05-17,10,24.78
NOT006209,STU00781,MAT0001,1,EXAMEN,11.81,3,2023-04-16,10,35.43
NOT006210,STU00781,MAT0033,4,PROJET,10.02,3,2023-05-17,10,30.060001
NOT006211,STU00781,MAT0034,2,EXAMEN,14.95,3,2024-04-16,10,44.85
NOT006212,STU00781,MAT0012,1,TP,12.38,2,2024-04-16,10,24.76
NOT006213,STU00782,MAT0006,1,TP,10.57,2,2023-04-16,11,21.14
NOT006214,STU00782,MAT0030,3,EXAMEN,8.09,3,2024-04-15,11,24.27
NOT006215,STU00782,MAT0028,1,EXAMEN,9.32,1,2024-04-15,11,9.32
NOT006216,STU00782,MAT0018,1,CC,7.08,2,2024-04-15,11,14.16
NOT006217,STU00782,MAT0008,2,PROJET,12.04,2,2024-04-16,11,24.08
NOT006218,STU00782,MAT0031,4,TP,8.41,3,2024-05-16,11,25.23
NOT006219,STU00782,MAT0007,1,PROJET,11.2,2,2024-05-16,11,22.4
NOT006220,STU00782,MAT0009,3,EXAMEN,16.11,2,2023-05-17,11,32.22
NOT006221,STU00783,MAT0029,4,CC,15.6,2,2023-05-16,10,31.2
NOT006222,STU00783,MAT0029,4,CC,11.9,3,2024-05-16,10,35.699997
NOT006223,STU00783,MAT0029,1,PROJET,11.74,1,2023-04-16,10,11.74
NOT006224,STU00783,MAT0030,4,PROJET,17.64,2,2023-05-16,10,35.28
NOT006225,STU00783,MAT0026,4,CC,13.56,1,2024-04-16,10,13.56
NOT006226,STU00783,MAT0013,1,TP,11.02,3,2024-04-16,10,33.06
NOT006227,STU00783,MAT0024,4,EXAMEN,7.72,2,2024-04-15,10,15.44
NOT006228,STU00783,MAT0022,3,PROJET,13.18,3,2023-04-15,10,39.54
NOT006229,STU00783,MAT0009,2,TP,14.49,1,2023-04-16,10,14.49
NOT006230,STU00784,MAT0017,2,PROJET,10.11,2,2023-05-16,11,20.22
NOT006231,STU00784,MAT0028,4,CC,12.87,3,2023-04-16,11,38.61
NOT006232,STU00784,MAT0018,4,EXAMEN,10.91,2,2023-05-17,11,21.82
NOT006233,STU00784,MAT0002,4,PROJET,11.45,2,2024-04-16,11,22.9
NOT006234,STU00784,MAT0008,2,EXAMEN,4.54,2,2024-04-15,11,9.08
NOT006235,STU00784,MAT0009,1,TP,11.33,3,2024-05-16,11,33.989998
NOT006236,STU00784,MAT0017,2,PROJET,14.91,3,2024-05-16,11,44.73
NOT006237,STU00785,MAT0005,1,PROJET,10.11,1,2023-05-17,10,10.11
NOT006238,STU00785,MAT0026,2,CC,12.16,2,2023-04-16,10,24.32
NOT006239,STU00785,MAT0028,2,PROJET,9.73,2,2024-04-15,10,19.46
NOT006240,STU00785,MAT0018,1,CC,13.08,3,2024-04-15,10,39.239998
NOT006241,STU00785,MAT0031,4,TP,11.35,3,2024-05-17,10,34.050003
NOT006242,STU00785,MAT0028,4,CC,9.18,1,2024-04-15,10,9.18
NOT006243,STU00785,MAT0008,2,PROJET,16.0,2,2023-05-16,10,32.0
NOT006244,STU00786,MAT0010,4,TP,14.79,2,2023-04-15,11,29.58
NOT006245,STU00786,MAT0016,4,CC,10.19,2,2023-04-16,11,20.38
NOT006246,STU00786,MAT0027,4,PROJET,13.49,3,2023-05-17,11,40.47
NOT006247,STU00786,MAT0013,3,PROJET,13.61,1,2023-05-17,11,13.61
NOT006248,STU00786,MAT0033,2,EXAMEN,13.93,2,2023-04-15,11,27.86
NOT006249,STU00786,MAT0024,2,CC,6.92,2,2023-05-16,11,13.84
NOT006250,STU00786,MAT0007,2,TP,15.02,2,2023-05-17,11,30.04
NOT006251,STU00786,MAT0005,1,TP,10.29,2,2023-04-15,11,20.58
NOT006252,STU00786,MAT0013,2,TP,10.93,1,2024-05-17,11,10.93
NOT006253,STU00787,MAT0014,1,PROJET,19.91,1,2024-04-15,10,19.91
NOT006254,STU00787,MAT0015,1,CC,12.91,2,2024-05-17,10,25.82
NOT006255,STU00787,MAT0033,1,EXAMEN,10.84,2,2024-04-15,10,21.68
NOT006256,STU00787,MAT0034,1,TP,5.38,2,2023-05-17,10,10.76
NOT006257,STU00787,MAT0019,4,PROJET,16.17,3,2024-04-15,10,48.510002
NOT006258,STU00787,MAT0019,4,PROJET,7.96,2,2023-05-16,10,15.92
NOT006259,STU00787,MAT0034,4,TP,8.99,2,2024-04-15,10,17.98
NOT006260,STU00788,MAT0035,3,CC,11.01,3,2023-05-16,11,33.03
NOT006261,STU00788,MAT0006,4,EXAMEN,16.25,2,2024-05-16,11,32.5
NOT006262,STU00788,MAT0029,3,PROJET,14.32,3,2023-05-17,11,42.96
NOT006263,STU00788,MAT0028,1,PROJET,11.53,2,2023-05-16,11,23.06
NOT006264,STU00788,MAT0022,1,PROJET,12.92,3,2024-04-15,11,38.760002
NOT006265,STU00788,MAT0017,2,EXAMEN,10.2,3,2024-04-15,11,30.599998
NOT006266,STU00788,MAT0024,3,EXAMEN,12.42,1,2023-05-16,11,12.42
NOT006267,STU00789,MAT0031,4,PROJET,12.22,2,2023-05-17,10,24.44
NOT006268,STU00789,MAT0024,4,PROJET,14.91,3,2024-05-17,10,44.73
NOT006269,STU00789,MAT0025,1,TP,14.9,3,2023-05-17,10,44.699997
NOT006270,STU00789,MAT0010,3,CC,13.48,1,2024-04-15,10,13.48
NOT006271,STU00789,MAT0007,3,PROJET,10.91,3,2023-05-17,10,32.73
NOT006272,STU00789,MAT0023,2,PROJET,14.23,2,2023-04-16,10,28.46
NOT006273,STU00790,MAT0002,4,TP,11.72,2,2023-05-16,11,23.44
NOT006274,STU00790,MAT0018,2,PROJET,8.75,1,2023-05-17,11,8.75
NOT006275,STU00790,MAT0008,3,CC,10.79,2,2023-05-16,11,21.58
NOT006276,STU00790,MAT0006,4,PROJET,12.25,3,2023-05-17,11,36.75
NOT006277,STU00790,MAT0025,2,CC,14.73,1,2023-05-16,11,14.73
NOT006278,STU00790,MAT0031,3,EXAMEN,11.45,1,2023-04-16,11,11.45
NOT006279,STU00790,MAT0035,3,PROJET,8.37,1,2024-05-17,11,8.37
NOT006280,STU00790,MAT0024,1,CC,12.17,3,2024-04-16,11,36.510002
NOT006281,STU00790,MAT0001,1,EXAMEN,12.34,3,2023-05-16,11,37.02
NOT006282,STU00790,MAT0031,3,EXAMEN,12.56,2,2024-05-16,11,25.12
NOT006283,STU00791,MAT0028,4,PROJET,14.76,3,2024-04-16,10,44.28
NOT006284,STU00791,MAT0005,4,EXAMEN,15.06,2,2024-05-16,10,30.12
NOT006285,STU00791,MAT0005,4,CC,10.22,3,2024-05-17,10,30.66
NOT006286,STU00791,MAT0005,2,PROJET,10.15,2,2023-05-17,10,20.3
NOT006287,STU00791,MAT0005,2,CC,8.88,2,2024-04-16,10,17.76
NOT006288,STU00791,MAT0001,4,EXAMEN,14.1,3,2023-04-15,10,42.300003
NOT006289,STU00791,MAT0020,1,EXAMEN,16.35,2,2023-04-15,10,32.7
NOT006290,STU00791,MAT0011,3,CC,11.05,3,2024-04-16,10,33.15
NOT006291,STU00792,MAT0006,4,EXAMEN,11.28,1,2023-05-17,11,11.28
NOT006292,STU00792,MAT0007,3,PROJET,16.4,2,2023-05-16,11,32.8
NOT006293,STU00792,MAT0006,2,TP,13.52,3,2024-05-16,11,40.56
NOT006294,STU00792,MAT0026,3,TP,13.31,1,2024-05-16,11,13.31
NOT006295,STU00792,MAT0017,4,CC,8.43,2,2024-05-17,11,16.86
NOT006296,STU00792,MAT0030,1,TP,14.04,3,2024-04-16,11,42.12
NOT006297,STU00792,MAT0005,4,EXAMEN,9.21,2,2023-05-16,11,18.42
NOT006298,STU00792,MAT0017,4,EXAMEN,8.6,2,2023-04-16,11,17.2
NOT006299,STU00792,MAT0005,4,PROJET,10.96,3,2024-05-17,11,32.88
NOT006300,STU00792,MAT0010,2,CC,10.24,3,2023-05-17,11,30.72
NOT006301,STU00793,MAT0025,1,PROJET,11.34,2,2024-04-15,10,22.68
NOT006302,STU00793,MAT0029,3,CC,7.68,1,2024-04-15,10,7.68
NOT006303,STU00793,MAT0035,3,EXAMEN,14.88,3,2023-04-16,10,44.64
NOT006304,STU00793,MAT0026,1,TP,15.38,1,2024-05-16,10,15.38
NOT006305,STU00793,MAT0007,3,PROJET,6.16,2,2024-04-16,10,12.32
NOT006306,STU00793,MAT0011,4,CC,14.94,3,2023-05-16,10,44.82
NOT006307,STU00793,MAT0028,2,PROJET,9.57,1,2023-04-15,10,9.57
NOT006308,STU00794,MAT0032,2,EXAMEN,14.57,3,2024-05-17,11,43.71
NOT006309,STU00794,MAT0008,1,EXAMEN,11.79,1,2023-04-15,11,11.79
NOT006310,STU00794,MAT0033,2,PROJET,12.09,2,2024-05-17,11,24.18
NOT006311,STU00794,MAT0014,2,PROJET,11.44,1,2023-04-15,11,11.44
NOT006312,STU00794,MAT0007,3,EXAMEN,15.64,1,2024-05-17,11,15.64
NOT006313,STU00794,MAT0012,4,PROJET,8.28,2,2023-04-15,11,16.56
NOT006314,STU00794,MAT0024,2,PROJET,13.82,2,2023-04-16,11,27.64
NOT006315,STU00794,MAT0003,3,PROJET,15.3,2,2023-05-17,11,30.6
NOT006316,STU00795,MAT0034,4,CC,14.15,2,2023-05-16,10,28.3
NOT006317,STU00795,MAT0018,3,CC,18.97,2,2024-05-16,10,37.94
NOT006318,STU00795,MAT0030,1,EXAMEN,10.41,3,2024-05-16,10,31.23
NOT006319,STU00795,MAT0014,2,EXAMEN,14.87,3,2023-05-17,10,44.61
NOT006320,STU00795,MAT0013,2,CC,11.68,2,2023-04-15,10,23.36
NOT006321,STU00795,MAT0012,2,EXAMEN,15.7,1,2024-04-16,10,15.7
NOT006322,STU00795,MAT0009,3,EXAMEN,11.98,1,2024-04-15,10,11.98
NOT006323,STU00796,MAT0006,2,PROJET,10.84,3,2023-04-15,11,32.52
NOT006324,STU00796,MAT0029,4,PROJET,15.92,3,2023-04-16,11,47.760002
NOT006325,STU00796,MAT0001,4,CC,10.53,1,2024-05-16,11,10.53
NOT006326,STU00796,MAT0015,4,EXAMEN,7.76,2,2024-04-16,11,15.52
NOT006327,STU00796,MAT0032,1,TP,10.45,1,2023-04-15,11,10.45
NOT006328,STU00796,MAT0014,3,PROJET,13.86,1,2024-04-16,11,13.86
NOT006329,STU00796,MAT0014,3,PROJET,16.18,3,2024-04-15,11,48.54
NOT006330,STU00796,MAT0026,2,EXAMEN,12.33,2,2024-05-16,11,24.66
NOT006331,STU00796,MAT0022,4,EXAMEN,15.95,1,2023-05-16,11,15.95
NOT006332,STU00797,MAT0032,3,PROJET,7.93,3,2024-05-16,10,23.789999
NOT006333,STU00797,MAT0004,2,TP,10.67,2,2024-05-16,10,21.34
NOT006334,STU00797,MAT0034,1,EXAMEN,11.13,1,2024-04-15,10,11.13
NOT006335,STU00797,MAT0001,3,CC,11.66,1,2023-05-17,10,11.66
NOT006336,STU00797,MAT0024,2,PROJET,12.25,2,2024-04-16,10,24.5
NOT006337,STU00797,MAT0006,2,TP,14.07,2,2024-05-17,10,28.14
NOT006338,STU00797,MAT0016,1,PROJET,10.67,2,2023-04-16,10,21.34
NOT006339,STU00797,MAT0011,2,TP,12.42,3,2024-05-16,10,37.260002
NOT006340,STU00797,MAT0027,1,EXAMEN,11.86,2,2023-05-16,10,23.72
NOT006341,STU00798,MAT0005,2,EXAMEN,9.22,3,2023-05-17,11,27.66
NOT006342,STU00798,MAT0003,1,TP,11.66,3,2023-04-16,11,34.98
NOT006343,STU00798,MAT0026,1,TP,11.57,1,2023-04-16,11,11.57
NOT006344,STU00798,MAT0034,3,TP,11.5,2,2024-05-17,11,23.0
NOT006345,STU00798,MAT0018,2,EXAMEN,12.1,3,2023-04-15,11,36.300003
NOT006346,STU00798,MAT0025,1,TP,12.23,2,2024-05-16,11,24.46
NOT006347,STU00798,MAT0031,2,TP,10.7,3,2023-05-17,11,32.1
NOT006348,STU00798,MAT0019,2,CC,15.82,2,2023-04-15,11,31.64
NOT006349,STU00798,MAT0010,4,TP,8.49,1,2023-05-16,11,8.49
NOT006350,STU00799,MAT0001,1,TP,9.84,2,2024-04-15,10,19.68
NOT006351,STU00799,MAT0010,2,TP,20.0,2,2023-04-16,10,40.0
NOT006352,STU00799,MAT0007,3,TP,8.89,2,2024-05-16,10,17.78
NOT006353,STU00799,MAT0031,4,PROJET,7.94,3,2024-05-16,10,23.82
NOT006354,STU00799,MAT0033,1,EXAMEN,14.2,3,2023-04-15,10,42.6
NOT006355,STU00799,MAT0024,2,CC,5.77,2,2023-05-17,10,11.54
NOT006356,STU00799,MAT0018,1,TP,11.29,1,2024-04-16,10,11.29
NOT006357,STU00800,MAT0020,3,TP,18.44,2,2023-05-17,11,36.88
NOT006358,STU00800,MAT0024,4,TP,7.37,2,2024-05-17,11,14.74
NOT006359,STU00800,MAT0019,1,CC,6.05,2,2023-04-16,11,12.1
NOT006360,STU00800,MAT0016,3,CC,7.5,2,2023-04-15,11,15.0
NOT006361,STU00800,MAT0032,3,TP,14.7,3,2023-05-17,11,44.1
NOT006362,STU00800,MAT0020,2,EXAMEN,15.37,2,2024-04-15,11,30.74
NOT006363,STU00800,MAT0012,2,CC,10.46,2,2023-05-17,11,20.92
NOT006364,STU00800,MAT0022,1,PROJET,14.05,3,2024-05-16,11,42.15
NOT006365,STU00801,MAT0012,3,EXAMEN,16.17,2,2024-05-17,10,32.34
NOT006366,STU00801,MAT0005,3,CC,17.36,2,2023-04-16,10,34.72
NOT006367,STU00801,MAT0004,4,EXAMEN,11.26,2,2023-04-15,10,22.52
NOT006368,STU00801,MAT0031,2,TP,5.1,1,2023-04-16,10,5.1
NOT006369,STU00801,MAT0034,3,PROJET,9.54,2,2023-05-16,10,19.08
NOT006370,STU00801,MAT0023,1,CC,10.72,2,2024-05-16,10,21.44
NOT006371,STU00801,MAT0009,4,PROJET,11.22,1,2023-05-16,10,11.22
NOT006372,STU00801,MAT0035,4,EXAMEN,11.44,2,2024-05-17,10,22.88
NOT006373,STU00801,MAT0024,4,EXAMEN,15.36,2,2024-05-16,10,30.72
NOT006374,STU00802,MAT0035,4,TP,15.82,2,2024-04-15,11,31.64
NOT006375,STU00802,MAT0012,2,CC,11.48,1,2023-05-17,11,11.48
NOT006376,STU00802,MAT0032,4,EXAMEN,15.3,2,2023-05-16,11,30.6
NOT006377,STU00802,MAT0033,3,TP,13.07,2,2023-04-16,11,26.14
NOT006378,STU00802,MAT0025,1,TP,12.19,2,2024-04-15,11,24.38
NOT006379,STU00802,MAT0007,3,CC,14.72,1,2023-05-16,11,14.72
NOT006380,STU00802,MAT0016,3,EXAMEN,12.22,1,2023-04-16,11,12.22
NOT006381,STU00803,MAT0013,2,PROJET,18.17,2,2023-05-17,10,36.34
NOT006382,STU00803,MAT0012,1,TP,7.68,1,2023-05-16,10,7.68
NOT006383,STU00803,MAT0022,4,EXAMEN,10.45,2,2023-04-16,10,20.9
NOT006384,STU00803,MAT0035,3,TP,11.62,2,2023-04-16,10,23.24
NOT006385,STU00803,MAT0035,4,EXAMEN,13.32,2,2024-05-16,10,26.64
NOT006386,STU00803,MAT0001,2,TP,15.8,3,2024-05-17,10,47.4
NOT006387,STU00804,MAT0009,3,CC,11.93,2,2024-04-16,11,23.86
NOT006388,STU00804,MAT0022,2,CC,7.73,2,2024-04-15,11,15.46
NOT006389,STU00804,MAT0023,3,TP,14.53,2,2023-05-17,11,29.06
NOT006390,STU00804,MAT0023,1,CC,14.26,2,2024-04-16,11,28.52
NOT006391,STU00804,MAT0026,1,PROJET,6.17,2,2023-04-15,11,12.34
NOT006392,STU00804,MAT0003,2,PROJET,11.99,2,2023-05-17,11,23.98
NOT006393,STU00804,MAT0017,2,EXAMEN,7.23,3,2023-04-15,11,21.69
NOT006394,STU00804,MAT0005,4,CC,10.01,1,2023-04-16,11,10.01
NOT006395,STU00804,MAT0005,4,PROJET,9.29,2,2024-04-15,11,18.58
NOT006396,STU00804,MAT0018,3,CC,14.43,1,2023-04-15,11,14.43
NOT006397,STU00805,MAT0009,1,TP,12.35,2,2023-05-16,10,24.7
NOT006398,STU00805,MAT0002,4,TP,8.14,1,2024-05-17,10,8.14
NOT006399,STU00805,MAT0016,1,CC,14.64,3,2023-04-16,10,43.920002
NOT006400,STU00805,MAT0031,3,CC,7.7,1,2024-04-16,10,7.7
NOT006401,STU00805,MAT0014,3,CC,12.99,2,2023-04-15,10,25.98
NOT006402,STU00805,MAT0010,3,CC,9.56,1,2024-05-16,10,9.56
NOT006403,STU00806,MAT0034,3,PROJET,10.9,1,2023-04-16,11,10.9
NOT006404,STU00806,MAT0006,2,EXAMEN,13.51,3,2023-05-17,11,40.53
NOT006405,STU00806,MAT0031,1,CC,13.56,2,2024-04-16,11,27.12
NOT006406,STU00806,MAT0015,3,TP,16.01,1,2023-04-16,11,16.01
NOT006407,STU00806,MAT0031,2,TP,11.75,2,2024-04-16,11,23.5
NOT006408,STU00806,MAT0013,4,CC,12.92,1,2024-05-17,11,12.92
NOT006409,STU00806,MAT0006,2,TP,10.69,1,2024-05-17,11,10.69
NOT006410,STU00807,MAT0017,2,PROJET,12.55,2,2023-05-16,10,25.1
NOT006411,STU00807,MAT0002,4,TP,13.32,1,2024-05-16,10,13.32
NOT006412,STU00807,MAT0008,3,PROJET,11.71,1,2023-04-16,10,11.71
NOT006413,STU00807,MAT0008,1,PROJET,6.59,3,2024-04-15,10,19.77
NOT006414,STU00807,MAT0022,3,CC,12.99,2,2023-05-16,10,25.98
NOT006415,STU00807,MAT0017,3,EXAMEN,13.09,2,2024-05-17,10,26.18
NOT006416,STU00807,MAT0034,2,CC,9.96,1,2024-05-16,10,9.96
NOT006417,STU00807,MAT0010,4,EXAMEN,8.15,3,2024-04-16,10,24.449999
NOT006418,STU00807,MAT0024,3,CC,16.43,2,2023-05-16,10,32.86
NOT006419,STU00808,MAT0011,3,PROJET,13.47,2,2023-05-16,11,26.94
NOT006420,STU00808,MAT0023,1,CC,11.31,2,2023-05-16,11,22.62
NOT006421,STU00808,MAT0010,4,TP,8.59,2,2024-04-16,11,17.18
NOT006422,STU00808,MAT0010,2,PROJET,9.53,2,2023-05-17,11,19.06
NOT006423,STU00808,MAT0028,4,TP,15.91,1,2023-05-16,11,15.91
NOT006424,STU00808,MAT0031,2,EXAMEN,12.41,2,2023-05-16,11,24.82
NOT006425,STU00808,MAT0029,2,PROJET,10.35,1,2024-05-17,11,10.35
NOT006426,STU00808,MAT0031,2,CC,13.53,3,2024-05-17,11,40.59
NOT006427,STU00808,MAT0001,1,TP,9.56,3,2024-05-16,11,28.68
NOT006428,STU00809,MAT0009,2,CC,16.5,2,2024-04-16,10,33.0
NOT006429,STU00809,MAT0035,4,CC,16.06,3,2024-05-17,10,48.18
NOT006430,STU00809,MAT0022,2,PROJET,10.6,2,2024-05-16,10,21.2
NOT006431,STU00809,MAT0034,3,PROJET,10.11,1,2023-04-15,10,10.11
NOT006432,STU00809,MAT0034,3,TP,4.15,2,2023-05-17,10,8.3
NOT006433,STU00809,MAT0028,3,CC,7.56,2,2023-05-17,10,15.12
NOT006434,STU00809,MAT0022,1,CC,7.98,2,2023-05-16,10,15.96
NOT006435,STU00809,MAT0007,1,EXAMEN,12.41,3,2024-05-17,10,37.23
NOT006436,STU00810,MAT0012,3,EXAMEN,11.02,1,2024-04-16,11,11.02
NOT006437,STU00810,MAT0022,3,TP,7.96,1,2023-05-17,11,7.96
NOT006438,STU00810,MAT0035,3,EXAMEN,11.16,1,2023-04-16,11,11.16
NOT006439,STU00810,MAT0007,4,CC,13.52,2,2024-04-16,11,27.04
NOT006440,STU00810,MAT0007,4,CC,13.58,3,2023-04-16,11,40.739998
NOT006441,STU00810,MAT0013,3,PROJET,6.3,2,2024-04-15,11,12.6
NOT006442,STU00810,MAT0020,4,CC,11.62,2,2023-05-16,11,23.24
NOT006443,STU00810,MAT0013,2,TP,7.85,3,2023-04-16,11,23.55
NOT006444,STU00810,MAT0012,2,PROJET,14.71,1,2023-04-16,11,14.71
NOT006445,STU00810,MAT0012,4,PROJET,14.35,2,2024-04-16,11,28.7
NOT006446,STU00811,MAT0022,1,PROJET,9.31,3,2024-05-17,10,27.93
NOT006447,STU00811,MAT0034,4,PROJET,9.7,2,2023-05-16,10,19.4
NOT006448,STU00811,MAT0025,2,TP,10.62,3,2024-04-16,10,31.86
NOT006449,STU00811,MAT0003,4,CC,5.24,1,2024-05-17,10,5.24
NOT006450,STU00811,MAT0006,2,PROJET,13.01,2,2023-05-16,10,26.02
NOT006451,STU00811,MAT0027,4,EXAMEN,11.18,1,2024-05-16,10,11.18
NOT006452,STU00811,MAT0013,1,TP,14.91,1,2023-04-15,10,14.91
NOT006453,STU00812,MAT0015,4,CC,8.7,3,2023-05-17,11,26.099998
NOT006454,STU00812,MAT0031,1,PROJET,10.14,3,2023-04-16,11,30.420002
NOT006455,STU00812,MAT0012,1,EXAMEN,7.48,1,2023-04-15,11,7.48
NOT006456,STU00812,MAT0004,1,TP,8.99,1,2023-05-16,11,8.99
NOT006457,STU00812,MAT0024,4,PROJET,8.45,2,2023-05-17,11,16.9
NOT006458,STU00812,MAT0032,2,EXAMEN,14.99,1,2023-05-17,11,14.99
NOT006459,STU00812,MAT0007,1,PROJET,9.91,2,2024-05-16,11,19.82
NOT006460,STU00812,MAT0007,1,EXAMEN,12.37,2,2023-05-17,11,24.74
NOT006461,STU00812,MAT0019,3,EXAMEN,10.86,2,2023-05-17,11,21.72
NOT006462,STU00812,MAT0007,4,TP,8.19,2,2024-04-16,11,16.38
NOT006463,STU00813,MAT0012,3,EXAMEN,11.5,3,2023-04-15,10,34.5
NOT006464,STU00813,MAT0033,3,TP,13.8,2,2024-04-15,10,27.6
NOT006465,STU00813,MAT0030,3,TP,8.38,2,2023-04-15,10,16.76
NOT006466,STU00813,MAT0017,2,CC,14.43,1,2024-04-16,10,14.43
NOT006467,STU00813,MAT0029,1,CC,9.45,3,2023-05-17,10,28.349998
NOT006468,STU00813,MAT0034,4,PROJET,10.55,2,2023-05-17,10,21.1
NOT006469,STU00813,MAT0012,4,EXAMEN,13.59,3,2024-05-17,10,40.77
NOT006470,STU00813,MAT0014,4,CC,10.01,1,2024-05-16,10,10.01
NOT006471,STU00813,MAT0029,4,PROJET,12.11,1,2024-05-17,10,12.11
NOT006472,STU00813,MAT0013,1,PROJET,11.06,1,2024-04-15,10,11.06
NOT006473,STU00814,MAT0013,2,TP,12.39,1,2024-05-16,11,12.39
NOT006474,STU00814,MAT0023,1,CC,4.86,2,2024-04-15,11,9.72
NOT006475,STU00814,MAT0015,4,CC,6.51,2,2023-04-16,11,13.02
NOT006476,STU00814,MAT0018,4,PROJET,13.85,2,2024-05-17,11,27.7
NOT006477,STU00814,MAT0016,3,TP,15.11,3,2024-04-15,11,45.329998
NOT006478,STU00814,MAT0008,3,CC,9.27,3,2023-04-15,11,27.810001
NOT006479,STU00814,MAT0018,2,CC,11.27,3,2023-04-15,11,33.81
NOT006480,STU00814,MAT0006,1,TP,12.88,2,2024-05-17,11,25.76
NOT006481,STU00814,MAT0028,1,TP,14.08,1,2023-05-16,11,14.08
NOT006482,STU00815,MAT0011,4,CC,5.92,2,2023-05-16,10,11.84
NOT006483,STU00815,MAT0027,3,CC,9.34,3,2024-04-15,10,28.02
NOT006484,STU00815,MAT0016,1,EXAMEN,11.0,1,2023-05-17,10,11.0
NOT006485,STU00815,MAT0028,4,TP,14.11,2,2023-05-16,10,28.22
NOT006486,STU00815,MAT0030,3,PROJET,19.5,2,2024-05-17,10,39.0
NOT006487,STU00815,MAT0023,1,CC,11.32,2,2024-05-16,10,22.64
NOT006488,STU00816,MAT0003,4,EXAMEN,7.78,2,2024-05-17,11,15.56
NOT006489,STU00816,MAT0021,2,EXAMEN,13.21,3,2023-04-15,11,39.63
NOT006490,STU00816,MAT0031,2,EXAMEN,15.96,3,2023-05-17,11,47.88
NOT006491,STU00816,MAT0029,4,CC,12.32,2,2023-05-17,11,24.64
NOT006492,STU00816,MAT0003,2,TP,9.28,2,2023-04-15,11,18.56
NOT006493,STU00816,MAT0022,1,CC,14.87,2,2023-05-16,11,29.74
NOT006494,STU00816,MAT0032,2,CC,13.99,2,2024-04-15,11,27.98
NOT006495,STU00816,MAT0010,3,EXAMEN,8.92,1,2024-05-17,11,8.92
NOT006496,STU00817,MAT0035,4,PROJET,13.14,2,2024-05-16,10,26.28
NOT006497,STU00817,MAT0025,3,PROJET,14.99,3,2024-04-16,10,44.97
NOT006498,STU00817,MAT0006,1,PROJET,15.55,3,2024-04-16,10,46.65
NOT006499,STU00817,MAT0024,3,EXAMEN,11.8,1,2024-04-15,10,11.8
NOT006500,STU00817,MAT0007,2,EXAMEN,10.93,2,2024-04-15,10,21.86
NOT006501,STU00817,MAT0012,3,PROJET,15.68,2,2024-05-17,10,31.36
NOT006502,STU00817,MAT0005,2,PROJET,8.37,2,2024-04-15,10,16.74
NOT006503,STU00817,MAT0007,1,PROJET,13.32,2,2024-04-15,10,26.64
NOT006504,STU00817,MAT0007,2,EXAMEN,7.89,3,2024-05-17,10,23.67
NOT006505,STU00817,MAT0004,1,PROJET,15.2,2,2024-04-15,10,30.4
NOT006506,STU00818,MAT0029,1,PROJET,11.23,3,2023-04-15,11,33.69
NOT006507,STU00818,MAT0003,1,CC,15.81,3,2023-05-16,11,47.43
NOT006508,STU00818,MAT0014,2,TP,13.47,2,2024-04-16,11,26.94
NOT006509,STU00818,MAT0035,2,EXAMEN,8.33,3,2023-05-16,11,24.99
NOT006510,STU00818,MAT0035,3,TP,16.27,2,2024-04-15,11,32.54
NOT006511,STU00818,MAT0010,1,CC,16.65,2,2023-05-17,11,33.3
NOT006512,STU00818,MAT0023,4,EXAMEN,14.65,1,2024-05-17,11,14.65
NOT006513,STU00818,MAT0026,2,CC,9.72,2,2024-05-17,11,19.44
NOT006514,STU00818,MAT0022,4,CC,11.08,2,2024-05-16,11,22.16
NOT006515,STU00818,MAT0007,1,PROJET,12.44,2,2024-04-15,11,24.88
NOT006516,STU00819,MAT0025,2,PROJET,9.89,3,2023-05-17,10,29.670002
NOT006517,STU00819,MAT0031,4,EXAMEN,17.08,2,2024-05-16,10,34.16
NOT006518,STU00819,MAT0002,2,PROJET,12.43,1,2024-04-15,10,12.43
NOT006519,STU00819,MAT0035,4,EXAMEN,3.89,2,2023-05-17,10,7.78
NOT006520,STU00819,MAT0006,4,PROJET,13.02,1,2023-05-17,10,13.02
NOT006521,STU00819,MAT0013,4,PROJET,10.96,3,2023-04-15,10,32.88
NOT006522,STU00820,MAT0005,3,CC,11.78,2,2024-04-15,11,23.56
NOT006523,STU00820,MAT0003,3,CC,10.89,2,2024-05-16,11,21.78
NOT006524,STU00820,MAT0018,2,PROJET,14.42,2,2023-04-16,11,28.84
NOT006525,STU00820,MAT0032,3,EXAMEN,15.36,2,2024-04-16,11,30.72
NOT006526,STU00820,MAT0020,3,CC,12.85,2,2024-05-17,11,25.7
NOT006527,STU00820,MAT0034,3,EXAMEN,10.98,1,2024-04-15,11,10.98
NOT006528,STU00820,MAT0020,2,CC,11.88,3,2024-04-16,11,35.64
NOT006529,STU00821,MAT0033,2,CC,12.06,1,2024-05-17,10,12.06
NOT006530,STU00821,MAT0028,3,TP,9.59,3,2024-04-15,10,28.77
NOT006531,STU00821,MAT0011,3,EXAMEN,13.74,1,2023-05-16,10,13.74
NOT006532,STU00821,MAT0018,3,CC,13.38,2,2024-05-17,10,26.76
NOT006533,STU00821,MAT0006,2,EXAMEN,16.62,2,2023-05-16,10,33.24
NOT006534,STU00821,MAT0004,2,EXAMEN,15.77,1,2024-04-16,10,15.77
NOT006535,STU00821,MAT0034,3,PROJET,9.94,2,2024-05-16,10,19.88
NOT006536,STU00821,MAT0022,2,CC,14.46,3,2024-05-16,10,43.38
NOT006537,STU00822,MAT0017,2,CC,9.15,2,2023-05-17,11,18.3
NOT006538,STU00822,MAT0017,1,CC,14.09,3,2024-05-17,11,42.27
NOT006539,STU00822,MAT0022,1,TP,10.45,2,2024-04-16,11,20.9
NOT006540,STU00822,MAT0031,3,EXAMEN,8.93,3,2023-05-16,11,26.79
NOT006541,STU00822,MAT0011,1,CC,12.84,1,2024-05-16,11,12.84
NOT006542,STU00822,MAT0034,4,TP,3.98,2,2023-05-17,11,7.96
NOT006543,STU00822,MAT0016,1,PROJET,6.75,2,2024-05-16,11,13.5
NOT006544,STU00822,MAT0012,3,PROJET,11.47,1,2024-05-16,11,11.47
NOT006545,STU00823,MAT0023,2,PROJET,12.25,2,2023-04-15,10,24.5
NOT006546,STU00823,MAT0007,2,CC,10.89,1,2024-04-15,10,10.89
NOT006547,STU00823,MAT0010,2,PROJET,7.26,2,2024-04-15,10,14.52
NOT006548,STU00823,MAT0015,1,PROJET,9.55,2,2023-05-16,10,19.1
NOT006549,STU00823,MAT0005,3,PROJET,13.17,2,2023-04-15,10,26.34
NOT006550,STU00823,MAT0003,2,EXAMEN,13.75,3,2023-04-16,10,41.25
NOT006551,STU00823,MAT0035,1,EXAMEN,11.95,3,2024-05-16,10,35.85
NOT006552,STU00823,MAT0025,2,TP,15.47,3,2024-05-16,10,46.41
NOT006553,STU00823,MAT0005,2,TP,13.19,2,2024-04-15,10,26.38
NOT006554,STU00823,MAT0015,1,TP,9.76,3,2023-04-16,10,29.28
NOT006555,STU00824,MAT0016,2,TP,11.16,3,2024-04-15,11,33.48
NOT006556,STU00824,MAT0016,4,PROJET,7.79,2,2023-05-16,11,15.58
NOT006557,STU00824,MAT0016,3,EXAMEN,11.68,2,2023-04-16,11,23.36
NOT006558,STU00824,MAT0012,1,CC,15.34,3,2023-05-17,11,46.02
NOT006559,STU00824,MAT0021,4,CC,14.06,1,2024-05-16,11,14.06
NOT006560,STU00824,MAT0020,1,EXAMEN,16.21,2,2024-04-15,11,32.42
NOT006561,STU00824,MAT0008,3,EXAMEN,11.09,2,2023-05-17,11,22.18
NOT006562,STU00824,MAT0027,4,TP,16.04,2,2023-04-16,11,32.08
NOT006563,STU00825,MAT0018,3,TP,11.42,2,2024-05-16,10,22.84
NOT006564,STU00825,MAT0004,2,EXAMEN,16.41,2,2024-05-17,10,32.82
NOT006565,STU00825,MAT0013,4,CC,11.93,2,2023-05-17,10,23.86
NOT006566,STU00825,MAT0027,4,PROJET,14.12,1,2023-05-17,10,14.12
NOT006567,STU00825,MAT0024,1,EXAMEN,16.43,2,2024-04-15,10,32.86
NOT006568,STU00825,MAT0021,4,CC,11.42,2,2024-05-16,10,22.84
NOT006569,STU00825,MAT0023,3,CC,12.66,1,2024-05-16,10,12.66
NOT006570,STU00825,MAT0005,4,CC,15.87,2,2023-04-16,10,31.74
NOT006571,STU00825,MAT0011,4,EXAMEN,11.6,2,2023-04-16,10,23.2
NOT006572,STU00826,MAT0001,4,PROJET,8.04,1,2023-04-16,11,8.04
NOT006573,STU00826,MAT0031,3,PROJET,18.43,1,2024-04-16,11,18.43
NOT006574,STU00826,MAT0022,1,PROJET,10.59,2,2023-05-16,11,21.18
NOT006575,STU00826,MAT0016,1,PROJET,12.48,2,2023-05-17,11,24.96
NOT006576,STU00826,MAT0003,1,TP,15.47,1,2023-04-15,11,15.47
NOT006577,STU00826,MAT0015,4,PROJET,10.17,1,2024-05-16,11,10.17
NOT006578,STU00827,MAT0010,1,TP,8.98,3,2024-04-16,10,26.939999
NOT006579,STU00827,MAT0010,1,CC,12.76,3,2023-05-16,10,38.28
NOT006580,STU00827,MAT0030,3,PROJET,6.62,1,2024-04-15,10,6.62
NOT006581,STU00827,MAT0023,2,CC,11.14,1,2024-04-16,10,11.14
NOT006582,STU00827,MAT0023,2,EXAMEN,12.74,1,2023-04-15,10,12.74
NOT006583,STU00827,MAT0014,2,TP,11.19,1,2024-04-15,10,11.19
NOT006584,STU00827,MAT0013,1,TP,7.37,2,2023-04-16,10,14.74
NOT006585,STU00827,MAT0012,2,PROJET,16.78,2,2024-05-17,10,33.56
NOT006586,STU00827,MAT0001,1,CC,12.31,1,2024-04-16,10,12.31
NOT006587,STU00828,MAT0011,3,EXAMEN,16.29,1,2023-05-16,11,16.29
NOT006588,STU00828,MAT0017,3,PROJET,11.22,2,2024-05-16,11,22.44
NOT006589,STU00828,MAT0015,4,TP,9.36,3,2024-04-16,11,28.079998
NOT006590,STU00828,MAT0029,4,PROJET,12.81,2,2023-05-16,11,25.62
NOT006591,STU00828,MAT0023,3,PROJET,11.35,1,2023-04-15,11,11.35
NOT006592,STU00828,MAT0020,4,EXAMEN,8.47,1,2024-05-17,11,8.47
NOT006593,STU00828,MAT0029,3,CC,16.41,1,2023-05-17,11,16.41
NOT006594,STU00828,MAT0029,2,EXAMEN,10.13,3,2024-04-16,11,30.39
NOT006595,STU00828,MAT0031,4,PROJET,6.48,1,2023-05-16,11,6.48
NOT006596,STU00829,MAT0004,1,TP,15.98,2,2024-05-17,10,31.96
NOT006597,STU00829,MAT0033,4,PROJET,10.49,3,2023-04-16,10,31.47
NOT006598,STU00829,MAT0026,4,PROJET,10.18,3,2024-05-16,10,30.54
NOT006599,STU00829,MAT0029,1,TP,6.7,3,2023-04-15,10,20.099998
NOT006600,STU00829,MAT0023,1,PROJET,17.22,2,2024-04-15,10,34.44
NOT006601,STU00829,MAT0012,1,CC,8.13,2,2023-04-15,10,16.26
NOT006602,STU00830,MAT0025,2,CC,12.18,3,2023-04-16,11,36.54
NOT006603,STU00830,MAT0032,3,EXAMEN,14.74,3,2024-04-15,11,44.22
NOT006604,STU00830,MAT0011,1,TP,13.27,2,2023-04-15,11,26.54
NOT006605,STU00830,MAT0025,1,TP,11.82,3,2023-05-16,11,35.46
NOT006606,STU00830,MAT0009,1,PROJET,6.9,3,2024-04-16,11,20.7
NOT006607,STU00830,MAT0031,1,PROJET,9.57,3,2023-04-16,11,28.71
NOT006608,STU00831,MAT0012,4,EXAMEN,12.56,1,2024-04-16,10,12.56
NOT006609,STU00831,MAT0017,3,EXAMEN,9.64,3,2024-05-17,10,28.920002
NOT006610,STU00831,MAT0017,1,EXAMEN,12.61,3,2024-05-16,10,37.829998
NOT006611,STU00831,MAT0026,1,PROJET,14.05,2,2023-04-16,10,28.1
NOT006612,STU00831,MAT0019,3,EXAMEN,14.89,3,2024-05-16,10,44.670002
NOT006613,STU00831,MAT0016,4,CC,8.32,1,2024-05-17,10,8.32
NOT006614,STU00831,MAT0021,1,CC,18.59,3,2024-04-15,10,55.77
NOT006615,STU00832,MAT0013,4,TP,14.3,2,2024-04-15,11,28.6
NOT006616,STU00832,MAT0011,3,PROJET,11.99,2,2023-05-16,11,23.98
NOT006617,STU00832,MAT0023,3,EXAMEN,15.27,2,2023-04-15,11,30.54
NOT006618,STU00832,MAT0024,2,PROJET,19.1,2,2023-04-15,11,38.2
NOT006619,STU00832,MAT0007,2,PROJET,7.68,1,2023-04-15,11,7.68
NOT006620,STU00832,MAT0027,1,CC,11.32,2,2023-05-17,11,22.64
NOT006621,STU00832,MAT0029,4,CC,4.86,3,2024-04-16,11,14.58
NOT006622,STU00832,MAT0005,2,PROJET,12.58,3,2024-05-16,11,37.739998
NOT006623,STU00833,MAT0020,2,CC,13.1,2,2023-04-16,10,26.2
NOT006624,STU00833,MAT0032,4,EXAMEN,11.88,3,2023-05-16,10,35.64
NOT006625,STU00833,MAT0002,4,TP,10.04,1,2024-04-15,10,10.04
NOT006626,STU00833,MAT0005,4,EXAMEN,5.85,3,2024-05-16,10,17.55
NOT006627,STU00833,MAT0002,2,TP,13.12,2,2023-04-15,10,26.24
NOT006628,STU00833,MAT0002,2,EXAMEN,16.37,2,2023-04-16,10,32.74
NOT006629,STU00833,MAT0028,3,TP,10.23,3,2024-05-17,10,30.689999
NOT006630,STU00833,MAT0021,1,PROJET,13.32,1,2023-04-15,10,13.32
NOT006631,STU00833,MAT0014,1,PROJET,7.3,2,2024-05-17,10,14.6
NOT006632,STU00834,MAT0026,3,EXAMEN,13.37,2,2023-05-16,11,26.74
NOT006633,STU00834,MAT0004,1,CC,10.82,1,2024-04-15,11,10.82
NOT006634,STU00834,MAT0031,3,TP,9.71,1,2023-05-16,11,9.71
NOT006635,STU00834,MAT0027,2,EXAMEN,9.72,2,2023-04-16,11,19.44
NOT006636,STU00834,MAT0026,1,PROJET,10.82,2,2023-05-16,11,21.64
NOT006637,STU00834,MAT0030,3,EXAMEN,13.15,1,2024-04-16,11,13.15
NOT006638,STU00834,MAT0005,2,TP,8.06,3,2023-05-16,11,24.18
NOT006639,STU00834,MAT0035,2,PROJET,10.81,1,2023-04-16,11,10.81
NOT006640,STU00835,MAT0012,3,PROJET,11.88,2,2024-04-16,10,23.76
NOT006641,STU00835,MAT0034,4,CC,8.7,1,2024-05-17,10,8.7
NOT006642,STU00835,MAT0030,1,EXAMEN,17.39,1,2024-05-17,10,17.39
NOT006643,STU00835,MAT0020,1,TP,9.44,1,2024-04-16,10,9.44
NOT006644,STU00835,MAT0018,2,EXAMEN,9.99,2,2023-05-16,10,19.98
NOT006645,STU00835,MAT0013,1,CC,9.07,1,2023-04-16,10,9.07
NOT006646,STU00835,MAT0021,1,PROJET,17.4,3,2023-05-17,10,52.199997
NOT006647,STU00836,MAT0004,3,EXAMEN,13.66,1,2023-05-16,11,13.66
NOT006648,STU00836,MAT0017,1,TP,9.19,2,2023-05-17,11,18.38
NOT006649,STU00836,MAT0005,2,EXAMEN,15.32,3,2024-04-16,11,45.96
NOT006650,STU00836,MAT0035,4,TP,12.6,2,2024-05-17,11,25.2
NOT006651,STU00836,MAT0004,2,PROJET,12.77,2,2024-05-16,11,25.54
NOT006652,STU00836,MAT0003,1,PROJET,10.97,2,2024-04-15,11,21.94
NOT006653,STU00836,MAT0021,4,PROJET,9.75,3,2023-05-16,11,29.25
NOT006654,STU00836,MAT0020,3,CC,13.01,1,2023-05-16,11,13.01
NOT006655,STU00836,MAT0015,4,PROJET,10.36,2,2024-05-17,11,20.72
NOT006656,STU00836,MAT0010,3,PROJET,17.45,1,2023-05-16,11,17.45
NOT006657,STU00837,MAT0013,1,CC,8.19,3,2023-05-17,10,24.57
NOT006658,STU00837,MAT0023,4,CC,16.61,2,2023-05-16,10,33.22
NOT006659,STU00837,MAT0018,4,EXAMEN,11.67,3,2023-04-15,10,35.010002
NOT006660,STU00837,MAT0008,3,CC,12.9,3,2023-05-17,10,38.699997
NOT006661,STU00837,MAT0027,1,TP,14.5,2,2024-05-16,10,29.0
NOT006662,STU00837,MAT0018,3,TP,10.11,1,2023-04-15,10,10.11
NOT006663,STU00837,MAT0012,2,CC,14.59,2,2024-04-15,10,29.18
NOT006664,STU00837,MAT0023,2,PROJET,3.88,2,2024-05-17,10,7.76
NOT006665,STU00837,MAT0027,4,TP,9.84,2,2023-04-15,10,19.68
NOT006666,STU00837,MAT0034,3,TP,9.23,1,2023-05-16,10,9.23
NOT006667,STU00838,MAT0009,1,TP,8.24,1,2024-04-15,11,8.24
NOT006668,STU00838,MAT0032,4,PROJET,11.36,2,2023-04-16,11,22.72
NOT006669,STU00838,MAT0020,1,EXAMEN,13.16,1,2023-04-16,11,13.16
NOT006670,STU00838,MAT0005,1,TP,14.11,2,2024-05-17,11,28.22
NOT006671,STU00838,MAT0004,4,CC,12.72,1,2023-05-16,11,12.72
NOT006672,STU00838,MAT0016,4,CC,10.0,2,2024-05-17,11,20.0
NOT006673,STU00838,MAT0030,3,CC,13.11,1,2024-04-15,11,13.11
NOT006674,STU00838,MAT0033,4,TP,12.37,1,2024-05-16,11,12.37
NOT006675,STU00839,MAT0013,3,EXAMEN,14.81,2,2024-05-17,10,29.62
NOT006676,STU00839,MAT0006,3,CC,14.33,1,2024-04-15,10,14.33
NOT006677,STU00839,MAT0011,3,CC,12.09,3,2023-05-17,10,36.27
NOT006678,STU00839,MAT0023,4,PROJET,9.31,3,2023-05-16,10,27.93
NOT006679,STU00839,MAT0031,1,EXAMEN,10.04,2,2023-04-16,10,20.08
NOT006680,STU00839,MAT0022,3,PROJET,10.35,2,2024-04-15,10,20.7
NOT006681,STU00839,MAT0010,3,EXAMEN,11.05,3,2024-05-16,10,33.15
NOT006682,STU00839,MAT0010,2,EXAMEN,12.8,2,2023-04-16,10,25.6
NOT006683,STU00840,MAT0015,4,TP,14.15,2,2024-05-16,11,28.3
NOT006684,STU00840,MAT0012,4,PROJET,11.85,3,2023-05-17,11,35.550003
NOT006685,STU00840,MAT0012,4,PROJET,12.05,1,2023-04-16,11,12.05
NOT006686,STU00840,MAT0014,3,TP,12.43,1,2023-05-17,11,12.43
NOT006687,STU00840,MAT0031,1,EXAMEN,10.45,1,2023-05-17,11,10.45
NOT006688,STU00840,MAT0015,1,PROJET,9.22,2,2023-05-16,11,18.44
NOT006689,STU00840,MAT0008,1,TP,6.73,2,2023-05-16,11,13.46
NOT006690,STU00841,MAT0026,4,EXAMEN,9.91,2,2024-05-16,16,19.82
NOT006691,STU00841,MAT0030,2,EXAMEN,13.42,2,2024-04-16,16,26.84
NOT006692,STU00841,MAT0026,3,PROJET,9.89,1,2023-04-16,16,9.89
NOT006693,STU00841,MAT0011,3,EXAMEN,11.29,3,2023-04-15,16,33.87
NOT006694,STU00841,MAT0029,4,PROJET,13.4,3,2023-04-16,16,40.199997
NOT006695,STU00841,MAT0028,1,PROJET,13.56,2,2023-04-15,16,27.12
NOT006696,STU00841,MAT0030,1,EXAMEN,8.76,2,2024-04-15,16,17.52
NOT006697,STU00841,MAT0022,1,EXAMEN,14.99,2,2023-04-16,16,29.98
NOT006698,STU00842,MAT0017,1,EXAMEN,15.38,1,2024-04-16,17,15.38
NOT006699,STU00842,MAT0009,4,EXAMEN,8.61,2,2024-04-16,17,17.22
NOT006700,STU00842,MAT0017,2,PROJET,9.53,2,2023-05-16,17,19.06
NOT006701,STU00842,MAT0011,2,PROJET,15.57,1,2024-05-17,17,15.57
NOT006702,STU00842,MAT0006,2,CC,11.56,2,2023-04-15,17,23.12
NOT006703,STU00842,MAT0014,3,TP,5.34,2,2023-05-17,17,10.68
NOT006704,STU00843,MAT0023,1,CC,7.8,2,2024-05-16,16,15.6
NOT006705,STU00843,MAT0026,3,TP,11.25,1,2024-04-15,16,11.25
NOT006706,STU00843,MAT0003,2,CC,8.51,2,2023-04-15,16,17.02
NOT006707,STU00843,MAT0029,2,EXAMEN,10.76,1,2024-04-16,16,10.76
NOT006708,STU00843,MAT0004,1,CC,12.1,1,2023-04-15,16,12.1
NOT006709,STU00843,MAT0005,1,TP,16.39,1,2023-04-16,16,16.39
NOT006710,STU00843,MAT0010,2,EXAMEN,11.13,2,2023-05-16,16,22.26
NOT006711,STU00843,MAT0025,2,TP,15.22,2,2024-05-17,16,30.44
NOT006712,STU00843,MAT0025,3,EXAMEN,16.29,1,2023-05-16,16,16.29
NOT006713,STU00844,MAT0035,4,PROJET,16.3,2,2023-05-17,17,32.6
NOT006714,STU00844,MAT0026,4,TP,12.85,2,2024-04-16,17,25.7
NOT006715,STU00844,MAT0024,3,EXAMEN,6.11,2,2024-05-16,17,12.22
NOT006716,STU00844,MAT0027,4,CC,13.38,3,2024-05-17,17,40.14
NOT006717,STU00844,MAT0020,1,CC,15.15,3,2023-04-16,17,45.449997
NOT006718,STU00844,MAT0034,2,PROJET,11.76,1,2023-04-15,17,11.76
NOT006719,STU00844,MAT0032,3,PROJET,17.23,2,2024-04-15,17,34.46
NOT006720,STU00844,MAT0033,2,PROJET,14.58,2,2024-04-15,17,29.16
NOT006721,STU00844,MAT0021,1,CC,13.7,2,2024-04-16,17,27.4
NOT006722,STU00845,MAT0009,4,TP,15.26,2,2023-04-16,16,30.52
NOT006723,STU00845,MAT0021,2,TP,13.0,2,2023-04-15,16,26.0
NOT006724,STU00845,MAT0006,3,TP,4.52,3,2023-04-15,16,13.559999
NOT006725,STU00845,MAT0016,4,CC,10.5,1,2023-05-17,16,10.5
NOT006726,STU00845,MAT0007,1,CC,15.59,2,2023-04-16,16,31.18
NOT006727,STU00845,MAT0004,3,CC,9.58,3,2024-05-17,16,28.74
NOT006728,STU00845,MAT0015,1,EXAMEN,11.33,2,2023-04-16,16,22.66
NOT006729,STU00846,MAT0024,4,TP,8.87,3,2023-05-17,17,26.61
NOT006730,STU00846,MAT0011,1,PROJET,17.35,1,2023-04-15,17,17.35
NOT006731,STU00846,MAT0010,4,TP,17.04,2,2024-05-17,17,34.08
NOT006732,STU00846,MAT0027,2,CC,9.35,2,2024-04-15,17,18.7
NOT006733,STU00846,MAT0005,3,PROJET,12.44,1,2023-04-16,17,12.44
NOT006734,STU00846,MAT0024,4,CC,9.96,3,2023-04-16,17,29.880001
NOT006735,STU00846,MAT0029,3,EXAMEN,13.84,2,2024-05-17,17,27.68
NOT006736,STU00846,MAT0017,1,PROJET,13.53,2,2024-04-16,17,27.06
NOT006737,STU00846,MAT0030,3,TP,14.44,1,2024-04-15,17,14.44
NOT006738,STU00847,MAT0001,3,EXAMEN,13.0,3,2023-05-17,16,39.0
NOT006739,STU00847,MAT0011,4,CC,20.0,2,2024-05-17,16,40.0
NOT006740,STU00847,MAT0027,3,EXAMEN,8.92,2,2024-05-17,16,17.84
NOT006741,STU00847,MAT0024,1,TP,6.87,2,2024-05-16,16,13.74
NOT006742,STU00847,MAT0012,4,EXAMEN,10.82,2,2023-04-15,16,21.64
NOT006743,STU00847,MAT0001,3,EXAMEN,7.3,2,2023-04-15,16,14.6
NOT006744,STU00847,MAT0019,1,TP,7.52,2,2023-05-16,16,15.04
NOT006745,STU00847,MAT0031,4,CC,9.0,3,2024-04-15,16,27.0
NOT006746,STU00848,MAT0018,4,EXAMEN,9.23,1,2024-04-16,17,9.23
NOT006747,STU00848,MAT0026,2,TP,9.14,2,2024-05-17,17,18.28
NOT006748,STU00848,MAT0034,2,EXAMEN,13.55,2,2024-04-15,17,27.1
NOT006749,STU00848,MAT0021,4,CC,10.48,3,2024-04-16,17,31.439999
NOT006750,STU00848,MAT0034,1,EXAMEN,11.46,2,2023-05-17,17,22.92
NOT006751,STU00848,MAT0011,2,EXAMEN,14.68,2,2023-05-17,17,29.36
NOT006752,STU00848,MAT0033,4,PROJET,9.7,3,2024-05-16,17,29.099998
NOT006753,STU00848,MAT0003,3,PROJET,11.21,3,2024-05-17,17,33.63
NOT006754,STU00848,MAT0002,1,CC,13.1,3,2023-05-16,17,39.300003
NOT006755,STU00849,MAT0009,1,TP,6.18,3,2023-05-16,16,18.539999
NOT006756,STU00849,MAT0019,3,CC,4.85,2,2024-04-15,16,9.7
NOT006757,STU00849,MAT0003,3,EXAMEN,13.04,1,2024-05-16,16,13.04
NOT006758,STU00849,MAT0022,4,PROJET,13.48,3,2023-05-17,16,40.44
NOT006759,STU00849,MAT0010,2,TP,18.19,2,2024-04-16,16,36.38
NOT006760,STU00849,MAT0025,1,TP,12.47,3,2024-05-17,16,37.41
NOT006761,STU00849,MAT0006,1,CC,14.46,3,2024-04-15,16,43.38
NOT006762,STU00849,MAT0011,1,TP,11.41,3,2024-04-16,16,34.23
NOT006763,STU00850,MAT0029,4,PROJET,12.89,2,2024-05-16,17,25.78
NOT006764,STU00850,MAT0004,4,CC,17.0,2,2024-04-15,17,34.0
NOT006765,STU00850,MAT0026,1,PROJET,5.63,1,2023-04-15,17,5.63
NOT006766,STU00850,MAT0009,3,TP,13.24,1,2023-04-16,17,13.24
NOT006767,STU00850,MAT0022,4,PROJET,18.41,2,2023-05-16,17,36.82
NOT006768,STU00850,MAT0032,1,CC,12.85,2,2024-04-15,17,25.7
NOT006769,STU00850,MAT0004,4,PROJET,16.95,1,2024-04-15,17,16.95
NOT006770,STU00851,MAT0008,2,CC,10.11,2,2023-05-16,16,20.22
NOT006771,STU00851,MAT0018,4,EXAMEN,11.9,1,2023-05-16,16,11.9
NOT006772,STU00851,MAT0006,4,TP,12.1,3,2024-04-16,16,36.300003
NOT006773,STU00851,MAT0014,3,CC,5.35,1,2024-04-16,16,5.35
NOT006774,STU00851,MAT0007,2,PROJET,8.5,1,2023-05-17,16,8.5
NOT006775,STU00851,MAT0028,2,CC,8.71,1,2023-05-17,16,8.71
NOT006776,STU00851,MAT0025,2,EXAMEN,14.47,2,2024-05-16,16,28.94
NOT006777,STU00851,MAT0014,3,CC,14.62,2,2024-04-16,16,29.24
NOT006778,STU00852,MAT0035,3,TP,12.97,2,2023-05-17,17,25.94
NOT006779,STU00852,MAT0018,3,TP,14.47,2,2024-05-16,17,28.94
NOT006780,STU00852,MAT0016,4,EXAMEN,11.51,1,2023-04-16,17,11.51
NOT006781,STU00852,MAT0012,4,EXAMEN,15.61,1,2024-04-16,17,15.61
NOT006782,STU00852,MAT0012,2,PROJET,12.03,1,2024-05-16,17,12.03
NOT006783,STU00852,MAT0024,2,EXAMEN,12.17,2,2023-05-16,17,24.34
NOT006784,STU00852,MAT0015,2,CC,11.2,3,2023-04-16,17,33.6
NOT006785,STU00853,MAT0019,4,CC,14.05,1,2023-05-17,16,14.05
NOT006786,STU00853,MAT0011,4,EXAMEN,10.74,2,2023-05-16,16,21.48
NOT006787,STU00853,MAT0020,2,TP,14.93,2,2023-04-15,16,29.86
NOT006788,STU00853,MAT0001,3,PROJET,8.6,2,2024-04-16,16,17.2
NOT006789,STU00853,MAT0021,3,CC,8.7,2,2023-04-15,16,17.4
NOT006790,STU00853,MAT0009,2,PROJET,14.06,3,2023-05-16,16,42.18
NOT006791,STU00853,MAT0023,2,PROJET,11.73,2,2023-04-15,16,23.46
NOT006792,STU00854,MAT0021,3,TP,10.64,3,2023-05-16,17,31.920002
NOT006793,STU00854,MAT0020,2,TP,14.67,2,2023-05-17,17,29.34
NOT006794,STU00854,MAT0008,3,PROJET,10.18,3,2023-04-16,17,30.54
NOT006795,STU00854,MAT0028,4,PROJET,11.4,1,2024-04-15,17,11.4
NOT006796,STU00854,MAT0024,4,TP,16.2,3,2023-05-16,17,48.600002
NOT006797,STU00854,MAT0019,2,EXAMEN,16.62,3,2023-05-16,17,49.86
NOT006798,STU00854,MAT0008,4,EXAMEN,16.72,2,2024-05-17,17,33.44
NOT006799,STU00854,MAT0003,3,PROJET,11.15,1,2024-05-17,17,11.15
NOT006800,STU00855,MAT0005,4,EXAMEN,15.69,1,2024-05-17,16,15.69
NOT006801,STU00855,MAT0028,1,PROJET,9.15,2,2024-05-17,16,18.3
NOT006802,STU00855,MAT0019,4,EXAMEN,9.28,3,2023-05-16,16,27.84
NOT006803,STU00855,MAT0005,4,TP,4.95,2,2024-04-16,16,9.9
NOT006804,STU00855,MAT0006,2,PROJET,17.02,3,2024-04-15,16,51.06
NOT006805,STU00855,MAT0002,4,TP,9.41,1,2024-05-16,16,9.41
NOT006806,STU00855,MAT0013,1,TP,11.62,2,2023-04-16,16,23.24
NOT006807,STU00855,MAT0030,4,PROJET,9.27,2,2024-05-16,16,18.54
NOT006808,STU00856,MAT0034,1,CC,14.09,1,2024-05-17,17,14.09
NOT006809,STU00856,MAT0012,4,TP,10.87,1,2023-05-16,17,10.87
NOT006810,STU00856,MAT0007,4,CC,8.09,2,2024-05-17,17,16.18
NOT006811,STU00856,MAT0018,3,CC,13.32,2,2023-05-17,17,26.64
NOT006812,STU00856,MAT0019,4,CC,7.7,3,2024-05-17,17,23.099998
NOT006813,STU00856,MAT0006,1,CC,9.49,1,2024-04-16,17,9.49
NOT006814,STU00856,MAT0025,2,PROJET,5.68,3,2024-04-15,17,17.039999
NOT006815,STU00856,MAT0007,1,CC,7.73,2,2023-05-16,17,15.46
NOT006816,STU00856,MAT0023,1,TP,12.54,1,2024-04-15,17,12.54
NOT006817,STU00857,MAT0026,1,TP,6.11,2,2023-04-15,16,12.22
NOT006818,STU00857,MAT0032,1,EXAMEN,7.56,3,2024-05-16,16,22.68
NOT006819,STU00857,MAT0031,3,PROJET,11.99,3,2024-05-17,16,35.97
NOT006820,STU00857,MAT0029,4,PROJET,10.37,2,2023-04-15,16,20.74
NOT006821,STU00857,MAT0017,2,TP,17.98,2,2024-04-16,16,35.96
NOT006822,STU00857,MAT0004,2,PROJET,17.5,1,2024-04-16,16,17.5
NOT006823,STU00858,MAT0033,1,CC,9.4,2,2024-05-16,17,18.8
NOT006824,STU00858,MAT0010,3,CC,13.67,3,2023-05-16,17,41.010002
NOT006825,STU00858,MAT0028,1,CC,14.25,1,2024-05-16,17,14.25
NOT006826,STU00858,MAT0003,4,CC,10.21,1,2024-04-16,17,10.21
NOT006827,STU00858,MAT0024,2,CC,7.51,2,2024-05-17,17,15.02
NOT006828,STU00858,MAT0030,1,TP,11.96,1,2024-05-16,17,11.96
NOT006829,STU00859,MAT0002,4,PROJET,11.48,1,2024-04-15,16,11.48
NOT006830,STU00859,MAT0001,4,EXAMEN,10.69,3,2023-04-16,16,32.07
NOT006831,STU00859,MAT0003,4,PROJET,13.33,1,2023-04-16,16,13.33
NOT006832,STU00859,MAT0018,4,EXAMEN,9.75,2,2024-04-15,16,19.5
NOT006833,STU00859,MAT0024,3,CC,8.54,2,2023-05-17,16,17.08
NOT006834,STU00859,MAT0009,1,PROJET,12.33,3,2023-04-15,16,36.989998
NOT006835,STU00860,MAT0035,2,CC,13.16,1,2023-04-16,17,13.16
NOT006836,STU00860,MAT0004,4,EXAMEN,8.47,3,2024-05-17,17,25.41
NOT006837,STU00860,MAT0003,1,EXAMEN,14.78,2,2023-05-17,17,29.56
NOT006838,STU00860,MAT0035,3,EXAMEN,6.69,3,2023-05-16,17,20.07
NOT006839,STU00860,MAT0014,1,EXAMEN,10.27,1,2024-04-16,17,10.27
NOT006840,STU00860,MAT0003,4,EXAMEN,11.23,2,2024-04-16,17,22.46
NOT006841,STU00860,MAT0033,3,TP,10.09,2,2024-04-15,17,20.18
NOT006842,STU00860,MAT0026,2,EXAMEN,10.3,3,2024-04-15,17,30.900002
NOT006843,STU00861,MAT0025,1,PROJET,17.61,2,2023-05-17,16,35.22
NOT006844,STU00861,MAT0015,4,CC,9.45,2,2024-05-17,16,18.9
NOT006845,STU00861,MAT0007,2,CC,19.32,3,2024-05-17,16,57.96
NOT006846,STU00861,MAT0028,1,CC,13.31,2,2024-05-16,16,26.62
NOT006847,STU00861,MAT0002,4,EXAMEN,12.28,2,2023-04-15,16,24.56
NOT006848,STU00861,MAT0033,4,TP,13.43,2,2024-04-16,16,26.86
NOT006849,STU00861,MAT0030,4,PROJET,19.59,2,2024-05-17,16,39.18
NOT006850,STU00861,MAT0005,3,TP,9.02,2,2023-05-16,16,18.04
NOT006851,STU00861,MAT0028,3,CC,8.64,3,2023-04-15,16,25.920002
NOT006852,STU00861,MAT0005,3,EXAMEN,9.74,2,2023-05-16,16,19.48
NOT006853,STU00862,MAT0024,4,PROJET,12.1,2,2023-04-16,17,24.2
NOT006854,STU00862,MAT0023,1,CC,6.82,2,2023-05-16,17,13.64
NOT006855,STU00862,MAT0025,4,PROJET,12.07,2,2023-05-17,17,24.14
NOT006856,STU00862,MAT0022,3,TP,17.08,1,2024-05-17,17,17.08
NOT006857,STU00862,MAT0033,3,PROJET,12.45,3,2023-04-15,17,37.35
NOT006858,STU00862,MAT0028,4,TP,11.12,3,2024-04-15,17,33.36
NOT006859,STU00862,MAT0010,2,TP,10.15,3,2023-05-17,17,30.449999
NOT006860,STU00862,MAT0021,1,CC,14.7,3,2023-05-16,17,44.1
NOT006861,STU00862,MAT0029,4,EXAMEN,9.52,3,2023-04-15,17,28.560001
NOT006862,STU00862,MAT0010,1,TP,17.54,3,2023-04-15,17,52.620003
NOT006863,STU00863,MAT0008,1,EXAMEN,17.8,2,2024-04-16,16,35.6
NOT006864,STU00863,MAT0004,1,TP,12.77,3,2023-04-15,16,38.31
NOT006865,STU00863,MAT0019,4,CC,11.97,2,2023-04-15,16,23.94
NOT006866,STU00863,MAT0031,2,EXAMEN,15.09,3,2023-05-16,16,45.27
NOT006867,STU00863,MAT0023,3,TP,15.28,2,2024-04-15,16,30.56
NOT006868,STU00863,MAT0015,3,TP,9.58,3,2024-05-17,16,28.74
NOT006869,STU00864,MAT0022,2,TP,10.42,1,2024-05-16,17,10.42
NOT006870,STU00864,MAT0002,1,PROJET,8.03,2,2023-04-15,17,16.06
NOT006871,STU00864,MAT0014,2,CC,13.23,1,2024-04-15,17,13.23
NOT006872,STU00864,MAT0006,1,TP,14.0,2,2024-05-17,17,28.0
NOT006873,STU00864,MAT0013,2,PROJET,7.95,1,2024-04-16,17,7.95
NOT006874,STU00864,MAT0001,1,TP,10.63,3,2023-04-15,17,31.89
NOT006875,STU00864,MAT0029,2,EXAMEN,7.96,2,2023-04-16,17,15.92
NOT006876,STU00864,MAT0023,2,TP,9.3,1,2023-05-17,17,9.3
NOT006877,STU00864,MAT0014,2,CC,13.65,2,2023-04-15,17,27.3
NOT006878,STU00865,MAT0024,2,EXAMEN,9.8,2,2023-05-17,16,19.6
NOT006879,STU00865,MAT0015,3,TP,11.1,2,2024-04-15,16,22.2
NOT006880,STU00865,MAT0026,1,EXAMEN,7.12,1,2023-05-16,16,7.12
NOT006881,STU00865,MAT0035,1,EXAMEN,12.56,1,2024-04-15,16,12.56
NOT006882,STU00865,MAT0025,1,CC,11.87,1,2024-05-17,16,11.87
NOT006883,STU00865,MAT0026,2,TP,9.81,2,2024-04-15,16,19.62
NOT006884,STU00865,MAT0004,3,EXAMEN,11.43,2,2024-04-16,16,22.86
NOT006885,STU00865,MAT0035,2,TP,12.54,3,2023-04-16,16,37.62
NOT006886,STU00865,MAT0013,2,TP,9.56,1,2023-04-16,16,9.56
NOT006887,STU00865,MAT0027,4,PROJET,7.57,1,2023-04-16,16,7.57
NOT006888,STU00866,MAT0025,2,TP,17.42,1,2023-04-15,17,17.42
NOT006889,STU00866,MAT0003,3,TP,10.1,2,2024-05-17,17,20.2
NOT006890,STU00866,MAT0019,4,TP,11.71,1,2023-04-16,17,11.71
NOT006891,STU00866,MAT0008,3,CC,15.03,2,2024-05-16,17,30.06
NOT006892,STU00866,MAT0013,3,CC,20.0,2,2024-04-16,17,40.0
NOT006893,STU00866,MAT0024,2,TP,8.27,3,2024-05-16,17,24.810001
NOT006894,STU00866,MAT0023,2,EXAMEN,13.35,2,2024-05-17,17,26.7
NOT006895,STU00866,MAT0010,3,EXAMEN,9.88,2,2023-05-17,17,19.76
NOT006896,STU00867,MAT0029,2,EXAMEN,10.38,2,2024-05-16,16,20.76
NOT006897,STU00867,MAT0012,4,EXAMEN,9.84,2,2024-05-17,16,19.68
NOT006898,STU00867,MAT0007,1,PROJET,8.62,2,2023-05-16,16,17.24
NOT006899,STU00867,MAT0012,4,CC,11.88,3,2024-04-16,16,35.64
NOT006900,STU00867,MAT0028,1,TP,7.58,2,2023-04-15,16,15.16
NOT006901,STU00867,MAT0023,3,TP,14.84,2,2023-05-16,16,29.68
NOT006902,STU00867,MAT0015,2,CC,12.17,3,2024-05-16,16,36.510002
NOT006903,STU00867,MAT0004,3,TP,13.27,2,2024-05-17,16,26.54
NOT006904,STU00868,MAT0002,3,PROJET,10.6,2,2023-04-15,17,21.2
NOT006905,STU00868,MAT0021,3,CC,10.9,2,2023-04-15,17,21.8
NOT006906,STU00868,MAT0027,3,PROJET,12.86,2,2023-04-15,17,25.72
NOT006907,STU00868,MAT0003,1,EXAMEN,8.51,2,2024-04-15,17,17.02
NOT006908,STU00868,MAT0010,1,PROJET,10.93,2,2023-05-16,17,21.86
NOT006909,STU00868,MAT0015,2,TP,9.42,2,2024-05-16,17,18.84
NOT006910,STU00868,MAT0028,3,TP,9.33,1,2024-04-15,17,9.33
NOT006911,STU00868,MAT0008,3,EXAMEN,5.67,2,2023-05-17,17,11.34
NOT006912,STU00868,MAT0033,2,EXAMEN,16.02,3,2023-04-15,17,48.06
NOT006913,STU00869,MAT0016,4,EXAMEN,9.94,3,2023-05-17,16,29.82
NOT006914,STU00869,MAT0022,2,TP,15.49,3,2024-04-16,16,46.47
NOT006915,STU00869,MAT0005,1,CC,15.21,2,2023-05-16,16,30.42
NOT006916,STU00869,MAT0031,3,PROJET,8.14,1,2023-04-16,16,8.14
NOT006917,STU00869,MAT0033,4,PROJET,8.73,2,2023-05-17,16,17.46
NOT006918,STU00869,MAT0033,3,PROJET,19.68,1,2024-04-16,16,19.68
NOT006919,STU00869,MAT0034,2,EXAMEN,17.25,1,2023-05-16,16,17.25
NOT006920,STU00869,MAT0028,1,PROJET,11.91,3,2024-04-16,16,35.73
NOT006921,STU00869,MAT0023,3,EXAMEN,12.77,1,2023-05-17,16,12.77
NOT006922,STU00869,MAT0003,1,TP,10.11,1,2023-05-16,16,10.11
NOT006923,STU00870,MAT0010,4,EXAMEN,13.3,3,2024-05-16,17,39.9
NOT006924,STU00870,MAT0004,1,CC,9.85,2,2023-05-16,17,19.7
NOT006925,STU00870,MAT0001,2,EXAMEN,5.9,2,2024-04-16,17,11.8
NOT006926,STU00870,MAT0022,2,CC,8.04,2,2023-05-16,17,16.08
NOT006927,STU00870,MAT0002,4,TP,12.06,1,2023-04-15,17,12.06
NOT006928,STU00870,MAT0015,2,CC,8.61,2,2024-05-17,17,17.22
NOT006929,STU00871,MAT0020,2,TP,11.8,3,2023-04-16,16,35.4
NOT006930,STU00871,MAT0016,3,EXAMEN,8.78,3,2024-05-17,16,26.34
NOT006931,STU00871,MAT0032,2,TP,9.65,3,2024-04-16,16,28.949999
NOT006932,STU00871,MAT0032,1,PROJET,14.56,2,2023-05-16,16,29.12
NOT006933,STU00871,MAT0004,4,CC,12.74,1,2023-05-17,16,12.74
NOT006934,STU00871,MAT0018,1,TP,11.97,1,2023-04-15,16,11.97
NOT006935,STU00871,MAT0016,1,EXAMEN,14.64,3,2023-04-15,16,43.920002
NOT006936,STU00871,MAT0017,3,PROJET,13.44,1,2023-05-17,16,13.44
NOT006937,STU00872,MAT0013,2,CC,16.34,1,2024-04-15,17,16.34
NOT006938,STU00872,MAT0033,3,EXAMEN,10.62,1,2024-05-16,17,10.62
NOT006939,STU00872,MAT0018,1,EXAMEN,10.71,1,2024-04-16,17,10.71
NOT006940,STU00872,MAT0017,1,CC,8.1,1,2023-05-17,17,8.1
NOT006941,STU00872,MAT0019,3,EXAMEN,10.71,1,2024-05-16,17,10.71
NOT006942,STU00872,MAT0018,2,EXAMEN,14.89,2,2024-04-15,17,29.78
NOT006943,STU00873,MAT0004,4,EXAMEN,15.9,1,2023-04-16,16,15.9
NOT006944,STU00873,MAT0024,1,CC,14.88,2,2024-04-15,16,29.76
NOT006945,STU00873,MAT0018,3,CC,6.62,1,2023-05-16,16,6.62
NOT006946,STU00873,MAT0029,3,EXAMEN,15.25,2,2023-04-15,16,30.5
NOT006947,STU00873,MAT0004,3,PROJET,6.48,3,2023-05-16,16,19.44
NOT006948,STU00873,MAT0018,3,TP,14.69,1,2024-05-17,16,14.69
NOT006949,STU00873,MAT0013,1,PROJET,10.9,2,2024-05-16,16,21.8
NOT006950,STU00873,MAT0031,2,PROJET,14.11,2,2024-04-16,16,28.22
NOT006951,STU00874,MAT0007,1,EXAMEN,8.0,1,2024-04-16,17,8.0
NOT006952,STU00874,MAT0017,1,EXAMEN,15.51,2,2024-05-16,17,31.02
NOT006953,STU00874,MAT0008,1,CC,7.61,3,2023-05-16,17,22.83
NOT006954,STU00874,MAT0031,4,TP,9.99,2,2023-05-17,17,19.98
NOT006955,STU00874,MAT0012,3,TP,9.01,1,2023-05-16,17,9.01
NOT006956,STU00874,MAT0013,2,CC,6.74,2,2023-04-15,17,13.48
NOT006957,STU00874,MAT0029,1,CC,12.28,3,2023-04-15,17,36.84
NOT006958,STU00874,MAT0003,3,TP,17.42,1,2024-04-16,17,17.42
NOT006959,STU00874,MAT0014,1,EXAMEN,20.0,2,2024-04-16,17,40.0
NOT006960,STU00875,MAT0026,1,CC,12.29,2,2023-04-16,16,24.58
NOT006961,STU00875,MAT0033,1,PROJET,15.35,2,2023-04-16,16,30.7
NOT006962,STU00875,MAT0015,2,TP,12.7,2,2023-04-16,16,25.4
NOT006963,STU00875,MAT0004,1,PROJET,13.5,2,2024-04-15,16,27.0
NOT006964,STU00875,MAT0014,4,CC,10.97,2,2023-05-17,16,21.94
NOT006965,STU00875,MAT0017,3,CC,12.59,1,2023-04-15,16,12.59
NOT006966,STU00875,MAT0004,3,TP,13.61,2,2024-04-16,16,27.22
NOT006967,STU00875,MAT0007,3,PROJET,10.26,2,2024-05-16,16,20.52
NOT006968,STU00876,MAT0014,2,EXAMEN,11.77,2,2024-05-16,17,23.54
NOT006969,STU00876,MAT0024,3,EXAMEN,11.82,1,2024-04-16,17,11.82
NOT006970,STU00876,MAT0035,1,TP,14.48,1,2023-04-16,17,14.48
NOT006971,STU00876,MAT0004,1,EXAMEN,8.8,2,2023-04-16,17,17.6
NOT006972,STU00876,MAT0013,4,EXAMEN,11.85,2,2024-05-17,17,23.7
NOT006973,STU00876,MAT0018,2,EXAMEN,17.74,1,2023-04-15,17,17.74
NOT006974,STU00876,MAT0033,1,CC,15.49,3,2024-05-16,17,46.47
NOT006975,STU00877,MAT0003,2,EXAMEN,16.05,2,2024-05-17,16,32.1
NOT006976,STU00877,MAT0025,1,EXAMEN,12.07,2,2023-05-16,16,24.14
NOT006977,STU00877,MAT0026,3,EXAMEN,12.96,3,2024-05-17,16,38.88
NOT006978,STU00877,MAT0031,2,TP,15.01,2,2024-05-17,16,30.02
NOT006979,STU00877,MAT0016,3,EXAMEN,16.68,1,2023-04-15,16,16.68
NOT006980,STU00877,MAT0028,3,TP,6.15,2,2024-04-16,16,12.3
NOT006981,STU00877,MAT0015,4,EXAMEN,8.05,3,2023-05-16,16,24.150002
NOT006982,STU00877,MAT0005,1,EXAMEN,15.93,1,2023-05-17,16,15.93
NOT006983,STU00878,MAT0011,3,PROJET,11.17,2,2023-04-15,17,22.34
NOT006984,STU00878,MAT0015,4,TP,9.98,2,2024-04-16,17,19.96
NOT006985,STU00878,MAT0016,3,CC,8.24,1,2024-05-16,17,8.24
NOT006986,STU00878,MAT0029,2,CC,10.33,3,2023-04-15,17,30.99
NOT006987,STU00878,MAT0014,1,EXAMEN,7.79,1,2024-05-16,17,7.79
NOT006988,STU00878,MAT0035,1,CC,18.27,3,2023-04-16,17,54.81
NOT006989,STU00878,MAT0005,1,CC,11.93,3,2023-05-16,17,35.79
NOT006990,STU00878,MAT0030,3,TP,11.83,2,2024-04-16,17,23.66
NOT006991,STU00878,MAT0035,3,EXAMEN,13.76,3,2024-04-15,17,41.28
NOT006992,STU00878,MAT0011,3,CC,14.89,3,2023-05-16,17,44.670002
NOT006993,STU00879,MAT0033,4,EXAMEN,14.84,2,2023-04-16,16,29.68
NOT006994,STU00879,MAT0006,4,PROJET,15.22,3,2024-05-17,16,45.66
NOT006995,STU00879,MAT0016,2,PROJET,10.11,1,2023-05-16,16,10.11
NOT006996,STU00879,MAT0006,3,TP,11.11,1,2023-04-16,16,11.11
NOT006997,STU00879,MAT0008,4,TP,14.31,3,2023-05-16,16,42.93
NOT006998,STU00879,MAT0034,2,CC,10.42,1,2023-04-16,16,10.42
NOT006999,STU00879,MAT0017,4,PROJET,11.98,2,2023-05-16,16,23.96
NOT007000,STU00879,MAT0034,4,TP,13.2,3,2023-04-15,16,39.6
NOT007001,STU00879,MAT0013,4,EXAMEN,14.36,2,2024-05-17,16,28.72
NOT007002,STU00879,MAT0003,1,PROJET,6.67,2,2023-04-15,16,13.34
NOT007003,STU00880,MAT0010,1,EXAMEN,14.14,3,2023-05-17,17,42.420002
NOT007004,STU00880,MAT0013,1,EXAMEN,11.3,2,2024-04-16,17,22.6
NOT007005,STU00880,MAT0007,4,EXAMEN,14.12,2,2023-05-17,17,28.24
NOT007006,STU00880,MAT0022,4,CC,14.33,2,2024-05-16,17,28.66
NOT007007,STU00880,MAT0011,4,CC,16.82,2,2023-04-16,17,33.64
NOT007008,STU00880,MAT0005,2,PROJET,16.06,2,2023-04-16,17,32.12
NOT007009,STU00880,MAT0001,4,CC,16.04,3,2023-05-17,17,48.120003
NOT007010,STU00881,MAT0034,4,TP,16.33,2,2023-05-17,16,32.66
NOT007011,STU00881,MAT0014,4,PROJET,12.87,2,2023-04-16,16,25.74
NOT007012,STU00881,MAT0027,1,CC,12.1,3,2023-04-16,16,36.300003
NOT007013,STU00881,MAT0008,4,EXAMEN,14.62,1,2024-04-16,16,14.62
NOT007014,STU00881,MAT0003,3,EXAMEN,14.2,1,2023-04-16,16,14.2
NOT007015,STU00881,MAT0031,1,EXAMEN,11.07,3,2023-05-16,16,33.21
NOT007016,STU00881,MAT0004,2,PROJET,13.21,3,2024-05-16,16,39.63
NOT007017,STU00881,MAT0020,4,CC,11.89,2,2023-04-15,16,23.78
NOT007018,STU00882,MAT0006,1,PROJET,9.44,2,2024-04-15,17,18.88
NOT007019,STU00882,MAT0004,2,CC,15.87,3,2024-04-16,17,47.61
NOT007020,STU00882,MAT0014,3,CC,12.17,2,2023-05-17,17,24.34
NOT007021,STU00882,MAT0031,3,TP,18.15,3,2023-04-16,17,54.449997
NOT007022,STU00882,MAT0035,1,EXAMEN,7.12,2,2023-04-16,17,14.24
NOT007023,STU00882,MAT0035,2,PROJET,10.33,2,2023-04-16,17,20.66
NOT007024,STU00882,MAT0022,1,TP,12.1,1,2024-05-17,17,12.1
NOT007025,STU00883,MAT0005,2,PROJET,15.41,2,2024-05-17,16,30.82
NOT007026,STU00883,MAT0027,2,EXAMEN,13.2,3,2023-04-15,16,39.6
NOT007027,STU00883,MAT0028,2,EXAMEN,12.93,1,2023-04-15,16,12.93
NOT007028,STU00883,MAT0018,4,CC,8.62,2,2023-04-16,16,17.24
NOT007029,STU00883,MAT0004,2,EXAMEN,8.53,3,2023-04-16,16,25.59
NOT007030,STU00883,MAT0009,1,CC,12.97,3,2024-04-16,16,38.91
NOT007031,STU00883,MAT0022,2,PROJET,7.91,3,2024-04-15,16,23.73
NOT007032,STU00884,MAT0030,4,EXAMEN,10.4,2,2023-04-16,17,20.8
NOT007033,STU00884,MAT0007,3,TP,13.5,3,2024-05-16,17,40.5
NOT007034,STU00884,MAT0016,3,CC,9.05,1,2023-05-16,17,9.05
NOT007035,STU00884,MAT0019,4,EXAMEN,16.82,2,2023-05-16,17,33.64
NOT007036,STU00884,MAT0011,3,EXAMEN,15.67,2,2024-05-16,17,31.34
NOT007037,STU00884,MAT0032,4,CC,7.29,1,2024-05-17,17,7.29
NOT007038,STU00884,MAT0011,4,PROJET,9.2,1,2023-05-17,17,9.2
NOT007039,STU00884,MAT0011,2,PROJET,5.14,3,2023-04-15,17,15.42
NOT007040,STU00884,MAT0010,2,CC,9.65,3,2023-05-16,17,28.949999
NOT007041,STU00885,MAT0027,4,TP,14.3,3,2024-04-16,16,42.9
NOT007042,STU00885,MAT0004,1,EXAMEN,10.76,2,2024-05-16,16,21.52
NOT007043,STU00885,MAT0028,4,PROJET,13.38,3,2024-05-17,16,40.14
NOT007044,STU00885,MAT0021,3,PROJET,7.43,3,2023-04-16,16,22.289999
NOT007045,STU00885,MAT0032,2,CC,14.39,1,2023-04-15,16,14.39
NOT007046,STU00885,MAT0002,4,CC,10.33,2,2023-04-15,16,20.66
NOT007047,STU00885,MAT0005,2,CC,12.04,1,2024-05-16,16,12.04
NOT007048,STU00885,MAT0033,4,TP,11.72,2,2023-04-16,16,23.44
NOT007049,STU00885,MAT0020,4,TP,8.19,3,2024-04-15,16,24.57
NOT007050,STU00886,MAT0001,3,TP,8.54,1,2024-05-16,17,8.54
NOT007051,STU00886,MAT0015,3,PROJET,14.9,2,2023-05-16,17,29.8
NOT007052,STU00886,MAT0030,1,PROJET,13.2,1,2023-05-16,17,13.2
NOT007053,STU00886,MAT0028,3,EXAMEN,15.15,3,2024-05-16,17,45.449997
NOT007054,STU00886,MAT0020,1,EXAMEN,12.97,2,2023-05-16,17,25.94
NOT007055,STU00886,MAT0004,4,TP,12.43,2,2024-04-15,17,24.86
NOT007056,STU00886,MAT0034,4,CC,6.82,2,2024-05-16,17,13.64
NOT007057,STU00886,MAT0030,2,TP,11.19,2,2023-04-16,17,22.38
NOT007058,STU00887,MAT0031,2,PROJET,11.92,2,2024-05-16,16,23.84
NOT007059,STU00887,MAT0022,2,PROJET,17.86,2,2024-05-17,16,35.72
NOT007060,STU00887,MAT0027,3,PROJET,14.06,2,2023-05-16,16,28.12
NOT007061,STU00887,MAT0003,2,EXAMEN,16.61,2,2024-05-17,16,33.22
NOT007062,STU00887,MAT0012,3,EXAMEN,13.79,2,2023-04-16,16,27.58
NOT007063,STU00887,MAT0005,1,TP,9.87,2,2023-04-15,16,19.74
NOT007064,STU00887,MAT0026,2,CC,12.35,3,2023-04-16,16,37.050003
NOT007065,STU00887,MAT0032,2,PROJET,12.71,1,2024-04-16,16,12.71
NOT007066,STU00888,MAT0005,4,TP,9.18,1,2024-04-16,17,9.18
NOT007067,STU00888,MAT0003,1,CC,10.85,2,2024-05-17,17,21.7
NOT007068,STU00888,MAT0013,4,TP,11.38,2,2023-04-16,17,22.76
NOT007069,STU00888,MAT0004,4,EXAMEN,16.82,3,2023-04-15,17,50.46
NOT007070,STU00888,MAT0006,2,PROJET,5.76,1,2023-05-17,17,5.76
NOT007071,STU00888,MAT0027,3,EXAMEN,15.62,2,2023-04-16,17,31.24
NOT007072,STU00888,MAT0013,2,TP,9.19,2,2024-04-16,17,18.38
NOT007073,STU00888,MAT0029,2,EXAMEN,7.88,2,2024-05-16,17,15.76
NOT007074,STU00889,MAT0030,3,EXAMEN,15.54,2,2023-04-16,16,31.08
NOT007075,STU00889,MAT0029,2,TP,14.2,1,2023-04-16,16,14.2
NOT007076,STU00889,MAT0014,1,EXAMEN,15.76,2,2023-05-17,16,31.52
NOT007077,STU00889,MAT0015,3,EXAMEN,14.4,1,2024-04-16,16,14.4
NOT007078,STU00889,MAT0035,4,PROJET,18.18,3,2024-05-17,16,54.54
NOT007079,STU00889,MAT0023,2,CC,13.68,2,2023-04-16,16,27.36
NOT007080,STU00889,MAT0014,4,TP,11.53,3,2024-05-17,16,34.59
NOT007081,STU00889,MAT0034,3,CC,13.03,2,2023-05-17,16,26.06
NOT007082,STU00890,MAT0025,1,PROJET,15.73,3,2023-04-16,17,47.19
NOT007083,STU00890,MAT0028,2,TP,9.66,2,2023-04-16,17,19.32
NOT007084,STU00890,MAT0022,4,PROJET,10.04,2,2023-05-16,17,20.08
NOT007085,STU00890,MAT0030,1,EXAMEN,11.07,2,2023-04-15,17,22.14
NOT007086,STU00890,MAT0004,3,PROJET,5.69,1,2023-04-15,17,5.69
NOT007087,STU00890,MAT0030,2,TP,12.41,3,2024-04-15,17,37.23
NOT007088,STU00890,MAT0010,1,EXAMEN,6.34,3,2024-05-16,17,19.02
NOT007089,STU00891,MAT0026,2,EXAMEN,12.16,2,2024-05-16,16,24.32
NOT007090,STU00891,MAT0008,2,CC,14.6,2,2024-04-15,16,29.2
NOT007091,STU00891,MAT0028,1,EXAMEN,10.57,3,2024-04-16,16,31.71
NOT007092,STU00891,MAT0029,4,TP,17.03,2,2024-05-17,16,34.06
NOT007093,STU00891,MAT0022,2,EXAMEN,7.62,2,2024-04-16,16,15.24
NOT007094,STU00891,MAT0007,3,TP,15.57,2,2024-04-15,16,31.14
NOT007095,STU00892,MAT0016,2,CC,14.03,1,2023-05-16,17,14.03
NOT007096,STU00892,MAT0028,2,PROJET,6.85,2,2024-05-16,17,13.7
NOT007097,STU00892,MAT0014,4,EXAMEN,20.0,2,2024-04-15,17,40.0
NOT007098,STU00892,MAT0018,3,PROJET,11.81,2,2024-04-15,17,23.62
NOT007099,STU00892,MAT0034,1,CC,9.37,3,2023-05-16,17,28.11
NOT007100,STU00892,MAT0033,2,EXAMEN,7.78,3,2023-05-16,17,23.34
NOT007101,STU00893,MAT0015,1,CC,11.34,2,2023-05-17,16,22.68
NOT007102,STU00893,MAT0028,4,CC,11.62,2,2024-04-15,16,23.24
NOT007103,STU00893,MAT0005,1,EXAMEN,12.31,3,2024-05-16,16,36.93
NOT007104,STU00893,MAT0022,4,EXAMEN,11.11,1,2023-04-16,16,11.11
NOT007105,STU00893,MAT0033,1,CC,13.9,2,2023-04-15,16,27.8
NOT007106,STU00893,MAT0022,1,EXAMEN,10.84,2,2024-04-16,16,21.68
NOT007107,STU00893,MAT0002,2,EXAMEN,6.2,3,2023-05-16,16,18.599998
NOT007108,STU00894,MAT0002,2,EXAMEN,11.55,1,2024-05-17,17,11.55
NOT007109,STU00894,MAT0021,4,PROJET,4.9,2,2023-04-15,17,9.8
NOT007110,STU00894,MAT0022,3,CC,13.06,2,2023-04-16,17,26.12
NOT007111,STU00894,MAT0028,1,CC,9.06,3,2024-05-17,17,27.18
NOT007112,STU00894,MAT0002,1,TP,12.49,1,2024-05-17,17,12.49
NOT007113,STU00894,MAT0028,1,EXAMEN,15.94,2,2024-04-16,17,31.88
NOT007114,STU00894,MAT0010,4,TP,9.15,2,2023-04-16,17,18.3
NOT007115,STU00894,MAT0005,3,EXAMEN,15.18,3,2024-05-17,17,45.54
NOT007116,STU00894,MAT0015,1,CC,10.7,2,2024-04-15,17,21.4
NOT007117,STU00895,MAT0022,4,EXAMEN,17.26,2,2024-05-17,16,34.52
NOT007118,STU00895,MAT0017,3,CC,10.9,2,2024-05-17,16,21.8
NOT007119,STU00895,MAT0034,2,PROJET,9.48,2,2023-04-16,16,18.96
NOT007120,STU00895,MAT0001,4,EXAMEN,14.06,3,2024-05-16,16,42.18
NOT007121,STU00895,MAT0010,2,TP,10.69,2,2023-04-15,16,21.38
NOT007122,STU00895,MAT0033,3,PROJET,9.48,3,2024-04-16,16,28.439999
NOT007123,STU00895,MAT0022,3,PROJET,10.57,3,2024-05-17,16,31.71
NOT007124,STU00895,MAT0007,1,EXAMEN,11.87,2,2024-05-16,16,23.74
NOT007125,STU00895,MAT0007,2,EXAMEN,16.03,3,2024-04-15,16,48.090004
NOT007126,STU00895,MAT0021,2,CC,6.2,1,2023-05-16,16,6.2
NOT007127,STU00896,MAT0024,1,CC,12.07,2,2024-05-16,17,24.14
NOT007128,STU00896,MAT0014,2,EXAMEN,13.87,1,2024-04-16,17,13.87
NOT007129,STU00896,MAT0026,1,PROJET,12.58,1,2024-04-16,17,12.58
NOT007130,STU00896,MAT0034,1,EXAMEN,15.93,2,2023-05-17,17,31.86
NOT007131,STU00896,MAT0006,3,CC,11.78,2,2024-05-17,17,23.56
NOT007132,STU00896,MAT0034,1,TP,11.45,3,2023-05-16,17,34.35
NOT007133,STU00896,MAT0025,3,TP,13.78,1,2024-04-16,17,13.78
NOT007134,STU00896,MAT0004,1,TP,12.3,2,2023-04-16,17,24.6
NOT007135,STU00896,MAT0029,4,PROJET,10.83,2,2024-05-17,17,21.66
NOT007136,STU00897,MAT0017,4,CC,13.55,2,2024-05-17,16,27.1
NOT007137,STU00897,MAT0030,1,PROJET,10.04,2,2023-05-17,16,20.08
NOT007138,STU00897,MAT0004,4,TP,10.17,1,2023-04-15,16,10.17
NOT007139,STU00897,MAT0004,4,TP,10.42,1,2023-05-16,16,10.42
NOT007140,STU00897,MAT0018,1,TP,16.06,2,2023-05-17,16,32.12
NOT007141,STU00897,MAT0033,4,PROJET,2.34,2,2023-04-15,16,4.68
NOT007142,STU00897,MAT0024,1,TP,13.19,1,2024-05-16,16,13.19
NOT007143,STU00897,MAT0027,1,PROJET,12.1,2,2023-04-15,16,24.2
NOT007144,STU00898,MAT0008,1,EXAMEN,6.96,2,2023-05-17,17,13.92
NOT007145,STU00898,MAT0001,3,PROJET,12.93,1,2023-05-17,17,12.93
NOT007146,STU00898,MAT0017,4,EXAMEN,13.43,3,2023-04-15,17,40.29
NOT007147,STU00898,MAT0025,3,CC,13.77,3,2023-05-17,17,41.31
NOT007148,STU00898,MAT0033,3,EXAMEN,4.04,2,2024-04-16,17,8.08
NOT007149,STU00898,MAT0015,1,CC,16.1,2,2023-04-16,17,32.2
NOT007150,STU00899,MAT0034,4,EXAMEN,9.79,1,2024-04-15,16,9.79
NOT007151,STU00899,MAT0033,4,PROJET,14.06,3,2024-04-15,16,42.18
NOT007152,STU00899,MAT0030,1,PROJET,14.22,1,2024-04-15,16,14.22
NOT007153,STU00899,MAT0027,2,CC,9.37,3,2024-04-16,16,28.11
NOT007154,STU00899,MAT0003,3,TP,13.98,2,2023-04-15,16,27.96
NOT007155,STU00899,MAT0025,4,TP,10.84,1,2023-04-16,16,10.84
NOT007156,STU00899,MAT0022,1,CC,5.79,3,2023-04-15,16,17.369999
NOT007157,STU00899,MAT0034,2,TP,15.5,3,2023-05-16,16,46.5
NOT007158,STU00900,MAT0002,2,EXAMEN,9.67,1,2023-04-16,17,9.67
NOT007159,STU00900,MAT0010,4,EXAMEN,9.44,1,2024-05-17,17,9.44
NOT007160,STU00900,MAT0010,1,TP,10.79,3,2023-04-16,17,32.37
NOT007161,STU00900,MAT0024,4,EXAMEN,12.82,2,2024-04-15,17,25.64
NOT007162,STU00900,MAT0009,1,EXAMEN,11.83,3,2024-04-15,17,35.489998
NOT007163,STU00900,MAT0021,1,PROJET,13.64,1,2024-04-16,17,13.64
NOT007164,STU00900,MAT0017,4,EXAMEN,7.98,2,2023-04-15,17,15.96
NOT007165,STU00900,MAT0034,4,CC,9.77,2,2023-04-15,17,19.54
NOT007166,STU00900,MAT0024,2,EXAMEN,11.65,1,2023-04-15,17,11.65
NOT007167,STU00901,MAT0034,4,EXAMEN,17.69,1,2023-04-15,22,17.69
NOT007168,STU00901,MAT0024,4,CC,11.66,2,2024-05-17,22,23.32
NOT007169,STU00901,MAT0016,2,EXAMEN,15.26,2,2024-04-16,22,30.52
NOT007170,STU00901,MAT0030,1,TP,12.12,3,2024-04-16,22,36.36
NOT007171,STU00901,MAT0034,2,TP,10.55,2,2023-04-15,22,21.1
NOT007172,STU00901,MAT0017,4,PROJET,11.26,2,2024-05-16,22,22.52
NOT007173,STU00901,MAT0017,2,CC,11.49,3,2024-05-17,22,34.47
NOT007174,STU00901,MAT0017,1,EXAMEN,13.81,3,2023-04-16,22,41.43
NOT007175,STU00902,MAT0016,3,EXAMEN,16.12,1,2023-04-15,23,16.12
NOT007176,STU00902,MAT0012,2,PROJET,13.08,3,2024-05-17,23,39.239998
NOT007177,STU00902,MAT0028,2,CC,15.56,1,2024-04-16,23,15.56
NOT007178,STU00902,MAT0016,4,CC,9.11,2,2024-04-15,23,18.22
NOT007179,STU00902,MAT0001,1,PROJET,10.76,1,2023-05-17,23,10.76
NOT007180,STU00902,MAT0034,1,TP,9.83,2,2024-05-17,23,19.66
NOT007181,STU00902,MAT0019,1,EXAMEN,12.94,1,2023-04-15,23,12.94
NOT007182,STU00902,MAT0026,3,EXAMEN,10.92,3,2023-04-16,23,32.760002
NOT007183,STU00902,MAT0018,4,PROJET,14.19,1,2024-05-17,23,14.19
NOT007184,STU00902,MAT0020,2,PROJET,9.21,2,2024-05-16,23,18.42
NOT007185,STU00903,MAT0004,3,CC,12.13,1,2023-05-17,22,12.13
NOT007186,STU00903,MAT0016,4,EXAMEN,14.06,1,2023-04-16,22,14.06
NOT007187,STU00903,MAT0014,3,EXAMEN,5.8,2,2024-04-15,22,11.6
NOT007188,STU00903,MAT0005,1,EXAMEN,18.36,3,2024-04-15,22,55.08
NOT007189,STU00903,MAT0002,2,CC,11.15,1,2024-04-15,22,11.15
NOT007190,STU00903,MAT0029,4,CC,5.92,2,2023-05-17,22,11.84
NOT007191,STU00903,MAT0033,4,CC,12.47,1,2023-04-15,22,12.47
NOT007192,STU00903,MAT0016,1,TP,12.1,3,2024-04-15,22,36.300003
NOT007193,STU00904,MAT0008,3,CC,11.75,1,2023-04-16,23,11.75
NOT007194,STU00904,MAT0013,1,PROJET,14.97,3,2024-05-17,23,44.91
NOT007195,STU00904,MAT0023,4,PROJET,14.24,3,2023-04-15,23,42.72
NOT007196,STU00904,MAT0019,4,EXAMEN,12.89,2,2023-04-16,23,25.78
NOT007197,STU00904,MAT0012,4,CC,13.35,1,2023-05-16,23,13.35
NOT007198,STU00904,MAT0004,2,EXAMEN,11.69,1,2023-05-17,23,11.69
NOT007199,STU00904,MAT0032,4,EXAMEN,17.33,2,2023-04-15,23,34.66
NOT007200,STU00904,MAT0025,2,PROJET,7.56,2,2024-05-16,23,15.12
NOT007201,STU00904,MAT0021,3,EXAMEN,12.42,3,2023-04-15,23,37.260002
NOT007202,STU00904,MAT0023,4,TP,12.2,2,2024-05-17,23,24.4
NOT007203,STU00905,MAT0009,2,EXAMEN,14.44,3,2023-05-17,22,43.32
NOT007204,STU00905,MAT0021,3,PROJET,9.47,2,2023-05-16,22,18.94
NOT007205,STU00905,MAT0001,4,TP,6.77,2,2024-05-17,22,13.54
NOT007206,STU00905,MAT0010,1,CC,12.47,1,2024-05-16,22,12.47
NOT007207,STU00905,MAT0017,2,PROJET,12.84,1,2023-04-15,22,12.84
NOT007208,STU00905,MAT0010,4,TP,16.47,2,2024-05-16,22,32.94
NOT007209,STU00905,MAT0033,3,EXAMEN,8.19,2,2024-04-16,22,16.38
NOT007210,STU00905,MAT0001,2,EXAMEN,15.46,2,2023-04-16,22,30.92
NOT007211,STU00905,MAT0032,1,TP,19.1,3,2023-05-16,22,57.300003
NOT007212,STU00906,MAT0034,2,EXAMEN,10.87,3,2024-05-16,23,32.61
NOT007213,STU00906,MAT0034,4,PROJET,8.13,2,2023-05-16,23,16.26
NOT007214,STU00906,MAT0007,3,PROJET,10.78,2,2023-04-16,23,21.56
NOT007215,STU00906,MAT0009,1,PROJET,12.04,2,2024-04-15,23,24.08
NOT007216,STU00906,MAT0012,2,EXAMEN,13.69,2,2024-05-17,23,27.38
NOT007217,STU00906,MAT0013,4,CC,10.23,3,2023-05-16,23,30.689999
NOT007218,STU00906,MAT0019,2,EXAMEN,16.67,2,2024-05-16,23,33.34
NOT007219,STU00906,MAT0022,3,CC,8.66,2,2023-04-15,23,17.32
NOT007220,STU00906,MAT0017,2,PROJET,6.78,3,2023-05-17,23,20.34
NOT007221,STU00906,MAT0007,2,EXAMEN,15.32,1,2023-05-16,23,15.32
NOT007222,STU00907,MAT0021,3,TP,5.18,2,2024-05-17,22,10.36
NOT007223,STU00907,MAT0009,1,EXAMEN,11.39,2,2024-05-17,22,22.78
NOT007224,STU00907,MAT0006,1,PROJET,20.0,2,2024-05-16,22,40.0
NOT007225,STU00907,MAT0011,1,EXAMEN,11.96,3,2024-05-17,22,35.88
NOT007226,STU00907,MAT0022,2,PROJET,8.64,2,2023-05-17,22,17.28
NOT007227,STU00907,MAT0007,1,TP,11.83,2,2024-05-16,22,23.66
NOT007228,STU00907,MAT0006,3,TP,11.85,1,2023-05-17,22,11.85
NOT007229,STU00907,MAT0002,2,TP,12.48,1,2023-04-16,22,12.48
NOT007230,STU00907,MAT0031,2,TP,13.99,1,2023-04-16,22,13.99
NOT007231,STU00908,MAT0011,2,EXAMEN,8.88,1,2023-05-16,23,8.88
NOT007232,STU00908,MAT0024,3,TP,17.06,1,2023-05-17,23,17.06
NOT007233,STU00908,MAT0031,4,EXAMEN,12.74,2,2024-05-16,23,25.48
NOT007234,STU00908,MAT0028,1,PROJET,14.18,2,2023-04-15,23,28.36
NOT007235,STU00908,MAT0028,4,TP,10.12,3,2024-05-16,23,30.36
NOT007236,STU00908,MAT0030,2,PROJET,15.86,1,2023-05-16,23,15.86
NOT007237,STU00908,MAT0019,2,TP,11.23,1,2024-05-16,23,11.23
NOT007238,STU00908,MAT0012,3,EXAMEN,12.83,2,2024-04-16,23,25.66
NOT007239,STU00908,MAT0015,1,EXAMEN,9.2,1,2024-04-16,23,9.2
NOT007240,STU00908,MAT0019,1,PROJET,9.01,2,2024-05-16,23,18.02
NOT007241,STU00909,MAT0008,4,CC,14.06,3,2024-05-17,22,42.18
NOT007242,STU00909,MAT0008,3,TP,10.67,1,2024-05-17,22,10.67
NOT007243,STU00909,MAT0001,3,TP,9.44,2,2023-04-15,22,18.88
NOT007244,STU00909,MAT0006,4,EXAMEN,10.07,2,2023-05-16,22,20.14
NOT007245,STU00909,MAT0026,2,CC,14.1,1,2024-04-15,22,14.1
NOT007246,STU00909,MAT0032,3,EXAMEN,10.11,3,2024-05-16,22,30.329998
NOT007247,STU00909,MAT0005,2,TP,11.65,2,2024-05-16,22,23.3
NOT007248,STU00909,MAT0007,1,CC,12.05,3,2024-05-16,22,36.15
NOT007249,STU00909,MAT0030,2,TP,6.25,2,2024-04-16,22,12.5
NOT007250,STU00910,MAT0031,4,TP,7.59,2,2024-05-16,23,15.18
NOT007251,STU00910,MAT0031,2,CC,13.01,3,2023-05-16,23,39.03
NOT007252,STU00910,MAT0004,4,TP,9.79,2,2024-05-16,23,19.58
NOT007253,STU00910,MAT0008,3,TP,15.17,1,2023-04-16,23,15.17
NOT007254,STU00910,MAT0005,2,EXAMEN,14.9,2,2023-05-16,23,29.8
NOT007255,STU00910,MAT0014,3,PROJET,14.16,3,2024-04-16,23,42.48
NOT007256,STU00910,MAT0010,3,TP,17.46,2,2023-05-16,23,34.92
NOT007257,STU00910,MAT0023,4,CC,11.75,2,2023-05-17,23,23.5
NOT007258,STU00911,MAT0022,2,EXAMEN,13.95,1,2023-04-16,22,13.95
NOT007259,STU00911,MAT0032,3,EXAMEN,10.25,2,2023-04-15,22,20.5
NOT007260,STU00911,MAT0025,2,TP,19.36,2,2024-04-16,22,38.72
NOT007261,STU00911,MAT0008,1,CC,17.95,1,2023-04-15,22,17.95
NOT007262,STU00911,MAT0026,3,CC,12.04,2,2024-04-16,22,24.08
NOT007263,STU00911,MAT0022,2,EXAMEN,13.16,2,2023-04-15,22,26.32
NOT007264,STU00912,MAT0018,4,TP,16.08,2,2023-05-16,23,32.16
NOT007265,STU00912,MAT0028,1,TP,11.56,1,2024-05-17,23,11.56
NOT007266,STU00912,MAT0006,2,EXAMEN,10.03,1,2023-05-17,23,10.03
NOT007267,STU00912,MAT0020,4,PROJET,14.62,2,2024-04-16,23,29.24
NOT007268,STU00912,MAT0015,1,TP,12.24,1,2023-04-15,23,12.24
NOT007269,STU00912,MAT0028,1,PROJET,12.55,1,2024-05-17,23,12.55
NOT007270,STU00912,MAT0010,2,TP,9.5,3,2024-05-16,23,28.5
NOT007271,STU00913,MAT0035,4,TP,6.85,2,2024-04-15,22,13.7
NOT007272,STU00913,MAT0024,3,CC,12.71,2,2023-04-16,22,25.42
NOT007273,STU00913,MAT0035,1,CC,14.71,2,2024-05-16,22,29.42
NOT007274,STU00913,MAT0013,4,CC,11.32,2,2023-05-16,22,22.64
NOT007275,STU00913,MAT0035,3,EXAMEN,16.31,1,2023-04-16,22,16.31
NOT007276,STU00913,MAT0033,1,CC,9.89,3,2023-05-16,22,29.670002
NOT007277,STU00913,MAT0034,3,PROJET,8.84,2,2024-05-16,22,17.68
NOT007278,STU00913,MAT0021,2,TP,11.8,2,2023-05-16,22,23.6
NOT007279,STU00913,MAT0034,4,EXAMEN,11.75,3,2023-04-16,22,35.25
NOT007280,STU00913,MAT0011,1,CC,14.31,2,2023-04-16,22,28.62
NOT007281,STU00914,MAT0008,3,CC,9.68,2,2024-05-17,23,19.36
NOT007282,STU00914,MAT0022,2,PROJET,16.1,2,2024-04-16,23,32.2
NOT007283,STU00914,MAT0014,2,TP,17.9,2,2023-05-16,23,35.8
NOT007284,STU00914,MAT0003,1,CC,11.88,2,2024-05-17,23,23.76
NOT007285,STU00914,MAT0007,1,PROJET,15.75,3,2023-04-16,23,47.25
NOT007286,STU00914,MAT0008,4,CC,8.83,2,2023-04-16,23,17.66
NOT007287,STU00914,MAT0032,2,CC,15.23,1,2023-04-16,23,15.23
NOT007288,STU00915,MAT0021,2,TP,15.14,2,2024-04-16,22,30.28
NOT007289,STU00915,MAT0032,4,EXAMEN,14.59,2,2023-05-16,22,29.18
NOT007290,STU00915,MAT0034,1,EXAMEN,11.95,3,2024-04-16,22,35.85
NOT007291,STU00915,MAT0015,1,CC,3.14,2,2023-05-17,22,6.28
NOT007292,STU00915,MAT0026,3,PROJET,10.07,2,2024-04-15,22,20.14
NOT007293,STU00915,MAT0019,3,EXAMEN,10.12,1,2023-05-17,22,10.12
NOT007294,STU00915,MAT0017,3,TP,9.07,1,2023-05-16,22,9.07
NOT007295,STU00915,MAT0032,4,TP,12.37,1,2024-05-17,22,12.37
NOT007296,STU00915,MAT0031,1,EXAMEN,10.74,2,2023-04-16,22,21.48
NOT007297,STU00915,MAT0024,4,TP,9.53,3,2023-05-17,22,28.59
NOT007298,STU00916,MAT0026,3,PROJET,8.82,1,2023-04-15,23,8.82
NOT007299,STU00916,MAT0028,2,TP,9.85,1,2023-04-16,23,9.85
NOT007300,STU00916,MAT0011,2,CC,15.36,2,2023-04-16,23,30.72
NOT007301,STU00916,MAT0023,3,TP,10.02,2,2024-05-16,23,20.04
NOT007302,STU00916,MAT0011,3,CC,10.46,1,2023-04-15,23,10.46
NOT007303,STU00916,MAT0027,3,EXAMEN,10.63,2,2023-04-15,23,21.26
NOT007304,STU00916,MAT0015,4,TP,13.02,1,2023-05-16,23,13.02
NOT007305,STU00916,MAT0019,1,TP,13.37,2,2024-05-16,23,26.74
NOT007306,STU00917,MAT0001,1,PROJET,2.87,2,2023-05-17,22,5.74
NOT007307,STU00917,MAT0032,4,PROJET,15.06,3,2023-05-17,22,45.18
NOT007308,STU00917,MAT0002,2,PROJET,16.31,1,2023-05-16,22,16.31
NOT007309,STU00917,MAT0018,2,TP,8.85,3,2023-04-16,22,26.550001
NOT007310,STU00917,MAT0014,4,CC,9.08,3,2024-05-17,22,27.24
NOT007311,STU00917,MAT0032,4,PROJET,10.65,2,2023-05-16,22,21.3
NOT007312,STU00917,MAT0003,2,PROJET,9.73,3,2023-04-15,22,29.189999
NOT007313,STU00917,MAT0028,4,TP,12.67,1,2023-05-17,22,12.67
NOT007314,STU00918,MAT0008,1,EXAMEN,6.16,3,2023-04-16,23,18.48
NOT007315,STU00918,MAT0020,2,TP,8.65,1,2023-04-16,23,8.65
NOT007316,STU00918,MAT0026,2,CC,16.62,3,2023-05-17,23,49.86
NOT007317,STU00918,MAT0002,2,EXAMEN,9.22,1,2023-04-16,23,9.22
NOT007318,STU00918,MAT0006,2,TP,15.73,3,2024-04-15,23,47.19
NOT007319,STU00918,MAT0002,3,CC,13.07,1,2023-04-15,23,13.07
NOT007320,STU00918,MAT0010,3,TP,6.57,2,2023-04-15,23,13.14
NOT007321,STU00919,MAT0026,2,EXAMEN,13.91,2,2024-04-16,22,27.82
NOT007322,STU00919,MAT0011,4,EXAMEN,11.65,2,2023-05-16,22,23.3
NOT007323,STU00919,MAT0029,3,TP,10.63,2,2023-04-16,22,21.26
NOT007324,STU00919,MAT0010,2,EXAMEN,12.73,2,2023-05-17,22,25.46
NOT007325,STU00919,MAT0012,2,PROJET,13.42,1,2024-04-16,22,13.42
NOT007326,STU00919,MAT0016,1,TP,14.12,3,2024-05-16,22,42.36
NOT007327,STU00919,MAT0024,2,TP,15.53,2,2023-05-16,22,31.06
NOT007328,STU00919,MAT0011,3,EXAMEN,13.22,1,2024-05-16,22,13.22
NOT007329,STU00919,MAT0019,3,CC,7.87,2,2023-05-17,22,15.74
NOT007330,STU00919,MAT0029,1,CC,10.58,2,2024-04-15,22,21.16
NOT007331,STU00920,MAT0030,4,EXAMEN,20.0,2,2023-05-17,23,40.0
NOT007332,STU00920,MAT0022,4,EXAMEN,14.17,2,2023-05-17,23,28.34
NOT007333,STU00920,MAT0021,4,CC,19.11,2,2023-04-16,23,38.22
NOT007334,STU00920,MAT0016,4,PROJET,16.19,2,2023-05-17,23,32.38
NOT007335,STU00920,MAT0016,1,TP,12.73,3,2024-04-15,23,38.19
NOT007336,STU00920,MAT0010,4,CC,12.9,2,2024-05-16,23,25.8
NOT007337,STU00920,MAT0018,2,PROJET,11.89,1,2023-05-17,23,11.89
NOT007338,STU00921,MAT0020,4,TP,6.79,1,2023-04-16,22,6.79
NOT007339,STU00921,MAT0009,2,TP,12.05,2,2023-04-16,22,24.1
NOT007340,STU00921,MAT0002,4,CC,15.63,1,2023-05-16,22,15.63
NOT007341,STU00921,MAT0019,4,EXAMEN,10.2,2,2023-04-16,22,20.4
NOT007342,STU00921,MAT0016,4,PROJET,13.24,2,2023-05-16,22,26.48
NOT007343,STU00921,MAT0017,3,TP,14.55,3,2024-04-15,22,43.65
NOT007344,STU00921,MAT0010,2,PROJET,9.27,1,2024-04-15,22,9.27
NOT007345,STU00922,MAT0026,4,TP,10.65,2,2024-04-16,23,21.3
NOT007346,STU00922,MAT0017,2,PROJET,8.95,1,2024-04-16,23,8.95
NOT007347,STU00922,MAT0013,3,CC,9.53,2,2023-05-17,23,19.06
NOT007348,STU00922,MAT0003,2,TP,8.14,1,2023-05-16,23,8.14
NOT007349,STU00922,MAT0007,4,EXAMEN,9.3,2,2023-05-16,23,18.6
NOT007350,STU00922,MAT0006,2,PROJET,16.26,1,2024-04-16,23,16.26
NOT007351,STU00922,MAT0006,2,CC,9.25,2,2024-04-15,23,18.5
NOT007352,STU00922,MAT0011,1,TP,12.38,2,2023-05-16,23,24.76
NOT007353,STU00922,MAT0017,3,TP,10.49,1,2023-04-15,23,10.49
NOT007354,STU00922,MAT0028,3,TP,15.54,2,2023-05-17,23,31.08
NOT007355,STU00923,MAT0004,2,TP,15.93,3,2023-04-15,22,47.79
NOT007356,STU00923,MAT0030,3,CC,14.59,1,2024-04-15,22,14.59
NOT007357,STU00923,MAT0018,2,EXAMEN,12.92,2,2024-05-16,22,25.84
NOT007358,STU00923,MAT0008,3,TP,11.31,3,2024-04-16,22,33.93
NOT007359,STU00923,MAT0023,3,CC,8.42,3,2024-04-15,22,25.26
NOT007360,STU00923,MAT0023,1,PROJET,17.83,3,2024-05-16,22,53.489998
NOT007361,STU00923,MAT0027,1,CC,9.72,1,2024-04-15,22,9.72
NOT007362,STU00924,MAT0017,3,PROJET,13.99,2,2024-05-17,23,27.98
NOT007363,STU00924,MAT0016,1,PROJET,15.18,1,2023-05-16,23,15.18
NOT007364,STU00924,MAT0026,2,CC,10.33,2,2023-05-16,23,20.66
NOT007365,STU00924,MAT0028,4,CC,15.11,1,2024-05-17,23,15.11
NOT007366,STU00924,MAT0033,4,EXAMEN,14.29,3,2024-04-15,23,42.87
NOT007367,STU00924,MAT0014,4,TP,17.18,1,2024-05-17,23,17.18
NOT007368,STU00925,MAT0012,3,PROJET,10.59,1,2023-05-17,22,10.59
NOT007369,STU00925,MAT0035,4,EXAMEN,8.14,2,2023-05-16,22,16.28
NOT007370,STU00925,MAT0019,3,PROJET,10.48,3,2023-04-16,22,31.439999
NOT007371,STU00925,MAT0026,1,TP,12.63,2,2024-05-17,22,25.26
NOT007372,STU00925,MAT0027,2,TP,12.17,1,2023-05-16,22,12.17
NOT007373,STU00925,MAT0019,2,EXAMEN,10.82,2,2024-04-16,22,21.64
NOT007374,STU00925,MAT0011,2,EXAMEN,6.27,2,2024-04-15,22,12.54
NOT007375,STU00925,MAT0008,2,TP,13.41,2,2023-05-17,22,26.82
NOT007376,STU00925,MAT0008,1,TP,17.92,1,2023-05-17,22,17.92
NOT007377,STU00926,MAT0020,3,PROJET,13.39,2,2023-05-16,23,26.78
NOT007378,STU00926,MAT0002,2,CC,13.83,3,2024-04-15,23,41.489998
NOT007379,STU00926,MAT0033,2,TP,13.72,2,2023-05-16,23,27.44
NOT007380,STU00926,MAT0019,1,EXAMEN,13.19,2,2024-04-15,23,26.38
NOT007381,STU00926,MAT0006,2,CC,14.79,2,2023-04-16,23,29.58
NOT007382,STU00926,MAT0031,1,TP,13.19,2,2024-04-15,23,26.38
NOT007383,STU00926,MAT0029,1,PROJET,11.06,3,2023-04-16,23,33.18
NOT007384,STU00927,MAT0018,4,EXAMEN,9.61,2,2023-05-16,22,19.22
NOT007385,STU00927,MAT0022,2,PROJET,11.25,2,2024-04-16,22,22.5
NOT007386,STU00927,MAT0020,3,TP,12.94,3,2024-05-16,22,38.82
NOT007387,STU00927,MAT0023,4,CC,11.05,3,2024-04-16,22,33.15
NOT007388,STU00927,MAT0001,1,CC,12.94,2,2023-04-16,22,25.88
NOT007389,STU00927,MAT0008,1,EXAMEN,13.32,2,2024-04-16,22,26.64
NOT007390,STU00927,MAT0028,2,PROJET,14.5,3,2023-05-16,22,43.5
NOT007391,STU00927,MAT0030,3,PROJET,15.85,1,2024-05-17,22,15.85
NOT007392,STU00927,MAT0006,4,TP,12.23,3,2023-05-17,22,36.69
NOT007393,STU00927,MAT0009,4,TP,8.08,2,2023-05-17,22,16.16
NOT007394,STU00928,MAT0023,3,TP,10.96,2,2023-04-16,23,21.92
NOT007395,STU00928,MAT0022,1,EXAMEN,12.13,3,2023-04-15,23,36.39
NOT007396,STU00928,MAT0031,3,PROJET,6.49,1,2024-05-16,23,6.49
NOT007397,STU00928,MAT0035,4,TP,16.17,2,2023-04-16,23,32.34
NOT007398,STU00928,MAT0035,4,EXAMEN,12.43,1,2024-05-17,23,12.43
NOT007399,STU00928,MAT0007,4,PROJET,13.14,2,2023-05-17,23,26.28
NOT007400,STU00928,MAT0005,1,PROJET,16.1,1,2023-05-16,23,16.1
NOT007401,STU00928,MAT0013,3,CC,10.11,2,2024-05-17,23,20.22
NOT007402,STU00928,MAT0008,4,EXAMEN,13.72,2,2024-04-16,23,27.44
NOT007403,STU00929,MAT0007,2,TP,11.67,3,2024-05-17,22,35.010002
NOT007404,STU00929,MAT0028,3,TP,11.45,1,2023-04-15,22,11.45
NOT007405,STU00929,MAT0022,3,TP,9.68,1,2023-04-16,22,9.68
NOT007406,STU00929,MAT0023,3,PROJET,17.0,2,2023-04-16,22,34.0
NOT007407,STU00929,MAT0034,3,CC,10.87,2,2024-05-16,22,21.74
NOT007408,STU00929,MAT0022,1,CC,14.1,3,2024-05-16,22,42.300003
NOT007409,STU00929,MAT0020,4,CC,6.37,2,2024-04-15,22,12.74
NOT007410,STU00929,MAT0017,3,PROJET,15.54,2,2024-04-15,22,31.08
NOT007411,STU00930,MAT0007,3,PROJET,15.16,2,2024-04-15,23,30.32
NOT007412,STU00930,MAT0022,2,PROJET,12.29,1,2024-05-16,23,12.29
NOT007413,STU00930,MAT0025,2,EXAMEN,11.32,1,2023-04-16,23,11.32
NOT007414,STU00930,MAT0033,3,PROJET,13.2,1,2023-04-15,23,13.2
NOT007415,STU00930,MAT0032,4,EXAMEN,18.87,1,2023-05-16,23,18.87
NOT007416,STU00930,MAT0002,4,EXAMEN,6.71,2,2023-04-16,23,13.42
NOT007417,STU00930,MAT0024,2,CC,14.35,2,2023-04-15,23,28.7
NOT007418,STU00930,MAT0009,3,PROJET,9.27,3,2024-04-16,23,27.810001
NOT007419,STU00930,MAT0027,1,PROJET,11.94,2,2023-04-15,23,23.88
NOT007420,STU00931,MAT0030,2,EXAMEN,11.26,3,2023-05-16,22,33.78
NOT007421,STU00931,MAT0029,4,PROJET,10.72,2,2024-04-15,22,21.44
NOT007422,STU00931,MAT0021,1,EXAMEN,11.97,1,2023-05-16,22,11.97
NOT007423,STU00931,MAT0022,2,TP,8.6,3,2024-04-16,22,25.800001
NOT007424,STU00931,MAT0011,2,CC,15.09,2,2024-04-15,22,30.18
NOT007425,STU00931,MAT0020,3,EXAMEN,6.62,2,2023-04-16,22,13.24
NOT007426,STU00931,MAT0004,3,CC,13.62,2,2023-05-17,22,27.24
NOT007427,STU00931,MAT0021,4,TP,11.02,1,2023-04-15,22,11.02
NOT007428,STU00932,MAT0017,4,CC,8.49,1,2024-04-15,23,8.49
NOT007429,STU00932,MAT0029,3,PROJET,12.61,2,2024-05-16,23,25.22
NOT007430,STU00932,MAT0033,1,PROJET,7.33,1,2024-04-15,23,7.33
NOT007431,STU00932,MAT0006,1,TP,12.12,2,2023-05-17,23,24.24
NOT007432,STU00932,MAT0006,1,TP,7.73,3,2023-04-16,23,23.19
NOT007433,STU00932,MAT0016,2,EXAMEN,13.38,2,2023-04-15,23,26.76
NOT007434,STU00932,MAT0025,3,TP,9.23,3,2024-04-16,23,27.689999
NOT007435,STU00933,MAT0028,4,PROJET,10.65,3,2024-04-16,22,31.949999
NOT007436,STU00933,MAT0018,1,CC,12.88,2,2024-04-15,22,25.76
NOT007437,STU00933,MAT0012,3,EXAMEN,9.68,2,2024-04-16,22,19.36
NOT007438,STU00933,MAT0018,1,PROJET,11.83,2,2023-04-15,22,23.66
NOT007439,STU00933,MAT0002,3,CC,7.46,1,2024-04-16,22,7.46
NOT007440,STU00933,MAT0018,3,CC,13.89,1,2023-05-17,22,13.89
NOT007441,STU00934,MAT0024,1,TP,17.29,2,2023-05-17,23,34.58
NOT007442,STU00934,MAT0023,2,PROJET,20.0,3,2024-05-16,23,60.0
NOT007443,STU00934,MAT0014,3,PROJET,12.27,1,2024-05-16,23,12.27
NOT007444,STU00934,MAT0007,2,TP,14.36,2,2024-04-15,23,28.72
NOT007445,STU00934,MAT0032,1,CC,6.66,2,2024-04-16,23,13.32
NOT007446,STU00934,MAT0030,1,TP,16.51,3,2023-04-15,23,49.53
NOT007447,STU00934,MAT0010,2,TP,14.33,2,2023-04-15,23,28.66
NOT007448,STU00934,MAT0015,1,EXAMEN,10.55,2,2023-05-16,23,21.1
NOT007449,STU00934,MAT0019,4,PROJET,15.71,2,2023-04-15,23,31.42
NOT007450,STU00935,MAT0035,3,EXAMEN,11.24,1,2024-04-16,22,11.24
NOT007451,STU00935,MAT0028,4,PROJET,10.63,3,2024-04-16,22,31.89
NOT007452,STU00935,MAT0014,3,PROJET,13.43,3,2023-04-16,22,40.29
NOT007453,STU00935,MAT0027,3,CC,8.81,3,2023-05-16,22,26.43
NOT007454,STU00935,MAT0031,4,PROJET,15.06,2,2023-04-15,22,30.12
NOT007455,STU00935,MAT0002,3,PROJET,8.83,2,2024-04-15,22,17.66
NOT007456,STU00935,MAT0034,1,TP,8.85,2,2023-05-16,22,17.7
NOT007457,STU00935,MAT0027,4,PROJET,9.27,1,2024-04-16,22,9.27
NOT007458,STU00936,MAT0032,2,PROJET,14.28,2,2023-04-16,23,28.56
NOT007459,STU00936,MAT0034,3,PROJET,10.15,2,2023-05-17,23,20.3
NOT007460,STU00936,MAT0031,2,TP,7.96,2,2024-05-17,23,15.92
NOT007461,STU00936,MAT0012,4,CC,10.18,3,2023-04-16,23,30.54
NOT007462,STU00936,MAT0018,2,EXAMEN,11.9,1,2024-05-17,23,11.9
NOT007463,STU00936,MAT0004,2,PROJET,8.46,2,2024-05-16,23,16.92
NOT007464,STU00937,MAT0004,3,CC,8.54,2,2024-05-16,22,17.08
NOT007465,STU00937,MAT0010,1,EXAMEN,18.33,3,2024-05-17,22,54.989998
NOT007466,STU00937,MAT0002,3,EXAMEN,9.42,1,2024-05-17,22,9.42
NOT007467,STU00937,MAT0020,4,PROJET,11.03,2,2024-04-15,22,22.06
NOT007468,STU00937,MAT0019,1,PROJET,10.9,3,2023-05-16,22,32.699997
NOT007469,STU00937,MAT0011,2,PROJET,10.74,2,2023-05-17,22,21.48
NOT007470,STU00937,MAT0019,1,CC,13.86,1,2024-04-15,22,13.86
NOT007471,STU00937,MAT0015,2,PROJET,14.84,3,2023-04-15,22,44.52
NOT007472,STU00938,MAT0002,4,EXAMEN,11.08,1,2023-04-15,23,11.08
NOT007473,STU00938,MAT0015,1,PROJET,8.29,2,2024-05-16,23,16.58
NOT007474,STU00938,MAT0012,4,TP,15.82,3,2024-05-16,23,47.46
NOT007475,STU00938,MAT0032,4,EXAMEN,11.71,1,2023-05-16,23,11.71
NOT007476,STU00938,MAT0026,2,CC,17.19,2,2023-04-15,23,34.38
NOT007477,STU00938,MAT0021,4,PROJET,5.26,2,2023-05-17,23,10.52
NOT007478,STU00938,MAT0034,3,TP,12.59,1,2024-04-15,23,12.59
NOT007479,STU00938,MAT0012,2,EXAMEN,17.76,3,2023-05-16,23,53.28
NOT007480,STU00938,MAT0024,3,CC,10.94,2,2024-04-15,23,21.88
NOT007481,STU00939,MAT0007,3,EXAMEN,11.32,3,2023-04-16,22,33.96
NOT007482,STU00939,MAT0005,2,EXAMEN,12.89,1,2023-04-15,22,12.89
NOT007483,STU00939,MAT0024,4,EXAMEN,10.32,3,2024-05-17,22,30.96
NOT007484,STU00939,MAT0014,1,CC,11.06,1,2023-05-17,22,11.06
NOT007485,STU00939,MAT0004,3,CC,10.99,2,2023-04-16,22,21.98
NOT007486,STU00939,MAT0027,2,EXAMEN,10.12,3,2023-04-16,22,30.36
NOT007487,STU00939,MAT0012,2,EXAMEN,15.69,2,2024-05-17,22,31.38
NOT007488,STU00939,MAT0011,2,PROJET,13.38,2,2023-04-15,22,26.76
NOT007489,STU00939,MAT0014,2,CC,12.75,3,2024-05-16,22,38.25
NOT007490,STU00940,MAT0006,3,PROJET,14.43,2,2024-05-17,23,28.86
NOT007491,STU00940,MAT0007,4,EXAMEN,11.21,3,2024-05-17,23,33.63
NOT007492,STU00940,MAT0026,2,EXAMEN,9.68,3,2024-05-16,23,29.04
NOT007493,STU00940,MAT0028,4,PROJET,10.19,1,2024-04-15,23,10.19
NOT007494,STU00940,MAT0026,2,CC,12.01,2,2024-04-15,23,24.02
NOT007495,STU00940,MAT0011,4,PROJET,8.82,2,2024-05-17,23,17.64
NOT007496,STU00941,MAT0034,3,PROJET,10.5,1,2024-05-16,22,10.5
NOT007497,STU00941,MAT0029,1,TP,10.45,2,2023-04-16,22,20.9
NOT007498,STU00941,MAT0008,4,EXAMEN,18.37,3,2023-05-16,22,55.11
NOT007499,STU00941,MAT0018,2,PROJET,3.68,1,2023-05-17,22,3.68
NOT007500,STU00941,MAT0003,1,CC,11.46,1,2024-04-16,22,11.46
NOT007501,STU00941,MAT0010,3,EXAMEN,17.18,2,2023-04-15,22,34.36
NOT007502,STU00942,MAT0030,2,TP,12.37,3,2023-04-15,23,37.11
NOT007503,STU00942,MAT0015,2,CC,14.26,2,2024-05-16,23,28.52
NOT007504,STU00942,MAT0003,2,EXAMEN,12.3,3,2023-04-15,23,36.9
NOT007505,STU00942,MAT0005,4,PROJET,10.0,2,2024-04-15,23,20.0
NOT007506,STU00942,MAT0028,1,CC,5.27,2,2024-05-17,23,10.54
NOT007507,STU00942,MAT0031,2,CC,12.62,2,2023-05-16,23,25.24
NOT007508,STU00942,MAT0010,3,CC,9.67,3,2024-04-16,23,29.01
NOT007509,STU00942,MAT0029,4,PROJET,9.6,2,2024-04-15,23,19.2
NOT007510,STU00943,MAT0017,2,TP,10.5,3,2023-05-17,22,31.5
NOT007511,STU00943,MAT0003,1,CC,17.23,3,2024-05-17,22,51.69
NOT007512,STU00943,MAT0001,2,CC,19.21,1,2023-05-16,22,19.21
NOT007513,STU00943,MAT0016,2,TP,12.65,1,2023-04-15,22,12.65
NOT007514,STU00943,MAT0001,3,TP,10.61,2,2023-04-15,22,21.22
NOT007515,STU00943,MAT0006,3,CC,8.47,1,2024-05-16,22,8.47
NOT007516,STU00943,MAT0004,3,CC,13.41,2,2023-04-16,22,26.82
NOT007517,STU00943,MAT0002,4,EXAMEN,17.35,3,2024-05-17,22,52.050003
NOT007518,STU00943,MAT0021,3,EXAMEN,11.26,1,2023-04-15,22,11.26
NOT007519,STU00943,MAT0014,1,EXAMEN,4.86,2,2024-05-16,22,9.72
NOT007520,STU00944,MAT0001,1,EXAMEN,14.01,1,2023-05-17,23,14.01
NOT007521,STU00944,MAT0025,1,TP,14.96,1,2024-05-17,23,14.96
NOT007522,STU00944,MAT0004,4,TP,7.24,2,2024-05-16,23,14.48
NOT007523,STU00944,MAT0004,2,PROJET,12.53,2,2024-05-17,23,25.06
NOT007524,STU00944,MAT0005,2,TP,13.35,2,2024-04-16,23,26.7
NOT007525,STU00944,MAT0034,2,PROJET,11.78,2,2023-05-16,23,23.56
NOT007526,STU00944,MAT0021,1,CC,9.63,1,2023-05-16,23,9.63
NOT007527,STU00944,MAT0011,3,CC,15.05,1,2023-05-16,23,15.05
NOT007528,STU00944,MAT0013,4,CC,10.79,1,2024-05-17,23,10.79
NOT007529,STU00945,MAT0025,1,PROJET,7.54,3,2023-05-16,22,22.619999
NOT007530,STU00945,MAT0028,3,TP,5.85,1,2024-05-16,22,5.85
NOT007531,STU00945,MAT0005,1,CC,15.78,2,2024-05-17,22,31.56
NOT007532,STU00945,MAT0005,2,CC,13.85,3,2024-04-16,22,41.550003
NOT007533,STU00945,MAT0026,3,EXAMEN,12.26,3,2024-04-16,22,36.78
NOT007534,STU00945,MAT0006,2,PROJET,10.68,3,2024-04-15,22,32.04
NOT007535,STU00945,MAT0007,4,EXAMEN,10.41,3,2023-04-16,22,31.23
NOT007536,STU00945,MAT0017,1,CC,8.77,2,2023-04-15,22,17.54
NOT007537,STU00945,MAT0009,4,PROJET,10.71,2,2024-05-17,22,21.42
NOT007538,STU00946,MAT0018,2,EXAMEN,5.64,1,2023-05-17,23,5.64
NOT007539,STU00946,MAT0005,4,PROJET,9.79,1,2023-05-17,23,9.79
NOT007540,STU00946,MAT0019,3,PROJET,11.07,1,2023-04-16,23,11.07
NOT007541,STU00946,MAT0008,3,EXAMEN,13.83,3,2024-05-16,23,41.489998
NOT007542,STU00946,MAT0002,2,CC,11.88,2,2023-04-16,23,23.76
NOT007543,STU00946,MAT0008,2,TP,14.38,2,2023-05-16,23,28.76
NOT007544,STU00946,MAT0028,3,EXAMEN,16.05,2,2024-05-17,23,32.1
NOT007545,STU00947,MAT0001,4,PROJET,15.17,2,2023-05-17,22,30.34
NOT007546,STU00947,MAT0007,4,EXAMEN,13.41,2,2023-05-16,22,26.82
NOT007547,STU00947,MAT0017,2,EXAMEN,12.04,3,2023-05-16,22,36.12
NOT007548,STU00947,MAT0018,3,PROJET,9.06,3,2023-04-15,22,27.18
NOT007549,STU00947,MAT0018,4,EXAMEN,14.22,1,2024-05-17,22,14.22
NOT007550,STU00947,MAT0030,1,CC,17.04,2,2024-04-15,22,34.08
NOT007551,STU00947,MAT0017,4,PROJET,13.03,2,2023-04-16,22,26.06
NOT007552,STU00947,MAT0022,2,TP,17.75,2,2024-04-15,22,35.5
NOT007553,STU00947,MAT0007,2,PROJET,7.42,2,2023-04-16,22,14.84
NOT007554,STU00948,MAT0005,4,EXAMEN,8.54,1,2024-05-17,23,8.54
NOT007555,STU00948,MAT0025,3,TP,14.57,1,2024-05-17,23,14.57
NOT007556,STU00948,MAT0015,3,CC,12.79,1,2023-04-15,23,12.79
NOT007557,STU00948,MAT0030,1,TP,15.94,2,2023-05-17,23,31.88
NOT007558,STU00948,MAT0013,1,CC,11.95,1,2023-05-16,23,11.95
NOT007559,STU00948,MAT0017,3,TP,9.4,3,2024-05-16,23,28.199999
NOT007560,STU00949,MAT0032,2,TP,11.36,3,2023-05-17,22,34.079998
NOT007561,STU00949,MAT0026,1,CC,7.4,3,2023-04-16,22,22.2
NOT007562,STU00949,MAT0032,4,CC,8.61,3,2024-04-16,22,25.829998
NOT007563,STU00949,MAT0021,1,CC,14.92,2,2024-05-17,22,29.84
NOT007564,STU00949,MAT0002,1,PROJET,14.62,1,2023-04-16,22,14.62
NOT007565,STU00949,MAT0014,2,EXAMEN,13.09,2,2024-04-15,22,26.18
NOT007566,STU00949,MAT0017,1,TP,6.84,2,2023-04-15,22,13.68
NOT007567,STU00949,MAT0032,4,TP,10.92,3,2023-05-17,22,32.760002
NOT007568,STU00949,MAT0006,2,TP,8.33,2,2024-05-16,22,16.66
NOT007569,STU00949,MAT0004,3,EXAMEN,15.53,2,2023-05-17,22,31.06
NOT007570,STU00950,MAT0026,3,PROJET,10.25,3,2024-05-16,23,30.75
NOT007571,STU00950,MAT0027,1,PROJET,8.74,2,2024-05-16,23,17.48
NOT007572,STU00950,MAT0024,4,PROJET,12.09,3,2023-05-16,23,36.27
NOT007573,STU00950,MAT0033,1,PROJET,10.08,2,2024-05-16,23,20.16
NOT007574,STU00950,MAT0023,3,TP,16.45,1,2023-05-16,23,16.45
NOT007575,STU00950,MAT0020,2,PROJET,9.8,2,2023-05-16,23,19.6
NOT007576,STU00950,MAT0030,1,TP,7.8,2,2024-04-16,23,15.6
NOT007577,STU00951,MAT0006,4,EXAMEN,5.54,2,2023-05-17,22,11.08
NOT007578,STU00951,MAT0020,1,CC,11.91,1,2023-05-17,22,11.91
NOT007579,STU00951,MAT0026,1,PROJET,10.31,2,2024-04-15,22,20.62
NOT007580,STU00951,MAT0001,4,PROJET,7.71,2,2024-05-16,22,15.42
NOT007581,STU00951,MAT0029,2,EXAMEN,15.57,2,2024-05-17,22,31.14
NOT007582,STU00951,MAT0029,3,EXAMEN,14.0,1,2024-05-17,22,14.0
NOT007583,STU00951,MAT0012,3,CC,11.92,3,2023-04-16,22,35.760002
NOT007584,STU00951,MAT0003,2,EXAMEN,16.09,2,2024-05-16,22,32.18
NOT007585,STU00951,MAT0025,3,EXAMEN,13.99,1,2023-04-15,22,13.99
NOT007586,STU00951,MAT0023,2,PROJET,9.53,3,2024-05-16,22,28.59
NOT007587,STU00952,MAT0030,4,CC,8.88,2,2024-04-16,23,17.76
NOT007588,STU00952,MAT0028,2,EXAMEN,14.45,2,2024-05-16,23,28.9
NOT007589,STU00952,MAT0015,1,TP,13.19,1,2023-05-17,23,13.19
NOT007590,STU00952,MAT0008,4,EXAMEN,12.51,2,2024-05-16,23,25.02
NOT007591,STU00952,MAT0029,3,CC,9.46,1,2024-05-17,23,9.46
NOT007592,STU00952,MAT0004,2,CC,13.82,3,2023-04-15,23,41.46
NOT007593,STU00952,MAT0031,3,CC,9.73,2,2023-05-17,23,19.46
NOT007594,STU00953,MAT0026,4,CC,11.69,2,2023-04-16,22,23.38
NOT007595,STU00953,MAT0026,2,EXAMEN,16.34,2,2023-05-16,22,32.68
NOT007596,STU00953,MAT0009,4,PROJET,10.02,2,2023-04-16,22,20.04
NOT007597,STU00953,MAT0017,3,TP,7.28,3,2023-05-17,22,21.84
NOT007598,STU00953,MAT0030,3,PROJET,8.84,2,2023-04-16,22,17.68
NOT007599,STU00953,MAT0009,1,TP,14.98,3,2023-04-15,22,44.94
NOT007600,STU00953,MAT0007,2,PROJET,12.76,2,2023-04-16,22,25.52
NOT007601,STU00954,MAT0023,3,CC,11.61,3,2023-05-17,23,34.829998
NOT007602,STU00954,MAT0009,4,CC,10.47,2,2024-04-15,23,20.94
NOT007603,STU00954,MAT0032,2,PROJET,13.46,1,2023-04-15,23,13.46
NOT007604,STU00954,MAT0017,3,EXAMEN,9.45,2,2024-05-17,23,18.9
NOT007605,STU00954,MAT0034,2,CC,12.92,1,2023-04-16,23,12.92
NOT007606,STU00954,MAT0031,1,TP,9.81,1,2023-05-16,23,9.81
NOT007607,STU00955,MAT0029,4,EXAMEN,9.31,3,2024-04-15,22,27.93
NOT007608,STU00955,MAT0026,2,PROJET,10.09,1,2023-04-15,22,10.09
NOT007609,STU00955,MAT0028,1,PROJET,10.87,3,2023-05-17,22,32.61
NOT007610,STU00955,MAT0019,4,PROJET,11.85,2,2023-04-16,22,23.7
NOT007611,STU00955,MAT0009,4,TP,12.71,2,2024-05-16,22,25.42
NOT007612,STU00955,MAT0002,4,EXAMEN,0.93,2,2024-04-15,22,1.86
NOT007613,STU00955,MAT0023,4,PROJET,9.58,3,2023-05-16,22,28.74
NOT007614,STU00955,MAT0004,1,TP,10.83,1,2024-05-17,22,10.83
NOT007615,STU00955,MAT0029,2,TP,16.52,2,2024-04-16,22,33.04
NOT007616,STU00955,MAT0009,3,TP,8.76,3,2024-04-15,22,26.28
NOT007617,STU00956,MAT0006,3,CC,12.49,3,2024-04-16,23,37.47
NOT007618,STU00956,MAT0020,4,EXAMEN,16.49,2,2024-04-15,23,32.98
NOT007619,STU00956,MAT0030,1,PROJET,8.06,2,2023-04-16,23,16.12
NOT007620,STU00956,MAT0019,3,EXAMEN,13.18,2,2024-04-15,23,26.36
NOT007621,STU00956,MAT0015,1,EXAMEN,9.59,3,2024-05-16,23,28.77
NOT007622,STU00956,MAT0026,3,TP,10.49,1,2024-05-16,23,10.49
NOT007623,STU00956,MAT0021,3,TP,9.59,3,2023-05-16,23,28.77
NOT007624,STU00956,MAT0032,2,PROJET,9.8,2,2023-05-16,23,19.6
NOT007625,STU00956,MAT0002,3,PROJET,20.0,1,2024-05-17,23,20.0
NOT007626,STU00956,MAT0014,1,CC,14.53,2,2024-04-15,23,29.06
NOT007627,STU00957,MAT0003,2,CC,15.31,3,2024-05-17,22,45.93
NOT007628,STU00957,MAT0009,3,EXAMEN,13.48,2,2023-04-16,22,26.96
NOT007629,STU00957,MAT0015,1,CC,7.18,2,2023-05-16,22,14.36
NOT007630,STU00957,MAT0013,2,PROJET,13.18,3,2024-04-16,22,39.54
NOT007631,STU00957,MAT0018,4,TP,15.22,2,2023-05-16,22,30.44
NOT007632,STU00957,MAT0032,2,EXAMEN,9.44,3,2024-04-15,22,28.32
NOT007633,STU00957,MAT0022,2,EXAMEN,14.9,3,2024-05-17,22,44.699997
NOT007634,STU00957,MAT0006,4,PROJET,14.11,2,2023-04-15,22,28.22
NOT007635,STU00957,MAT0028,4,TP,17.56,3,2024-05-16,22,52.68
NOT007636,STU00958,MAT0011,4,EXAMEN,10.75,2,2023-04-16,23,21.5
NOT007637,STU00958,MAT0022,4,CC,8.71,3,2024-05-17,23,26.130001
NOT007638,STU00958,MAT0019,4,EXAMEN,10.92,2,2024-04-16,23,21.84
NOT007639,STU00958,MAT0006,4,PROJET,16.31,2,2024-05-17,23,32.62
NOT007640,STU00958,MAT0009,3,TP,6.51,3,2023-05-17,23,19.53
NOT007641,STU00958,MAT0012,1,PROJET,5.79,2,2024-05-17,23,11.58
NOT007642,STU00958,MAT0030,3,PROJET,12.27,2,2024-04-15,23,24.54
NOT007643,STU00958,MAT0009,1,PROJET,10.67,3,2023-04-16,23,32.010002
NOT007644,STU00958,MAT0001,3,EXAMEN,12.02,3,2024-04-15,23,36.06
NOT007645,STU00958,MAT0007,1,PROJET,14.84,3,2024-04-15,23,44.52
NOT007646,STU00959,MAT0014,1,EXAMEN,10.34,2,2024-05-17,22,20.68
NOT007647,STU00959,MAT0009,2,TP,6.38,2,2024-04-15,22,12.76
NOT007648,STU00959,MAT0011,3,PROJET,18.13,2,2023-05-16,22,36.26
NOT007649,STU00959,MAT0006,2,CC,9.01,2,2023-05-17,22,18.02
NOT007650,STU00959,MAT0026,3,CC,8.82,2,2023-04-16,22,17.64
NOT007651,STU00959,MAT0002,2,PROJET,15.31,2,2023-05-16,22,30.62
NOT007652,STU00959,MAT0004,4,CC,10.85,1,2024-04-16,22,10.85
NOT007653,STU00959,MAT0035,3,TP,11.81,3,2023-04-15,22,35.43
NOT007654,STU00959,MAT0022,1,CC,13.45,2,2023-05-17,22,26.9
NOT007655,STU00960,MAT0013,2,EXAMEN,15.25,1,2023-05-16,23,15.25
NOT007656,STU00960,MAT0007,4,EXAMEN,11.0,3,2023-05-17,23,33.0
NOT007657,STU00960,MAT0031,3,CC,16.56,1,2023-04-16,23,16.56
NOT007658,STU00960,MAT0023,2,TP,5.59,3,2024-04-15,23,16.77
NOT007659,STU00960,MAT0026,4,EXAMEN,14.28,1,2023-04-16,23,14.28
NOT007660,STU00960,MAT0031,4,TP,9.48,3,2024-04-15,23,28.439999
NOT007661,STU00960,MAT0034,4,TP,16.12,2,2024-04-15,23,32.24
NOT007662,STU00960,MAT0027,4,CC,12.43,1,2024-05-17,23,12.43
NOT007663,STU00960,MAT0034,2,TP,9.98,2,2023-04-16,23,19.96
NOT007664,STU00960,MAT0018,4,TP,13.99,3,2023-05-17,23,41.97
NOT007665,STU00961,MAT0006,2,PROJET,14.68,2,2023-04-15,24,29.36
NOT007666,STU00961,MAT0031,3,PROJET,13.93,3,2023-05-17,24,41.79
NOT007667,STU00961,MAT0007,2,CC,8.91,1,2024-04-16,24,8.91
NOT007668,STU00961,MAT0020,1,TP,10.55,2,2023-04-16,24,21.1
NOT007669,STU00961,MAT0007,4,PROJET,11.99,3,2024-05-16,24,35.97
NOT007670,STU00961,MAT0009,3,TP,11.88,3,2023-04-15,24,35.64
NOT007671,STU00961,MAT0007,3,CC,14.25,2,2023-05-16,24,28.5
NOT007672,STU00961,MAT0027,2,EXAMEN,5.96,2,2024-05-16,24,11.92
NOT007673,STU00961,MAT0027,4,PROJET,13.0,3,2024-04-16,24,39.0
NOT007674,STU00961,MAT0018,1,EXAMEN,11.13,2,2023-04-15,24,22.26
NOT007675,STU00962,MAT0021,2,EXAMEN,9.48,2,2024-05-17,25,18.96
NOT007676,STU00962,MAT0028,2,CC,9.77,3,2024-04-15,25,29.310001
NOT007677,STU00962,MAT0033,4,TP,11.36,2,2024-05-16,25,22.72
NOT007678,STU00962,MAT0020,3,TP,1.2,1,2024-04-15,25,1.2
NOT007679,STU00962,MAT0013,4,PROJET,9.9,2,2024-04-16,25,19.8
NOT007680,STU00962,MAT0010,2,PROJET,9.37,3,2023-04-15,25,28.11
NOT007681,STU00962,MAT0032,3,TP,13.6,1,2023-05-16,25,13.6
NOT007682,STU00963,MAT0015,3,EXAMEN,9.58,3,2024-05-17,24,28.74
NOT007683,STU00963,MAT0016,2,EXAMEN,11.35,1,2023-05-17,24,11.35
NOT007684,STU00963,MAT0029,4,PROJET,16.63,2,2023-04-16,24,33.26
NOT007685,STU00963,MAT0002,2,PROJET,14.98,2,2024-04-16,24,29.96
NOT007686,STU00963,MAT0033,4,PROJET,14.71,3,2023-04-16,24,44.13
NOT007687,STU00963,MAT0034,2,TP,10.5,3,2023-04-16,24,31.5
NOT007688,STU00963,MAT0027,4,TP,13.63,2,2023-05-16,24,27.26
NOT007689,STU00964,MAT0018,2,PROJET,11.3,3,2023-04-15,25,33.9
NOT007690,STU00964,MAT0032,4,PROJET,11.41,1,2024-04-16,25,11.41
NOT007691,STU00964,MAT0003,4,EXAMEN,13.23,1,2023-05-17,25,13.23
NOT007692,STU00964,MAT0014,1,EXAMEN,10.21,2,2023-04-15,25,20.42
NOT007693,STU00964,MAT0002,1,TP,16.48,2,2023-04-15,25,32.96
NOT007694,STU00964,MAT0018,4,CC,11.52,3,2024-05-17,25,34.56
NOT007695,STU00965,MAT0001,2,PROJET,13.86,1,2023-04-15,24,13.86
NOT007696,STU00965,MAT0007,3,CC,16.37,2,2023-04-15,24,32.74
NOT007697,STU00965,MAT0014,2,CC,15.09,1,2023-04-15,24,15.09
NOT007698,STU00965,MAT0016,4,CC,7.77,3,2023-04-16,24,23.31
NOT007699,STU00965,MAT0025,3,PROJET,13.33,2,2023-04-16,24,26.66
NOT007700,STU00965,MAT0008,1,CC,14.55,2,2024-04-15,24,29.1
NOT007701,STU00965,MAT0027,1,PROJET,14.68,2,2024-04-16,24,29.36
NOT007702,STU00965,MAT0015,1,TP,8.66,3,2023-05-17,24,25.98
NOT007703,STU00965,MAT0021,3,PROJET,10.03,3,2023-04-16,24,30.09
NOT007704,STU00966,MAT0026,1,TP,14.98,1,2023-05-16,25,14.98
NOT007705,STU00966,MAT0009,1,CC,9.71,2,2024-05-17,25,19.42
NOT007706,STU00966,MAT0021,2,TP,11.1,3,2024-05-16,25,33.300003
NOT007707,STU00966,MAT0014,4,CC,16.73,2,2023-04-15,25,33.46
NOT007708,STU00966,MAT0017,4,PROJET,11.86,2,2023-05-17,25,23.72
NOT007709,STU00966,MAT0017,3,TP,9.82,1,2023-05-17,25,9.82
NOT007710,STU00966,MAT0018,4,EXAMEN,9.37,2,2023-04-15,25,18.74
NOT007711,STU00967,MAT0032,2,CC,13.0,2,2024-04-15,24,26.0
NOT007712,STU00967,MAT0033,2,CC,8.0,2,2023-04-15,24,16.0
NOT007713,STU00967,MAT0034,4,CC,11.26,1,2023-04-16,24,11.26
NOT007714,STU00967,MAT0030,4,TP,13.0,2,2023-05-16,24,26.0
NOT007715,STU00967,MAT0034,1,CC,15.9,1,2024-04-15,24,15.9
NOT007716,STU00967,MAT0032,2,CC,14.0,2,2023-04-16,24,28.0
NOT007717,STU00967,MAT0032,1,PROJET,9.86,2,2023-05-17,24,19.72
NOT007718,STU00967,MAT0033,1,PROJET,15.54,1,2024-04-15,24,15.54
NOT007719,STU00967,MAT0003,3,PROJET,11.1,1,2023-05-17,24,11.1
NOT007720,STU00968,MAT0012,4,TP,8.29,1,2023-05-17,25,8.29
NOT007721,STU00968,MAT0024,4,EXAMEN,11.48,2,2023-04-15,25,22.96
NOT007722,STU00968,MAT0008,1,TP,16.31,3,2023-04-15,25,48.93
NOT007723,STU00968,MAT0032,2,PROJET,12.5,3,2024-04-15,25,37.5
NOT007724,STU00968,MAT0007,3,EXAMEN,12.04,1,2023-04-16,25,12.04
NOT007725,STU00968,MAT0026,4,EXAMEN,16.91,1,2023-04-15,25,16.91
NOT007726,STU00968,MAT0028,4,PROJET,7.71,1,2024-04-16,25,7.71
NOT007727,STU00968,MAT0017,2,TP,8.14,2,2023-04-16,25,16.28
NOT007728,STU00968,MAT0005,3,EXAMEN,7.15,3,2023-05-17,25,21.45
NOT007729,STU00968,MAT0011,3,EXAMEN,13.12,1,2023-05-17,25,13.12
NOT007730,STU00969,MAT0014,2,PROJET,12.5,2,2023-04-16,24,25.0
NOT007731,STU00969,MAT0018,1,PROJET,16.63,3,2023-05-16,24,49.89
NOT007732,STU00969,MAT0016,4,TP,12.73,1,2024-05-16,24,12.73
NOT007733,STU00969,MAT0020,3,CC,10.79,2,2023-04-15,24,21.58
NOT007734,STU00969,MAT0021,1,EXAMEN,12.01,3,2024-05-16,24,36.03
NOT007735,STU00969,MAT0026,2,PROJET,12.35,2,2024-04-15,24,24.7
NOT007736,STU00969,MAT0008,4,TP,6.98,1,2023-04-15,24,6.98
NOT007737,STU00969,MAT0014,3,CC,20.0,1,2023-04-16,24,20.0
NOT007738,STU00969,MAT0006,2,EXAMEN,13.56,3,2023-05-16,24,40.68
NOT007739,STU00970,MAT0014,2,CC,12.63,2,2023-05-16,25,25.26
NOT007740,STU00970,MAT0018,2,TP,13.85,2,2023-04-15,25,27.7
NOT007741,STU00970,MAT0031,4,PROJET,14.13,3,2024-05-17,25,42.39
NOT007742,STU00970,MAT0004,1,TP,11.58,1,2024-05-16,25,11.58
NOT007743,STU00970,MAT0034,4,EXAMEN,10.11,1,2023-04-15,25,10.11
NOT007744,STU00970,MAT0032,3,TP,13.8,1,2024-05-17,25,13.8
NOT007745,STU00970,MAT0032,2,PROJET,13.16,1,2024-05-16,25,13.16
NOT007746,STU00971,MAT0028,2,CC,9.57,3,2024-04-16,24,28.71
NOT007747,STU00971,MAT0006,1,TP,16.26,1,2024-04-15,24,16.26
NOT007748,STU00971,MAT0020,2,EXAMEN,12.88,2,2024-05-17,24,25.76
NOT007749,STU00971,MAT0031,3,EXAMEN,14.19,1,2024-05-17,24,14.19
NOT007750,STU00971,MAT0032,2,EXAMEN,16.18,3,2023-04-15,24,48.54
NOT007751,STU00971,MAT0015,1,EXAMEN,12.07,3,2023-05-17,24,36.21
NOT007752,STU00971,MAT0004,4,EXAMEN,12.95,3,2023-05-17,24,38.85
NOT007753,STU00971,MAT0001,1,PROJET,14.43,2,2023-05-16,24,28.86
NOT007754,STU00972,MAT0007,1,CC,9.83,2,2024-05-16,25,19.66
NOT007755,STU00972,MAT0015,4,CC,12.16,2,2024-05-16,25,24.32
NOT007756,STU00972,MAT0007,2,PROJET,12.38,1,2024-04-16,25,12.38
NOT007757,STU00972,MAT0010,1,PROJET,9.13,2,2024-05-17,25,18.26
NOT007758,STU00972,MAT0020,2,CC,18.95,2,2023-04-15,25,37.9
NOT007759,STU00972,MAT0020,4,CC,7.78,3,2023-05-16,25,23.34
NOT007760,STU00972,MAT0011,1,EXAMEN,8.11,3,2023-05-16,25,24.329998
NOT007761,STU00972,MAT0005,2,TP,15.94,1,2023-04-16,25,15.94
NOT007762,STU00973,MAT0025,2,EXAMEN,14.14,2,2023-05-16,24,28.28
NOT007763,STU00973,MAT0021,2,CC,8.92,3,2023-05-16,24,26.76
NOT007764,STU00973,MAT0027,2,EXAMEN,13.82,3,2024-04-16,24,41.46
NOT007765,STU00973,MAT0026,4,EXAMEN,16.4,2,2024-05-16,24,32.8
NOT007766,STU00973,MAT0016,3,EXAMEN,11.91,3,2024-05-17,24,35.73
NOT007767,STU00973,MAT0034,3,CC,19.8,2,2024-05-16,24,39.6
NOT007768,STU00974,MAT0006,3,PROJET,6.83,1,2024-04-16,25,6.83
NOT007769,STU00974,MAT0003,2,PROJET,14.08,3,2024-05-16,25,42.239998
NOT007770,STU00974,MAT0010,3,TP,15.5,3,2023-04-15,25,46.5
NOT007771,STU00974,MAT0014,1,EXAMEN,14.67,1,2024-04-16,25,14.67
NOT007772,STU00974,MAT0010,2,TP,11.39,2,2024-05-17,25,22.78
NOT007773,STU00974,MAT0016,2,TP,11.13,2,2023-05-16,25,22.26
NOT007774,STU00974,MAT0026,4,TP,13.33,2,2024-04-16,25,26.66
NOT007775,STU00974,MAT0028,3,TP,14.45,3,2023-04-16,25,43.35
NOT007776,STU00974,MAT0001,1,PROJET,13.81,2,2023-04-16,25,27.62
NOT007777,STU00975,MAT0015,3,PROJET,15.12,1,2024-04-15,24,15.12
NOT007778,STU00975,MAT0003,4,TP,8.94,1,2024-04-16,24,8.94
NOT007779,STU00975,MAT0009,4,PROJET,11.32,2,2024-05-17,24,22.64
NOT007780,STU00975,MAT0035,1,CC,9.18,3,2024-05-17,24,27.54
NOT007781,STU00975,MAT0020,3,EXAMEN,10.84,2,2024-04-16,24,21.68
NOT007782,STU00975,MAT0024,3,CC,15.05,2,2023-05-16,24,30.1
NOT007783,STU00976,MAT0021,1,EXAMEN,12.32,3,2023-04-15,25,36.96
NOT007784,STU00976,MAT0028,3,CC,19.82,1,2023-05-17,25,19.82
NOT007785,STU00976,MAT0034,1,TP,12.58,2,2024-04-16,25,25.16
NOT007786,STU00976,MAT0004,3,CC,12.18,3,2024-05-16,25,36.54
NOT007787,STU00976,MAT0017,4,EXAMEN,12.32,3,2024-05-16,25,36.96
NOT007788,STU00976,MAT0013,2,EXAMEN,10.09,2,2024-04-15,25,20.18
NOT007789,STU00977,MAT0005,1,EXAMEN,11.83,2,2023-04-15,24,23.66
NOT007790,STU00977,MAT0007,3,CC,15.38,2,2024-05-17,24,30.76
NOT007791,STU00977,MAT0022,3,CC,12.34,3,2024-05-17,24,37.02
NOT007792,STU00977,MAT0003,1,TP,9.62,3,2023-05-16,24,28.86
NOT007793,STU00977,MAT0027,3,EXAMEN,9.22,1,2023-04-15,24,9.22
NOT007794,STU00977,MAT0021,1,TP,10.65,3,2023-05-17,24,31.949999
NOT007795,STU00977,MAT0009,3,TP,12.22,2,2023-04-15,24,24.44
NOT007796,STU00977,MAT0004,2,CC,15.58,1,2024-04-15,24,15.58
NOT007797,STU00978,MAT0026,3,EXAMEN,7.98,2,2023-05-16,25,15.96
NOT007798,STU00978,MAT0033,3,CC,11.04,3,2023-04-15,25,33.12
NOT007799,STU00978,MAT0003,2,EXAMEN,12.43,2,2023-04-15,25,24.86
NOT007800,STU00978,MAT0015,1,PROJET,6.5,2,2023-04-16,25,13.0
NOT007801,STU00978,MAT0022,2,EXAMEN,9.5,3,2024-04-16,25,28.5
NOT007802,STU00978,MAT0012,3,TP,9.96,2,2023-04-16,25,19.92
NOT007803,STU00978,MAT0021,4,CC,9.61,3,2023-05-17,25,28.829998
NOT007804,STU00978,MAT0032,3,PROJET,12.58,3,2024-05-16,25,37.739998
NOT007805,STU00979,MAT0033,1,CC,11.52,2,2024-05-17,24,23.04
NOT007806,STU00979,MAT0008,1,CC,10.33,1,2024-04-16,24,10.33
NOT007807,STU00979,MAT0009,2,CC,13.28,2,2023-04-15,24,26.56
NOT007808,STU00979,MAT0024,1,PROJET,17.17,2,2024-04-16,24,34.34
NOT007809,STU00979,MAT0035,4,PROJET,16.92,2,2023-05-17,24,33.84
NOT007810,STU00979,MAT0018,1,CC,6.23,2,2024-04-16,24,12.46
NOT007811,STU00980,MAT0027,2,PROJET,13.73,3,2023-05-16,25,41.19
NOT007812,STU00980,MAT0030,1,CC,11.47,2,2023-05-17,25,22.94
NOT007813,STU00980,MAT0008,4,EXAMEN,12.47,1,2023-05-16,25,12.47
NOT007814,STU00980,MAT0024,1,EXAMEN,10.81,1,2023-05-16,25,10.81
NOT007815,STU00980,MAT0015,4,TP,12.35,2,2023-04-16,25,24.7
NOT007816,STU00980,MAT0024,4,PROJET,12.45,2,2023-05-16,25,24.9
NOT007817,STU00980,MAT0034,1,EXAMEN,10.26,3,2024-05-16,25,30.78
NOT007818,STU00980,MAT0014,1,PROJET,9.31,2,2023-05-16,25,18.62
NOT007819,STU00981,MAT0025,1,CC,10.65,3,2023-04-15,24,31.949999
NOT007820,STU00981,MAT0021,1,PROJET,12.7,3,2023-04-16,24,38.1
NOT007821,STU00981,MAT0019,3,TP,13.8,2,2023-05-17,24,27.6
NOT007822,STU00981,MAT0023,4,CC,14.56,2,2023-05-17,24,29.12
NOT007823,STU00981,MAT0021,3,EXAMEN,10.52,2,2024-05-16,24,21.04
NOT007824,STU00981,MAT0025,1,PROJET,12.85,3,2023-05-17,24,38.550003
NOT007825,STU00981,MAT0015,4,PROJET,14.89,1,2024-05-17,24,14.89
NOT007826,STU00982,MAT0032,1,TP,15.5,2,2024-04-15,25,31.0
NOT007827,STU00982,MAT0004,1,PROJET,11.82,2,2024-04-16,25,23.64
NOT007828,STU00982,MAT0010,4,PROJET,11.34,1,2024-05-16,25,11.34
NOT007829,STU00982,MAT0016,4,EXAMEN,12.57,3,2024-04-16,25,37.71
NOT007830,STU00982,MAT0032,1,CC,8.55,2,2024-05-16,25,17.1
NOT007831,STU00982,MAT0015,1,PROJET,11.42,2,2023-05-17,25,22.84
NOT007832,STU00982,MAT0014,2,TP,14.23,1,2023-04-16,25,14.23
NOT007833,STU00982,MAT0031,3,EXAMEN,13.93,1,2024-05-17,25,13.93
NOT007834,STU00983,MAT0016,3,TP,11.19,3,2024-05-17,24,33.57
NOT007835,STU00983,MAT0012,1,CC,12.65,2,2023-04-15,24,25.3
NOT007836,STU00983,MAT0001,4,PROJET,9.53,1,2024-04-16,24,9.53
NOT007837,STU00983,MAT0033,1,EXAMEN,14.11,2,2024-04-16,24,28.22
NOT007838,STU00983,MAT0022,3,PROJET,11.77,2,2024-04-16,24,23.54
NOT007839,STU00983,MAT0024,2,TP,11.17,3,2024-04-15,24,33.510002
NOT007840,STU00984,MAT0013,1,CC,10.91,2,2024-05-16,25,21.82
NOT007841,STU00984,MAT0035,2,PROJET,11.81,2,2024-05-16,25,23.62
NOT007842,STU00984,MAT0015,2,PROJET,10.66,2,2024-05-17,25,21.32
NOT007843,STU00984,MAT0002,4,PROJET,13.97,3,2024-04-15,25,41.91
NOT007844,STU00984,MAT0007,4,PROJET,10.81,2,2023-05-16,25,21.62
NOT007845,STU00984,MAT0020,1,CC,16.78,2,2024-05-16,25,33.56
NOT007846,STU00984,MAT0028,4,TP,16.4,1,2024-05-17,25,16.4
NOT007847,STU00984,MAT0028,2,EXAMEN,9.33,2,2024-05-16,25,18.66
NOT007848,STU00984,MAT0026,2,TP,12.21,2,2023-05-16,25,24.42
NOT007849,STU00984,MAT0013,1,EXAMEN,10.05,2,2024-04-16,25,20.1
NOT007850,STU00985,MAT0029,3,PROJET,11.02,3,2023-05-17,24,33.06
NOT007851,STU00985,MAT0016,1,CC,18.01,2,2024-05-16,24,36.02
NOT007852,STU00985,MAT0027,2,CC,11.08,1,2023-04-16,24,11.08
NOT007853,STU00985,MAT0029,1,PROJET,13.08,2,2024-05-17,24,26.16
NOT007854,STU00985,MAT0035,2,EXAMEN,13.62,2,2023-04-15,24,27.24
NOT007855,STU00985,MAT0032,2,TP,9.0,1,2024-04-16,24,9.0
NOT007856,STU00986,MAT0002,4,EXAMEN,9.43,2,2023-04-16,25,18.86
NOT007857,STU00986,MAT0013,3,CC,8.38,2,2023-05-16,25,16.76
NOT007858,STU00986,MAT0035,4,TP,9.34,2,2024-05-16,25,18.68
NOT007859,STU00986,MAT0035,2,CC,3.45,1,2023-04-16,25,3.45
NOT007860,STU00986,MAT0020,2,CC,13.63,2,2023-04-16,25,27.26
NOT007861,STU00986,MAT0003,4,TP,18.16,2,2023-05-17,25,36.32
NOT007862,STU00986,MAT0021,2,EXAMEN,12.44,2,2023-05-16,25,24.88
NOT007863,STU00986,MAT0005,4,TP,7.75,2,2024-04-15,25,15.5
NOT007864,STU00986,MAT0020,1,PROJET,10.07,2,2024-05-17,25,20.14
NOT007865,STU00987,MAT0002,1,PROJET,10.62,2,2023-05-17,24,21.24
NOT007866,STU00987,MAT0024,2,TP,8.95,1,2024-05-17,24,8.95
NOT007867,STU00987,MAT0024,3,EXAMEN,14.58,2,2024-04-15,24,29.16
NOT007868,STU00987,MAT0013,3,PROJET,14.43,3,2023-05-17,24,43.29
NOT007869,STU00987,MAT0020,3,CC,8.53,1,2023-04-16,24,8.53
NOT007870,STU00987,MAT0006,3,PROJET,14.18,2,2023-04-16,24,28.36
NOT007871,STU00987,MAT0019,1,CC,16.58,3,2024-05-17,24,49.739998
NOT007872,STU00987,MAT0025,3,TP,17.71,1,2023-05-16,24,17.71
NOT007873,STU00987,MAT0005,1,CC,20.0,3,2024-05-17,24,60.0
NOT007874,STU00987,MAT0030,4,TP,9.29,2,2024-05-16,24,18.58
NOT007875,STU00988,MAT0016,3,EXAMEN,20.0,3,2023-04-15,25,60.0
NOT007876,STU00988,MAT0014,1,EXAMEN,10.94,1,2024-04-15,25,10.94
NOT007877,STU00988,MAT0024,2,TP,10.22,2,2024-04-15,25,20.44
NOT007878,STU00988,MAT0031,3,PROJET,12.98,2,2023-04-16,25,25.96
NOT007879,STU00988,MAT0021,4,TP,10.25,1,2023-05-16,25,10.25
NOT007880,STU00988,MAT0028,3,PROJET,13.2,2,2023-04-15,25,26.4
NOT007881,STU00988,MAT0016,1,CC,8.04,2,2023-04-16,25,16.08
NOT007882,STU00988,MAT0013,4,TP,11.28,2,2024-05-17,25,22.56
NOT007883,STU00988,MAT0008,1,CC,15.86,2,2024-05-16,25,31.72
NOT007884,STU00988,MAT0014,3,PROJET,11.83,2,2023-04-16,25,23.66
NOT007885,STU00989,MAT0012,3,EXAMEN,12.42,2,2024-04-16,24,24.84
NOT007886,STU00989,MAT0028,3,EXAMEN,13.43,3,2024-05-17,24,40.29
NOT007887,STU00989,MAT0024,1,PROJET,15.51,1,2024-04-16,24,15.51
NOT007888,STU00989,MAT0003,4,EXAMEN,7.03,3,2024-05-16,24,21.09
NOT007889,STU00989,MAT0029,4,CC,13.75,2,2024-05-16,24,27.5
NOT007890,STU00989,MAT0018,3,PROJET,11.2,2,2024-05-17,24,22.4
NOT007891,STU00990,MAT0001,2,CC,12.5,2,2023-05-17,25,25.0
NOT007892,STU00990,MAT0028,3,PROJET,15.18,2,2024-04-15,25,30.36
NOT007893,STU00990,MAT0010,4,PROJET,8.42,2,2023-05-17,25,16.84
NOT007894,STU00990,MAT0029,1,TP,8.96,3,2023-05-16,25,26.880001
NOT007895,STU00990,MAT0007,3,EXAMEN,6.19,1,2024-04-16,25,6.19
NOT007896,STU00990,MAT0032,4,CC,10.35,2,2024-05-17,25,20.7
NOT007897,STU00990,MAT0026,2,PROJET,15.99,2,2024-04-15,25,31.98
NOT007898,STU00990,MAT0026,1,CC,11.64,1,2023-04-15,25,11.64
NOT007899,STU00990,MAT0029,1,EXAMEN,7.98,2,2023-04-16,25,15.96
NOT007900,STU00990,MAT0028,3,CC,10.54,2,2024-04-16,25,21.08
NOT007901,STU00991,MAT0003,4,PROJET,7.54,2,2024-04-16,24,15.08
NOT007902,STU00991,MAT0030,4,PROJET,8.62,1,2023-04-15,24,8.62
NOT007903,STU00991,MAT0001,2,PROJET,13.17,2,2023-04-16,24,26.34
NOT007904,STU00991,MAT0013,1,TP,8.48,1,2024-05-17,24,8.48
NOT007905,STU00991,MAT0006,3,EXAMEN,15.34,2,2023-05-17,24,30.68
NOT007906,STU00991,MAT0004,1,CC,11.79,3,2024-05-16,24,35.37
NOT007907,STU00991,MAT0002,1,TP,12.26,3,2024-05-16,24,36.78
NOT007908,STU00991,MAT0012,3,TP,11.16,2,2023-04-16,24,22.32
NOT007909,STU00991,MAT0006,4,EXAMEN,14.32,2,2023-04-15,24,28.64
NOT007910,STU00991,MAT0003,1,CC,14.35,3,2023-04-15,24,43.050003
NOT007911,STU00992,MAT0027,2,EXAMEN,13.01,3,2024-04-15,25,39.03
NOT007912,STU00992,MAT0028,4,EXAMEN,13.69,3,2023-04-15,25,41.07
NOT007913,STU00992,MAT0012,2,TP,11.36,3,2023-05-17,25,34.079998
NOT007914,STU00992,MAT0012,3,CC,13.63,3,2024-04-16,25,40.89
NOT007915,STU00992,MAT0018,2,CC,10.99,1,2023-04-16,25,10.99
NOT007916,STU00992,MAT0028,4,CC,12.01,2,2023-05-16,25,24.02
NOT007917,STU00992,MAT0016,4,CC,11.18,2,2023-05-17,25,22.36
NOT007918,STU00993,MAT0028,2,CC,10.63,3,2024-05-17,24,31.89
NOT007919,STU00993,MAT0006,3,TP,9.93,2,2023-05-16,24,19.86
NOT007920,STU00993,MAT0004,3,PROJET,13.4,2,2024-04-16,24,26.8
NOT007921,STU00993,MAT0026,1,PROJET,15.93,2,2024-05-17,24,31.86
NOT007922,STU00993,MAT0020,4,CC,15.51,2,2023-04-16,24,31.02
NOT007923,STU00993,MAT0029,3,TP,8.23,3,2023-04-16,24,24.689999
NOT007924,STU00993,MAT0006,3,CC,15.87,3,2024-05-17,24,47.61
NOT007925,STU00994,MAT0031,2,EXAMEN,11.05,1,2024-04-15,25,11.05
NOT007926,STU00994,MAT0024,4,EXAMEN,13.8,2,2023-04-16,25,27.6
NOT007927,STU00994,MAT0023,2,PROJET,9.28,2,2023-04-16,25,18.56
NOT007928,STU00994,MAT0019,3,TP,12.43,2,2023-05-17,25,24.86
NOT007929,STU00994,MAT0031,4,CC,12.94,1,2024-04-16,25,12.94
NOT007930,STU00994,MAT0024,1,CC,7.55,2,2024-04-16,25,15.1
NOT007931,STU00994,MAT0034,3,PROJET,13.82,3,2024-04-15,25,41.46
NOT007932,STU00994,MAT0007,4,PROJET,16.04,2,2024-04-16,25,32.08
NOT007933,STU00995,MAT0013,3,CC,11.48,2,2024-05-17,24,22.96
NOT007934,STU00995,MAT0020,2,TP,16.08,1,2023-04-15,24,16.08
NOT007935,STU00995,MAT0009,4,CC,11.43,2,2023-05-17,24,22.86
NOT007936,STU00995,MAT0010,4,PROJET,14.55,2,2024-05-16,24,29.1
NOT007937,STU00995,MAT0025,2,EXAMEN,5.34,3,2024-04-15,24,16.02
NOT007938,STU00995,MAT0028,1,EXAMEN,19.26,2,2023-05-17,24,38.52
NOT007939,STU00996,MAT0019,4,TP,16.49,2,2023-05-17,25,32.98
NOT007940,STU00996,MAT0016,1,EXAMEN,11.15,2,2023-05-16,25,22.3
NOT007941,STU00996,MAT0018,4,CC,6.08,2,2024-04-16,25,12.16
NOT007942,STU00996,MAT0003,1,PROJET,12.86,2,2024-05-17,25,25.72
NOT007943,STU00996,MAT0001,3,CC,7.67,3,2023-05-16,25,23.01
NOT007944,STU00996,MAT0035,4,EXAMEN,13.33,1,2023-04-15,25,13.33
NOT007945,STU00997,MAT0022,3,CC,13.23,1,2023-04-15,24,13.23
NOT007946,STU00997,MAT0006,2,TP,9.18,1,2023-05-17,24,9.18
NOT007947,STU00997,MAT0001,2,EXAMEN,15.36,1,2024-05-16,24,15.36
NOT007948,STU00997,MAT0024,4,TP,14.42,2,2024-04-16,24,28.84
NOT007949,STU00997,MAT0033,4,EXAMEN,14.93,3,2024-04-15,24,44.79
NOT007950,STU00997,MAT0001,4,TP,12.03,1,2024-05-16,24,12.03
NOT007951,STU00998,MAT0024,2,PROJET,7.75,1,2023-04-16,25,7.75
NOT007952,STU00998,MAT0033,1,EXAMEN,14.93,3,2024-05-17,25,44.79
NOT007953,STU00998,MAT0021,4,CC,11.19,2,2024-04-15,25,22.38
NOT007954,STU00998,MAT0027,4,CC,7.83,1,2024-05-17,25,7.83
NOT007955,STU00998,MAT0030,1,TP,16.06,2,2023-04-16,25,32.12
NOT007956,STU00998,MAT0024,3,EXAMEN,18.3,2,2023-05-17,25,36.6
NOT007957,STU00998,MAT0009,1,CC,11.88,2,2024-04-16,25,23.76
NOT007958,STU00998,MAT0013,4,CC,18.48,2,2024-05-17,25,36.96
NOT007959,STU00998,MAT0002,3,EXAMEN,12.27,2,2023-05-16,25,24.54
NOT007960,STU00999,MAT0032,2,PROJET,10.86,2,2024-05-16,24,21.72
NOT007961,STU00999,MAT0025,2,CC,10.11,2,2023-05-16,24,20.22
NOT007962,STU00999,MAT0011,1,TP,16.91,3,2023-04-16,24,50.73
NOT007963,STU00999,MAT0025,3,PROJET,9.66,3,2024-04-16,24,28.98
NOT007964,STU00999,MAT0022,2,TP,14.21,1,2024-05-16,24,14.21
NOT007965,STU00999,MAT0035,3,CC,10.32,2,2023-04-15,24,20.64
NOT007966,STU00999,MAT0035,1,TP,10.62,2,2024-04-16,24,21.24
NOT007967,STU00999,MAT0019,3,EXAMEN,15.09,1,2024-04-16,24,15.09
NOT007968,STU00999,MAT0028,1,EXAMEN,10.86,1,2023-04-15,24,10.86
NOT007969,STU01000,MAT0004,2,PROJET,10.79,2,2024-05-17,25,21.58
NOT007970,STU01000,MAT0008,2,TP,15.4,1,2023-05-16,25,15.4
NOT007971,STU01000,MAT0016,1,EXAMEN,16.79,3,2024-04-16,25,50.370003
NOT007972,STU01000,MAT0012,1,CC,13.93,2,2024-04-16,25,27.86
NOT007973,STU01000,MAT0026,2,EXAMEN,10.04,3,2024-05-17,25,30.119999
NOT007974,STU01000,MAT0002,3,EXAMEN,10.47,3,2023-04-15,25,31.41
NOT007975,STU01000,MAT0005,4,TP,12.24,1,2024-05-17,25,12.24
NOT007976,STU01000,MAT0015,2,CC,12.96,2,2024-04-15,25,25.92
NOT007977,STU01000,MAT0006,4,EXAMEN,9.04,1,2023-05-16,25,9.04
NOT007978,STU01001,MAT0015,1,TP,14.17,3,2023-05-17,24,42.510002
NOT007979,STU01001,MAT0006,3,TP,12.26,2,2023-04-16,24,24.52
NOT007980,STU01001,MAT0014,1,PROJET,6.85,2,2024-05-17,24,13.7
NOT007981,STU01001,MAT0035,3,TP,9.21,2,2023-05-16,24,18.42
NOT007982,STU01001,MAT0013,4,CC,10.49,2,2023-05-17,24,20.98
NOT007983,STU01001,MAT0014,4,TP,11.78,2,2024-05-16,24,23.56
NOT007984,STU01001,MAT0021,2,TP,17.67,2,2023-04-16,24,35.34
NOT007985,STU01001,MAT0011,4,PROJET,12.71,2,2024-04-16,24,25.42
NOT007986,STU01001,MAT0026,2,EXAMEN,9.48,1,2023-04-15,24,9.48
NOT007987,STU01001,MAT0031,4,TP,12.66,1,2024-04-15,24,12.66
NOT007988,STU01002,MAT0013,2,CC,10.94,3,2023-04-15,25,32.82
NOT007989,STU01002,MAT0010,2,CC,12.97,1,2024-05-17,25,12.97
NOT007990,STU01002,MAT0013,2,TP,13.74,2,2024-04-16,25,27.48
NOT007991,STU01002,MAT0005,1,CC,15.63,2,2024-04-15,25,31.26
NOT007992,STU01002,MAT0031,4,TP,11.93,2,2023-05-16,25,23.86
NOT007993,STU01002,MAT0019,3,PROJET,16.92,2,2024-05-16,25,33.84
NOT007994,STU01003,MAT0003,4,PROJET,14.72,2,2023-04-16,24,29.44
NOT007995,STU01003,MAT0007,4,CC,9.88,2,2023-04-15,24,19.76
NOT007996,STU01003,MAT0028,1,CC,18.63,3,2024-04-16,24,55.89
NOT007997,STU01003,MAT0018,2,TP,12.98,1,2024-04-16,24,12.98
NOT007998,STU01003,MAT0003,1,PROJET,9.49,1,2024-04-15,24,9.49
NOT007999,STU01003,MAT0033,1,PROJET,16.96,1,2024-04-15,24,16.96
NOT008000,STU01003,MAT0004,2,TP,18.23,2,2023-04-15,24,36.46
NOT008001,STU01003,MAT0003,3,PROJET,11.9,1,2023-04-16,24,11.9
NOT008002,STU01003,MAT0025,3,CC,10.49,3,2024-04-16,24,31.47
NOT008003,STU01004,MAT0012,3,EXAMEN,11.48,2,2023-05-17,25,22.96
NOT008004,STU01004,MAT0006,4,EXAMEN,14.14,2,2024-05-17,25,28.28
NOT008005,STU01004,MAT0005,2,TP,15.83,2,2023-04-16,25,31.66
NOT008006,STU01004,MAT0030,4,TP,13.71,2,2023-04-15,25,27.42
NOT008007,STU01004,MAT0029,1,PROJET,12.31,2,2024-04-16,25,24.62
NOT008008,STU01004,MAT0024,3,TP,16.49,2,2023-05-17,25,32.98
NOT008009,STU01005,MAT0018,1,PROJET,11.06,2,2024-05-16,24,22.12
NOT008010,STU01005,MAT0013,4,CC,15.09,2,2024-04-16,24,30.18
NOT008011,STU01005,MAT0020,1,CC,11.14,2,2024-05-17,24,22.28
NOT008012,STU01005,MAT0020,1,TP,13.29,2,2023-04-15,24,26.58
NOT008013,STU01005,MAT0017,3,PROJET,11.66,1,2024-05-17,24,11.66
NOT008014,STU01005,MAT0027,1,CC,11.83,1,2023-04-15,24,11.83
NOT008015,STU01005,MAT0016,3,TP,10.87,3,2023-05-16,24,32.61
NOT008016,STU01005,MAT0008,4,TP,16.03,2,2023-05-16,24,32.06
NOT008017,STU01005,MAT0029,1,CC,9.8,1,2023-05-16,24,9.8
NOT008018,STU01006,MAT0007,3,PROJET,9.78,3,2024-04-15,25,29.34
NOT008019,STU01006,MAT0001,4,PROJET,18.36,2,2024-05-16,25,36.72
NOT008020,STU01006,MAT0001,3,PROJET,14.93,3,2023-04-16,25,44.79
NOT008021,STU01006,MAT0019,4,TP,4.84,1,2024-05-16,25,4.84
NOT008022,STU01006,MAT0033,2,EXAMEN,10.3,2,2023-05-17,25,20.6
NOT008023,STU01006,MAT0029,4,EXAMEN,6.56,2,2024-05-16,25,13.12
NOT008024,STU01007,MAT0025,2,CC,9.15,3,2024-04-16,24,27.449999
NOT008025,STU01007,MAT0011,1,CC,2.58,2,2023-04-16,24,5.16
NOT008026,STU01007,MAT0013,1,PROJET,11.59,2,2023-05-16,24,23.18
NOT008027,STU01007,MAT0024,2,EXAMEN,8.57,2,2023-05-17,24,17.14
NOT008028,STU01007,MAT0004,3,PROJET,12.18,2,2023-04-15,24,24.36
NOT008029,STU01007,MAT0001,4,TP,7.12,3,2024-05-16,24,21.36
NOT008030,STU01007,MAT0014,1,PROJET,12.25,2,2024-04-16,24,24.5
NOT008031,STU01007,MAT0031,2,PROJET,10.76,2,2023-04-16,24,21.52
NOT008032,STU01008,MAT0008,1,TP,16.51,3,2023-05-16,25,49.53
NOT008033,STU01008,MAT0003,1,PROJET,16.23,2,2023-04-15,25,32.46
NOT008034,STU01008,MAT0002,3,CC,14.36,1,2023-04-16,25,14.36
NOT008035,STU01008,MAT0010,3,TP,11.02,3,2023-04-15,25,33.06
NOT008036,STU01008,MAT0023,4,PROJET,17.96,2,2024-04-16,25,35.92
NOT008037,STU01008,MAT0035,3,TP,7.34,2,2024-04-16,25,14.68
NOT008038,STU01008,MAT0004,4,EXAMEN,7.79,2,2024-05-17,25,15.58
NOT008039,STU01008,MAT0004,4,EXAMEN,11.75,2,2023-05-16,25,23.5
NOT008040,STU01009,MAT0025,2,EXAMEN,18.76,3,2024-04-15,24,56.28
NOT008041,STU01009,MAT0003,1,EXAMEN,11.39,1,2024-04-16,24,11.39
NOT008042,STU01009,MAT0010,4,TP,11.45,2,2024-04-16,24,22.9
NOT008043,STU01009,MAT0015,1,TP,7.67,1,2024-05-16,24,7.67
NOT008044,STU01009,MAT0020,1,PROJET,14.84,3,2024-04-16,24,44.52
NOT008045,STU01009,MAT0026,2,TP,14.86,1,2024-04-16,24,14.86
NOT008046,STU01010,MAT0031,3,CC,14.37,3,2024-05-17,25,43.11
NOT008047,STU01010,MAT0009,1,PROJET,10.11,3,2023-04-15,25,30.329998
NOT008048,STU01010,MAT0006,3,EXAMEN,9.88,2,2024-04-15,25,19.76
NOT008049,STU01010,MAT0019,2,PROJET,8.12,2,2024-05-16,25,16.24
NOT008050,STU01010,MAT0026,1,CC,12.25,2,2023-04-15,25,24.5
NOT008051,STU01010,MAT0025,2,CC,8.76,2,2023-05-17,25,17.52
NOT008052,STU01011,MAT0032,2,PROJET,8.47,1,2024-05-16,24,8.47
NOT008053,STU01011,MAT0029,1,PROJET,10.73,3,2023-04-16,24,32.19
NOT008054,STU01011,MAT0023,1,PROJET,10.53,2,2024-05-17,24,21.06
NOT008055,STU01011,MAT0028,1,TP,10.39,3,2023-05-16,24,31.170002
NOT008056,STU01011,MAT0008,4,CC,13.4,3,2024-05-16,24,40.199997
NOT008057,STU01011,MAT0006,1,CC,12.24,3,2024-05-16,24,36.72
NOT008058,STU01011,MAT0014,1,TP,11.14,2,2024-04-16,24,22.28
NOT008059,STU01011,MAT0012,1,EXAMEN,12.55,3,2023-04-15,24,37.65
NOT008060,STU01012,MAT0035,3,CC,9.03,3,2024-05-16,25,27.09
NOT008061,STU01012,MAT0016,1,TP,12.32,1,2024-04-15,25,12.32
NOT008062,STU01012,MAT0034,2,PROJET,12.45,2,2023-04-15,25,24.9
NOT008063,STU01012,MAT0020,3,TP,7.49,2,2024-05-16,25,14.98
NOT008064,STU01012,MAT0016,3,EXAMEN,14.99,3,2023-05-16,25,44.97
NOT008065,STU01012,MAT0001,1,PROJET,9.36,2,2024-05-17,25,18.72
NOT008066,STU01012,MAT0009,2,PROJET,12.27,2,2024-04-16,25,24.54
NOT008067,STU01013,MAT0025,2,EXAMEN,15.49,2,2024-05-16,24,30.98
NOT008068,STU01013,MAT0013,1,TP,14.78,2,2024-05-17,24,29.56
NOT008069,STU01013,MAT0011,2,EXAMEN,12.1,3,2023-05-16,24,36.300003
NOT008070,STU01013,MAT0009,3,PROJET,10.91,2,2024-05-17,24,21.82
NOT008071,STU01013,MAT0015,1,CC,14.84,2,2024-04-15,24,29.68
NOT008072,STU01013,MAT0018,2,CC,14.02,1,2023-04-16,24,14.02
NOT008073,STU01014,MAT0017,1,PROJET,10.14,2,2023-04-15,25,20.28
NOT008074,STU01014,MAT0002,4,EXAMEN,9.62,2,2023-05-16,25,19.24
NOT008075,STU01014,MAT0019,4,CC,5.78,2,2023-04-15,25,11.56
NOT008076,STU01014,MAT0029,2,CC,12.46,2,2023-05-16,25,24.92
NOT008077,STU01014,MAT0013,1,PROJET,11.75,1,2024-04-16,25,11.75
NOT008078,STU01014,MAT0009,1,PROJET,15.41,2,2024-04-16,25,30.82
NOT008079,STU01014,MAT0033,1,EXAMEN,13.08,2,2024-04-16,25,26.16
NOT008080,STU01014,MAT0006,4,TP,16.0,1,2023-05-16,25,16.0
NOT008081,STU01015,MAT0006,4,TP,9.91,2,2024-05-17,24,19.82
NOT008082,STU01015,MAT0009,1,TP,15.41,1,2023-04-15,24,15.41
NOT008083,STU01015,MAT0023,1,CC,10.41,1,2023-04-15,24,10.41
NOT008084,STU01015,MAT0007,2,PROJET,14.33,3,2023-04-16,24,42.989998
NOT008085,STU01015,MAT0019,3,CC,7.62,1,2024-05-16,24,7.62
NOT008086,STU01015,MAT0013,4,CC,12.71,3,2023-05-16,24,38.13
NOT008087,STU01016,MAT0030,4,CC,6.05,3,2023-04-16,25,18.150002
NOT008088,STU01016,MAT0015,3,EXAMEN,11.2,2,2024-04-16,25,22.4
NOT008089,STU01016,MAT0032,1,PROJET,13.32,2,2024-05-16,25,26.64
NOT008090,STU01016,MAT0031,4,EXAMEN,10.44,1,2024-05-17,25,10.44
NOT008091,STU01016,MAT0018,4,EXAMEN,8.85,3,2024-05-16,25,26.550001
NOT008092,STU01016,MAT0018,2,EXAMEN,14.54,2,2024-04-15,25,29.08
NOT008093,STU01017,MAT0004,1,PROJET,11.69,3,2024-05-17,24,35.07
NOT008094,STU01017,MAT0020,2,EXAMEN,10.53,1,2024-05-17,24,10.53
NOT008095,STU01017,MAT0008,4,TP,12.13,1,2024-04-16,24,12.13
NOT008096,STU01017,MAT0005,3,TP,19.91,2,2024-05-17,24,39.82
NOT008097,STU01017,MAT0016,1,PROJET,15.46,3,2023-04-15,24,46.38
NOT008098,STU01017,MAT0035,1,EXAMEN,15.49,2,2024-05-16,24,30.98
NOT008099,STU01017,MAT0020,1,PROJET,13.31,1,2024-04-16,24,13.31
NOT008100,STU01018,MAT0007,3,TP,12.5,2,2023-04-16,25,25.0
NOT008101,STU01018,MAT0007,2,EXAMEN,4.81,1,2023-05-16,25,4.81
NOT008102,STU01018,MAT0024,4,TP,9.96,2,2024-05-16,25,19.92
NOT008103,STU01018,MAT0012,1,PROJET,10.56,3,2023-04-15,25,31.68
NOT008104,STU01018,MAT0014,3,CC,6.38,3,2023-05-17,25,19.14
NOT008105,STU01018,MAT0023,1,CC,8.53,2,2023-05-16,25,17.06
NOT008106,STU01018,MAT0017,4,EXAMEN,6.06,2,2023-04-16,25,12.12
NOT008107,STU01019,MAT0024,1,EXAMEN,11.89,2,2024-05-16,24,23.78
NOT008108,STU01019,MAT0030,3,TP,14.46,1,2024-04-15,24,14.46
NOT008109,STU01019,MAT0032,4,CC,15.32,2,2024-04-15,24,30.64
NOT008110,STU01019,MAT0017,3,EXAMEN,13.24,2,2024-04-16,24,26.48
NOT008111,STU01019,MAT0023,1,PROJET,9.11,1,2023-04-16,24,9.11
NOT008112,STU01019,MAT0006,2,EXAMEN,6.2,1,2023-05-17,24,6.2
NOT008113,STU01020,MAT0033,4,CC,6.73,1,2024-04-15,25,6.73
NOT008114,STU01020,MAT0020,1,EXAMEN,8.19,1,2023-05-16,25,8.19
NOT008115,STU01020,MAT0015,4,EXAMEN,9.33,1,2024-05-16,25,9.33
NOT008116,STU01020,MAT0005,2,EXAMEN,11.52,3,2024-04-16,25,34.56
NOT008117,STU01020,MAT0024,3,TP,8.96,2,2024-05-17,25,17.92
NOT008118,STU01020,MAT0021,3,PROJET,13.02,2,2023-05-17,25,26.04
NOT008119,STU01020,MAT0013,3,EXAMEN,11.3,2,2023-04-16,25,22.6
NOT008120,STU01021,MAT0033,2,TP,12.03,2,2023-04-16,30,24.06
NOT008121,STU01021,MAT0018,2,PROJET,15.42,2,2023-04-15,30,30.84
NOT008122,STU01021,MAT0010,2,TP,8.46,2,2023-04-15,30,16.92
NOT008123,STU01021,MAT0010,4,TP,13.26,1,2023-04-15,30,13.26
NOT008124,STU01021,MAT0029,1,TP,11.96,3,2024-05-17,30,35.88
NOT008125,STU01021,MAT0015,4,EXAMEN,11.0,2,2023-05-16,30,22.0
NOT008126,STU01021,MAT0025,3,TP,14.66,1,2023-05-16,30,14.66
NOT008127,STU01021,MAT0008,2,EXAMEN,14.64,1,2024-04-16,30,14.64
NOT008128,STU01022,MAT0031,4,CC,9.16,3,2023-04-16,1,27.48
NOT008129,STU01022,MAT0035,4,PROJET,11.45,2,2024-04-15,1,22.9
NOT008130,STU01022,MAT0005,1,PROJET,12.84,2,2023-05-16,1,25.68
NOT008131,STU01022,MAT0019,2,TP,11.18,2,2024-04-15,1,22.36
NOT008132,STU01022,MAT0033,1,PROJET,13.76,1,2024-04-15,1,13.76
NOT008133,STU01022,MAT0021,1,PROJET,12.84,2,2024-05-16,1,25.68
NOT008134,STU01022,MAT0014,1,EXAMEN,17.5,2,2024-04-15,1,35.0
NOT008135,STU01022,MAT0003,1,PROJET,7.41,1,2024-05-17,1,7.41
NOT008136,STU01022,MAT0015,3,EXAMEN,11.63,2,2023-05-16,1,23.26
NOT008137,STU01022,MAT0023,1,EXAMEN,9.27,3,2024-04-16,1,27.810001
NOT008138,STU01023,MAT0005,1,TP,13.81,2,2023-05-16,30,27.62
NOT008139,STU01023,MAT0034,2,EXAMEN,7.15,2,2023-05-17,30,14.3
NOT008140,STU01023,MAT0022,1,CC,13.04,3,2024-04-16,30,39.12
NOT008141,STU01023,MAT0013,3,EXAMEN,10.11,2,2024-04-15,30,20.22
NOT008142,STU01023,MAT0020,3,EXAMEN,9.8,2,2024-04-16,30,19.6
NOT008143,STU01023,MAT0031,4,PROJET,7.66,3,2023-05-16,30,22.98
NOT008144,STU01024,MAT0026,4,CC,10.6,1,2023-04-15,1,10.6
NOT008145,STU01024,MAT0009,4,TP,15.25,2,2024-04-16,1,30.5
NOT008146,STU01024,MAT0009,1,EXAMEN,11.92,3,2024-05-17,1,35.760002
NOT008147,STU01024,MAT0021,4,CC,13.88,3,2023-05-17,1,41.64
NOT008148,STU01024,MAT0027,1,TP,16.99,1,2024-05-16,1,16.99
NOT008149,STU01024,MAT0032,2,TP,12.79,1,2024-04-15,1,12.79
NOT008150,STU01025,MAT0020,4,EXAMEN,10.32,2,2023-05-16,30,20.64
NOT008151,STU01025,MAT0025,4,CC,13.4,3,2023-04-15,30,40.199997
NOT008152,STU01025,MAT0001,1,CC,10.37,2,2023-05-16,30,20.74
NOT008153,STU01025,MAT0035,3,TP,10.49,2,2024-04-15,30,20.98
NOT008154,STU01025,MAT0026,3,PROJET,7.44,3,2023-05-16,30,22.32
NOT008155,STU01025,MAT0009,1,PROJET,14.78,1,2024-05-17,30,14.78
NOT008156,STU01026,MAT0022,1,TP,10.84,3,2024-05-16,1,32.52
NOT008157,STU01026,MAT0003,4,TP,12.55,2,2023-04-16,1,25.1
NOT008158,STU01026,MAT0018,4,EXAMEN,8.89,2,2023-05-16,1,17.78
NOT008159,STU01026,MAT0031,4,TP,13.31,2,2023-05-17,1,26.62
NOT008160,STU01026,MAT0020,1,CC,9.71,2,2024-04-15,1,19.42
NOT008161,STU01026,MAT0023,1,TP,11.57,1,2024-05-16,1,11.57
NOT008162,STU01026,MAT0008,2,TP,14.63,2,2024-04-15,1,29.26
NOT008163,STU01026,MAT0017,2,TP,14.37,2,2024-05-17,1,28.74
NOT008164,STU01026,MAT0002,3,EXAMEN,11.93,3,2023-04-15,1,35.79
NOT008165,STU01026,MAT0033,3,PROJET,6.7,2,2023-04-15,1,13.4
NOT008166,STU01027,MAT0013,1,TP,20.0,2,2024-05-17,30,40.0
NOT008167,STU01027,MAT0033,4,EXAMEN,17.24,1,2024-05-16,30,17.24
NOT008168,STU01027,MAT0030,4,EXAMEN,14.17,2,2023-05-17,30,28.34
NOT008169,STU01027,MAT0028,3,TP,9.74,2,2024-05-16,30,19.48
NOT008170,STU01027,MAT0001,1,CC,11.66,2,2024-04-16,30,23.32
NOT008171,STU01027,MAT0022,2,PROJET,10.37,2,2024-04-15,30,20.74
NOT008172,STU01027,MAT0011,3,EXAMEN,15.79,2,2024-04-16,30,31.58
NOT008173,STU01027,MAT0013,2,EXAMEN,12.79,3,2023-05-17,30,38.37
NOT008174,STU01027,MAT0021,4,EXAMEN,9.65,1,2024-05-16,30,9.65
NOT008175,STU01028,MAT0033,3,CC,10.59,1,2023-04-15,1,10.59
NOT008176,STU01028,MAT0020,3,CC,15.36,2,2023-05-17,1,30.72
NOT008177,STU01028,MAT0013,2,CC,16.8,3,2023-05-17,1,50.399998
NOT008178,STU01028,MAT0031,4,TP,16.58,2,2024-05-16,1,33.16
NOT008179,STU01028,MAT0015,2,CC,14.27,3,2024-05-16,1,42.81
NOT008180,STU01028,MAT0020,3,TP,11.24,2,2023-05-17,1,22.48
NOT008181,STU01029,MAT0006,4,TP,2.28,2,2024-04-16,30,4.56
NOT008182,STU01029,MAT0015,3,TP,12.89,3,2024-04-16,30,38.670002
NOT008183,STU01029,MAT0029,1,CC,11.99,1,2024-04-15,30,11.99
NOT008184,STU01029,MAT0011,1,TP,12.42,2,2023-04-15,30,24.84
NOT008185,STU01029,MAT0030,3,TP,12.16,1,2023-04-16,30,12.16
NOT008186,STU01029,MAT0016,1,TP,8.02,2,2024-05-17,30,16.04
NOT008187,STU01029,MAT0002,3,CC,13.67,2,2024-04-16,30,27.34
NOT008188,STU01030,MAT0005,1,EXAMEN,13.9,2,2023-05-17,1,27.8
NOT008189,STU01030,MAT0033,4,TP,14.05,1,2023-04-16,1,14.05
NOT008190,STU01030,MAT0009,3,EXAMEN,14.84,2,2024-04-15,1,29.68
NOT008191,STU01030,MAT0004,2,CC,13.81,3,2023-05-16,1,41.43
NOT008192,STU01030,MAT0014,4,CC,10.77,2,2023-05-17,1,21.54
NOT008193,STU01030,MAT0030,2,EXAMEN,11.79,1,2024-04-16,1,11.79
NOT008194,STU01030,MAT0013,3,TP,12.27,3,2024-04-15,1,36.81
NOT008195,STU01030,MAT0029,4,EXAMEN,12.32,2,2024-04-16,1,24.64
NOT008196,STU01030,MAT0023,3,CC,14.99,3,2023-04-16,1,44.97
NOT008197,STU01031,MAT0003,4,EXAMEN,13.93,3,2024-05-17,30,41.79
NOT008198,STU01031,MAT0015,1,CC,18.23,1,2024-05-16,30,18.23
NOT008199,STU01031,MAT0002,2,EXAMEN,18.62,1,2023-04-15,30,18.62
NOT008200,STU01031,MAT0034,1,EXAMEN,12.24,2,2024-05-17,30,24.48
NOT008201,STU01031,MAT0024,2,PROJET,0.49,1,2023-05-17,30,0.49
NOT008202,STU01031,MAT0009,2,PROJET,15.71,2,2023-04-16,30,31.42
NOT008203,STU01031,MAT0027,3,EXAMEN,10.38,2,2023-05-16,30,20.76
NOT008204,STU01032,MAT0034,3,EXAMEN,9.6,1,2023-05-17,1,9.6
NOT008205,STU01032,MAT0008,4,CC,10.8,3,2023-05-16,1,32.4
NOT008206,STU01032,MAT0015,1,CC,10.66,2,2024-04-15,1,21.32
NOT008207,STU01032,MAT0035,2,CC,13.84,3,2023-04-15,1,41.52
NOT008208,STU01032,MAT0029,2,TP,7.32,3,2023-04-16,1,21.960001
NOT008209,STU01032,MAT0011,4,PROJET,8.77,2,2024-05-16,1,17.54
NOT008210,STU01033,MAT0019,2,TP,13.03,2,2024-04-15,30,26.06
NOT008211,STU01033,MAT0014,1,CC,13.87,3,2024-04-16,30,41.61
NOT008212,STU01033,MAT0006,2,TP,13.92,3,2024-04-15,30,41.760002
NOT008213,STU01033,MAT0007,1,TP,9.64,2,2024-04-16,30,19.28
NOT008214,STU01033,MAT0013,4,PROJET,9.07,2,2024-05-17,30,18.14
NOT008215,STU01033,MAT0027,4,TP,10.48,2,2024-04-16,30,20.96
NOT008216,STU01033,MAT0034,2,TP,12.72,3,2024-04-15,30,38.16
NOT008217,STU01034,MAT0028,4,TP,16.46,2,2024-04-16,1,32.92
NOT008218,STU01034,MAT0031,3,TP,5.86,2,2024-04-16,1,11.72
NOT008219,STU01034,MAT0029,2,TP,11.34,2,2023-04-15,1,22.68
NOT008220,STU01034,MAT0003,1,PROJET,8.0,2,2023-05-16,1,16.0
NOT008221,STU01034,MAT0029,1,PROJET,7.04,2,2023-04-15,1,14.08
NOT008222,STU01034,MAT0019,1,TP,14.9,3,2023-05-17,1,44.699997
NOT008223,STU01035,MAT0013,4,EXAMEN,13.63,3,2023-04-15,30,40.89
NOT008224,STU01035,MAT0013,3,TP,13.35,2,2023-05-16,30,26.7
NOT008225,STU01035,MAT0019,4,PROJET,14.76,2,2024-04-16,30,29.52
NOT008226,STU01035,MAT0020,1,TP,10.56,3,2024-05-16,30,31.68
NOT008227,STU01035,MAT0009,1,CC,10.7,2,2024-05-16,30,21.4
NOT008228,STU01035,MAT0007,3,TP,18.56,1,2024-05-17,30,18.56
NOT008229,STU01035,MAT0022,1,PROJET,11.26,1,2023-04-16,30,11.26
NOT008230,STU01035,MAT0028,1,CC,14.21,3,2023-04-15,30,42.63
NOT008231,STU01036,MAT0015,2,PROJET,12.02,2,2024-04-16,1,24.04
NOT008232,STU01036,MAT0002,3,CC,6.46,2,2023-05-17,1,12.92
NOT008233,STU01036,MAT0011,4,TP,5.87,3,2023-05-17,1,17.61
NOT008234,STU01036,MAT0002,2,PROJET,10.26,2,2023-04-15,1,20.52
NOT008235,STU01036,MAT0018,4,TP,15.17,3,2023-04-16,1,45.510002
NOT008236,STU01036,MAT0025,1,TP,14.36,1,2024-04-16,1,14.36
NOT008237,STU01037,MAT0023,1,CC,14.74,3,2023-04-15,30,44.22
NOT008238,STU01037,MAT0008,3,EXAMEN,9.04,2,2024-05-16,30,18.08
NOT008239,STU01037,MAT0013,3,EXAMEN,16.85,2,2023-05-17,30,33.7
NOT008240,STU01037,MAT0004,3,CC,9.11,3,2024-05-16,30,27.329998
NOT008241,STU01037,MAT0014,2,EXAMEN,12.64,2,2024-05-16,30,25.28
NOT008242,STU01037,MAT0019,1,PROJET,11.97,2,2023-04-16,30,23.94
NOT008243,STU01037,MAT0015,2,CC,11.48,2,2023-05-17,30,22.96
NOT008244,STU01038,MAT0007,1,TP,16.02,1,2023-05-16,1,16.02
NOT008245,STU01038,MAT0024,3,PROJET,9.88,2,2024-04-15,1,19.76
NOT008246,STU01038,MAT0018,2,TP,7.95,2,2024-05-16,1,15.9
NOT008247,STU01038,MAT0031,3,EXAMEN,12.06,2,2024-04-15,1,24.12
NOT008248,STU01038,MAT0023,4,EXAMEN,10.8,1,2023-05-16,1,10.8
NOT008249,STU01038,MAT0007,3,EXAMEN,20.0,3,2024-05-16,1,60.0
NOT008250,STU01038,MAT0018,4,CC,14.03,3,2023-04-15,1,42.09
NOT008251,STU01039,MAT0012,2,EXAMEN,10.77,2,2024-05-16,30,21.54
NOT008252,STU01039,MAT0009,2,TP,8.83,1,2023-04-16,30,8.83
NOT008253,STU01039,MAT0022,4,CC,6.36,2,2024-04-16,30,12.72
NOT008254,STU01039,MAT0019,4,CC,8.92,2,2023-05-16,30,17.84
NOT008255,STU01039,MAT0017,4,TP,12.34,2,2023-04-16,30,24.68
NOT008256,STU01039,MAT0018,3,PROJET,16.28,3,2024-05-16,30,48.840004
NOT008257,STU01040,MAT0010,4,PROJET,15.37,3,2024-05-17,1,46.11
NOT008258,STU01040,MAT0021,1,TP,12.69,1,2023-04-15,1,12.69
NOT008259,STU01040,MAT0008,3,PROJET,11.03,1,2023-05-16,1,11.03
NOT008260,STU01040,MAT0012,2,PROJET,12.81,1,2023-05-17,1,12.81
NOT008261,STU01040,MAT0013,1,EXAMEN,10.44,2,2024-04-16,1,20.88
NOT008262,STU01040,MAT0013,4,TP,17.16,3,2024-04-15,1,51.48
NOT008263,STU01040,MAT0028,3,PROJET,11.43,3,2024-04-16,1,34.29
NOT008264,STU01040,MAT0028,3,TP,11.74,3,2023-05-16,1,35.22
NOT008265,STU01040,MAT0012,2,EXAMEN,5.35,2,2024-04-16,1,10.7
NOT008266,STU01040,MAT0003,4,EXAMEN,11.41,1,2024-05-16,1,11.41
NOT008267,STU01041,MAT0033,3,PROJET,14.51,2,2023-05-17,30,29.02
NOT008268,STU01041,MAT0005,1,TP,8.8,3,2024-04-15,30,26.400002
NOT008269,STU01041,MAT0020,4,TP,9.75,2,2024-05-16,30,19.5
NOT008270,STU01041,MAT0018,1,PROJET,14.38,3,2024-04-15,30,43.14
NOT008271,STU01041,MAT0001,4,CC,7.57,3,2023-04-16,30,22.710001
NOT008272,STU01041,MAT0011,3,PROJET,15.17,2,2024-05-16,30,30.34
NOT008273,STU01041,MAT0001,1,CC,10.4,2,2024-05-17,30,20.8
NOT008274,STU01041,MAT0015,3,PROJET,10.83,2,2023-04-15,30,21.66
NOT008275,STU01041,MAT0023,1,EXAMEN,8.63,2,2023-05-16,30,17.26
NOT008276,STU01041,MAT0001,3,EXAMEN,13.13,1,2023-05-16,30,13.13
NOT008277,STU01042,MAT0027,1,PROJET,19.38,2,2024-05-16,1,38.76
NOT008278,STU01042,MAT0001,2,TP,14.34,2,2023-04-15,1,28.68
NOT008279,STU01042,MAT0005,4,CC,9.41,2,2023-05-16,1,18.82
NOT008280,STU01042,MAT0011,1,PROJET,15.41,2,2023-04-16,1,30.82
NOT008281,STU01042,MAT0017,4,CC,11.05,1,2023-05-16,1,11.05
NOT008282,STU01042,MAT0031,3,TP,16.12,2,2024-05-16,1,32.24
NOT008283,STU01043,MAT0022,4,EXAMEN,14.42,3,2024-04-16,30,43.260002
NOT008284,STU01043,MAT0032,1,PROJET,3.17,2,2023-05-16,30,6.34
NOT008285,STU01043,MAT0033,1,EXAMEN,8.99,1,2023-05-16,30,8.99
NOT008286,STU01043,MAT0010,4,PROJET,14.83,2,2024-04-15,30,29.66
NOT008287,STU01043,MAT0014,1,CC,12.45,1,2024-04-15,30,12.45
NOT008288,STU01043,MAT0011,1,TP,8.93,1,2023-04-16,30,8.93
NOT008289,STU01044,MAT0014,1,PROJET,10.1,3,2023-04-15,1,30.300001
NOT008290,STU01044,MAT0033,2,PROJET,6.28,2,2024-05-17,1,12.56
NOT008291,STU01044,MAT0023,3,PROJET,11.73,3,2024-04-15,1,35.19
NOT008292,STU01044,MAT0018,4,TP,18.63,1,2023-05-16,1,18.63
NOT008293,STU01044,MAT0019,1,TP,14.41,3,2024-05-16,1,43.23
NOT008294,STU01044,MAT0007,4,EXAMEN,18.57,1,2023-04-16,1,18.57
NOT008295,STU01044,MAT0010,1,TP,14.65,2,2023-05-16,1,29.3
NOT008296,STU01044,MAT0033,3,PROJET,15.08,3,2023-04-15,1,45.239998
NOT008297,STU01045,MAT0033,2,EXAMEN,17.92,2,2024-04-16,30,35.84
NOT008298,STU01045,MAT0016,2,CC,13.13,2,2024-05-17,30,26.26
NOT008299,STU01045,MAT0016,4,EXAMEN,11.44,1,2023-05-16,30,11.44
NOT008300,STU01045,MAT0025,4,EXAMEN,15.1,3,2024-04-15,30,45.300003
NOT008301,STU01045,MAT0029,1,CC,16.36,2,2024-05-17,30,32.72
NOT008302,STU01045,MAT0010,4,PROJET,10.56,2,2023-05-17,30,21.12
NOT008303,STU01045,MAT0009,1,TP,9.84,2,2023-05-16,30,19.68
NOT008304,STU01045,MAT0009,4,TP,12.42,3,2023-05-17,30,37.260002
NOT008305,STU01045,MAT0021,3,TP,14.49,2,2024-04-15,30,28.98
NOT008306,STU01045,MAT0032,1,CC,14.39,2,2023-05-17,30,28.78
NOT008307,STU01046,MAT0004,4,TP,7.73,1,2023-04-16,1,7.73
NOT008308,STU01046,MAT0019,3,CC,17.73,2,2024-05-16,1,35.46
NOT008309,STU01046,MAT0005,3,EXAMEN,10.08,1,2023-04-16,1,10.08
NOT008310,STU01046,MAT0027,2,CC,11.2,2,2023-05-17,1,22.4
NOT008311,STU01046,MAT0016,4,CC,9.29,2,2023-05-16,1,18.58
NOT008312,STU01046,MAT0020,2,EXAMEN,20.0,2,2024-04-16,1,40.0
NOT008313,STU01046,MAT0024,1,TP,12.73,3,2024-04-15,1,38.19
NOT008314,STU01046,MAT0025,3,CC,9.45,3,2024-05-17,1,28.349998
NOT008315,STU01046,MAT0012,3,PROJET,14.59,2,2023-05-17,1,29.18
NOT008316,STU01046,MAT0024,3,CC,14.31,3,2023-04-15,1,42.93
NOT008317,STU01047,MAT0001,3,EXAMEN,11.44,3,2023-05-17,30,34.32
NOT008318,STU01047,MAT0021,1,CC,14.52,2,2023-05-17,30,29.04
NOT008319,STU01047,MAT0026,2,EXAMEN,9.52,3,2023-05-16,30,28.560001
NOT008320,STU01047,MAT0015,1,CC,10.52,1,2023-04-16,30,10.52
NOT008321,STU01047,MAT0028,2,TP,5.97,3,2023-05-16,30,17.91
NOT008322,STU01047,MAT0004,4,EXAMEN,8.03,1,2023-04-16,30,8.03
NOT008323,STU01047,MAT0035,4,TP,17.42,2,2024-05-17,30,34.84
NOT008324,STU01047,MAT0025,3,PROJET,16.92,2,2023-05-17,30,33.84
NOT008325,STU01047,MAT0005,4,PROJET,12.2,2,2023-04-15,30,24.4
NOT008326,STU01047,MAT0016,1,PROJET,16.99,3,2023-04-16,30,50.97
NOT008327,STU01048,MAT0017,4,CC,11.52,2,2024-04-15,1,23.04
NOT008328,STU01048,MAT0026,4,CC,11.27,2,2024-04-16,1,22.54
NOT008329,STU01048,MAT0004,3,PROJET,12.17,1,2024-05-17,1,12.17
NOT008330,STU01048,MAT0015,3,EXAMEN,11.63,1,2024-05-16,1,11.63
NOT008331,STU01048,MAT0019,2,EXAMEN,11.35,1,2024-04-15,1,11.35
NOT008332,STU01048,MAT0032,2,EXAMEN,15.43,3,2024-05-16,1,46.29
NOT008333,STU01048,MAT0027,3,CC,12.45,3,2023-04-16,1,37.35
NOT008334,STU01048,MAT0029,3,CC,14.14,1,2024-04-15,1,14.14
NOT008335,STU01048,MAT0017,1,TP,15.09,1,2024-04-16,1,15.09
NOT008336,STU01049,MAT0024,1,TP,13.16,2,2023-04-15,30,26.32
NOT008337,STU01049,MAT0026,4,CC,9.09,2,2024-04-16,30,18.18
NOT008338,STU01049,MAT0015,4,PROJET,7.94,1,2024-04-15,30,7.94
NOT008339,STU01049,MAT0017,4,TP,12.45,1,2024-05-17,30,12.45
NOT008340,STU01049,MAT0002,2,TP,11.49,1,2024-05-16,30,11.49
NOT008341,STU01049,MAT0004,2,TP,12.26,2,2024-04-15,30,24.52
NOT008342,STU01049,MAT0027,2,TP,11.95,2,2024-05-17,30,23.9
NOT008343,STU01049,MAT0032,4,EXAMEN,19.75,2,2024-05-16,30,39.5
NOT008344,STU01050,MAT0012,4,EXAMEN,8.01,2,2023-05-17,1,16.02
NOT008345,STU01050,MAT0011,4,EXAMEN,6.03,2,2024-04-15,1,12.06
NOT008346,STU01050,MAT0006,1,CC,13.0,3,2023-04-16,1,39.0
NOT008347,STU01050,MAT0013,1,PROJET,10.87,3,2024-05-16,1,32.61
NOT008348,STU01050,MAT0001,4,CC,12.95,1,2024-05-17,1,12.95
NOT008349,STU01050,MAT0033,3,PROJET,13.75,2,2024-05-16,1,27.5
NOT008350,STU01050,MAT0034,3,EXAMEN,15.85,1,2023-04-15,1,15.85
NOT008351,STU01051,MAT0002,2,EXAMEN,7.48,2,2023-05-17,30,14.96
NOT008352,STU01051,MAT0003,4,CC,10.33,2,2023-04-16,30,20.66
NOT008353,STU01051,MAT0006,4,TP,13.29,3,2024-05-17,30,39.87
NOT008354,STU01051,MAT0021,4,PROJET,14.31,2,2023-05-16,30,28.62
NOT008355,STU01051,MAT0026,4,TP,18.58,2,2024-05-17,30,37.16
NOT008356,STU01051,MAT0001,1,TP,14.87,2,2024-04-15,30,29.74
NOT008357,STU01051,MAT0030,3,TP,11.83,1,2024-05-16,30,11.83
NOT008358,STU01051,MAT0027,4,PROJET,9.33,2,2024-05-16,30,18.66
NOT008359,STU01051,MAT0020,4,PROJET,10.31,2,2023-04-16,30,20.62
NOT008360,STU01051,MAT0026,4,TP,10.22,2,2024-05-17,30,20.44
NOT008361,STU01052,MAT0035,4,TP,13.97,1,2024-04-16,1,13.97
NOT008362,STU01052,MAT0030,2,EXAMEN,12.77,2,2023-04-15,1,25.54
NOT008363,STU01052,MAT0026,4,PROJET,8.03,2,2023-05-16,1,16.06
NOT008364,STU01052,MAT0035,3,PROJET,10.69,2,2023-05-16,1,21.38
NOT008365,STU01052,MAT0012,2,TP,14.63,1,2023-04-16,1,14.63
NOT008366,STU01052,MAT0026,3,PROJET,13.05,2,2024-05-17,1,26.1
NOT008367,STU01053,MAT0022,3,EXAMEN,13.71,2,2023-05-17,30,27.42
NOT008368,STU01053,MAT0002,4,PROJET,13.15,2,2024-05-17,30,26.3
NOT008369,STU01053,MAT0009,4,CC,16.88,3,2024-05-17,30,50.64
NOT008370,STU01053,MAT0033,3,PROJET,12.71,1,2023-05-17,30,12.71
NOT008371,STU01053,MAT0011,2,EXAMEN,10.84,1,2023-04-16,30,10.84
NOT008372,STU01053,MAT0015,2,PROJET,9.25,3,2024-04-15,30,27.75
NOT008373,STU01053,MAT0032,2,CC,12.75,2,2024-04-16,30,25.5
NOT008374,STU01053,MAT0020,1,CC,4.68,3,2024-04-16,30,14.039999
NOT008375,STU01053,MAT0024,3,PROJET,11.45,2,2023-04-16,30,22.9
NOT008376,STU01054,MAT0027,1,CC,11.38,1,2023-04-16,1,11.38
NOT008377,STU01054,MAT0035,4,TP,7.91,3,2024-05-17,1,23.73
NOT008378,STU01054,MAT0026,2,EXAMEN,9.22,1,2023-04-15,1,9.22
NOT008379,STU01054,MAT0033,2,CC,14.43,2,2023-04-15,1,28.86
NOT008380,STU01054,MAT0006,2,TP,12.69,3,2024-04-16,1,38.07
NOT008381,STU01054,MAT0010,4,PROJET,12.31,1,2024-05-17,1,12.31
NOT008382,STU01054,MAT0017,2,CC,12.92,2,2023-04-15,1,25.84
NOT008383,STU01054,MAT0011,2,CC,12.28,3,2024-04-15,1,36.84
NOT008384,STU01054,MAT0007,3,EXAMEN,15.73,1,2023-04-16,1,15.73
NOT008385,STU01055,MAT0011,4,PROJET,12.37,2,2023-05-17,30,24.74
NOT008386,STU01055,MAT0029,1,CC,7.63,2,2024-04-16,30,15.26
NOT008387,STU01055,MAT0013,1,PROJET,16.89,1,2023-04-16,30,16.89
NOT008388,STU01055,MAT0029,4,CC,13.11,2,2024-04-15,30,26.22
NOT008389,STU01055,MAT0008,3,EXAMEN,10.23,2,2023-05-17,30,20.46
NOT008390,STU01055,MAT0029,1,CC,8.24,2,2024-05-17,30,16.48
NOT008391,STU01055,MAT0003,4,TP,13.19,3,2024-05-16,30,39.57
NOT008392,STU01055,MAT0030,1,CC,11.65,2,2024-05-17,30,23.3
NOT008393,STU01055,MAT0024,2,EXAMEN,16.72,2,2023-05-17,30,33.44
NOT008394,STU01056,MAT0032,3,PROJET,10.96,2,2023-05-16,1,21.92
NOT008395,STU01056,MAT0003,2,PROJET,9.49,2,2024-04-16,1,18.98
NOT008396,STU01056,MAT0007,3,EXAMEN,14.69,2,2023-05-17,1,29.38
NOT008397,STU01056,MAT0018,1,PROJET,14.78,1,2023-04-16,1,14.78
NOT008398,STU01056,MAT0030,2,EXAMEN,12.51,1,2024-04-15,1,12.51
NOT008399,STU01056,MAT0014,3,TP,14.03,1,2023-05-17,1,14.03
NOT008400,STU01056,MAT0020,4,CC,11.89,3,2023-05-16,1,35.670002
NOT008401,STU01057,MAT0009,3,PROJET,12.7,1,2024-04-16,30,12.7
NOT008402,STU01057,MAT0010,3,PROJET,15.49,1,2024-04-15,30,15.49
NOT008403,STU01057,MAT0034,2,PROJET,13.88,1,2023-05-16,30,13.88
NOT008404,STU01057,MAT0022,4,PROJET,11.49,2,2023-04-15,30,22.98
NOT008405,STU01057,MAT0005,1,EXAMEN,16.06,3,2024-05-16,30,48.18
NOT008406,STU01057,MAT0034,2,TP,4.91,3,2024-05-17,30,14.73
NOT008407,STU01057,MAT0005,4,PROJET,18.16,3,2023-05-17,30,54.48
NOT008408,STU01057,MAT0008,2,CC,6.88,2,2024-05-16,30,13.76
NOT008409,STU01058,MAT0011,2,CC,10.12,2,2023-05-17,1,20.24
NOT008410,STU01058,MAT0016,4,EXAMEN,11.88,2,2024-05-17,1,23.76
NOT008411,STU01058,MAT0008,3,PROJET,11.56,3,2024-04-15,1,34.68
NOT008412,STU01058,MAT0023,2,PROJET,15.02,2,2023-04-15,1,30.04
NOT008413,STU01058,MAT0023,2,TP,8.83,1,2023-05-17,1,8.83
NOT008414,STU01058,MAT0010,3,CC,12.78,2,2024-04-16,1,25.56
NOT008415,STU01059,MAT0018,1,CC,10.27,3,2024-05-17,30,30.810001
NOT008416,STU01059,MAT0016,2,PROJET,12.89,3,2023-05-17,30,38.670002
NOT008417,STU01059,MAT0034,1,PROJET,11.81,3,2023-04-16,30,35.43
NOT008418,STU01059,MAT0007,4,TP,12.28,2,2024-04-15,30,24.56
NOT008419,STU01059,MAT0023,3,TP,10.35,1,2024-05-16,30,10.35
NOT008420,STU01059,MAT0011,1,PROJET,10.47,1,2023-04-15,30,10.47
NOT008421,STU01059,MAT0010,2,EXAMEN,12.86,1,2024-04-16,30,12.86
NOT008422,STU01059,MAT0025,1,CC,14.83,2,2023-04-15,30,29.66
NOT008423,STU01059,MAT0011,2,EXAMEN,10.21,3,2023-05-16,30,30.630001
NOT008424,STU01060,MAT0021,4,CC,9.39,3,2024-05-16,1,28.170002
NOT008425,STU01060,MAT0001,4,TP,13.84,1,2024-05-16,1,13.84
NOT008426,STU01060,MAT0005,4,EXAMEN,11.9,2,2024-04-15,1,23.8
NOT008427,STU01060,MAT0013,4,EXAMEN,14.49,1,2023-04-16,1,14.49
NOT008428,STU01060,MAT0032,1,CC,9.28,2,2024-04-15,1,18.56
NOT008429,STU01060,MAT0007,3,EXAMEN,6.66,3,2023-05-16,1,19.98
NOT008430,STU01060,MAT0017,4,CC,10.4,2,2023-05-17,1,20.8
NOT008431,STU01061,MAT0022,4,TP,9.7,3,2024-05-17,30,29.099998
NOT008432,STU01061,MAT0004,3,PROJET,11.76,3,2023-05-16,30,35.28
NOT008433,STU01061,MAT0016,3,TP,10.09,1,2024-05-16,30,10.09
NOT008434,STU01061,MAT0024,2,EXAMEN,14.22,3,2024-05-17,30,42.66
NOT008435,STU01061,MAT0010,2,PROJET,11.14,1,2024-04-15,30,11.14
NOT008436,STU01061,MAT0006,1,PROJET,12.45,2,2024-04-15,30,24.9
NOT008437,STU01061,MAT0010,2,EXAMEN,12.47,3,2023-04-16,30,37.41
NOT008438,STU01061,MAT0030,3,CC,12.58,1,2023-04-16,30,12.58
NOT008439,STU01062,MAT0007,3,PROJET,11.93,1,2024-05-16,1,11.93
NOT008440,STU01062,MAT0007,2,PROJET,13.53,3,2024-05-17,1,40.59
NOT008441,STU01062,MAT0018,4,PROJET,9.61,2,2024-04-16,1,19.22
NOT008442,STU01062,MAT0028,2,CC,16.2,1,2023-04-15,1,16.2
NOT008443,STU01062,MAT0029,1,EXAMEN,11.29,3,2024-04-16,1,33.87
NOT008444,STU01062,MAT0005,3,EXAMEN,8.07,2,2024-05-16,1,16.14
NOT008445,STU01063,MAT0031,1,CC,12.56,1,2023-04-16,30,12.56
NOT008446,STU01063,MAT0022,2,TP,9.45,2,2024-04-16,30,18.9
NOT008447,STU01063,MAT0030,2,TP,14.0,2,2024-04-15,30,28.0
NOT008448,STU01063,MAT0022,4,EXAMEN,18.63,2,2023-05-16,30,37.26
NOT008449,STU01063,MAT0009,2,TP,9.64,2,2023-04-16,30,19.28
NOT008450,STU01063,MAT0018,4,PROJET,13.0,1,2023-05-17,30,13.0
NOT008451,STU01064,MAT0026,2,PROJET,6.73,2,2024-04-16,1,13.46
NOT008452,STU01064,MAT0033,1,EXAMEN,13.36,3,2023-05-17,1,40.079998
NOT008453,STU01064,MAT0013,1,PROJET,9.34,2,2023-04-16,1,18.68
NOT008454,STU01064,MAT0012,1,CC,10.13,2,2024-05-17,1,20.26
NOT008455,STU01064,MAT0002,1,EXAMEN,8.7,2,2023-05-17,1,17.4
NOT008456,STU01064,MAT0029,4,PROJET,14.2,1,2023-05-16,1,14.2
NOT008457,STU01064,MAT0030,2,CC,15.02,3,2023-04-15,1,45.06
NOT008458,STU01064,MAT0007,3,PROJET,12.07,1,2024-04-15,1,12.07
NOT008459,STU01064,MAT0003,2,CC,9.41,3,2023-04-16,1,28.23
NOT008460,STU01064,MAT0028,1,PROJET,16.77,2,2024-05-16,1,33.54
NOT008461,STU01065,MAT0002,4,PROJET,9.75,1,2023-04-15,30,9.75
NOT008462,STU01065,MAT0003,1,CC,5.51,2,2024-04-16,30,11.02
NOT008463,STU01065,MAT0012,3,EXAMEN,13.38,1,2023-04-15,30,13.38
NOT008464,STU01065,MAT0019,4,PROJET,8.69,1,2024-04-15,30,8.69
NOT008465,STU01065,MAT0014,2,TP,14.97,2,2023-04-16,30,29.94
NOT008466,STU01065,MAT0013,4,PROJET,10.86,1,2024-05-17,30,10.86
NOT008467,STU01065,MAT0035,4,PROJET,13.81,3,2024-04-15,30,41.43
NOT008468,STU01065,MAT0019,3,PROJET,16.2,3,2023-05-17,30,48.600002
NOT008469,STU01065,MAT0017,2,PROJET,8.37,1,2023-04-16,30,8.37
NOT008470,STU01066,MAT0003,2,TP,10.3,3,2023-05-17,1,30.900002
NOT008471,STU01066,MAT0003,1,CC,11.77,1,2023-04-15,1,11.77
NOT008472,STU01066,MAT0021,3,TP,16.61,3,2023-04-15,1,49.83
NOT008473,STU01066,MAT0019,4,PROJET,10.02,2,2024-05-16,1,20.04
NOT008474,STU01066,MAT0026,3,CC,10.22,3,2023-05-16,1,30.66
NOT008475,STU01066,MAT0012,2,TP,13.43,3,2023-04-16,1,40.29
NOT008476,STU01066,MAT0024,2,PROJET,10.27,2,2024-05-16,1,20.54
NOT008477,STU01067,MAT0002,3,PROJET,12.46,1,2024-05-17,30,12.46
NOT008478,STU01067,MAT0006,2,CC,7.35,3,2024-05-16,30,22.05
NOT008479,STU01067,MAT0024,3,TP,18.64,2,2024-04-15,30,37.28
NOT008480,STU01067,MAT0007,1,EXAMEN,7.96,1,2023-04-16,30,7.96
NOT008481,STU01067,MAT0025,4,PROJET,11.03,1,2023-04-15,30,11.03
NOT008482,STU01067,MAT0027,4,CC,11.9,2,2024-05-17,30,23.8
NOT008483,STU01067,MAT0028,1,PROJET,17.74,3,2024-04-16,30,53.22
NOT008484,STU01067,MAT0024,2,EXAMEN,8.03,3,2024-04-15,30,24.09
NOT008485,STU01067,MAT0017,2,PROJET,17.95,3,2024-05-17,30,53.850002
NOT008486,STU01067,MAT0022,4,CC,14.27,2,2023-05-17,30,28.54
NOT008487,STU01068,MAT0030,1,TP,13.25,2,2024-04-15,1,26.5
NOT008488,STU01068,MAT0019,4,PROJET,9.05,2,2024-05-17,1,18.1
NOT008489,STU01068,MAT0009,3,CC,13.71,3,2024-04-16,1,41.13
NOT008490,STU01068,MAT0006,2,EXAMEN,9.83,3,2023-05-17,1,29.49
NOT008491,STU01068,MAT0021,3,CC,15.8,1,2024-04-15,1,15.8
NOT008492,STU01068,MAT0011,3,TP,9.09,2,2024-04-16,1,18.18
NOT008493,STU01068,MAT0022,3,CC,11.66,2,2023-05-16,1,23.32
NOT008494,STU01068,MAT0030,2,CC,10.33,1,2024-04-15,1,10.33
NOT008495,STU01068,MAT0023,3,CC,9.04,3,2024-04-15,1,27.119999
NOT008496,STU01069,MAT0010,1,TP,14.22,2,2024-05-17,30,28.44
NOT008497,STU01069,MAT0015,1,EXAMEN,13.61,2,2024-05-16,30,27.22
NOT008498,STU01069,MAT0023,3,TP,15.63,2,2024-04-15,30,31.26
NOT008499,STU01069,MAT0019,1,CC,6.66,2,2024-05-16,30,13.32
NOT008500,STU01069,MAT0031,3,PROJET,15.19,2,2023-04-16,30,30.38
NOT008501,STU01069,MAT0020,3,EXAMEN,19.52,2,2023-04-15,30,39.04
NOT008502,STU01069,MAT0033,4,TP,10.65,3,2023-05-16,30,31.949999
NOT008503,STU01069,MAT0030,2,CC,17.69,3,2024-05-17,30,53.07
NOT008504,STU01069,MAT0030,1,EXAMEN,11.21,2,2023-04-15,30,22.42
NOT008505,STU01070,MAT0022,4,PROJET,7.88,2,2024-05-17,1,15.76
NOT008506,STU01070,MAT0015,3,CC,11.08,2,2024-04-16,1,22.16
NOT008507,STU01070,MAT0003,4,CC,15.14,3,2024-05-16,1,45.420002
NOT008508,STU01070,MAT0024,4,CC,9.49,2,2024-04-16,1,18.98
NOT008509,STU01070,MAT0031,3,CC,10.2,3,2024-05-17,1,30.599998
NOT008510,STU01070,MAT0027,4,EXAMEN,13.78,2,2024-04-15,1,27.56
NOT008511,STU01070,MAT0006,2,PROJET,12.01,2,2023-05-17,1,24.02
NOT008512,STU01071,MAT0003,3,CC,13.75,2,2024-05-16,30,27.5
NOT008513,STU01071,MAT0009,1,TP,12.71,1,2023-05-16,30,12.71
NOT008514,STU01071,MAT0014,1,TP,13.44,3,2024-05-16,30,40.32
NOT008515,STU01071,MAT0026,1,CC,10.7,2,2024-04-16,30,21.4
NOT008516,STU01071,MAT0018,1,EXAMEN,12.7,2,2024-05-16,30,25.4
NOT008517,STU01071,MAT0015,2,TP,9.22,3,2023-04-16,30,27.66
NOT008518,STU01071,MAT0021,2,TP,15.87,1,2024-04-16,30,15.87
NOT008519,STU01071,MAT0021,2,PROJET,10.1,3,2023-04-15,30,30.300001
NOT008520,STU01071,MAT0002,4,PROJET,15.39,2,2024-04-15,30,30.78
NOT008521,STU01072,MAT0033,4,TP,11.3,1,2023-05-16,1,11.3
NOT008522,STU01072,MAT0009,4,TP,12.61,1,2023-05-17,1,12.61
NOT008523,STU01072,MAT0035,3,PROJET,10.52,1,2024-05-16,1,10.52
NOT008524,STU01072,MAT0035,2,CC,8.95,2,2023-05-16,1,17.9
NOT008525,STU01072,MAT0034,1,CC,6.77,3,2024-04-15,1,20.31
NOT008526,STU01072,MAT0031,4,EXAMEN,8.83,2,2023-05-16,1,17.66
NOT008527,STU01072,MAT0029,3,EXAMEN,11.03,3,2024-05-17,1,33.09
NOT008528,STU01072,MAT0023,1,PROJET,12.64,2,2024-05-16,1,25.28
NOT008529,STU01073,MAT0025,2,PROJET,15.03,2,2024-04-16,30,30.06
NOT008530,STU01073,MAT0019,4,EXAMEN,10.66,2,2023-04-15,30,21.32
NOT008531,STU01073,MAT0027,3,CC,9.35,1,2023-05-17,30,9.35
NOT008532,STU01073,MAT0029,3,EXAMEN,7.67,3,2023-04-15,30,23.01
NOT008533,STU01073,MAT0017,4,EXAMEN,13.44,2,2024-04-16,30,26.88
NOT008534,STU01073,MAT0002,3,TP,16.15,1,2023-05-16,30,16.15
NOT008535,STU01073,MAT0022,4,TP,15.8,2,2023-04-15,30,31.6
NOT008536,STU01073,MAT0019,2,CC,14.13,1,2023-04-15,30,14.13
NOT008537,STU01073,MAT0025,2,EXAMEN,13.92,1,2024-05-16,30,13.92
NOT008538,STU01073,MAT0029,2,PROJET,17.09,2,2024-05-16,30,34.18
NOT008539,STU01074,MAT0007,4,PROJET,13.0,2,2024-04-15,1,26.0
NOT008540,STU01074,MAT0034,2,TP,13.94,3,2023-04-16,1,41.82
NOT008541,STU01074,MAT0023,1,PROJET,11.04,1,2024-05-17,1,11.04
NOT008542,STU01074,MAT0004,1,PROJET,7.91,3,2023-05-17,1,23.73
NOT008543,STU01074,MAT0004,4,CC,9.95,2,2024-05-16,1,19.9
NOT008544,STU01074,MAT0023,2,TP,11.97,3,2023-04-15,1,35.91
NOT008545,STU01075,MAT0021,4,TP,12.18,2,2024-05-16,30,24.36
NOT008546,STU01075,MAT0030,3,EXAMEN,17.78,2,2023-04-15,30,35.56
NOT008547,STU01075,MAT0013,2,TP,12.24,1,2023-04-15,30,12.24
NOT008548,STU01075,MAT0017,2,CC,15.54,1,2023-04-16,30,15.54
NOT008549,STU01075,MAT0026,1,EXAMEN,10.69,2,2023-05-17,30,21.38
NOT008550,STU01075,MAT0024,2,PROJET,11.06,1,2024-04-15,30,11.06
NOT008551,STU01075,MAT0027,2,TP,8.01,2,2024-05-16,30,16.02
NOT008552,STU01075,MAT0019,2,TP,9.77,2,2024-05-16,30,19.54
NOT008553,STU01075,MAT0010,3,PROJET,13.58,2,2023-05-17,30,27.16
NOT008554,STU01076,MAT0027,4,PROJET,12.02,2,2024-04-16,1,24.04
NOT008555,STU01076,MAT0031,1,CC,14.83,2,2024-05-16,1,29.66
NOT008556,STU01076,MAT0012,1,PROJET,12.54,3,2024-04-16,1,37.62
NOT008557,STU01076,MAT0006,4,TP,10.94,1,2023-04-15,1,10.94
NOT008558,STU01076,MAT0017,3,EXAMEN,18.44,1,2024-04-15,1,18.44
NOT008559,STU01076,MAT0020,2,CC,11.72,1,2023-04-16,1,11.72
NOT008560,STU01076,MAT0021,1,CC,15.49,2,2024-05-17,1,30.98
NOT008561,STU01076,MAT0004,1,PROJET,10.8,2,2024-04-15,1,21.6
NOT008562,STU01077,MAT0007,2,PROJET,14.13,2,2024-05-16,30,28.26
NOT008563,STU01077,MAT0013,3,EXAMEN,14.78,1,2023-04-15,30,14.78
NOT008564,STU01077,MAT0022,2,PROJET,12.63,3,2024-05-16,30,37.89
NOT008565,STU01077,MAT0025,4,CC,4.94,1,2023-04-16,30,4.94
NOT008566,STU01077,MAT0019,1,CC,12.05,2,2024-04-16,30,24.1
NOT008567,STU01077,MAT0005,1,PROJET,15.69,2,2024-05-16,30,31.38
NOT008568,STU01077,MAT0017,3,PROJET,13.58,2,2023-04-15,30,27.16
NOT008569,STU01077,MAT0006,1,CC,13.34,2,2023-05-17,30,26.68
NOT008570,STU01077,MAT0004,3,EXAMEN,6.83,2,2023-04-16,30,13.66
NOT008571,STU01078,MAT0014,3,EXAMEN,9.84,2,2024-04-15,1,19.68
NOT008572,STU01078,MAT0030,1,EXAMEN,13.23,2,2024-05-16,1,26.46
NOT008573,STU01078,MAT0021,1,TP,13.23,2,2024-05-16,1,26.46
NOT008574,STU01078,MAT0029,1,TP,15.64,2,2024-04-16,1,31.28
NOT008575,STU01078,MAT0008,3,CC,11.57,2,2023-05-17,1,23.14
NOT008576,STU01078,MAT0003,2,TP,13.22,2,2024-05-16,1,26.44
NOT008577,STU01078,MAT0024,2,TP,12.05,2,2024-05-17,1,24.1
NOT008578,STU01079,MAT0035,1,CC,9.04,2,2023-05-17,30,18.08
NOT008579,STU01079,MAT0010,3,EXAMEN,5.23,2,2024-04-16,30,10.46
NOT008580,STU01079,MAT0017,3,PROJET,13.29,2,2024-04-16,30,26.58
NOT008581,STU01079,MAT0020,1,EXAMEN,12.52,1,2023-05-16,30,12.52
NOT008582,STU01079,MAT0012,3,CC,10.15,3,2024-04-16,30,30.449999
NOT008583,STU01079,MAT0035,1,EXAMEN,7.14,2,2023-04-15,30,14.28
NOT008584,STU01079,MAT0023,4,TP,13.89,2,2024-05-17,30,27.78
NOT008585,STU01079,MAT0023,4,CC,11.2,3,2023-04-16,30,33.6
NOT008586,STU01079,MAT0009,1,TP,13.67,2,2024-04-15,30,27.34
NOT008587,STU01080,MAT0026,2,EXAMEN,17.59,2,2023-05-16,1,35.18
NOT008588,STU01080,MAT0027,2,EXAMEN,5.58,1,2024-05-16,1,5.58
NOT008589,STU01080,MAT0016,3,CC,9.9,2,2023-05-17,1,19.8
NOT008590,STU01080,MAT0004,2,PROJET,11.37,2,2024-04-15,1,22.74
NOT008591,STU01080,MAT0007,4,EXAMEN,16.36,2,2024-05-17,1,32.72
NOT008592,STU01080,MAT0016,2,EXAMEN,7.09,2,2024-04-16,1,14.18
NOT008593,STU01081,MAT0026,2,CC,17.81,1,2023-05-17,6,17.81
NOT008594,STU01081,MAT0014,2,PROJET,12.41,3,2023-05-16,6,37.23
NOT008595,STU01081,MAT0018,2,CC,11.71,2,2023-04-15,6,23.42
NOT008596,STU01081,MAT0008,3,PROJET,11.41,2,2023-04-15,6,22.82
NOT008597,STU01081,MAT0005,2,EXAMEN,10.69,3,2023-05-17,6,32.07
NOT008598,STU01081,MAT0025,1,CC,15.14,3,2024-05-17,6,45.420002
NOT008599,STU01081,MAT0035,1,TP,8.79,2,2024-05-17,6,17.58
NOT008600,STU01082,MAT0024,1,PROJET,13.04,3,2024-05-17,7,39.12
NOT008601,STU01082,MAT0004,3,TP,10.85,2,2023-04-16,7,21.7
NOT008602,STU01082,MAT0019,3,EXAMEN,9.71,3,2024-05-16,7,29.130001
NOT008603,STU01082,MAT0020,4,CC,19.76,2,2023-05-16,7,39.52
NOT008604,STU01082,MAT0029,2,CC,13.26,3,2023-04-15,7,39.78
NOT008605,STU01082,MAT0035,2,EXAMEN,13.84,3,2023-04-15,7,41.52
NOT008606,STU01083,MAT0005,2,EXAMEN,15.41,3,2023-04-16,6,46.23
NOT008607,STU01083,MAT0025,2,TP,7.74,2,2023-04-16,6,15.48
NOT008608,STU01083,MAT0026,3,PROJET,17.26,2,2024-04-15,6,34.52
NOT008609,STU01083,MAT0009,1,TP,4.47,3,2024-04-15,6,13.41
NOT008610,STU01083,MAT0014,1,CC,9.69,3,2024-05-16,6,29.07
NOT008611,STU01083,MAT0026,2,TP,10.62,1,2024-05-17,6,10.62
NOT008612,STU01083,MAT0032,2,TP,13.75,1,2024-05-17,6,13.75
NOT008613,STU01083,MAT0026,2,EXAMEN,12.66,2,2024-05-16,6,25.32
NOT008614,STU01084,MAT0007,1,PROJET,11.5,2,2023-05-17,7,23.0
NOT008615,STU01084,MAT0006,2,EXAMEN,11.96,2,2024-04-16,7,23.92
NOT008616,STU01084,MAT0029,3,TP,9.07,3,2023-04-15,7,27.21
NOT008617,STU01084,MAT0030,1,TP,7.51,2,2023-04-15,7,15.02
NOT008618,STU01084,MAT0002,3,EXAMEN,14.18,2,2024-04-15,7,28.36
NOT008619,STU01084,MAT0012,3,CC,14.08,2,2023-05-16,7,28.16
NOT008620,STU01084,MAT0015,3,EXAMEN,16.75,3,2023-05-16,7,50.25
NOT008621,STU01084,MAT0002,2,EXAMEN,9.63,1,2023-04-16,7,9.63
NOT008622,STU01085,MAT0006,1,TP,14.08,1,2024-05-17,6,14.08
NOT008623,STU01085,MAT0015,2,CC,11.15,2,2024-04-16,6,22.3
NOT008624,STU01085,MAT0013,4,CC,15.57,3,2024-05-16,6,46.71
NOT008625,STU01085,MAT0016,3,CC,15.07,2,2023-04-16,6,30.14
NOT008626,STU01085,MAT0011,2,TP,12.63,3,2023-04-15,6,37.89
NOT008627,STU01085,MAT0027,1,EXAMEN,10.98,2,2023-05-17,6,21.96
NOT008628,STU01085,MAT0006,4,TP,14.88,1,2023-04-16,6,14.88
NOT008629,STU01085,MAT0029,2,CC,13.94,3,2023-04-16,6,41.82
NOT008630,STU01085,MAT0024,4,EXAMEN,9.95,1,2023-04-16,6,9.95
NOT008631,STU01085,MAT0016,1,CC,8.02,3,2024-05-16,6,24.060001
NOT008632,STU01086,MAT0025,2,CC,11.13,1,2023-04-16,7,11.13
NOT008633,STU01086,MAT0003,4,CC,16.55,2,2023-05-16,7,33.1
NOT008634,STU01086,MAT0024,4,TP,15.44,3,2024-04-16,7,46.32
NOT008635,STU01086,MAT0008,4,TP,8.66,2,2024-04-16,7,17.32
NOT008636,STU01086,MAT0020,2,TP,8.5,1,2024-05-17,7,8.5
NOT008637,STU01086,MAT0013,1,CC,15.82,2,2024-05-16,7,31.64
NOT008638,STU01086,MAT0007,2,CC,8.59,1,2024-04-15,7,8.59
NOT008639,STU01086,MAT0031,1,CC,13.53,2,2024-04-16,7,27.06
NOT008640,STU01087,MAT0021,1,PROJET,10.15,2,2024-05-17,6,20.3
NOT008641,STU01087,MAT0032,3,TP,16.85,2,2024-05-16,6,33.7
NOT008642,STU01087,MAT0012,1,TP,9.69,3,2024-04-15,6,29.07
NOT008643,STU01087,MAT0031,2,EXAMEN,15.43,3,2023-04-16,6,46.29
NOT008644,STU01087,MAT0032,1,CC,12.55,2,2023-05-16,6,25.1
NOT008645,STU01087,MAT0029,4,EXAMEN,12.76,3,2023-05-17,6,38.28
NOT008646,STU01087,MAT0030,2,PROJET,6.09,1,2023-04-16,6,6.09
NOT008647,STU01087,MAT0020,4,TP,5.39,2,2023-04-16,6,10.78
NOT008648,STU01087,MAT0014,3,PROJET,11.34,1,2024-04-16,6,11.34
NOT008649,STU01087,MAT0001,1,PROJET,12.74,2,2023-05-16,6,25.48
NOT008650,STU01088,MAT0010,1,TP,8.62,3,2023-04-16,7,25.86
NOT008651,STU01088,MAT0006,3,TP,8.73,1,2024-04-15,7,8.73
NOT008652,STU01088,MAT0011,3,EXAMEN,13.68,3,2023-05-17,7,41.04
NOT008653,STU01088,MAT0020,4,TP,13.69,1,2023-04-15,7,13.69
NOT008654,STU01088,MAT0028,3,CC,11.59,1,2023-04-16,7,11.59
NOT008655,STU01088,MAT0013,1,PROJET,14.34,1,2024-05-16,7,14.34
NOT008656,STU01088,MAT0035,3,TP,8.48,3,2024-05-16,7,25.439999
NOT008657,STU01088,MAT0031,1,PROJET,10.93,2,2024-04-16,7,21.86
NOT008658,STU01088,MAT0027,2,TP,16.94,1,2024-05-16,7,16.94
NOT008659,STU01088,MAT0012,4,PROJET,12.2,1,2023-05-17,7,12.2
NOT008660,STU01089,MAT0005,4,EXAMEN,12.38,3,2023-04-16,6,37.14
NOT008661,STU01089,MAT0025,2,TP,18.92,3,2024-05-16,6,56.760002
NOT008662,STU01089,MAT0013,1,TP,7.8,1,2023-04-16,6,7.8
NOT008663,STU01089,MAT0016,3,TP,14.39,2,2024-04-15,6,28.78
NOT008664,STU01089,MAT0002,4,TP,16.99,3,2024-05-17,6,50.97
NOT008665,STU01089,MAT0009,4,TP,11.03,1,2024-04-16,6,11.03
NOT008666,STU01089,MAT0023,3,CC,14.58,3,2024-04-15,6,43.739998
NOT008667,STU01089,MAT0011,4,CC,9.05,1,2023-05-17,6,9.05
NOT008668,STU01090,MAT0016,3,TP,9.94,1,2023-05-16,7,9.94
NOT008669,STU01090,MAT0026,4,EXAMEN,13.15,2,2023-05-16,7,26.3
NOT008670,STU01090,MAT0034,3,PROJET,14.4,1,2023-05-17,7,14.4
NOT008671,STU01090,MAT0011,3,TP,15.36,3,2024-05-16,7,46.079998
NOT008672,STU01090,MAT0020,4,TP,16.71,1,2023-04-15,7,16.71
NOT008673,STU01090,MAT0010,4,CC,11.8,2,2024-05-16,7,23.6
NOT008674,STU01090,MAT0027,1,PROJET,15.58,2,2024-05-16,7,31.16
NOT008675,STU01090,MAT0024,3,PROJET,10.97,3,2024-05-16,7,32.91
NOT008676,STU01090,MAT0001,4,CC,14.71,2,2023-04-15,7,29.42
NOT008677,STU01090,MAT0033,2,CC,12.62,2,2023-04-15,7,25.24
NOT008678,STU01091,MAT0010,4,EXAMEN,13.34,2,2024-05-17,6,26.68
NOT008679,STU01091,MAT0021,3,TP,13.27,2,2024-04-15,6,26.54
NOT008680,STU01091,MAT0011,4,EXAMEN,7.19,3,2023-04-15,6,21.57
NOT008681,STU01091,MAT0025,4,PROJET,8.63,3,2023-04-15,6,25.89
NOT008682,STU01091,MAT0002,4,CC,12.31,1,2023-04-15,6,12.31
NOT008683,STU01091,MAT0020,2,EXAMEN,6.94,1,2023-05-17,6,6.94
NOT008684,STU01091,MAT0006,4,EXAMEN,14.49,3,2024-05-17,6,43.47
NOT008685,STU01091,MAT0005,1,EXAMEN,14.61,3,2024-05-17,6,43.829998
NOT008686,STU01092,MAT0031,2,EXAMEN,12.98,1,2024-04-16,7,12.98
NOT008687,STU01092,MAT0025,1,PROJET,8.64,3,2024-04-15,7,25.920002
NOT008688,STU01092,MAT0018,3,TP,16.14,2,2024-05-16,7,32.28
NOT008689,STU01092,MAT0033,2,CC,18.11,2,2023-04-16,7,36.22
NOT008690,STU01092,MAT0013,3,EXAMEN,12.44,2,2023-04-16,7,24.88
NOT008691,STU01092,MAT0022,3,TP,13.53,3,2024-04-16,7,40.59
NOT008692,STU01092,MAT0035,4,CC,12.61,2,2024-05-17,7,25.22
NOT008693,STU01093,MAT0004,4,TP,13.59,1,2023-05-16,6,13.59
NOT008694,STU01093,MAT0027,1,EXAMEN,11.64,2,2024-05-16,6,23.28
NOT008695,STU01093,MAT0030,1,TP,11.9,3,2024-04-16,6,35.699997
NOT008696,STU01093,MAT0035,2,PROJET,14.72,3,2023-04-16,6,44.16
NOT008697,STU01093,MAT0034,1,CC,19.04,2,2024-05-17,6,38.08
NOT008698,STU01093,MAT0007,1,EXAMEN,7.8,1,2024-05-16,6,7.8
NOT008699,STU01094,MAT0006,4,TP,11.69,3,2024-04-15,7,35.07
NOT008700,STU01094,MAT0011,4,TP,8.46,3,2023-04-16,7,25.380001
NOT008701,STU01094,MAT0002,2,TP,16.78,3,2023-04-15,7,50.340004
NOT008702,STU01094,MAT0028,4,TP,10.24,3,2023-04-16,7,30.72
NOT008703,STU01094,MAT0035,2,EXAMEN,7.67,2,2024-04-15,7,15.34
NOT008704,STU01094,MAT0016,3,PROJET,13.91,2,2024-04-16,7,27.82
NOT008705,STU01094,MAT0033,3,EXAMEN,17.23,2,2023-05-17,7,34.46
NOT008706,STU01095,MAT0033,4,TP,13.99,2,2024-04-16,6,27.98
NOT008707,STU01095,MAT0031,1,EXAMEN,12.61,2,2023-04-15,6,25.22
NOT008708,STU01095,MAT0003,3,PROJET,13.23,3,2023-04-15,6,39.69
NOT008709,STU01095,MAT0003,1,TP,16.24,2,2024-04-15,6,32.48
NOT008710,STU01095,MAT0032,1,PROJET,9.38,3,2024-05-16,6,28.14
NOT008711,STU01095,MAT0010,2,TP,11.66,3,2023-04-15,6,34.98
NOT008712,STU01096,MAT0003,2,TP,10.64,1,2023-04-15,7,10.64
NOT008713,STU01096,MAT0002,1,EXAMEN,8.5,3,2023-05-17,7,25.5
NOT008714,STU01096,MAT0028,2,PROJET,11.01,1,2024-04-16,7,11.01
NOT008715,STU01096,MAT0003,3,TP,15.32,1,2023-05-17,7,15.32
NOT008716,STU01096,MAT0006,2,TP,13.7,1,2023-05-16,7,13.7
NOT008717,STU01096,MAT0020,1,CC,13.93,1,2024-05-17,7,13.93
NOT008718,STU01096,MAT0027,4,EXAMEN,12.44,1,2024-04-16,7,12.44
NOT008719,STU01097,MAT0005,2,EXAMEN,13.57,3,2023-04-16,6,40.71
NOT008720,STU01097,MAT0020,4,TP,9.6,2,2023-04-16,6,19.2
NOT008721,STU01097,MAT0008,1,TP,11.07,2,2023-05-17,6,22.14
NOT008722,STU01097,MAT0023,3,TP,12.58,3,2024-04-15,6,37.739998
NOT008723,STU01097,MAT0007,4,PROJET,12.83,2,2024-05-17,6,25.66
NOT008724,STU01097,MAT0028,2,TP,12.96,3,2024-04-16,6,38.88
NOT008725,STU01098,MAT0006,3,EXAMEN,11.58,1,2023-05-17,7,11.58
NOT008726,STU01098,MAT0011,1,EXAMEN,10.87,3,2023-05-17,7,32.61
NOT008727,STU01098,MAT0010,3,TP,20.0,2,2023-04-16,7,40.0
NOT008728,STU01098,MAT0015,3,EXAMEN,14.72,2,2024-04-15,7,29.44
NOT008729,STU01098,MAT0010,1,EXAMEN,13.24,2,2023-05-16,7,26.48
NOT008730,STU01098,MAT0030,2,PROJET,11.3,2,2023-04-15,7,22.6
NOT008731,STU01099,MAT0004,1,EXAMEN,10.65,2,2024-04-15,6,21.3
NOT008732,STU01099,MAT0020,2,CC,11.61,3,2023-05-16,6,34.829998
NOT008733,STU01099,MAT0019,1,EXAMEN,12.88,1,2023-05-17,6,12.88
NOT008734,STU01099,MAT0029,4,EXAMEN,6.36,2,2023-05-17,6,12.72
NOT008735,STU01099,MAT0028,1,EXAMEN,7.29,3,2023-04-16,6,21.869999
NOT008736,STU01099,MAT0003,2,TP,10.09,3,2024-05-16,6,30.27
NOT008737,STU01100,MAT0028,4,CC,12.62,2,2024-04-16,7,25.24
NOT008738,STU01100,MAT0018,4,TP,11.28,3,2023-05-16,7,33.84
NOT008739,STU01100,MAT0025,3,CC,16.43,2,2023-05-17,7,32.86
NOT008740,STU01100,MAT0026,1,TP,7.55,2,2024-05-17,7,15.1
NOT008741,STU01100,MAT0006,4,EXAMEN,9.75,2,2023-05-16,7,19.5
NOT008742,STU01100,MAT0013,1,PROJET,16.56,2,2024-04-15,7,33.12
NOT008743,STU01101,MAT0024,4,TP,12.39,2,2023-05-16,6,24.78
NOT008744,STU01101,MAT0020,1,PROJET,14.65,3,2023-04-15,6,43.949997
NOT008745,STU01101,MAT0010,2,PROJET,18.15,3,2024-05-16,6,54.449997
NOT008746,STU01101,MAT0002,1,PROJET,9.92,2,2024-04-15,6,19.84
NOT008747,STU01101,MAT0034,4,TP,11.7,3,2024-04-16,6,35.1
NOT008748,STU01101,MAT0011,3,EXAMEN,11.18,2,2023-05-16,6,22.36
NOT008749,STU01101,MAT0035,1,EXAMEN,6.14,1,2024-04-15,6,6.14
NOT008750,STU01101,MAT0015,4,EXAMEN,11.07,2,2024-04-15,6,22.14
NOT008751,STU01101,MAT0019,1,EXAMEN,14.64,3,2024-04-16,6,43.920002
NOT008752,STU01102,MAT0021,1,CC,13.62,3,2024-04-15,7,40.86
NOT008753,STU01102,MAT0032,3,PROJET,13.86,2,2023-05-16,7,27.72
NOT008754,STU01102,MAT0030,2,TP,10.87,3,2024-05-17,7,32.61
NOT008755,STU01102,MAT0035,1,PROJET,10.03,3,2024-05-16,7,30.09
NOT008756,STU01102,MAT0030,1,CC,15.81,2,2023-04-16,7,31.62
NOT008757,STU01102,MAT0010,1,TP,10.51,2,2024-04-16,7,21.02
NOT008758,STU01102,MAT0031,2,TP,12.88,2,2023-05-17,7,25.76
NOT008759,STU01102,MAT0026,1,PROJET,12.49,2,2023-05-16,7,24.98
NOT008760,STU01102,MAT0014,4,TP,16.39,1,2023-04-15,7,16.39
NOT008761,STU01103,MAT0028,2,CC,14.91,1,2023-05-16,6,14.91
NOT008762,STU01103,MAT0031,2,PROJET,8.11,2,2024-05-16,6,16.22
NOT008763,STU01103,MAT0025,4,PROJET,8.44,1,2024-05-16,6,8.44
NOT008764,STU01103,MAT0027,3,TP,13.74,1,2023-04-16,6,13.74
NOT008765,STU01103,MAT0035,4,TP,11.81,1,2023-04-16,6,11.81
NOT008766,STU01103,MAT0023,4,CC,10.63,1,2023-04-15,6,10.63
NOT008767,STU01103,MAT0026,2,PROJET,15.05,1,2023-05-17,6,15.05
NOT008768,STU01103,MAT0007,1,PROJET,12.56,2,2023-04-15,6,25.12
NOT008769,STU01103,MAT0029,1,CC,12.16,1,2023-04-15,6,12.16
NOT008770,STU01104,MAT0028,2,PROJET,14.34,2,2024-05-16,7,28.68
NOT008771,STU01104,MAT0020,2,TP,10.87,2,2024-04-16,7,21.74
NOT008772,STU01104,MAT0025,1,EXAMEN,16.71,3,2023-05-16,7,50.129997
NOT008773,STU01104,MAT0006,3,EXAMEN,9.64,2,2024-04-16,7,19.28
NOT008774,STU01104,MAT0028,1,CC,13.97,3,2024-04-16,7,41.91
NOT008775,STU01104,MAT0035,1,PROJET,16.3,2,2023-04-15,7,32.6
NOT008776,STU01104,MAT0033,1,TP,7.87,3,2023-04-15,7,23.61
NOT008777,STU01105,MAT0006,2,PROJET,10.97,2,2023-05-17,6,21.94
NOT008778,STU01105,MAT0031,4,PROJET,15.43,2,2023-04-15,6,30.86
NOT008779,STU01105,MAT0016,4,EXAMEN,15.47,3,2023-05-17,6,46.41
NOT008780,STU01105,MAT0029,2,CC,11.49,2,2024-05-16,6,22.98
NOT008781,STU01105,MAT0011,2,EXAMEN,9.8,1,2023-05-16,6,9.8
NOT008782,STU01105,MAT0008,1,CC,14.87,1,2023-05-17,6,14.87
NOT008783,STU01105,MAT0014,1,CC,15.55,2,2023-05-17,6,31.1
NOT008784,STU01105,MAT0018,2,EXAMEN,8.51,2,2023-04-15,6,17.02
NOT008785,STU01105,MAT0008,1,PROJET,8.39,3,2023-04-16,6,25.170002
NOT008786,STU01106,MAT0004,1,TP,12.68,3,2024-04-15,7,38.04
NOT008787,STU01106,MAT0026,3,EXAMEN,13.89,3,2023-04-15,7,41.670002
NOT008788,STU01106,MAT0015,1,PROJET,11.1,2,2024-04-15,7,22.2
NOT008789,STU01106,MAT0013,1,CC,14.04,3,2024-04-16,7,42.12
NOT008790,STU01106,MAT0027,4,PROJET,9.87,2,2024-05-16,7,19.74
NOT008791,STU01106,MAT0025,4,EXAMEN,5.66,2,2023-04-15,7,11.32
NOT008792,STU01106,MAT0034,1,TP,10.73,2,2024-05-17,7,21.46
NOT008793,STU01106,MAT0008,1,PROJET,12.19,2,2023-05-17,7,24.38
NOT008794,STU01106,MAT0021,4,TP,11.17,3,2024-05-17,7,33.510002
NOT008795,STU01106,MAT0013,2,PROJET,8.52,2,2024-05-17,7,17.04
NOT008796,STU01107,MAT0034,3,PROJET,6.55,3,2024-05-16,6,19.650002
NOT008797,STU01107,MAT0009,3,EXAMEN,10.46,2,2023-04-15,6,20.92
NOT008798,STU01107,MAT0021,4,EXAMEN,14.69,2,2024-05-17,6,29.38
NOT008799,STU01107,MAT0034,2,EXAMEN,15.77,2,2023-04-15,6,31.54
NOT008800,STU01107,MAT0032,1,PROJET,15.56,2,2023-04-16,6,31.12
NOT008801,STU01107,MAT0010,3,EXAMEN,9.55,1,2023-05-17,6,9.55
NOT008802,STU01107,MAT0007,1,EXAMEN,8.54,2,2024-04-16,6,17.08
NOT008803,STU01107,MAT0013,3,PROJET,13.49,3,2024-04-15,6,40.47
NOT008804,STU01108,MAT0013,4,PROJET,13.91,2,2023-05-17,7,27.82
NOT008805,STU01108,MAT0023,1,CC,13.2,3,2024-04-15,7,39.6
NOT008806,STU01108,MAT0009,2,PROJET,5.96,2,2023-04-15,7,11.92
NOT008807,STU01108,MAT0018,2,TP,9.4,1,2023-05-17,7,9.4
NOT008808,STU01108,MAT0034,1,EXAMEN,11.91,2,2023-05-17,7,23.82
NOT008809,STU01108,MAT0022,3,TP,13.46,2,2024-04-16,7,26.92
NOT008810,STU01109,MAT0030,1,TP,14.3,3,2023-05-16,6,42.9
NOT008811,STU01109,MAT0007,2,TP,12.43,2,2024-05-16,6,24.86
NOT008812,STU01109,MAT0003,2,TP,12.99,2,2024-04-15,6,25.98
NOT008813,STU01109,MAT0020,3,TP,12.25,2,2024-05-17,6,24.5
NOT008814,STU01109,MAT0014,3,PROJET,14.06,2,2024-05-16,6,28.12
NOT008815,STU01109,MAT0005,1,CC,12.94,2,2023-05-17,6,25.88
NOT008816,STU01109,MAT0013,3,PROJET,12.2,2,2023-05-16,6,24.4
NOT008817,STU01109,MAT0033,3,EXAMEN,11.19,3,2023-05-17,6,33.57
NOT008818,STU01109,MAT0006,2,TP,12.24,2,2023-05-17,6,24.48
NOT008819,STU01109,MAT0028,3,EXAMEN,13.45,2,2024-05-17,6,26.9
NOT008820,STU01110,MAT0030,2,TP,12.8,2,2023-04-16,7,25.6
NOT008821,STU01110,MAT0005,2,TP,13.14,1,2023-05-16,7,13.14
NOT008822,STU01110,MAT0020,4,TP,16.03,1,2023-05-17,7,16.03
NOT008823,STU01110,MAT0020,2,TP,12.8,3,2023-05-16,7,38.4
NOT008824,STU01110,MAT0017,3,EXAMEN,10.05,1,2024-05-17,7,10.05
NOT008825,STU01110,MAT0025,2,CC,14.65,2,2024-04-16,7,29.3
NOT008826,STU01110,MAT0012,2,PROJET,7.9,2,2023-04-16,7,15.8
NOT008827,STU01110,MAT0020,2,EXAMEN,8.76,3,2024-04-15,7,26.28
NOT008828,STU01110,MAT0021,1,TP,13.01,2,2024-05-17,7,26.02
NOT008829,STU01110,MAT0025,4,EXAMEN,13.55,3,2023-05-17,7,40.65
NOT008830,STU01111,MAT0001,1,CC,8.26,2,2024-04-16,6,16.52
NOT008831,STU01111,MAT0017,3,CC,10.85,2,2023-05-16,6,21.7
NOT008832,STU01111,MAT0029,2,EXAMEN,10.18,1,2024-05-16,6,10.18
NOT008833,STU01111,MAT0021,2,PROJET,10.54,3,2023-05-16,6,31.619999
NOT008834,STU01111,MAT0034,4,EXAMEN,14.83,2,2023-04-15,6,29.66
NOT008835,STU01111,MAT0003,1,TP,14.12,1,2023-05-17,6,14.12
NOT008836,STU01111,MAT0013,4,CC,11.94,2,2023-05-17,6,23.88
NOT008837,STU01111,MAT0029,1,PROJET,10.36,2,2023-05-16,6,20.72
NOT008838,STU01112,MAT0033,1,TP,7.95,2,2024-04-15,7,15.9
NOT008839,STU01112,MAT0015,1,CC,16.26,1,2023-05-16,7,16.26
NOT008840,STU01112,MAT0019,2,CC,13.78,2,2024-04-15,7,27.56
NOT008841,STU01112,MAT0022,1,EXAMEN,9.88,1,2023-04-15,7,9.88
NOT008842,STU01112,MAT0034,4,PROJET,14.16,2,2024-05-16,7,28.32
NOT008843,STU01112,MAT0023,3,TP,11.79,1,2024-04-15,7,11.79
NOT008844,STU01112,MAT0027,2,PROJET,11.14,2,2023-04-16,7,22.28
NOT008845,STU01112,MAT0007,1,PROJET,13.31,3,2024-04-16,7,39.93
NOT008846,STU01112,MAT0025,3,CC,9.78,1,2024-04-16,7,9.78
NOT008847,STU01112,MAT0020,1,TP,10.97,2,2024-04-16,7,21.94
NOT008848,STU01113,MAT0022,3,EXAMEN,12.36,3,2023-04-15,6,37.079998
NOT008849,STU01113,MAT0020,3,EXAMEN,10.5,3,2023-05-16,6,31.5
NOT008850,STU01113,MAT0035,2,TP,14.01,2,2023-04-16,6,28.02
NOT008851,STU01113,MAT0004,4,TP,17.61,2,2024-05-16,6,35.22
NOT008852,STU01113,MAT0030,4,PROJET,9.74,3,2024-05-16,6,29.22
NOT008853,STU01113,MAT0016,3,CC,7.0,1,2023-04-16,6,7.0
NOT008854,STU01113,MAT0020,3,EXAMEN,5.99,1,2023-05-16,6,5.99
NOT008855,STU01113,MAT0027,2,CC,11.55,3,2023-04-15,6,34.65
NOT008856,STU01113,MAT0026,1,PROJET,10.01,1,2024-04-15,6,10.01
NOT008857,STU01113,MAT0034,1,CC,12.62,3,2024-05-17,6,37.86
NOT008858,STU01114,MAT0015,3,CC,12.4,1,2024-04-15,7,12.4
NOT008859,STU01114,MAT0007,4,CC,7.19,2,2023-04-15,7,14.38
NOT008860,STU01114,MAT0028,2,EXAMEN,6.56,2,2023-05-17,7,13.12
NOT008861,STU01114,MAT0034,4,EXAMEN,12.89,3,2024-04-15,7,38.670002
NOT008862,STU01114,MAT0031,3,EXAMEN,12.41,2,2024-05-17,7,24.82
NOT008863,STU01114,MAT0034,1,PROJET,10.72,2,2024-05-16,7,21.44
NOT008864,STU01114,MAT0032,4,EXAMEN,7.03,2,2024-04-16,7,14.06
NOT008865,STU01114,MAT0028,3,EXAMEN,13.41,3,2024-04-16,7,40.23
NOT008866,STU01115,MAT0010,1,EXAMEN,15.82,2,2023-04-16,6,31.64
NOT008867,STU01115,MAT0030,1,PROJET,12.83,1,2024-05-17,6,12.83
NOT008868,STU01115,MAT0023,4,PROJET,9.46,3,2024-04-16,6,28.380001
NOT008869,STU01115,MAT0035,3,CC,12.13,1,2024-04-15,6,12.13
NOT008870,STU01115,MAT0024,1,CC,7.9,2,2023-05-16,6,15.8
NOT008871,STU01115,MAT0007,1,TP,15.17,2,2023-04-15,6,30.34
NOT008872,STU01116,MAT0014,1,TP,12.25,3,2023-05-16,7,36.75
NOT008873,STU01116,MAT0017,3,PROJET,6.7,2,2023-05-17,7,13.4
NOT008874,STU01116,MAT0016,3,PROJET,11.1,1,2023-05-17,7,11.1
NOT008875,STU01116,MAT0013,4,TP,13.39,1,2023-04-15,7,13.39
NOT008876,STU01116,MAT0015,4,CC,11.0,3,2024-05-17,7,33.0
NOT008877,STU01116,MAT0009,2,TP,11.17,1,2023-05-17,7,11.17
NOT008878,STU01117,MAT0018,4,CC,8.33,3,2024-05-17,6,24.99
NOT008879,STU01117,MAT0003,2,PROJET,13.7,2,2023-05-17,6,27.4
NOT008880,STU01117,MAT0013,2,EXAMEN,10.05,2,2024-05-16,6,20.1
NOT008881,STU01117,MAT0026,1,TP,5.53,2,2023-05-17,6,11.06
NOT008882,STU01117,MAT0010,3,PROJET,10.89,3,2024-04-16,6,32.670002
NOT008883,STU01117,MAT0034,2,EXAMEN,14.94,2,2024-04-16,6,29.88
NOT008884,STU01117,MAT0013,3,PROJET,10.84,2,2024-04-15,6,21.68
NOT008885,STU01117,MAT0033,3,CC,17.21,1,2024-05-17,6,17.21
NOT008886,STU01118,MAT0002,2,TP,13.29,3,2023-04-16,7,39.87
NOT008887,STU01118,MAT0006,3,EXAMEN,13.02,3,2023-05-16,7,39.06
NOT008888,STU01118,MAT0012,4,TP,11.61,1,2024-04-15,7,11.61
NOT008889,STU01118,MAT0013,4,TP,11.8,2,2023-05-17,7,23.6
NOT008890,STU01118,MAT0007,1,CC,11.21,2,2024-04-16,7,22.42
NOT008891,STU01118,MAT0023,4,EXAMEN,11.09,2,2023-05-17,7,22.18
NOT008892,STU01119,MAT0022,3,TP,13.59,1,2024-04-16,6,13.59
NOT008893,STU01119,MAT0014,2,CC,9.19,1,2023-05-16,6,9.19
NOT008894,STU01119,MAT0001,2,CC,8.77,3,2024-04-16,6,26.310001
NOT008895,STU01119,MAT0031,4,PROJET,8.63,2,2023-05-17,6,17.26
NOT008896,STU01119,MAT0003,2,EXAMEN,18.14,2,2023-05-17,6,36.28
NOT008897,STU01119,MAT0012,3,TP,13.59,1,2024-05-17,6,13.59
NOT008898,STU01120,MAT0022,4,PROJET,12.91,2,2023-05-17,7,25.82
NOT008899,STU01120,MAT0034,3,CC,8.83,2,2024-04-15,7,17.66
NOT008900,STU01120,MAT0012,2,CC,13.87,2,2023-04-16,7,27.74
NOT008901,STU01120,MAT0005,2,TP,11.65,2,2023-04-15,7,23.3
NOT008902,STU01120,MAT0001,1,CC,12.64,1,2024-05-17,7,12.64
NOT008903,STU01120,MAT0009,1,TP,9.07,3,2023-05-16,7,27.21
NOT008904,STU01120,MAT0004,4,CC,12.48,2,2024-04-15,7,24.96
NOT008905,STU01121,MAT0030,2,PROJET,10.73,1,2023-05-16,6,10.73
NOT008906,STU01121,MAT0004,3,EXAMEN,9.7,2,2023-04-15,6,19.4
NOT008907,STU01121,MAT0004,3,CC,14.2,3,2023-04-15,6,42.6
NOT008908,STU01121,MAT0011,1,CC,7.39,1,2023-05-17,6,7.39
NOT008909,STU01121,MAT0030,3,CC,13.69,1,2023-05-16,6,13.69
NOT008910,STU01121,MAT0010,3,EXAMEN,14.05,2,2023-05-17,6,28.1
NOT008911,STU01121,MAT0003,1,PROJET,9.36,2,2024-05-16,6,18.72
NOT008912,STU01121,MAT0025,1,TP,9.54,2,2024-05-16,6,19.08
NOT008913,STU01122,MAT0016,4,EXAMEN,11.33,2,2023-05-17,7,22.66
NOT008914,STU01122,MAT0019,4,EXAMEN,12.85,2,2023-05-17,7,25.7
NOT008915,STU01122,MAT0010,1,CC,11.54,3,2023-04-15,7,34.62
NOT008916,STU01122,MAT0009,3,TP,13.3,2,2024-05-17,7,26.6
NOT008917,STU01122,MAT0030,4,EXAMEN,17.29,3,2023-04-15,7,51.870003
NOT008918,STU01122,MAT0016,2,PROJET,10.48,2,2023-04-15,7,20.96
NOT008919,STU01122,MAT0009,1,EXAMEN,6.85,3,2023-05-17,7,20.55
NOT008920,STU01123,MAT0025,2,CC,14.48,2,2023-05-17,6,28.96
NOT008921,STU01123,MAT0030,4,TP,17.05,3,2024-05-16,6,51.149998
NOT008922,STU01123,MAT0017,1,CC,13.18,2,2024-05-16,6,26.36
NOT008923,STU01123,MAT0033,3,PROJET,8.74,2,2023-05-16,6,17.48
NOT008924,STU01123,MAT0005,3,TP,11.63,2,2023-04-16,6,23.26
NOT008925,STU01123,MAT0013,4,CC,8.64,1,2023-04-15,6,8.64
NOT008926,STU01123,MAT0006,3,TP,13.93,1,2023-04-15,6,13.93
NOT008927,STU01123,MAT0003,4,CC,7.95,1,2023-05-17,6,7.95
NOT008928,STU01123,MAT0011,1,TP,11.1,2,2024-05-17,6,22.2
NOT008929,STU01124,MAT0018,1,CC,8.99,3,2024-05-17,7,26.97
NOT008930,STU01124,MAT0018,2,CC,12.38,3,2024-05-17,7,37.14
NOT008931,STU01124,MAT0003,3,PROJET,10.9,2,2024-05-17,7,21.8
NOT008932,STU01124,MAT0025,3,EXAMEN,12.53,2,2023-04-15,7,25.06
NOT008933,STU01124,MAT0024,1,PROJET,12.07,2,2024-05-17,7,24.14
NOT008934,STU01124,MAT0016,1,TP,9.04,2,2023-04-15,7,18.08
NOT008935,STU01124,MAT0006,2,EXAMEN,13.88,3,2024-05-16,7,41.64
NOT008936,STU01124,MAT0029,3,PROJET,11.85,2,2024-04-16,7,23.7
NOT008937,STU01124,MAT0004,1,PROJET,9.03,2,2023-04-15,7,18.06
NOT008938,STU01125,MAT0024,1,TP,18.72,1,2024-04-15,6,18.72
NOT008939,STU01125,MAT0028,3,PROJET,13.43,1,2024-04-16,6,13.43
NOT008940,STU01125,MAT0007,2,PROJET,11.54,2,2023-04-15,6,23.08
NOT008941,STU01125,MAT0012,2,CC,16.25,3,2023-04-16,6,48.75
NOT008942,STU01125,MAT0021,4,PROJET,17.53,2,2023-04-16,6,35.06
NOT008943,STU01125,MAT0022,3,CC,11.56,3,2024-04-16,6,34.68
NOT008944,STU01125,MAT0015,3,CC,13.04,2,2024-04-15,6,26.08
NOT008945,STU01125,MAT0022,1,TP,9.04,2,2023-04-16,6,18.08
NOT008946,STU01125,MAT0019,3,CC,11.56,2,2023-05-17,6,23.12
NOT008947,STU01125,MAT0006,3,EXAMEN,11.4,2,2023-04-15,6,22.8
NOT008948,STU01126,MAT0006,2,PROJET,12.55,3,2024-05-16,7,37.65
NOT008949,STU01126,MAT0009,1,PROJET,13.0,2,2023-05-16,7,26.0
NOT008950,STU01126,MAT0027,2,TP,13.68,2,2023-05-16,7,27.36
NOT008951,STU01126,MAT0008,3,CC,12.71,1,2024-04-16,7,12.71
NOT008952,STU01126,MAT0003,3,TP,8.37,1,2023-04-16,7,8.37
NOT008953,STU01126,MAT0020,4,TP,9.18,2,2024-05-17,7,18.36
NOT008954,STU01126,MAT0008,1,CC,10.36,1,2023-04-15,7,10.36
NOT008955,STU01126,MAT0001,2,EXAMEN,11.15,2,2024-04-16,7,22.3
NOT008956,STU01127,MAT0033,3,PROJET,15.15,1,2023-04-15,6,15.15
NOT008957,STU01127,MAT0012,1,TP,8.51,2,2024-05-17,6,17.02
NOT008958,STU01127,MAT0034,4,TP,10.93,3,2024-04-16,6,32.79
NOT008959,STU01127,MAT0005,2,TP,14.86,2,2023-05-16,6,29.72
NOT008960,STU01127,MAT0004,2,PROJET,11.1,2,2024-04-15,6,22.2
NOT008961,STU01127,MAT0032,1,CC,13.38,3,2023-04-16,6,40.14
NOT008962,STU01127,MAT0030,3,PROJET,11.58,2,2024-05-16,6,23.16
NOT008963,STU01127,MAT0025,4,PROJET,12.77,2,2024-04-15,6,25.54
NOT008964,STU01127,MAT0015,2,PROJET,11.31,3,2024-05-17,6,33.93
NOT008965,STU01128,MAT0013,1,EXAMEN,14.0,2,2024-05-16,7,28.0
NOT008966,STU01128,MAT0018,3,CC,7.36,1,2024-05-17,7,7.36
NOT008967,STU01128,MAT0007,2,CC,10.91,2,2023-04-16,7,21.82
NOT008968,STU01128,MAT0035,3,PROJET,12.89,1,2023-05-17,7,12.89
NOT008969,STU01128,MAT0024,4,EXAMEN,13.6,2,2024-05-16,7,27.2
NOT008970,STU01128,MAT0016,1,EXAMEN,16.48,2,2024-05-16,7,32.96
NOT008971,STU01128,MAT0026,3,PROJET,10.83,3,2024-04-15,7,32.489998
NOT008972,STU01129,MAT0017,1,TP,16.44,3,2024-05-17,6,49.32
NOT008973,STU01129,MAT0019,1,PROJET,10.02,3,2023-05-17,6,30.060001
NOT008974,STU01129,MAT0020,4,EXAMEN,15.99,3,2024-04-15,6,47.97
NOT008975,STU01129,MAT0030,4,PROJET,14.45,3,2024-04-16,6,43.35
NOT008976,STU01129,MAT0034,2,PROJET,9.26,1,2024-04-16,6,9.26
NOT008977,STU01129,MAT0002,1,CC,12.92,1,2023-05-17,6,12.92
NOT008978,STU01129,MAT0020,2,TP,11.85,2,2024-04-15,6,23.7
NOT008979,STU01129,MAT0027,2,PROJET,13.88,2,2024-04-15,6,27.76
NOT008980,STU01129,MAT0010,1,CC,11.33,2,2023-04-16,6,22.66
NOT008981,STU01129,MAT0010,4,CC,11.08,3,2024-04-16,6,33.239998
NOT008982,STU01130,MAT0001,1,CC,16.11,1,2023-04-15,7,16.11
NOT008983,STU01130,MAT0035,3,PROJET,11.7,3,2023-05-16,7,35.1
NOT008984,STU01130,MAT0001,4,EXAMEN,14.48,3,2023-04-15,7,43.44
NOT008985,STU01130,MAT0002,1,CC,11.32,1,2024-04-16,7,11.32
NOT008986,STU01130,MAT0016,2,CC,17.0,2,2023-04-16,7,34.0
NOT008987,STU01130,MAT0027,1,PROJET,9.96,2,2023-05-17,7,19.92
NOT008988,STU01130,MAT0026,1,EXAMEN,10.16,3,2023-05-17,7,30.48
NOT008989,STU01130,MAT0032,1,EXAMEN,16.57,2,2023-04-16,7,33.14
NOT008990,STU01131,MAT0003,3,TP,10.67,1,2023-04-16,6,10.67
NOT008991,STU01131,MAT0015,3,CC,16.8,2,2024-04-16,6,33.6
NOT008992,STU01131,MAT0011,2,CC,14.68,2,2024-04-15,6,29.36
NOT008993,STU01131,MAT0016,1,TP,11.54,1,2024-05-16,6,11.54
NOT008994,STU01131,MAT0002,4,CC,6.56,3,2024-04-16,6,19.68
NOT008995,STU01131,MAT0024,1,EXAMEN,11.94,1,2024-04-15,6,11.94
NOT008996,STU01131,MAT0028,1,CC,12.3,2,2024-05-17,6,24.6
NOT008997,STU01132,MAT0013,2,PROJET,15.5,2,2024-04-15,7,31.0
NOT008998,STU01132,MAT0003,4,EXAMEN,16.77,3,2024-04-16,7,50.31
NOT008999,STU01132,MAT0004,3,PROJET,9.95,2,2023-04-15,7,19.9
NOT009000,STU01132,MAT0012,3,CC,14.4,1,2023-04-15,7,14.4
NOT009001,STU01132,MAT0008,2,PROJET,14.3,1,2023-04-16,7,14.3
NOT009002,STU01132,MAT0023,4,PROJET,15.22,1,2024-04-16,7,15.22
NOT009003,STU01132,MAT0019,3,TP,13.5,2,2024-05-17,7,27.0
NOT009004,STU01132,MAT0013,2,EXAMEN,6.17,1,2024-05-16,7,6.17
NOT009005,STU01132,MAT0015,1,TP,11.53,2,2023-04-15,7,23.06
NOT009006,STU01133,MAT0003,1,PROJET,8.53,2,2024-04-15,6,17.06
NOT009007,STU01133,MAT0031,4,CC,11.39,3,2023-05-16,6,34.170002
NOT009008,STU01133,MAT0021,4,PROJET,14.94,2,2023-04-15,6,29.88
NOT009009,STU01133,MAT0028,4,EXAMEN,12.92,3,2023-05-17,6,38.760002
NOT009010,STU01133,MAT0024,1,PROJET,15.44,2,2024-04-16,6,30.88
NOT009011,STU01133,MAT0033,1,CC,13.03,2,2023-05-16,6,26.06
NOT009012,STU01133,MAT0018,2,CC,8.11,2,2024-04-15,6,16.22
NOT009013,STU01133,MAT0006,4,TP,4.44,2,2023-04-15,6,8.88
NOT009014,STU01133,MAT0010,2,PROJET,12.45,3,2023-05-16,6,37.35
NOT009015,STU01134,MAT0008,1,EXAMEN,11.36,3,2023-04-16,7,34.079998
NOT009016,STU01134,MAT0022,3,TP,9.07,1,2024-04-16,7,9.07
NOT009017,STU01134,MAT0023,4,TP,6.9,2,2023-04-15,7,13.8
NOT009018,STU01134,MAT0020,2,TP,9.8,2,2024-04-15,7,19.6
NOT009019,STU01134,MAT0035,3,EXAMEN,11.42,1,2024-05-17,7,11.42
NOT009020,STU01134,MAT0023,2,PROJET,14.0,1,2024-04-16,7,14.0
NOT009021,STU01134,MAT0033,2,EXAMEN,12.57,2,2024-05-16,7,25.14
NOT009022,STU01134,MAT0008,3,EXAMEN,16.82,1,2023-05-16,7,16.82
NOT009023,STU01134,MAT0014,2,PROJET,8.89,3,2023-04-15,7,26.670002
NOT009024,STU01134,MAT0003,2,CC,14.64,3,2024-05-16,7,43.920002
NOT009025,STU01135,MAT0032,2,PROJET,12.14,1,2023-04-15,6,12.14
NOT009026,STU01135,MAT0001,1,TP,14.08,1,2023-04-16,6,14.08
NOT009027,STU01135,MAT0016,1,TP,10.69,1,2023-05-16,6,10.69
NOT009028,STU01135,MAT0028,2,CC,15.22,1,2024-04-15,6,15.22
NOT009029,STU01135,MAT0026,4,EXAMEN,12.89,2,2023-05-17,6,25.78
NOT009030,STU01135,MAT0008,4,CC,9.96,2,2023-05-16,6,19.92
NOT009031,STU01135,MAT0029,3,TP,11.96,2,2024-05-16,6,23.92
NOT009032,STU01135,MAT0032,3,EXAMEN,11.28,1,2024-04-16,6,11.28
NOT009033,STU01135,MAT0010,3,PROJET,13.47,2,2023-04-15,6,26.94
NOT009034,STU01136,MAT0022,2,TP,8.46,2,2024-04-16,7,16.92
NOT009035,STU01136,MAT0013,2,TP,11.91,2,2023-05-17,7,23.82
NOT009036,STU01136,MAT0004,1,TP,13.19,2,2024-04-15,7,26.38
NOT009037,STU01136,MAT0002,2,PROJET,12.1,2,2023-05-16,7,24.2
NOT009038,STU01136,MAT0007,3,PROJET,16.04,2,2024-04-16,7,32.08
NOT009039,STU01136,MAT0012,2,PROJET,14.32,1,2024-05-17,7,14.32
NOT009040,STU01137,MAT0020,2,EXAMEN,11.98,2,2024-04-15,6,23.96
NOT009041,STU01137,MAT0028,4,TP,12.65,1,2024-05-17,6,12.65
NOT009042,STU01137,MAT0016,3,TP,12.89,1,2024-05-17,6,12.89
NOT009043,STU01137,MAT0010,1,CC,13.21,3,2023-05-16,6,39.63
NOT009044,STU01137,MAT0024,3,TP,6.52,3,2024-05-17,6,19.56
NOT009045,STU01137,MAT0009,1,CC,11.1,3,2023-05-17,6,33.300003
NOT009046,STU01137,MAT0013,2,EXAMEN,7.55,1,2024-04-15,6,7.55
NOT009047,STU01138,MAT0030,3,CC,15.83,2,2024-04-15,7,31.66
NOT009048,STU01138,MAT0030,4,EXAMEN,11.82,2,2024-04-15,7,23.64
NOT009049,STU01138,MAT0008,2,EXAMEN,11.42,2,2023-04-15,7,22.84
NOT009050,STU01138,MAT0006,1,EXAMEN,14.69,3,2023-04-16,7,44.07
NOT009051,STU01138,MAT0031,4,PROJET,13.27,3,2023-05-17,7,39.81
NOT009052,STU01138,MAT0007,3,TP,8.61,2,2024-05-16,7,17.22
NOT009053,STU01138,MAT0019,1,EXAMEN,11.79,2,2024-05-16,7,23.58
NOT009054,STU01138,MAT0011,4,EXAMEN,10.99,2,2023-04-16,7,21.98
NOT009055,STU01138,MAT0015,2,EXAMEN,6.77,2,2024-04-16,7,13.54
NOT009056,STU01138,MAT0007,3,EXAMEN,9.93,3,2024-04-16,7,29.79
NOT009057,STU01139,MAT0028,2,TP,11.45,3,2023-05-16,6,34.35
NOT009058,STU01139,MAT0018,2,TP,11.66,2,2024-04-15,6,23.32
NOT009059,STU01139,MAT0021,4,TP,7.55,3,2023-05-16,6,22.650002
NOT009060,STU01139,MAT0002,3,TP,15.45,2,2024-04-15,6,30.9
NOT009061,STU01139,MAT0031,1,CC,11.69,3,2024-05-16,6,35.07
NOT009062,STU01139,MAT0027,2,EXAMEN,12.11,2,2024-05-16,6,24.22
NOT009063,STU01140,MAT0014,4,EXAMEN,13.2,2,2023-05-16,7,26.4
NOT009064,STU01140,MAT0031,3,PROJET,9.64,1,2024-04-16,7,9.64
NOT009065,STU01140,MAT0015,4,EXAMEN,13.37,2,2023-04-15,7,26.74
NOT009066,STU01140,MAT0024,1,CC,10.9,3,2023-04-16,7,32.699997
NOT009067,STU01140,MAT0018,1,EXAMEN,9.31,2,2023-05-16,7,18.62
NOT009068,STU01140,MAT0030,1,CC,13.72,3,2024-05-16,7,41.16
NOT009069,STU01140,MAT0001,3,EXAMEN,16.48,2,2023-05-17,7,32.96
NOT009070,STU01140,MAT0035,1,CC,14.17,3,2023-04-16,7,42.510002
NOT009071,STU01140,MAT0028,4,EXAMEN,14.77,2,2023-04-16,7,29.54
NOT009072,STU01140,MAT0029,4,CC,10.44,1,2024-04-15,7,10.44
NOT009073,STU01141,MAT0031,1,PROJET,7.21,2,2023-05-16,12,14.42
NOT009074,STU01141,MAT0025,4,EXAMEN,16.47,2,2023-05-16,12,32.94
NOT009075,STU01141,MAT0020,1,PROJET,18.16,2,2024-04-15,12,36.32
NOT009076,STU01141,MAT0004,3,EXAMEN,16.63,1,2024-05-16,12,16.63
NOT009077,STU01141,MAT0018,3,TP,10.99,3,2024-04-16,12,32.97
NOT009078,STU01141,MAT0024,2,EXAMEN,8.54,2,2024-04-16,12,17.08
NOT009079,STU01142,MAT0027,3,CC,8.8,2,2024-05-16,13,17.6
NOT009080,STU01142,MAT0002,4,CC,6.95,3,2023-05-16,13,20.849998
NOT009081,STU01142,MAT0034,1,TP,11.68,2,2023-05-17,13,23.36
NOT009082,STU01142,MAT0003,3,TP,16.82,2,2023-04-16,13,33.64
NOT009083,STU01142,MAT0023,4,TP,11.58,2,2023-04-15,13,23.16
NOT009084,STU01142,MAT0027,4,TP,12.91,2,2023-05-17,13,25.82
NOT009085,STU01142,MAT0015,3,PROJET,16.13,2,2023-04-15,13,32.26
NOT009086,STU01143,MAT0031,1,CC,10.79,2,2023-05-16,12,21.58
NOT009087,STU01143,MAT0002,2,PROJET,18.11,1,2024-05-16,12,18.11
NOT009088,STU01143,MAT0004,2,CC,17.98,2,2024-04-15,12,35.96
NOT009089,STU01143,MAT0012,3,PROJET,11.61,1,2024-04-16,12,11.61
NOT009090,STU01143,MAT0013,4,TP,10.27,1,2024-05-16,12,10.27
NOT009091,STU01143,MAT0009,3,EXAMEN,14.09,2,2023-04-16,12,28.18
NOT009092,STU01144,MAT0016,3,TP,10.96,3,2024-04-16,13,32.88
NOT009093,STU01144,MAT0018,1,PROJET,8.53,3,2024-04-16,13,25.59
NOT009094,STU01144,MAT0016,1,PROJET,15.84,1,2024-04-16,13,15.84
NOT009095,STU01144,MAT0015,2,EXAMEN,15.65,2,2023-04-16,13,31.3
NOT009096,STU01144,MAT0012,3,PROJET,12.47,2,2023-05-17,13,24.94
NOT009097,STU01144,MAT0027,2,TP,8.21,1,2024-04-16,13,8.21
NOT009098,STU01144,MAT0034,4,CC,8.31,2,2023-05-17,13,16.62
NOT009099,STU01144,MAT0031,4,PROJET,12.32,1,2024-05-16,13,12.32
NOT009100,STU01144,MAT0004,1,CC,10.5,2,2023-04-16,13,21.0
NOT009101,STU01145,MAT0022,2,CC,10.98,2,2024-04-16,12,21.96
NOT009102,STU01145,MAT0011,4,PROJET,15.07,3,2023-05-17,12,45.21
NOT009103,STU01145,MAT0003,3,EXAMEN,14.2,2,2023-05-16,12,28.4
NOT009104,STU01145,MAT0013,1,EXAMEN,16.13,2,2024-05-17,12,32.26
NOT009105,STU01145,MAT0005,1,PROJET,9.03,3,2023-05-17,12,27.09
NOT009106,STU01145,MAT0018,4,PROJET,10.97,2,2024-05-16,12,21.94
NOT009107,STU01146,MAT0012,1,CC,14.28,2,2023-04-16,13,28.56
NOT009108,STU01146,MAT0034,1,CC,13.34,2,2023-04-16,13,26.68
NOT009109,STU01146,MAT0033,2,TP,16.6,1,2023-05-17,13,16.6
NOT009110,STU01146,MAT0007,2,CC,13.26,1,2024-04-15,13,13.26
NOT009111,STU01146,MAT0011,1,PROJET,17.54,2,2024-04-16,13,35.08
NOT009112,STU01146,MAT0021,1,EXAMEN,13.62,1,2023-05-16,13,13.62
NOT009113,STU01146,MAT0026,3,PROJET,15.19,1,2024-05-17,13,15.19
NOT009114,STU01146,MAT0012,2,CC,11.03,2,2023-05-17,13,22.06
NOT009115,STU01146,MAT0026,2,EXAMEN,12.04,3,2024-05-17,13,36.12
NOT009116,STU01146,MAT0026,2,CC,14.73,2,2023-05-16,13,29.46
NOT009117,STU01147,MAT0033,4,PROJET,16.84,3,2023-05-17,12,50.52
NOT009118,STU01147,MAT0004,2,TP,14.19,2,2023-04-16,12,28.38
NOT009119,STU01147,MAT0035,4,CC,11.75,2,2024-05-16,12,23.5
NOT009120,STU01147,MAT0005,3,TP,16.13,2,2024-04-16,12,32.26
NOT009121,STU01147,MAT0013,1,CC,5.42,1,2023-04-15,12,5.42
NOT009122,STU01147,MAT0001,1,CC,7.73,2,2023-05-17,12,15.46
NOT009123,STU01147,MAT0011,3,EXAMEN,14.04,1,2024-05-17,12,14.04
NOT009124,STU01147,MAT0021,1,TP,12.04,1,2024-05-17,12,12.04
NOT009125,STU01147,MAT0011,3,PROJET,13.82,2,2024-05-17,12,27.64
NOT009126,STU01148,MAT0003,4,TP,12.19,3,2023-05-17,13,36.57
NOT009127,STU01148,MAT0005,3,PROJET,13.71,2,2023-04-16,13,27.42
NOT009128,STU01148,MAT0030,4,EXAMEN,9.56,1,2023-04-15,13,9.56
NOT009129,STU01148,MAT0017,4,TP,13.71,2,2023-05-17,13,27.42
NOT009130,STU01148,MAT0016,1,EXAMEN,14.98,2,2024-04-15,13,29.96
NOT009131,STU01148,MAT0003,4,TP,15.66,2,2024-05-17,13,31.32
NOT009132,STU01149,MAT0019,4,EXAMEN,18.04,1,2024-05-16,12,18.04
NOT009133,STU01149,MAT0005,2,EXAMEN,12.73,2,2024-04-16,12,25.46
NOT009134,STU01149,MAT0003,3,PROJET,12.82,1,2024-05-17,12,12.82
NOT009135,STU01149,MAT0002,2,TP,7.43,1,2023-05-17,12,7.43
NOT009136,STU01149,MAT0002,1,CC,10.41,2,2024-05-17,12,20.82
NOT009137,STU01149,MAT0031,2,PROJET,11.42,2,2024-05-16,12,22.84
NOT009138,STU01149,MAT0030,3,PROJET,15.15,2,2023-05-17,12,30.3
NOT009139,STU01149,MAT0003,3,EXAMEN,10.17,2,2024-04-15,12,20.34
NOT009140,STU01149,MAT0035,3,CC,14.39,1,2023-04-15,12,14.39
NOT009141,STU01149,MAT0027,2,CC,12.0,2,2024-05-16,12,24.0
NOT009142,STU01150,MAT0016,3,EXAMEN,11.47,2,2024-05-17,13,22.94
NOT009143,STU01150,MAT0031,2,CC,12.75,1,2023-05-16,13,12.75
NOT009144,STU01150,MAT0009,1,TP,10.83,2,2024-04-15,13,21.66
NOT009145,STU01150,MAT0004,4,EXAMEN,10.71,3,2024-05-16,13,32.13
NOT009146,STU01150,MAT0004,2,TP,6.89,2,2023-04-15,13,13.78
NOT009147,STU01150,MAT0014,2,TP,11.26,3,2024-04-16,13,33.78
NOT009148,STU01150,MAT0035,2,CC,10.56,3,2024-04-15,13,31.68
NOT009149,STU01150,MAT0011,4,TP,10.45,1,2023-05-17,13,10.45
NOT009150,STU01150,MAT0006,4,EXAMEN,13.25,2,2024-04-16,13,26.5
NOT009151,STU01150,MAT0014,3,CC,13.98,3,2024-04-15,13,41.94
NOT009152,STU01151,MAT0012,1,PROJET,12.7,2,2023-05-16,12,25.4
NOT009153,STU01151,MAT0033,2,EXAMEN,14.99,3,2024-04-16,12,44.97
NOT009154,STU01151,MAT0026,3,TP,13.73,3,2023-04-15,12,41.19
NOT009155,STU01151,MAT0017,2,TP,11.11,2,2024-05-16,12,22.22
NOT009156,STU01151,MAT0025,3,TP,10.61,2,2024-05-17,12,21.22
NOT009157,STU01151,MAT0009,1,PROJET,12.94,2,2023-04-16,12,25.88
NOT009158,STU01151,MAT0022,2,PROJET,13.72,3,2024-04-16,12,41.16
NOT009159,STU01151,MAT0019,4,PROJET,16.19,2,2023-05-17,12,32.38
NOT009160,STU01151,MAT0017,3,TP,15.57,3,2023-05-17,12,46.71
NOT009161,STU01151,MAT0004,4,EXAMEN,10.38,2,2024-05-17,12,20.76
NOT009162,STU01152,MAT0001,1,TP,11.69,2,2023-04-16,13,23.38
NOT009163,STU01152,MAT0035,4,TP,14.01,3,2024-04-16,13,42.03
NOT009164,STU01152,MAT0032,1,EXAMEN,15.2,2,2024-04-15,13,30.4
NOT009165,STU01152,MAT0017,3,TP,14.82,1,2023-04-16,13,14.82
NOT009166,STU01152,MAT0020,1,PROJET,11.81,2,2024-04-16,13,23.62
NOT009167,STU01152,MAT0008,4,CC,8.24,3,2024-04-16,13,24.72
NOT009168,STU01152,MAT0035,2,PROJET,9.0,1,2023-04-15,13,9.0
NOT009169,STU01153,MAT0034,3,PROJET,12.82,2,2023-05-16,12,25.64
NOT009170,STU01153,MAT0032,2,TP,13.03,2,2024-04-16,12,26.06
NOT009171,STU01153,MAT0012,4,EXAMEN,8.7,2,2023-04-15,12,17.4
NOT009172,STU01153,MAT0027,3,EXAMEN,12.13,2,2023-05-17,12,24.26
NOT009173,STU01153,MAT0030,3,PROJET,13.89,2,2023-04-15,12,27.78
NOT009174,STU01153,MAT0032,4,EXAMEN,8.55,1,2023-05-16,12,8.55
NOT009175,STU01154,MAT0005,1,TP,15.31,2,2024-04-16,13,30.62
NOT009176,STU01154,MAT0034,1,EXAMEN,10.87,1,2024-05-16,13,10.87
NOT009177,STU01154,MAT0013,3,TP,15.77,1,2023-05-17,13,15.77
NOT009178,STU01154,MAT0004,1,CC,10.4,2,2024-05-16,13,20.8
NOT009179,STU01154,MAT0006,2,EXAMEN,8.92,1,2024-05-17,13,8.92
NOT009180,STU01154,MAT0014,1,EXAMEN,10.63,2,2024-04-15,13,21.26
NOT009181,STU01154,MAT0016,1,PROJET,11.71,1,2023-05-17,13,11.71
NOT009182,STU01154,MAT0017,4,EXAMEN,10.83,2,2024-04-16,13,21.66
NOT009183,STU01154,MAT0014,3,PROJET,11.35,3,2024-04-15,13,34.050003
NOT009184,STU01155,MAT0017,3,PROJET,13.0,2,2023-04-16,12,26.0
NOT009185,STU01155,MAT0023,2,TP,11.49,3,2023-05-17,12,34.47
NOT009186,STU01155,MAT0008,3,TP,11.8,2,2023-04-15,12,23.6
NOT009187,STU01155,MAT0026,2,CC,6.87,2,2024-05-17,12,13.74
NOT009188,STU01155,MAT0008,1,EXAMEN,13.18,2,2023-04-15,12,26.36
NOT009189,STU01155,MAT0004,1,CC,11.73,1,2024-04-16,12,11.73
NOT009190,STU01155,MAT0028,2,TP,16.83,1,2023-05-16,12,16.83
NOT009191,STU01155,MAT0010,2,TP,9.18,2,2024-04-15,12,18.36
NOT009192,STU01156,MAT0004,1,PROJET,6.58,2,2024-04-15,13,13.16
NOT009193,STU01156,MAT0009,2,EXAMEN,13.85,1,2023-05-17,13,13.85
NOT009194,STU01156,MAT0005,3,CC,13.04,1,2024-04-16,13,13.04
NOT009195,STU01156,MAT0005,4,TP,8.97,2,2024-04-15,13,17.94
NOT009196,STU01156,MAT0005,1,CC,7.41,2,2024-05-16,13,14.82
NOT009197,STU01156,MAT0017,2,PROJET,16.61,2,2024-04-15,13,33.22
NOT009198,STU01157,MAT0016,2,CC,16.24,2,2024-04-16,12,32.48
NOT009199,STU01157,MAT0011,4,EXAMEN,4.54,1,2024-04-15,12,4.54
NOT009200,STU01157,MAT0002,1,TP,10.63,2,2023-05-17,12,21.26
NOT009201,STU01157,MAT0033,2,EXAMEN,16.99,2,2024-05-16,12,33.98
NOT009202,STU01157,MAT0002,4,TP,10.57,2,2023-05-17,12,21.14
NOT009203,STU01157,MAT0028,1,CC,10.53,2,2023-04-16,12,21.06
NOT009204,STU01157,MAT0003,1,TP,11.15,3,2023-04-16,12,33.449997
NOT009205,STU01157,MAT0028,3,CC,8.64,1,2023-05-16,12,8.64
NOT009206,STU01157,MAT0021,2,CC,6.89,2,2024-05-17,12,13.78
NOT009207,STU01158,MAT0031,3,EXAMEN,15.16,2,2024-05-17,13,30.32
NOT009208,STU01158,MAT0025,2,CC,6.47,1,2023-04-16,13,6.47
NOT009209,STU01158,MAT0018,2,EXAMEN,12.74,2,2023-04-16,13,25.48
NOT009210,STU01158,MAT0029,1,CC,14.66,2,2023-04-15,13,29.32
NOT009211,STU01158,MAT0014,2,EXAMEN,7.65,1,2023-04-15,13,7.65
NOT009212,STU01158,MAT0007,3,TP,9.23,1,2023-05-17,13,9.23
NOT009213,STU01158,MAT0018,1,PROJET,15.64,1,2023-04-15,13,15.64
NOT009214,STU01158,MAT0032,3,CC,13.6,1,2024-05-17,13,13.6
NOT009215,STU01158,MAT0029,1,EXAMEN,10.15,1,2023-04-15,13,10.15
NOT009216,STU01159,MAT0007,1,CC,15.61,2,2024-04-16,12,31.22
NOT009217,STU01159,MAT0028,1,TP,15.62,3,2024-04-15,12,46.86
NOT009218,STU01159,MAT0028,2,TP,12.81,2,2024-04-15,12,25.62
NOT009219,STU01159,MAT0031,1,EXAMEN,9.3,2,2023-04-16,12,18.6
NOT009220,STU01159,MAT0013,2,EXAMEN,10.76,2,2023-04-15,12,21.52
NOT009221,STU01159,MAT0001,3,TP,12.86,2,2024-05-16,12,25.72
NOT009222,STU01159,MAT0025,1,PROJET,11.43,2,2023-05-17,12,22.86
NOT009223,STU01159,MAT0013,1,EXAMEN,14.82,3,2023-05-17,12,44.46
NOT009224,STU01159,MAT0012,1,CC,7.41,3,2023-04-16,12,22.23
NOT009225,STU01159,MAT0007,3,PROJET,7.52,2,2023-04-15,12,15.04
NOT009226,STU01160,MAT0018,4,CC,12.54,2,2024-04-16,13,25.08
NOT009227,STU01160,MAT0016,1,EXAMEN,10.53,1,2024-05-17,13,10.53
NOT009228,STU01160,MAT0013,3,PROJET,10.12,2,2023-04-16,13,20.24
NOT009229,STU01160,MAT0006,4,CC,6.7,3,2024-05-17,13,20.099998
NOT009230,STU01160,MAT0001,2,TP,12.06,3,2024-04-15,13,36.18
NOT009231,STU01160,MAT0033,4,PROJET,11.84,1,2023-04-16,13,11.84
NOT009232,STU01160,MAT0001,3,PROJET,13.96,2,2024-04-16,13,27.92
NOT009233,STU01161,MAT0009,4,CC,12.21,3,2024-04-16,12,36.63
NOT009234,STU01161,MAT0027,1,PROJET,11.6,3,2023-04-16,12,34.800003
NOT009235,STU01161,MAT0012,4,TP,15.53,2,2023-04-16,12,31.06
NOT009236,STU01161,MAT0008,1,TP,8.06,3,2023-05-17,12,24.18
NOT009237,STU01161,MAT0006,4,PROJET,13.61,2,2023-04-16,12,27.22
NOT009238,STU01161,MAT0006,2,PROJET,6.99,1,2023-04-15,12,6.99
NOT009239,STU01161,MAT0003,1,PROJET,9.48,2,2024-04-15,12,18.96
NOT009240,STU01161,MAT0031,3,EXAMEN,8.36,2,2023-04-16,12,16.72
NOT009241,STU01161,MAT0031,3,EXAMEN,14.35,1,2023-04-16,12,14.35
NOT009242,STU01161,MAT0012,3,PROJET,11.8,2,2023-05-16,12,23.6
NOT009243,STU01162,MAT0014,1,CC,11.96,2,2023-05-17,13,23.92
NOT009244,STU01162,MAT0004,3,TP,8.68,1,2023-04-15,13,8.68
NOT009245,STU01162,MAT0012,1,EXAMEN,11.1,3,2023-04-16,13,33.300003
NOT009246,STU01162,MAT0001,1,CC,9.71,1,2023-05-16,13,9.71
NOT009247,STU01162,MAT0002,4,PROJET,13.15,2,2024-05-16,13,26.3
NOT009248,STU01162,MAT0010,3,TP,9.03,1,2024-05-17,13,9.03
NOT009249,STU01163,MAT0032,2,EXAMEN,15.99,1,2024-05-17,12,15.99
NOT009250,STU01163,MAT0033,4,PROJET,6.97,2,2024-04-16,12,13.94
NOT009251,STU01163,MAT0035,4,EXAMEN,9.58,3,2023-05-16,12,28.74
NOT009252,STU01163,MAT0025,1,PROJET,17.03,2,2023-04-16,12,34.06
NOT009253,STU01163,MAT0029,2,TP,10.69,2,2023-05-16,12,21.38
NOT009254,STU01163,MAT0030,3,PROJET,8.06,2,2023-05-16,12,16.12
NOT009255,STU01163,MAT0034,1,TP,12.66,1,2024-04-15,12,12.66
NOT009256,STU01164,MAT0032,4,EXAMEN,10.57,1,2023-04-16,13,10.57
NOT009257,STU01164,MAT0026,4,CC,9.49,2,2024-04-16,13,18.98
NOT009258,STU01164,MAT0011,1,EXAMEN,8.71,2,2024-05-16,13,17.42
NOT009259,STU01164,MAT0008,4,EXAMEN,20.0,3,2023-04-16,13,60.0
NOT009260,STU01164,MAT0010,1,PROJET,11.25,2,2024-04-15,13,22.5
NOT009261,STU01164,MAT0018,1,TP,6.22,2,2024-04-16,13,12.44
NOT009262,STU01165,MAT0015,3,EXAMEN,16.48,3,2023-05-17,12,49.44
NOT009263,STU01165,MAT0006,3,TP,13.83,2,2023-04-15,12,27.66
NOT009264,STU01165,MAT0005,2,CC,9.7,3,2024-05-16,12,29.099998
NOT009265,STU01165,MAT0034,3,CC,9.2,2,2024-05-17,12,18.4
NOT009266,STU01165,MAT0005,4,PROJET,14.02,1,2023-05-16,12,14.02
NOT009267,STU01165,MAT0023,2,CC,11.26,2,2024-05-17,12,22.52
NOT009268,STU01165,MAT0029,2,TP,6.22,3,2023-04-16,12,18.66
NOT009269,STU01165,MAT0019,4,EXAMEN,17.36,2,2023-05-17,12,34.72
NOT009270,STU01165,MAT0018,1,PROJET,10.7,1,2024-04-16,12,10.7
NOT009271,STU01166,MAT0019,2,CC,16.49,3,2024-04-15,13,49.47
NOT009272,STU01166,MAT0018,3,EXAMEN,15.84,2,2023-05-17,13,31.68
NOT009273,STU01166,MAT0021,1,EXAMEN,9.0,2,2024-04-15,13,18.0
NOT009274,STU01166,MAT0029,4,CC,15.1,2,2023-05-16,13,30.2
NOT009275,STU01166,MAT0018,3,TP,10.05,3,2024-05-17,13,30.150002
NOT009276,STU01166,MAT0005,3,TP,6.4,2,2023-04-16,13,12.8
NOT009277,STU01166,MAT0035,1,CC,10.73,1,2023-05-17,13,10.73
NOT009278,STU01167,MAT0019,3,EXAMEN,13.19,2,2023-05-17,12,26.38
NOT009279,STU01167,MAT0009,3,EXAMEN,10.61,3,2024-04-16,12,31.829998
NOT009280,STU01167,MAT0007,2,PROJET,11.08,1,2023-05-16,12,11.08
NOT009281,STU01167,MAT0023,2,EXAMEN,15.43,2,2023-04-15,12,30.86
NOT009282,STU01167,MAT0035,1,CC,12.32,2,2024-04-15,12,24.64
NOT009283,STU01167,MAT0008,1,EXAMEN,9.47,1,2023-05-16,12,9.47
NOT009284,STU01168,MAT0032,4,EXAMEN,14.11,3,2023-05-16,13,42.329998
NOT009285,STU01168,MAT0005,4,TP,12.59,1,2024-05-16,13,12.59
NOT009286,STU01168,MAT0022,3,TP,4.44,2,2023-04-16,13,8.88
NOT009287,STU01168,MAT0033,3,TP,13.29,3,2024-04-16,13,39.87
NOT009288,STU01168,MAT0021,4,TP,13.18,2,2023-05-17,13,26.36
NOT009289,STU01168,MAT0034,4,PROJET,12.06,2,2023-05-17,13,24.12
NOT009290,STU01168,MAT0028,3,TP,14.68,2,2024-04-15,13,29.36
NOT009291,STU01168,MAT0030,2,TP,9.98,3,2023-05-16,13,29.939999
NOT009292,STU01168,MAT0022,2,EXAMEN,13.01,1,2023-04-15,13,13.01
NOT009293,STU01169,MAT0029,4,EXAMEN,7.3,3,2023-04-16,12,21.900002
NOT009294,STU01169,MAT0034,4,TP,13.22,3,2023-04-16,12,39.66
NOT009295,STU01169,MAT0001,4,EXAMEN,17.86,1,2023-04-15,12,17.86
NOT009296,STU01169,MAT0005,1,EXAMEN,9.02,2,2023-05-17,12,18.04
NOT009297,STU01169,MAT0002,4,EXAMEN,9.72,3,2024-04-16,12,29.16
NOT009298,STU01169,MAT0016,4,EXAMEN,9.87,2,2024-05-17,12,19.74
NOT009299,STU01169,MAT0026,2,PROJET,12.39,2,2023-05-17,12,24.78
NOT009300,STU01170,MAT0025,2,CC,8.81,2,2024-04-16,13,17.62
NOT009301,STU01170,MAT0001,3,PROJET,13.26,2,2024-04-16,13,26.52
NOT009302,STU01170,MAT0021,4,CC,14.54,1,2024-05-17,13,14.54
NOT009303,STU01170,MAT0011,3,PROJET,13.6,2,2024-04-15,13,27.2
NOT009304,STU01170,MAT0031,4,EXAMEN,6.69,1,2023-05-17,13,6.69
NOT009305,STU01170,MAT0034,4,TP,14.99,1,2023-04-15,13,14.99
NOT009306,STU01170,MAT0029,3,CC,14.81,1,2024-04-15,13,14.81
NOT009307,STU01171,MAT0032,3,TP,14.49,2,2023-04-16,12,28.98
NOT009308,STU01171,MAT0001,4,CC,13.12,1,2024-05-17,12,13.12
NOT009309,STU01171,MAT0028,3,TP,12.66,2,2024-04-16,12,25.32
NOT009310,STU01171,MAT0005,3,TP,15.1,1,2024-04-16,12,15.1
NOT009311,STU01171,MAT0033,1,TP,17.77,1,2023-04-15,12,17.77
NOT009312,STU01171,MAT0022,3,CC,9.14,2,2023-04-16,12,18.28
NOT009313,STU01171,MAT0006,3,PROJET,15.23,2,2023-05-17,12,30.46
NOT009314,STU01171,MAT0012,1,PROJET,11.74,1,2024-05-17,12,11.74
NOT009315,STU01172,MAT0007,3,PROJET,11.61,2,2024-04-16,13,23.22
NOT009316,STU01172,MAT0006,3,PROJET,7.39,2,2023-04-15,13,14.78
NOT009317,STU01172,MAT0016,1,CC,11.15,1,2023-04-16,13,11.15
NOT009318,STU01172,MAT0005,2,TP,9.01,2,2024-04-15,13,18.02
NOT009319,STU01172,MAT0022,4,TP,10.61,2,2024-05-17,13,21.22
NOT009320,STU01172,MAT0028,4,PROJET,8.71,2,2023-05-17,13,17.42
NOT009321,STU01172,MAT0004,4,EXAMEN,10.65,1,2023-04-16,13,10.65
NOT009322,STU01173,MAT0034,1,CC,10.78,2,2024-04-16,12,21.56
NOT009323,STU01173,MAT0003,4,PROJET,12.29,3,2024-04-15,12,36.87
NOT009324,STU01173,MAT0002,4,PROJET,7.16,2,2023-05-16,12,14.32
NOT009325,STU01173,MAT0024,1,CC,7.66,3,2024-04-15,12,22.98
NOT009326,STU01173,MAT0005,1,EXAMEN,13.09,2,2023-04-16,12,26.18
NOT009327,STU01173,MAT0010,4,TP,9.61,1,2023-04-15,12,9.61
NOT009328,STU01174,MAT0026,2,EXAMEN,15.22,2,2024-04-16,13,30.44
NOT009329,STU01174,MAT0010,2,PROJET,12.68,2,2024-05-17,13,25.36
NOT009330,STU01174,MAT0034,1,PROJET,13.82,2,2024-05-17,13,27.64
NOT009331,STU01174,MAT0007,1,EXAMEN,16.23,3,2023-05-17,13,48.69
NOT009332,STU01174,MAT0004,2,CC,11.07,1,2023-05-17,13,11.07
NOT009333,STU01174,MAT0015,3,EXAMEN,10.28,3,2024-04-16,13,30.84
NOT009334,STU01174,MAT0010,1,CC,14.62,2,2024-05-16,13,29.24
NOT009335,STU01174,MAT0002,2,TP,13.53,2,2024-04-16,13,27.06
NOT009336,STU01174,MAT0032,2,EXAMEN,11.44,3,2024-05-17,13,34.32
NOT009337,STU01174,MAT0006,3,TP,16.17,3,2024-04-15,13,48.510002
NOT009338,STU01175,MAT0009,4,PROJET,11.36,3,2023-05-17,12,34.079998
NOT009339,STU01175,MAT0006,1,TP,12.1,2,2024-04-16,12,24.2
NOT009340,STU01175,MAT0017,2,PROJET,12.06,1,2024-05-17,12,12.06
NOT009341,STU01175,MAT0031,2,TP,9.2,2,2023-04-16,12,18.4
NOT009342,STU01175,MAT0016,4,PROJET,12.23,1,2023-05-16,12,12.23
NOT009343,STU01175,MAT0010,4,EXAMEN,16.19,1,2024-04-16,12,16.19
NOT009344,STU01175,MAT0035,1,CC,13.33,3,2024-04-15,12,39.989998
NOT009345,STU01175,MAT0028,3,TP,12.09,2,2023-04-15,12,24.18
NOT009346,STU01175,MAT0014,2,EXAMEN,11.51,3,2023-05-17,12,34.53
NOT009347,STU01175,MAT0016,3,TP,12.99,3,2024-05-16,12,38.97
NOT009348,STU01176,MAT0012,4,EXAMEN,14.25,2,2023-04-15,13,28.5
NOT009349,STU01176,MAT0001,3,PROJET,13.83,2,2023-05-16,13,27.66
NOT009350,STU01176,MAT0022,3,TP,11.0,2,2023-05-17,13,22.0
NOT009351,STU01176,MAT0023,3,PROJET,12.97,2,2023-05-16,13,25.94
NOT009352,STU01176,MAT0002,4,PROJET,13.44,2,2023-04-15,13,26.88
NOT009353,STU01176,MAT0012,4,EXAMEN,8.98,2,2024-05-16,13,17.96
NOT009354,STU01176,MAT0011,4,CC,12.5,3,2023-04-16,13,37.5
NOT009355,STU01177,MAT0004,4,PROJET,5.52,3,2023-04-16,12,16.56
NOT009356,STU01177,MAT0018,1,TP,13.45,2,2024-04-16,12,26.9
NOT009357,STU01177,MAT0032,4,PROJET,13.98,2,2023-05-16,12,27.96
NOT009358,STU01177,MAT0008,4,PROJET,14.24,2,2023-04-15,12,28.48
NOT009359,STU01177,MAT0002,4,CC,10.81,2,2024-04-15,12,21.62
NOT009360,STU01177,MAT0029,4,CC,12.93,2,2023-05-17,12,25.86
NOT009361,STU01177,MAT0011,2,TP,16.27,3,2023-04-16,12,48.81
NOT009362,STU01178,MAT0026,2,CC,16.24,2,2024-05-17,13,32.48
NOT009363,STU01178,MAT0017,3,EXAMEN,11.91,2,2023-05-16,13,23.82
NOT009364,STU01178,MAT0018,3,TP,12.42,2,2023-04-15,13,24.84
NOT009365,STU01178,MAT0033,4,EXAMEN,15.33,3,2023-05-16,13,45.989998
NOT009366,STU01178,MAT0018,3,CC,7.5,2,2023-04-16,13,15.0
NOT009367,STU01178,MAT0023,4,EXAMEN,11.03,1,2024-05-17,13,11.03
NOT009368,STU01178,MAT0023,4,TP,16.01,1,2023-04-15,13,16.01
NOT009369,STU01178,MAT0023,2,TP,14.93,2,2023-05-17,13,29.86
NOT009370,STU01179,MAT0024,1,PROJET,13.11,2,2023-05-16,12,26.22
NOT009371,STU01179,MAT0012,2,EXAMEN,7.48,3,2023-05-16,12,22.44
NOT009372,STU01179,MAT0023,4,EXAMEN,11.85,3,2024-04-16,12,35.550003
NOT009373,STU01179,MAT0022,2,PROJET,10.23,1,2023-04-15,12,10.23
NOT009374,STU01179,MAT0021,3,PROJET,12.99,1,2024-04-16,12,12.99
NOT009375,STU01179,MAT0023,1,TP,9.57,2,2023-04-15,12,19.14
NOT009376,STU01179,MAT0026,4,CC,8.92,3,2023-04-16,12,26.76
NOT009377,STU01179,MAT0018,4,TP,5.81,2,2023-05-16,12,11.62
NOT009378,STU01180,MAT0027,3,EXAMEN,15.67,2,2023-04-16,13,31.34
NOT009379,STU01180,MAT0019,1,PROJET,10.8,3,2024-05-16,13,32.4
NOT009380,STU01180,MAT0022,4,EXAMEN,12.47,2,2024-05-16,13,24.94
NOT009381,STU01180,MAT0030,2,CC,11.99,2,2024-04-16,13,23.98
NOT009382,STU01180,MAT0018,1,EXAMEN,8.8,2,2023-05-16,13,17.6
NOT009383,STU01180,MAT0023,4,CC,8.22,1,2024-04-16,13,8.22
NOT009384,STU01180,MAT0023,2,TP,8.98,2,2024-05-16,13,17.96
NOT009385,STU01180,MAT0026,2,PROJET,9.83,3,2023-04-16,13,29.49
NOT009386,STU01180,MAT0012,2,CC,13.1,1,2023-04-15,13,13.1
NOT009387,STU01180,MAT0005,4,CC,9.61,2,2023-05-17,13,19.22
NOT009388,STU01181,MAT0007,1,PROJET,17.24,2,2023-04-15,12,34.48
NOT009389,STU01181,MAT0024,2,TP,15.08,2,2023-05-16,12,30.16
NOT009390,STU01181,MAT0026,3,TP,14.43,2,2024-05-17,12,28.86
NOT009391,STU01181,MAT0014,3,CC,11.64,2,2023-04-15,12,23.28
NOT009392,STU01181,MAT0023,1,CC,16.54,2,2024-04-16,12,33.08
NOT009393,STU01181,MAT0001,4,PROJET,11.35,2,2023-04-16,12,22.7
NOT009394,STU01181,MAT0020,4,PROJET,11.91,3,2023-05-16,12,35.73
NOT009395,STU01181,MAT0015,1,CC,12.51,3,2023-04-15,12,37.53
NOT009396,STU01181,MAT0034,1,TP,14.11,2,2024-04-15,12,28.22
NOT009397,STU01181,MAT0006,2,TP,13.91,2,2023-04-16,12,27.82
NOT009398,STU01182,MAT0030,1,EXAMEN,10.57,2,2023-05-17,13,21.14
NOT009399,STU01182,MAT0024,1,PROJET,10.4,3,2023-04-16,13,31.199999
NOT009400,STU01182,MAT0014,2,CC,13.92,2,2024-05-16,13,27.84
NOT009401,STU01182,MAT0030,2,CC,14.15,3,2023-04-16,13,42.449997
NOT009402,STU01182,MAT0030,2,EXAMEN,10.82,1,2023-05-17,13,10.82
NOT009403,STU01182,MAT0001,2,TP,7.24,2,2024-04-16,13,14.48
NOT009404,STU01182,MAT0005,2,CC,11.38,3,2023-04-15,13,34.14
NOT009405,STU01183,MAT0025,2,TP,13.87,2,2024-04-15,12,27.74
NOT009406,STU01183,MAT0003,1,PROJET,17.42,2,2023-05-16,12,34.84
NOT009407,STU01183,MAT0028,2,CC,8.41,2,2024-05-16,12,16.82
NOT009408,STU01183,MAT0031,4,CC,10.72,3,2023-05-16,12,32.16
NOT009409,STU01183,MAT0004,1,TP,10.83,1,2023-05-17,12,10.83
NOT009410,STU01183,MAT0022,4,CC,16.07,1,2023-04-15,12,16.07
NOT009411,STU01184,MAT0030,1,PROJET,11.9,1,2023-04-16,13,11.9
NOT009412,STU01184,MAT0026,1,PROJET,9.28,2,2024-04-16,13,18.56
NOT009413,STU01184,MAT0013,2,EXAMEN,13.68,3,2024-04-16,13,41.04
NOT009414,STU01184,MAT0035,1,CC,10.79,2,2023-05-17,13,21.58
NOT009415,STU01184,MAT0021,4,EXAMEN,8.33,1,2023-05-16,13,8.33
NOT009416,STU01184,MAT0016,3,EXAMEN,9.32,2,2023-05-16,13,18.64
NOT009417,STU01185,MAT0034,4,PROJET,17.2,2,2024-05-16,12,34.4
NOT009418,STU01185,MAT0005,1,CC,13.15,3,2024-05-16,12,39.449997
NOT009419,STU01185,MAT0020,2,TP,12.32,2,2023-04-15,12,24.64
NOT009420,STU01185,MAT0019,1,CC,11.25,1,2024-05-17,12,11.25
NOT009421,STU01185,MAT0008,4,TP,12.88,2,2024-05-16,12,25.76
NOT009422,STU01185,MAT0004,2,EXAMEN,12.84,2,2024-05-16,12,25.68
NOT009423,STU01186,MAT0034,3,TP,12.88,1,2023-04-16,13,12.88
NOT009424,STU01186,MAT0034,2,CC,12.34,3,2024-04-16,13,37.02
NOT009425,STU01186,MAT0035,2,TP,14.61,2,2023-04-15,13,29.22
NOT009426,STU01186,MAT0011,3,EXAMEN,12.07,1,2024-04-16,13,12.07
NOT009427,STU01186,MAT0001,1,CC,9.07,3,2024-05-17,13,27.21
NOT009428,STU01186,MAT0034,1,CC,10.16,2,2023-05-17,13,20.32
NOT009429,STU01186,MAT0032,1,EXAMEN,6.06,1,2023-05-17,13,6.06
NOT009430,STU01186,MAT0007,2,CC,18.08,2,2024-05-16,13,36.16
NOT009431,STU01187,MAT0014,4,CC,14.59,2,2024-05-17,12,29.18
NOT009432,STU01187,MAT0011,2,TP,9.51,2,2023-05-17,12,19.02
NOT009433,STU01187,MAT0035,3,PROJET,11.15,2,2023-05-16,12,22.3
NOT009434,STU01187,MAT0016,4,CC,10.09,3,2023-04-15,12,30.27
NOT009435,STU01187,MAT0004,1,TP,16.63,2,2023-05-16,12,33.26
NOT009436,STU01187,MAT0004,4,EXAMEN,7.74,2,2023-04-16,12,15.48
NOT009437,STU01188,MAT0011,1,EXAMEN,12.34,1,2024-04-16,13,12.34
NOT009438,STU01188,MAT0024,4,PROJET,11.67,2,2024-04-16,13,23.34
NOT009439,STU01188,MAT0031,4,PROJET,14.48,2,2024-05-17,13,28.96
NOT009440,STU01188,MAT0005,1,EXAMEN,11.69,1,2023-05-16,13,11.69
NOT009441,STU01188,MAT0004,1,PROJET,6.73,2,2024-05-16,13,13.46
NOT009442,STU01188,MAT0007,1,PROJET,11.25,1,2024-05-16,13,11.25
NOT009443,STU01188,MAT0008,4,TP,9.08,2,2024-05-17,13,18.16
NOT009444,STU01189,MAT0002,3,PROJET,12.24,1,2024-05-17,12,12.24
NOT009445,STU01189,MAT0019,4,CC,16.3,3,2023-04-15,12,48.899998
NOT009446,STU01189,MAT0012,2,TP,6.78,2,2023-04-15,12,13.56
NOT009447,STU01189,MAT0020,3,CC,9.6,1,2024-05-16,12,9.6
NOT009448,STU01189,MAT0006,3,EXAMEN,10.34,3,2023-04-16,12,31.02
NOT009449,STU01189,MAT0027,2,CC,10.86,3,2023-05-16,12,32.579998
NOT009450,STU01189,MAT0025,1,CC,14.22,3,2024-04-15,12,42.66
NOT009451,STU01190,MAT0033,3,PROJET,11.48,1,2024-04-15,13,11.48
NOT009452,STU01190,MAT0003,3,CC,13.25,1,2024-05-17,13,13.25
NOT009453,STU01190,MAT0004,4,CC,10.12,1,2023-05-17,13,10.12
NOT009454,STU01190,MAT0006,1,CC,12.69,1,2024-05-17,13,12.69
NOT009455,STU01190,MAT0027,4,PROJET,14.33,3,2024-04-16,13,42.989998
NOT009456,STU01190,MAT0008,3,TP,9.8,2,2023-04-15,13,19.6
NOT009457,STU01190,MAT0014,4,CC,14.34,2,2024-04-16,13,28.68
NOT009458,STU01191,MAT0016,3,EXAMEN,12.16,3,2024-04-16,12,36.48
NOT009459,STU01191,MAT0012,4,TP,15.14,1,2023-05-17,12,15.14
NOT009460,STU01191,MAT0032,3,PROJET,11.4,1,2023-05-16,12,11.4
NOT009461,STU01191,MAT0015,4,CC,13.14,1,2023-05-17,12,13.14
NOT009462,STU01191,MAT0032,3,TP,11.88,1,2023-04-15,12,11.88
NOT009463,STU01191,MAT0003,3,TP,11.71,1,2023-04-16,12,11.71
NOT009464,STU01191,MAT0002,2,EXAMEN,12.78,1,2024-05-16,12,12.78
NOT009465,STU01191,MAT0003,4,TP,13.61,3,2024-05-16,12,40.829998
NOT009466,STU01191,MAT0021,1,EXAMEN,8.25,3,2023-05-16,12,24.75
NOT009467,STU01191,MAT0017,2,CC,16.3,3,2024-04-16,12,48.899998
NOT009468,STU01192,MAT0027,3,CC,6.42,2,2023-05-16,13,12.84
NOT009469,STU01192,MAT0010,2,TP,9.95,1,2024-04-15,13,9.95
NOT009470,STU01192,MAT0014,2,CC,11.72,2,2023-04-15,13,23.44
NOT009471,STU01192,MAT0017,1,CC,13.24,1,2023-05-17,13,13.24
NOT009472,STU01192,MAT0028,4,CC,16.73,3,2023-04-16,13,50.19
NOT009473,STU01192,MAT0014,1,TP,6.43,2,2023-05-16,13,12.86
NOT009474,STU01192,MAT0001,4,EXAMEN,10.48,3,2023-05-16,13,31.439999
NOT009475,STU01192,MAT0022,3,PROJET,5.62,2,2023-04-15,13,11.24
NOT009476,STU01192,MAT0007,1,TP,12.09,2,2024-04-16,13,24.18
NOT009477,STU01192,MAT0022,4,PROJET,12.82,3,2024-05-16,13,38.46
NOT009478,STU01193,MAT0008,2,EXAMEN,16.77,2,2024-04-15,12,33.54
NOT009479,STU01193,MAT0027,2,TP,12.36,1,2024-04-15,12,12.36
NOT009480,STU01193,MAT0032,1,CC,15.13,2,2024-05-17,12,30.26
NOT009481,STU01193,MAT0008,1,TP,13.75,3,2023-04-15,12,41.25
NOT009482,STU01193,MAT0003,1,TP,10.69,2,2024-05-17,12,21.38
NOT009483,STU01193,MAT0032,4,TP,7.77,3,2024-05-17,12,23.31
NOT009484,STU01193,MAT0030,2,PROJET,12.83,1,2024-04-16,12,12.83
NOT009485,STU01193,MAT0021,4,EXAMEN,7.52,1,2024-04-15,12,7.52
NOT009486,STU01194,MAT0032,1,PROJET,15.89,1,2024-05-16,13,15.89
NOT009487,STU01194,MAT0007,2,PROJET,11.51,3,2023-04-15,13,34.53
NOT009488,STU01194,MAT0009,3,CC,15.59,1,2023-05-16,13,15.59
NOT009489,STU01194,MAT0011,2,PROJET,10.56,1,2024-05-17,13,10.56
NOT009490,STU01194,MAT0010,3,PROJET,12.81,1,2024-05-16,13,12.81
NOT009491,STU01194,MAT0025,2,CC,12.63,2,2024-04-16,13,25.26
NOT009492,STU01195,MAT0012,3,TP,11.86,1,2024-04-16,12,11.86
NOT009493,STU01195,MAT0019,2,PROJET,10.7,3,2023-05-17,12,32.1
NOT009494,STU01195,MAT0005,1,PROJET,13.18,3,2024-04-15,12,39.54
NOT009495,STU01195,MAT0035,3,EXAMEN,9.22,3,2024-04-16,12,27.66
NOT009496,STU01195,MAT0015,2,TP,8.37,2,2023-05-17,12,16.74
NOT009497,STU01195,MAT0034,2,CC,15.73,2,2024-05-17,12,31.46
NOT009498,STU01195,MAT0035,3,EXAMEN,14.18,2,2023-05-17,12,28.36
NOT009499,STU01196,MAT0009,3,EXAMEN,12.2,2,2023-05-17,13,24.4
NOT009500,STU01196,MAT0012,4,EXAMEN,17.0,2,2023-05-17,13,34.0
NOT009501,STU01196,MAT0025,2,CC,11.2,3,2024-05-16,13,33.6
NOT009502,STU01196,MAT0016,2,PROJET,15.97,2,2024-05-17,13,31.94
NOT009503,STU01196,MAT0023,4,CC,12.53,3,2024-04-15,13,37.59
NOT009504,STU01196,MAT0005,3,EXAMEN,8.93,1,2024-05-16,13,8.93
NOT009505,STU01196,MAT0028,1,PROJET,17.54,2,2024-04-16,13,35.08
NOT009506,STU01196,MAT0019,2,CC,14.97,3,2024-04-16,13,44.91
NOT009507,STU01196,MAT0010,4,PROJET,11.64,2,2024-04-15,13,23.28
NOT009508,STU01197,MAT0032,4,PROJET,14.18,1,2023-05-16,12,14.18
NOT009509,STU01197,MAT0002,1,TP,10.79,1,2023-04-15,12,10.79
NOT009510,STU01197,MAT0008,2,CC,14.49,2,2023-04-16,12,28.98
NOT009511,STU01197,MAT0016,1,TP,4.83,3,2024-04-15,12,14.49
NOT009512,STU01197,MAT0005,4,TP,8.94,2,2024-04-15,12,17.88
NOT009513,STU01197,MAT0028,4,CC,14.94,3,2023-04-16,12,44.82
NOT009514,STU01197,MAT0035,3,TP,11.25,2,2024-04-15,12,22.5
NOT009515,STU01197,MAT0004,1,CC,12.62,1,2024-05-16,12,12.62
NOT009516,STU01198,MAT0035,4,PROJET,7.96,3,2024-05-17,13,23.880001
NOT009517,STU01198,MAT0016,4,TP,17.54,2,2023-05-16,13,35.08
NOT009518,STU01198,MAT0003,4,PROJET,15.57,3,2024-04-15,13,46.71
NOT009519,STU01198,MAT0007,1,TP,11.4,2,2024-05-17,13,22.8
NOT009520,STU01198,MAT0035,4,EXAMEN,10.79,2,2023-05-17,13,21.58
NOT009521,STU01198,MAT0018,3,CC,15.09,3,2024-04-15,13,45.27
NOT009522,STU01198,MAT0025,4,PROJET,17.95,2,2024-04-16,13,35.9
NOT009523,STU01198,MAT0027,4,PROJET,14.86,1,2024-04-15,13,14.86
NOT009524,STU01198,MAT0027,1,CC,18.52,1,2023-05-17,13,18.52
NOT009525,STU01198,MAT0024,2,CC,9.23,2,2023-05-17,13,18.46
NOT009526,STU01199,MAT0010,4,TP,9.54,2,2024-04-15,12,19.08
NOT009527,STU01199,MAT0006,1,EXAMEN,8.43,3,2023-05-16,12,25.29
NOT009528,STU01199,MAT0027,3,CC,13.33,2,2023-04-16,12,26.66
NOT009529,STU01199,MAT0026,3,CC,12.53,2,2024-04-15,12,25.06
NOT009530,STU01199,MAT0030,1,TP,11.54,2,2023-04-16,12,23.08
NOT009531,STU01199,MAT0032,3,CC,14.43,1,2024-04-15,12,14.43
NOT009532,STU01199,MAT0009,4,TP,15.7,2,2024-04-15,12,31.4
NOT009533,STU01199,MAT0018,3,EXAMEN,7.42,3,2023-04-16,12,22.26
NOT009534,STU01200,MAT0003,1,TP,10.21,1,2023-04-15,13,10.21
NOT009535,STU01200,MAT0025,4,TP,14.46,3,2023-04-15,13,43.38
NOT009536,STU01200,MAT0011,1,PROJET,10.6,2,2024-05-16,13,21.2
NOT009537,STU01200,MAT0034,4,CC,9.61,2,2024-05-17,13,19.22
NOT009538,STU01200,MAT0004,1,CC,15.06,2,2024-05-16,13,30.12
NOT009539,STU01200,MAT0002,1,PROJET,8.13,2,2023-05-16,13,16.26
NOT009540,STU01201,MAT0009,3,CC,11.1,2,2023-05-17,18,22.2
NOT009541,STU01201,MAT0025,3,PROJET,12.99,2,2023-04-16,18,25.98
NOT009542,STU01201,MAT0030,3,TP,10.28,3,2024-04-16,18,30.84
NOT009543,STU01201,MAT0004,2,EXAMEN,14.35,2,2023-05-16,18,28.7
NOT009544,STU01201,MAT0001,2,PROJET,10.29,3,2024-04-16,18,30.869999
NOT009545,STU01201,MAT0007,2,CC,16.23,2,2024-05-17,18,32.46
NOT009546,STU01201,MAT0030,2,CC,11.62,1,2024-04-15,18,11.62
NOT009547,STU01201,MAT0024,3,CC,14.01,3,2023-04-16,18,42.03
NOT009548,STU01202,MAT0026,1,EXAMEN,14.24,2,2024-05-17,19,28.48
NOT009549,STU01202,MAT0005,1,PROJET,10.12,1,2023-04-16,19,10.12
NOT009550,STU01202,MAT0030,2,TP,5.84,1,2024-04-15,19,5.84
NOT009551,STU01202,MAT0024,1,CC,13.08,1,2023-04-15,19,13.08
NOT009552,STU01202,MAT0014,3,EXAMEN,12.22,2,2024-05-17,19,24.44
NOT009553,STU01202,MAT0031,3,CC,13.67,2,2023-05-17,19,27.34
NOT009554,STU01202,MAT0009,3,CC,11.32,2,2024-05-17,19,22.64
NOT009555,STU01202,MAT0020,2,EXAMEN,10.71,2,2024-05-16,19,21.42
NOT009556,STU01203,MAT0006,2,CC,18.03,3,2024-05-16,18,54.090004
NOT009557,STU01203,MAT0016,2,PROJET,7.58,1,2024-05-17,18,7.58
NOT009558,STU01203,MAT0014,2,TP,14.2,1,2023-04-16,18,14.2
NOT009559,STU01203,MAT0015,2,PROJET,10.28,2,2024-04-16,18,20.56
NOT009560,STU01203,MAT0016,3,TP,10.99,3,2023-04-16,18,32.97
NOT009561,STU01203,MAT0013,4,TP,11.05,3,2023-04-16,18,33.15
NOT009562,STU01204,MAT0015,4,TP,9.59,2,2024-04-15,19,19.18
NOT009563,STU01204,MAT0014,3,CC,13.71,2,2023-05-16,19,27.42
NOT009564,STU01204,MAT0002,1,CC,16.17,2,2023-04-15,19,32.34
NOT009565,STU01204,MAT0011,4,TP,13.41,1,2024-05-17,19,13.41
NOT009566,STU01204,MAT0002,3,PROJET,12.31,2,2024-05-16,19,24.62
NOT009567,STU01204,MAT0031,2,TP,9.04,2,2024-04-15,19,18.08
NOT009568,STU01204,MAT0012,3,CC,13.55,2,2023-05-17,19,27.1
NOT009569,STU01204,MAT0032,3,CC,18.47,2,2023-04-15,19,36.94
NOT009570,STU01204,MAT0023,2,PROJET,10.86,2,2024-04-15,19,21.72
NOT009571,STU01204,MAT0022,4,CC,10.87,2,2024-05-16,19,21.74
NOT009572,STU01205,MAT0029,4,CC,10.32,3,2023-05-16,18,30.96
NOT009573,STU01205,MAT0004,2,EXAMEN,10.53,1,2024-05-17,18,10.53
NOT009574,STU01205,MAT0033,3,PROJET,3.76,2,2024-05-17,18,7.52
NOT009575,STU01205,MAT0006,1,CC,13.22,2,2023-05-17,18,26.44
NOT009576,STU01205,MAT0005,3,TP,9.46,2,2024-04-15,18,18.92
NOT009577,STU01205,MAT0010,1,CC,7.17,1,2024-04-16,18,7.17
NOT009578,STU01205,MAT0004,1,PROJET,14.26,2,2024-05-16,18,28.52
NOT009579,STU01205,MAT0021,1,EXAMEN,8.75,2,2024-04-16,18,17.5
NOT009580,STU01205,MAT0007,3,TP,10.98,1,2024-05-16,18,10.98
NOT009581,STU01206,MAT0028,1,EXAMEN,16.4,2,2024-04-16,19,32.8
NOT009582,STU01206,MAT0013,3,PROJET,7.77,2,2024-04-15,19,15.54
NOT009583,STU01206,MAT0017,2,EXAMEN,7.4,2,2023-04-16,19,14.8
NOT009584,STU01206,MAT0029,3,CC,12.81,3,2023-04-16,19,38.43
NOT009585,STU01206,MAT0013,3,TP,15.45,2,2024-04-16,19,30.9
NOT009586,STU01206,MAT0010,4,TP,7.28,2,2023-05-16,19,14.56
NOT009587,STU01206,MAT0016,4,CC,13.22,3,2024-04-15,19,39.66
NOT009588,STU01206,MAT0029,4,TP,13.74,2,2023-05-16,19,27.48
NOT009589,STU01206,MAT0020,4,CC,5.82,3,2023-05-16,19,17.460001
NOT009590,STU01207,MAT0035,3,CC,14.4,2,2024-04-16,18,28.8
NOT009591,STU01207,MAT0007,1,EXAMEN,14.63,2,2023-05-17,18,29.26
NOT009592,STU01207,MAT0019,2,PROJET,11.06,2,2024-05-17,18,22.12
NOT009593,STU01207,MAT0002,3,PROJET,15.76,1,2024-05-17,18,15.76
NOT009594,STU01207,MAT0025,1,TP,15.41,3,2024-05-17,18,46.23
NOT009595,STU01207,MAT0028,4,EXAMEN,12.31,2,2023-05-17,18,24.62
NOT009596,STU01207,MAT0009,4,CC,10.65,3,2024-05-17,18,31.949999
NOT009597,STU01207,MAT0006,1,CC,9.08,2,2023-04-16,18,18.16
NOT009598,STU01207,MAT0028,4,EXAMEN,11.89,2,2024-04-16,18,23.78
NOT009599,STU01207,MAT0026,4,CC,13.71,1,2023-05-16,18,13.71
NOT009600,STU01208,MAT0017,4,PROJET,11.03,1,2024-04-15,19,11.03
NOT009601,STU01208,MAT0015,1,PROJET,5.41,1,2024-04-16,19,5.41
NOT009602,STU01208,MAT0003,4,EXAMEN,15.81,2,2024-04-16,19,31.62
NOT009603,STU01208,MAT0031,3,TP,12.57,3,2024-04-16,19,37.71
NOT009604,STU01208,MAT0020,2,TP,10.86,1,2023-04-15,19,10.86
NOT009605,STU01208,MAT0025,1,PROJET,14.57,1,2023-04-15,19,14.57
NOT009606,STU01208,MAT0010,1,CC,16.57,1,2024-05-17,19,16.57
NOT009607,STU01208,MAT0022,3,PROJET,3.59,3,2024-05-17,19,10.7699995
NOT009608,STU01209,MAT0032,1,PROJET,13.3,3,2023-05-16,18,39.9
NOT009609,STU01209,MAT0005,3,TP,7.72,2,2023-04-15,18,15.44
NOT009610,STU01209,MAT0019,4,TP,13.5,3,2023-04-15,18,40.5
NOT009611,STU01209,MAT0023,3,PROJET,12.38,1,2023-04-15,18,12.38
NOT009612,STU01209,MAT0011,1,EXAMEN,13.91,2,2024-04-16,18,27.82
NOT009613,STU01209,MAT0009,3,PROJET,10.5,2,2023-04-15,18,21.0
NOT009614,STU01209,MAT0015,2,CC,6.38,3,2024-05-17,18,19.14
NOT009615,STU01210,MAT0025,3,CC,10.65,1,2023-04-16,19,10.65
NOT009616,STU01210,MAT0035,4,TP,13.22,1,2023-04-15,19,13.22
NOT009617,STU01210,MAT0022,3,CC,15.05,3,2023-04-15,19,45.15
NOT009618,STU01210,MAT0023,4,CC,8.48,2,2023-05-16,19,16.96
NOT009619,STU01210,MAT0025,3,TP,15.08,2,2023-04-15,19,30.16
NOT009620,STU01210,MAT0021,1,EXAMEN,10.06,2,2023-04-16,19,20.12
NOT009621,STU01210,MAT0032,3,CC,13.09,2,2024-05-16,19,26.18
NOT009622,STU01210,MAT0032,2,TP,10.47,1,2024-04-16,19,10.47
NOT009623,STU01211,MAT0025,2,TP,12.55,1,2023-05-17,18,12.55
NOT009624,STU01211,MAT0014,3,TP,14.68,1,2023-04-15,18,14.68
NOT009625,STU01211,MAT0030,3,TP,8.32,1,2024-04-15,18,8.32
NOT009626,STU01211,MAT0009,4,TP,9.96,3,2023-04-15,18,29.880001
NOT009627,STU01211,MAT0009,3,TP,12.55,2,2024-05-16,18,25.1
NOT009628,STU01211,MAT0003,4,CC,19.2,2,2023-04-15,18,38.4
NOT009629,STU01212,MAT0011,4,PROJET,9.41,2,2024-04-16,19,18.82
NOT009630,STU01212,MAT0005,3,EXAMEN,18.12,3,2024-05-17,19,54.36
NOT009631,STU01212,MAT0028,3,CC,18.01,3,2024-05-16,19,54.03
NOT009632,STU01212,MAT0010,3,EXAMEN,11.71,2,2023-05-17,19,23.42
NOT009633,STU01212,MAT0017,1,TP,11.11,3,2023-04-15,19,33.329998
NOT009634,STU01212,MAT0003,4,PROJET,9.92,1,2023-05-16,19,9.92
NOT009635,STU01213,MAT0001,1,PROJET,11.8,2,2023-05-16,18,23.6
NOT009636,STU01213,MAT0021,2,PROJET,7.78,2,2024-04-15,18,15.56
NOT009637,STU01213,MAT0034,2,CC,11.77,2,2024-05-16,18,23.54
NOT009638,STU01213,MAT0027,2,TP,16.49,1,2024-04-16,18,16.49
NOT009639,STU01213,MAT0004,3,PROJET,10.17,3,2024-04-15,18,30.51
NOT009640,STU01213,MAT0001,2,PROJET,11.28,2,2023-04-15,18,22.56
NOT009641,STU01213,MAT0031,1,CC,6.9,1,2024-05-17,18,6.9
NOT009642,STU01213,MAT0015,1,EXAMEN,13.12,2,2024-04-16,18,26.24
NOT009643,STU01213,MAT0031,3,PROJET,12.79,2,2023-05-16,18,25.58
NOT009644,STU01214,MAT0013,1,CC,12.19,3,2024-05-17,19,36.57
NOT009645,STU01214,MAT0009,3,PROJET,11.35,2,2023-04-16,19,22.7
NOT009646,STU01214,MAT0015,4,EXAMEN,11.12,3,2023-04-16,19,33.36
NOT009647,STU01214,MAT0025,4,CC,13.51,1,2023-04-15,19,13.51
NOT009648,STU01214,MAT0001,1,EXAMEN,11.91,2,2024-05-17,19,23.82
NOT009649,STU01214,MAT0034,2,EXAMEN,12.94,2,2024-04-16,19,25.88
NOT009650,STU01214,MAT0006,1,CC,12.64,3,2023-04-16,19,37.920002
NOT009651,STU01215,MAT0035,4,EXAMEN,15.37,2,2023-04-15,18,30.74
NOT009652,STU01215,MAT0002,4,PROJET,14.03,2,2023-04-15,18,28.06
NOT009653,STU01215,MAT0006,2,EXAMEN,12.58,2,2023-04-15,18,25.16
NOT009654,STU01215,MAT0034,4,PROJET,16.56,3,2024-04-16,18,49.68
NOT009655,STU01215,MAT0022,1,PROJET,13.26,2,2023-04-16,18,26.52
NOT009656,STU01215,MAT0034,2,TP,15.91,2,2024-05-16,18,31.82
NOT009657,STU01215,MAT0027,3,PROJET,13.82,2,2024-05-17,18,27.64
NOT009658,STU01215,MAT0019,4,TP,6.47,1,2023-05-16,18,6.47
NOT009659,STU01215,MAT0033,2,CC,15.91,2,2023-05-16,18,31.82
NOT009660,STU01215,MAT0028,3,EXAMEN,12.41,1,2023-05-16,18,12.41
NOT009661,STU01216,MAT0020,3,TP,11.84,2,2023-04-15,19,23.68
NOT009662,STU01216,MAT0014,1,EXAMEN,12.84,2,2024-04-16,19,25.68
NOT009663,STU01216,MAT0029,4,CC,10.97,2,2023-04-16,19,21.94
NOT009664,STU01216,MAT0019,3,EXAMEN,12.68,2,2023-05-16,19,25.36
NOT009665,STU01216,MAT0014,2,PROJET,10.22,2,2024-04-15,19,20.44
NOT009666,STU01216,MAT0004,1,TP,15.82,2,2023-04-15,19,31.64
NOT009667,STU01216,MAT0003,3,EXAMEN,11.66,2,2023-04-16,19,23.32
NOT009668,STU01216,MAT0006,2,TP,10.85,2,2023-04-15,19,21.7
NOT009669,STU01216,MAT0006,2,CC,9.23,1,2023-04-16,19,9.23
NOT009670,STU01217,MAT0031,4,PROJET,12.81,2,2023-05-16,18,25.62
NOT009671,STU01217,MAT0033,4,CC,12.56,2,2023-05-17,18,25.12
NOT009672,STU01217,MAT0023,2,EXAMEN,13.17,2,2023-05-16,18,26.34
NOT009673,STU01217,MAT0011,4,PROJET,8.92,1,2023-04-16,18,8.92
NOT009674,STU01217,MAT0014,4,EXAMEN,7.2,1,2023-04-16,18,7.2
NOT009675,STU01217,MAT0011,2,TP,13.88,1,2023-04-16,18,13.88
NOT009676,STU01217,MAT0033,3,EXAMEN,16.45,3,2024-04-15,18,49.350002
NOT009677,STU01217,MAT0022,1,PROJET,8.92,1,2024-05-16,18,8.92
NOT009678,STU01217,MAT0006,1,TP,16.77,2,2024-05-16,18,33.54
NOT009679,STU01218,MAT0009,4,PROJET,12.85,3,2024-05-16,19,38.550003
NOT009680,STU01218,MAT0016,3,PROJET,11.98,2,2024-05-16,19,23.96
NOT009681,STU01218,MAT0032,2,PROJET,10.81,1,2024-04-16,19,10.81
NOT009682,STU01218,MAT0021,3,PROJET,7.85,1,2024-05-16,19,7.85
NOT009683,STU01218,MAT0003,3,EXAMEN,14.96,2,2024-05-16,19,29.92
NOT009684,STU01218,MAT0009,4,CC,9.67,1,2023-05-17,19,9.67
NOT009685,STU01218,MAT0020,4,EXAMEN,9.66,2,2023-04-16,19,19.32
NOT009686,STU01219,MAT0004,2,PROJET,14.98,2,2024-05-17,18,29.96
NOT009687,STU01219,MAT0032,1,EXAMEN,6.35,1,2024-04-16,18,6.35
NOT009688,STU01219,MAT0025,4,CC,7.43,3,2023-04-15,18,22.289999
NOT009689,STU01219,MAT0004,4,EXAMEN,11.95,2,2024-05-17,18,23.9
NOT009690,STU01219,MAT0004,2,CC,12.88,3,2023-05-17,18,38.64
NOT009691,STU01219,MAT0023,3,PROJET,13.45,2,2023-04-15,18,26.9
NOT009692,STU01219,MAT0027,4,EXAMEN,11.09,3,2023-04-16,18,33.27
NOT009693,STU01219,MAT0007,1,EXAMEN,19.59,2,2023-04-15,18,39.18
NOT009694,STU01220,MAT0014,2,PROJET,11.32,2,2023-04-15,19,22.64
NOT009695,STU01220,MAT0011,2,PROJET,11.31,2,2024-05-17,19,22.62
NOT009696,STU01220,MAT0013,1,TP,9.61,2,2024-05-16,19,19.22
NOT009697,STU01220,MAT0022,4,TP,12.37,1,2024-05-16,19,12.37
NOT009698,STU01220,MAT0003,1,CC,13.84,1,2024-05-16,19,13.84
NOT009699,STU01220,MAT0020,2,PROJET,15.61,1,2023-04-16,19,15.61
NOT009700,STU01221,MAT0006,3,EXAMEN,7.53,2,2023-04-15,18,15.06
NOT009701,STU01221,MAT0010,2,PROJET,11.26,1,2024-05-16,18,11.26
NOT009702,STU01221,MAT0032,1,PROJET,13.34,1,2023-04-15,18,13.34
NOT009703,STU01221,MAT0005,2,TP,13.76,2,2024-05-16,18,27.52
NOT009704,STU01221,MAT0004,3,EXAMEN,12.02,2,2023-04-15,18,24.04
NOT009705,STU01221,MAT0018,1,PROJET,13.63,2,2024-05-16,18,27.26
NOT009706,STU01222,MAT0014,1,CC,9.57,3,2023-04-16,19,28.71
NOT009707,STU01222,MAT0006,4,TP,16.67,3,2024-04-16,19,50.010002
NOT009708,STU01222,MAT0018,4,CC,14.98,2,2024-04-16,19,29.96
NOT009709,STU01222,MAT0034,3,EXAMEN,7.97,2,2023-05-16,19,15.94
NOT009710,STU01222,MAT0020,2,EXAMEN,8.77,3,2023-05-17,19,26.310001
NOT009711,STU01222,MAT0033,1,CC,8.86,2,2023-04-15,19,17.72
NOT009712,STU01222,MAT0017,3,EXAMEN,14.03,1,2023-05-16,19,14.03
NOT009713,STU01222,MAT0006,1,PROJET,8.15,3,2023-05-17,19,24.449999
NOT009714,STU01222,MAT0021,1,PROJET,11.01,3,2023-05-17,19,33.03
NOT009715,STU01222,MAT0017,3,TP,13.36,1,2023-05-17,19,13.36
NOT009716,STU01223,MAT0001,1,EXAMEN,11.8,2,2024-04-15,18,23.6
NOT009717,STU01223,MAT0020,1,CC,12.78,2,2024-05-17,18,25.56
NOT009718,STU01223,MAT0024,2,EXAMEN,8.8,1,2023-05-17,18,8.8
NOT009719,STU01223,MAT0008,2,PROJET,13.78,1,2024-05-16,18,13.78
NOT009720,STU01223,MAT0008,4,TP,10.16,1,2023-04-16,18,10.16
NOT009721,STU01223,MAT0035,3,CC,11.03,2,2023-04-16,18,22.06
NOT009722,STU01223,MAT0029,3,PROJET,12.71,1,2023-04-16,18,12.71
NOT009723,STU01223,MAT0025,4,EXAMEN,12.31,2,2024-04-16,18,24.62
NOT009724,STU01224,MAT0031,2,TP,12.07,2,2023-04-16,19,24.14
NOT009725,STU01224,MAT0004,4,TP,9.75,3,2024-05-17,19,29.25
NOT009726,STU01224,MAT0005,4,TP,11.1,2,2023-04-16,19,22.2
NOT009727,STU01224,MAT0031,3,PROJET,12.01,3,2024-04-16,19,36.03
NOT009728,STU01224,MAT0014,1,PROJET,7.87,2,2023-05-16,19,15.74
NOT009729,STU01224,MAT0021,2,EXAMEN,10.61,2,2023-05-16,19,21.22
NOT009730,STU01225,MAT0008,4,PROJET,13.16,1,2023-05-17,18,13.16
NOT009731,STU01225,MAT0018,1,PROJET,8.17,2,2024-04-16,18,16.34
NOT009732,STU01225,MAT0010,2,TP,15.47,1,2023-05-16,18,15.47
NOT009733,STU01225,MAT0008,4,EXAMEN,15.81,2,2024-04-16,18,31.62
NOT009734,STU01225,MAT0004,1,TP,8.26,2,2024-04-15,18,16.52
NOT009735,STU01225,MAT0023,3,CC,16.07,2,2024-04-15,18,32.14
NOT009736,STU01225,MAT0027,1,EXAMEN,11.57,2,2024-04-15,18,23.14
NOT009737,STU01225,MAT0017,2,CC,13.26,3,2023-05-16,18,39.78
NOT009738,STU01225,MAT0016,1,PROJET,10.51,2,2023-05-17,18,21.02
NOT009739,STU01225,MAT0016,4,TP,14.77,2,2023-05-16,18,29.54
NOT009740,STU01226,MAT0030,2,TP,13.22,3,2024-04-15,19,39.66
NOT009741,STU01226,MAT0020,2,PROJET,9.56,1,2024-04-15,19,9.56
NOT009742,STU01226,MAT0034,4,CC,8.5,3,2023-05-16,19,25.5
NOT009743,STU01226,MAT0009,2,TP,7.62,2,2024-04-15,19,15.24
NOT009744,STU01226,MAT0026,3,PROJET,12.56,2,2023-04-15,19,25.12
NOT009745,STU01226,MAT0006,1,TP,13.72,2,2023-05-16,19,27.44
NOT009746,STU01226,MAT0004,1,PROJET,13.95,2,2024-05-16,19,27.9
NOT009747,STU01226,MAT0026,1,EXAMEN,11.65,1,2024-04-16,19,11.65
NOT009748,STU01227,MAT0009,3,CC,8.53,2,2024-05-16,18,17.06
NOT009749,STU01227,MAT0001,3,TP,9.95,2,2023-04-15,18,19.9
NOT009750,STU01227,MAT0025,4,PROJET,15.46,2,2024-04-16,18,30.92
NOT009751,STU01227,MAT0007,4,TP,10.55,3,2024-04-16,18,31.650002
NOT009752,STU01227,MAT0035,4,EXAMEN,12.43,2,2023-05-17,18,24.86
NOT009753,STU01227,MAT0034,4,TP,8.77,2,2024-04-16,18,17.54
NOT009754,STU01227,MAT0007,2,TP,13.01,3,2024-04-16,18,39.03
NOT009755,STU01227,MAT0002,4,EXAMEN,10.63,2,2024-05-16,18,21.26
NOT009756,STU01227,MAT0019,4,TP,15.14,3,2023-05-16,18,45.420002
NOT009757,STU01228,MAT0032,4,EXAMEN,14.32,3,2024-04-16,19,42.96
NOT009758,STU01228,MAT0032,2,PROJET,10.51,2,2023-05-16,19,21.02
NOT009759,STU01228,MAT0020,3,PROJET,11.62,1,2024-05-16,19,11.62
NOT009760,STU01228,MAT0019,1,EXAMEN,10.35,3,2023-04-15,19,31.050001
NOT009761,STU01228,MAT0001,4,PROJET,7.74,2,2024-05-17,19,15.48
NOT009762,STU01228,MAT0008,3,TP,9.43,2,2024-04-16,19,18.86
NOT009763,STU01228,MAT0025,2,EXAMEN,12.59,2,2023-04-15,19,25.18
NOT009764,STU01229,MAT0019,3,TP,12.98,2,2024-04-15,18,25.96
NOT009765,STU01229,MAT0035,1,CC,12.45,3,2024-05-17,18,37.35
NOT009766,STU01229,MAT0001,1,CC,11.09,3,2023-05-17,18,33.27
NOT009767,STU01229,MAT0033,1,EXAMEN,14.8,2,2023-04-15,18,29.6
NOT009768,STU01229,MAT0022,2,CC,12.19,3,2024-05-16,18,36.57
NOT009769,STU01229,MAT0027,2,PROJET,14.11,3,2024-04-15,18,42.329998
NOT009770,STU01229,MAT0005,3,EXAMEN,6.68,2,2024-04-15,18,13.36
NOT009771,STU01229,MAT0029,2,PROJET,0.23,3,2024-04-15,18,0.69
NOT009772,STU01230,MAT0010,3,PROJET,12.85,2,2024-05-16,19,25.7
NOT009773,STU01230,MAT0014,3,TP,7.73,2,2024-04-16,19,15.46
NOT009774,STU01230,MAT0010,1,PROJET,11.36,1,2023-04-15,19,11.36
NOT009775,STU01230,MAT0011,1,EXAMEN,11.09,1,2024-04-16,19,11.09
NOT009776,STU01230,MAT0033,1,TP,16.76,2,2023-04-15,19,33.52
NOT009777,STU01230,MAT0010,4,PROJET,13.2,2,2024-05-16,19,26.4
NOT009778,STU01230,MAT0011,2,EXAMEN,12.5,1,2023-05-16,19,12.5
NOT009779,STU01231,MAT0019,4,PROJET,14.51,2,2023-05-16,18,29.02
NOT009780,STU01231,MAT0022,4,EXAMEN,13.11,2,2023-05-16,18,26.22
NOT009781,STU01231,MAT0028,4,EXAMEN,10.63,3,2023-04-15,18,31.89
NOT009782,STU01231,MAT0014,1,CC,15.21,1,2023-04-16,18,15.21
NOT009783,STU01231,MAT0019,1,EXAMEN,8.67,2,2024-04-16,18,17.34
NOT009784,STU01231,MAT0028,1,EXAMEN,12.97,2,2023-04-16,18,25.94
NOT009785,STU01231,MAT0008,3,EXAMEN,7.36,2,2024-04-16,18,14.72
NOT009786,STU01231,MAT0014,2,CC,12.61,1,2023-05-17,18,12.61
NOT009787,STU01231,MAT0011,1,EXAMEN,12.58,1,2024-05-16,18,12.58
NOT009788,STU01231,MAT0015,2,TP,17.03,1,2024-05-16,18,17.03
NOT009789,STU01232,MAT0021,1,CC,7.31,2,2023-04-15,19,14.62
NOT009790,STU01232,MAT0014,1,PROJET,10.2,1,2024-05-17,19,10.2
NOT009791,STU01232,MAT0001,2,TP,14.47,2,2023-05-16,19,28.94
NOT009792,STU01232,MAT0011,2,TP,13.01,2,2024-05-16,19,26.02
NOT009793,STU01232,MAT0010,3,PROJET,12.54,2,2024-05-16,19,25.08
NOT009794,STU01232,MAT0034,4,EXAMEN,9.13,1,2023-04-16,19,9.13
NOT009795,STU01232,MAT0024,3,EXAMEN,10.23,2,2023-05-17,19,20.46
NOT009796,STU01232,MAT0024,1,TP,15.74,3,2023-04-16,19,47.22
NOT009797,STU01232,MAT0011,2,CC,11.85,2,2023-04-16,19,23.7
NOT009798,STU01232,MAT0006,4,EXAMEN,13.13,1,2023-05-17,19,13.13
NOT009799,STU01233,MAT0034,3,PROJET,11.65,2,2023-05-17,18,23.3
NOT009800,STU01233,MAT0012,2,CC,8.45,3,2024-05-17,18,25.349998
NOT009801,STU01233,MAT0015,2,TP,14.8,3,2023-05-17,18,44.4
NOT009802,STU01233,MAT0025,3,TP,13.51,2,2024-05-17,18,27.02
NOT009803,STU01233,MAT0013,3,TP,18.92,1,2024-04-15,18,18.92
NOT009804,STU01233,MAT0004,2,EXAMEN,8.95,1,2024-04-15,18,8.95
NOT009805,STU01234,MAT0002,1,PROJET,14.47,2,2024-04-15,19,28.94
NOT009806,STU01234,MAT0007,2,EXAMEN,8.07,2,2024-04-15,19,16.14
NOT009807,STU01234,MAT0012,1,EXAMEN,12.47,2,2024-04-15,19,24.94
NOT009808,STU01234,MAT0027,1,CC,14.93,3,2023-04-15,19,44.79
NOT009809,STU01234,MAT0027,3,EXAMEN,5.78,1,2023-04-16,19,5.78
NOT009810,STU01234,MAT0009,3,TP,11.39,3,2024-05-17,19,34.170002
NOT009811,STU01234,MAT0003,4,TP,10.31,2,2024-05-16,19,20.62
NOT009812,STU01235,MAT0008,4,EXAMEN,9.89,3,2023-04-16,18,29.670002
NOT009813,STU01235,MAT0032,3,TP,13.16,3,2023-05-16,18,39.48
NOT009814,STU01235,MAT0032,3,EXAMEN,15.36,2,2024-04-15,18,30.72
NOT009815,STU01235,MAT0005,1,TP,11.6,1,2023-04-16,18,11.6
NOT009816,STU01235,MAT0001,1,PROJET,12.62,1,2024-05-16,18,12.62
NOT009817,STU01235,MAT0022,1,EXAMEN,12.34,1,2024-05-16,18,12.34
NOT009818,STU01235,MAT0018,1,TP,12.01,2,2024-05-16,18,24.02
NOT009819,STU01235,MAT0006,4,TP,8.73,2,2023-04-15,18,17.46
NOT009820,STU01235,MAT0021,3,PROJET,15.33,1,2024-04-16,18,15.33
NOT009821,STU01235,MAT0014,1,PROJET,12.89,2,2023-04-15,18,25.78
NOT009822,STU01236,MAT0029,4,PROJET,13.18,1,2024-05-17,19,13.18
NOT009823,STU01236,MAT0022,4,CC,9.58,3,2024-04-16,19,28.74
NOT009824,STU01236,MAT0004,4,CC,10.62,2,2024-04-16,19,21.24
NOT009825,STU01236,MAT0019,2,PROJET,11.47,2,2023-04-15,19,22.94
NOT009826,STU01236,MAT0013,3,EXAMEN,7.4,2,2024-04-15,19,14.8
NOT009827,STU01236,MAT0016,1,PROJET,6.94,1,2024-05-17,19,6.94
NOT009828,STU01236,MAT0016,4,TP,10.2,2,2024-04-15,19,20.4
NOT009829,STU01236,MAT0019,1,TP,13.57,3,2023-05-16,19,40.71
NOT009830,STU01237,MAT0031,2,CC,10.04,3,2024-05-16,18,30.119999
NOT009831,STU01237,MAT0026,2,CC,8.94,2,2023-05-16,18,17.88
NOT009832,STU01237,MAT0023,2,CC,9.56,1,2024-05-17,18,9.56
NOT009833,STU01237,MAT0007,3,PROJET,10.63,3,2024-05-16,18,31.89
NOT009834,STU01237,MAT0022,2,TP,10.94,2,2023-05-17,18,21.88
NOT009835,STU01237,MAT0028,2,EXAMEN,18.5,3,2024-04-15,18,55.5
NOT009836,STU01237,MAT0010,2,TP,15.16,2,2024-04-16,18,30.32
NOT009837,STU01237,MAT0032,4,TP,15.07,2,2024-04-16,18,30.14
NOT009838,STU01237,MAT0013,2,TP,15.51,2,2023-05-17,18,31.02
NOT009839,STU01237,MAT0012,2,TP,9.0,2,2024-04-16,18,18.0
NOT009840,STU01238,MAT0008,3,CC,8.33,1,2023-04-16,19,8.33
NOT009841,STU01238,MAT0031,1,CC,8.68,3,2023-04-15,19,26.04
NOT009842,STU01238,MAT0002,3,PROJET,16.0,2,2024-04-15,19,32.0
NOT009843,STU01238,MAT0028,4,PROJET,10.36,1,2024-04-15,19,10.36
NOT009844,STU01238,MAT0034,2,PROJET,8.25,3,2023-04-16,19,24.75
NOT009845,STU01238,MAT0031,4,PROJET,10.71,3,2023-05-17,19,32.13
NOT009846,STU01238,MAT0004,2,EXAMEN,11.28,3,2024-05-17,19,33.84
NOT009847,STU01238,MAT0015,3,EXAMEN,12.81,2,2024-05-16,19,25.62
NOT009848,STU01238,MAT0022,4,CC,12.75,2,2023-05-16,19,25.5
NOT009849,STU01239,MAT0022,4,TP,9.52,2,2024-04-15,18,19.04
NOT009850,STU01239,MAT0017,3,EXAMEN,14.06,3,2024-05-16,18,42.18
NOT009851,STU01239,MAT0025,4,TP,10.08,3,2023-04-16,18,30.24
NOT009852,STU01239,MAT0016,1,EXAMEN,11.53,2,2024-04-16,18,23.06
NOT009853,STU01239,MAT0020,1,TP,14.06,2,2023-04-15,18,28.12
NOT009854,STU01239,MAT0001,4,TP,10.07,1,2024-05-16,18,10.07
NOT009855,STU01239,MAT0029,2,TP,10.29,2,2023-04-15,18,20.58
NOT009856,STU01239,MAT0020,1,PROJET,13.78,2,2023-05-17,18,27.56
NOT009857,STU01239,MAT0003,1,TP,9.43,1,2023-05-16,18,9.43
NOT009858,STU01240,MAT0002,4,PROJET,10.85,3,2023-04-16,19,32.550003
NOT009859,STU01240,MAT0005,3,PROJET,13.67,3,2024-04-16,19,41.010002
NOT009860,STU01240,MAT0002,3,TP,18.16,1,2023-04-16,19,18.16
NOT009861,STU01240,MAT0005,2,CC,13.82,3,2023-05-17,19,41.46
NOT009862,STU01240,MAT0025,2,PROJET,13.42,1,2023-05-17,19,13.42
NOT009863,STU01240,MAT0023,3,PROJET,13.59,2,2024-04-16,19,27.18
NOT009864,STU01240,MAT0034,1,TP,8.78,2,2024-04-15,19,17.56
NOT009865,STU01240,MAT0003,3,PROJET,12.35,1,2024-05-16,19,12.35
NOT009866,STU01241,MAT0011,2,EXAMEN,11.91,2,2023-05-17,18,23.82
NOT009867,STU01241,MAT0002,4,PROJET,12.96,2,2024-04-16,18,25.92
NOT009868,STU01241,MAT0002,1,PROJET,12.35,1,2023-04-15,18,12.35
NOT009869,STU01241,MAT0035,1,EXAMEN,13.14,3,2024-05-17,18,39.420002
NOT009870,STU01241,MAT0028,2,CC,11.07,2,2024-05-17,18,22.14
NOT009871,STU01241,MAT0002,3,EXAMEN,12.18,3,2024-05-16,18,36.54
NOT009872,STU01241,MAT0002,3,EXAMEN,8.32,3,2024-05-17,18,24.96
NOT009873,STU01242,MAT0001,2,PROJET,11.04,2,2024-04-15,19,22.08
NOT009874,STU01242,MAT0027,2,TP,16.17,3,2024-05-16,19,48.510002
NOT009875,STU01242,MAT0031,4,EXAMEN,12.96,2,2023-04-15,19,25.92
NOT009876,STU01242,MAT0012,2,CC,11.94,2,2023-05-17,19,23.88
NOT009877,STU01242,MAT0030,1,EXAMEN,17.69,1,2023-04-16,19,17.69
NOT009878,STU01242,MAT0001,4,CC,7.92,3,2024-04-15,19,23.76
NOT009879,STU01242,MAT0032,2,TP,8.67,2,2023-04-15,19,17.34
NOT009880,STU01242,MAT0015,4,PROJET,17.14,2,2023-04-16,19,34.28
NOT009881,STU01243,MAT0014,1,TP,12.14,2,2024-04-15,18,24.28
NOT009882,STU01243,MAT0003,1,CC,11.27,2,2024-04-16,18,22.54
NOT009883,STU01243,MAT0001,3,PROJET,8.4,2,2024-05-17,18,16.8
NOT009884,STU01243,MAT0026,2,PROJET,13.34,1,2023-05-17,18,13.34
NOT009885,STU01243,MAT0029,1,CC,13.63,2,2023-05-16,18,27.26
NOT009886,STU01243,MAT0007,4,TP,8.72,2,2023-04-16,18,17.44
NOT009887,STU01243,MAT0028,4,PROJET,11.58,3,2023-05-16,18,34.739998
NOT009888,STU01243,MAT0006,1,PROJET,10.99,2,2024-05-17,18,21.98
NOT009889,STU01243,MAT0023,1,EXAMEN,12.77,3,2024-05-17,18,38.31
NOT009890,STU01243,MAT0022,4,TP,8.64,1,2023-04-16,18,8.64
NOT009891,STU01244,MAT0005,2,TP,15.76,2,2023-04-15,19,31.52
NOT009892,STU01244,MAT0029,3,EXAMEN,14.75,2,2023-05-16,19,29.5
NOT009893,STU01244,MAT0009,1,TP,10.91,3,2024-05-16,19,32.73
NOT009894,STU01244,MAT0019,2,CC,11.35,1,2023-04-16,19,11.35
NOT009895,STU01244,MAT0008,4,EXAMEN,11.59,1,2023-04-16,19,11.59
NOT009896,STU01244,MAT0021,4,CC,9.67,3,2024-05-16,19,29.01
NOT009897,STU01244,MAT0029,2,PROJET,10.67,2,2023-05-17,19,21.34
NOT009898,STU01244,MAT0023,2,EXAMEN,11.19,2,2024-04-16,19,22.38
NOT009899,STU01245,MAT0021,3,TP,16.84,2,2024-04-16,18,33.68
NOT009900,STU01245,MAT0013,4,PROJET,14.84,3,2024-04-16,18,44.52
NOT009901,STU01245,MAT0029,3,TP,14.8,3,2024-05-17,18,44.4
NOT009902,STU01245,MAT0020,4,CC,13.11,2,2023-04-16,18,26.22
NOT009903,STU01245,MAT0014,2,EXAMEN,8.65,3,2023-05-16,18,25.949999
NOT009904,STU01245,MAT0009,2,PROJET,11.88,2,2023-04-15,18,23.76
NOT009905,STU01245,MAT0013,3,CC,14.91,2,2023-04-15,18,29.82
NOT009906,STU01245,MAT0026,3,PROJET,8.23,1,2024-04-16,18,8.23
NOT009907,STU01245,MAT0009,1,PROJET,13.91,2,2023-05-17,18,27.82
NOT009908,STU01246,MAT0007,2,EXAMEN,18.97,1,2023-05-17,19,18.97
NOT009909,STU01246,MAT0010,2,TP,15.19,3,2024-04-15,19,45.57
NOT009910,STU01246,MAT0033,1,TP,16.24,2,2024-04-16,19,32.48
NOT009911,STU01246,MAT0010,3,PROJET,12.66,1,2023-05-16,19,12.66
NOT009912,STU01246,MAT0017,1,TP,14.9,2,2024-05-17,19,29.8
NOT009913,STU01246,MAT0023,4,TP,9.85,2,2024-05-16,19,19.7
NOT009914,STU01246,MAT0001,2,TP,14.39,3,2023-04-16,19,43.170002
NOT009915,STU01247,MAT0028,4,TP,13.96,1,2023-04-15,18,13.96
NOT009916,STU01247,MAT0015,4,PROJET,12.87,2,2023-04-16,18,25.74
NOT009917,STU01247,MAT0027,2,EXAMEN,15.95,2,2023-04-15,18,31.9
NOT009918,STU01247,MAT0026,2,TP,10.38,1,2024-05-17,18,10.38
NOT009919,STU01247,MAT0014,4,EXAMEN,11.44,2,2024-04-16,18,22.88
NOT009920,STU01247,MAT0022,3,TP,12.29,2,2024-05-17,18,24.58
NOT009921,STU01247,MAT0002,1,EXAMEN,8.91,3,2023-04-15,18,26.73
NOT009922,STU01247,MAT0023,1,PROJET,12.68,2,2024-04-15,18,25.36
NOT009923,STU01248,MAT0030,2,CC,6.84,3,2024-05-17,19,20.52
NOT009924,STU01248,MAT0021,1,TP,15.14,3,2024-05-16,19,45.420002
NOT009925,STU01248,MAT0033,4,TP,12.14,2,2023-04-15,19,24.28
NOT009926,STU01248,MAT0031,3,TP,10.44,2,2024-04-15,19,20.88
NOT009927,STU01248,MAT0027,4,PROJET,9.5,3,2023-05-17,19,28.5
NOT009928,STU01248,MAT0026,3,CC,11.3,1,2024-05-16,19,11.3
NOT009929,STU01248,MAT0032,2,TP,14.06,3,2023-05-16,19,42.18
NOT009930,STU01248,MAT0024,4,CC,13.64,2,2024-05-16,19,27.28
NOT009931,STU01248,MAT0004,4,TP,9.88,3,2023-04-16,19,29.64
NOT009932,STU01249,MAT0018,2,PROJET,9.46,3,2023-04-15,18,28.380001
NOT009933,STU01249,MAT0028,1,EXAMEN,13.97,2,2024-05-17,18,27.94
NOT009934,STU01249,MAT0012,1,PROJET,9.83,3,2023-05-16,18,29.49
NOT009935,STU01249,MAT0012,4,CC,12.18,2,2024-04-15,18,24.36
NOT009936,STU01249,MAT0014,3,PROJET,12.37,2,2023-05-16,18,24.74
NOT009937,STU01249,MAT0006,2,PROJET,12.94,2,2024-05-16,18,25.88
NOT009938,STU01250,MAT0007,4,TP,14.57,2,2024-05-16,19,29.14
NOT009939,STU01250,MAT0035,1,CC,8.21,2,2023-04-15,19,16.42
NOT009940,STU01250,MAT0012,2,TP,6.27,2,2024-05-16,19,12.54
NOT009941,STU01250,MAT0026,4,CC,10.3,2,2023-05-17,19,20.6
NOT009942,STU01250,MAT0027,3,EXAMEN,17.4,1,2024-04-15,19,17.4
NOT009943,STU01250,MAT0029,2,CC,18.07,1,2024-05-16,19,18.07
NOT009944,STU01250,MAT0025,3,TP,17.49,3,2023-04-15,19,52.47
NOT009945,STU01250,MAT0002,4,EXAMEN,11.42,2,2023-05-17,19,22.84
NOT009946,STU01251,MAT0028,1,PROJET,6.65,2,2023-04-16,18,13.3
NOT009947,STU01251,MAT0009,1,CC,4.97,3,2023-04-15,18,14.91
NOT009948,STU01251,MAT0019,3,PROJET,10.16,3,2024-05-16,18,30.48
NOT009949,STU01251,MAT0026,4,EXAMEN,11.41,1,2024-05-17,18,11.41
NOT009950,STU01251,MAT0025,1,PROJET,15.9,2,2023-05-17,18,31.8
NOT009951,STU01251,MAT0002,1,EXAMEN,14.6,3,2024-04-15,18,43.800003
NOT009952,STU01252,MAT0020,1,PROJET,12.68,1,2024-04-15,19,12.68
NOT009953,STU01252,MAT0024,2,TP,9.33,2,2024-05-17,19,18.66
NOT009954,STU01252,MAT0021,4,PROJET,9.12,1,2024-04-15,19,9.12
NOT009955,STU01252,MAT0011,3,EXAMEN,12.76,2,2023-05-16,19,25.52
NOT009956,STU01252,MAT0006,4,EXAMEN,14.09,2,2024-04-15,19,28.18
NOT009957,STU01252,MAT0028,2,PROJET,13.18,2,2024-04-16,19,26.36
NOT009958,STU01252,MAT0032,2,EXAMEN,8.9,2,2024-05-16,19,17.8
NOT009959,STU01253,MAT0011,1,EXAMEN,13.95,1,2024-05-16,18,13.95
NOT009960,STU01253,MAT0012,1,PROJET,13.28,3,2024-05-16,18,39.84
NOT009961,STU01253,MAT0006,3,EXAMEN,8.79,1,2024-04-15,18,8.79
NOT009962,STU01253,MAT0020,1,EXAMEN,9.65,3,2023-05-17,18,28.949999
NOT009963,STU01253,MAT0017,3,EXAMEN,14.07,2,2023-04-16,18,28.14
NOT009964,STU01253,MAT0005,1,TP,11.3,1,2023-05-17,18,11.3
NOT009965,STU01253,MAT0001,2,CC,16.77,1,2023-04-16,18,16.77
NOT009966,STU01253,MAT0008,1,PROJET,13.5,2,2023-04-16,18,27.0
NOT009967,STU01253,MAT0005,1,CC,10.54,2,2023-04-16,18,21.08
NOT009968,STU01254,MAT0030,4,PROJET,11.97,1,2024-05-16,19,11.97
NOT009969,STU01254,MAT0015,2,TP,12.19,2,2024-04-15,19,24.38
NOT009970,STU01254,MAT0010,1,PROJET,9.81,1,2024-04-16,19,9.81
NOT009971,STU01254,MAT0025,3,PROJET,9.26,2,2024-04-15,19,18.52
NOT009972,STU01254,MAT0026,2,PROJET,14.1,2,2024-04-16,19,28.2
NOT009973,STU01254,MAT0010,3,EXAMEN,14.54,3,2023-04-16,19,43.62
NOT009974,STU01254,MAT0026,3,EXAMEN,13.81,1,2024-04-16,19,13.81
NOT009975,STU01254,MAT0032,4,TP,16.55,1,2023-05-17,19,16.55
NOT009976,STU01255,MAT0007,4,PROJET,10.37,3,2023-04-16,18,31.11
NOT009977,STU01255,MAT0009,2,EXAMEN,17.02,2,2023-05-17,18,34.04
NOT009978,STU01255,MAT0019,2,CC,9.3,3,2023-04-15,18,27.900002
NOT009979,STU01255,MAT0033,4,TP,8.96,2,2024-04-16,18,17.92
NOT009980,STU01255,MAT0018,3,TP,6.72,2,2023-04-15,18,13.44
NOT009981,STU01255,MAT0032,2,EXAMEN,10.66,3,2023-04-15,18,31.98
NOT009982,STU01255,MAT0018,4,PROJET,10.49,2,2024-04-16,18,20.98
NOT009983,STU01255,MAT0016,2,PROJET,13.58,2,2024-04-15,18,27.16
NOT009984,STU01255,MAT0024,1,TP,12.73,2,2024-05-17,18,25.46
NOT009985,STU01256,MAT0033,4,EXAMEN,8.42,3,2024-04-16,19,25.26
NOT009986,STU01256,MAT0006,4,CC,10.82,3,2023-04-16,19,32.46
NOT009987,STU01256,MAT0014,3,PROJET,10.89,3,2024-05-16,19,32.670002
NOT009988,STU01256,MAT0005,2,EXAMEN,6.67,1,2023-04-15,19,6.67
NOT009989,STU01256,MAT0019,2,PROJET,9.06,2,2024-05-16,19,18.12
NOT009990,STU01256,MAT0012,1,EXAMEN,9.69,2,2024-05-16,19,19.38
NOT009991,STU01256,MAT0014,2,CC,16.3,1,2023-05-16,19,16.3
NOT009992,STU01256,MAT0014,2,PROJET,12.57,2,2024-04-15,19,25.14
NOT009993,STU01256,MAT0002,4,CC,13.99,2,2024-05-17,19,27.98
NOT009994,STU01257,MAT0023,2,CC,7.5,3,2023-05-17,18,22.5
NOT009995,STU01257,MAT0005,3,CC,15.58,3,2024-04-15,18,46.739998
NOT009996,STU01257,MAT0014,4,TP,15.9,2,2023-05-17,18,31.8
NOT009997,STU01257,MAT0029,1,CC,6.0,2,2024-04-15,18,12.0
NOT009998,STU01257,MAT0017,1,PROJET,9.88,1,2023-05-17,18,9.88
NOT009999,STU01257,MAT0035,2,EXAMEN,13.49,3,2024-05-16,18,40.47
NOT010000,STU01257,MAT0032,4,CC,13.93,1,2024-04-15,18,13.93
NOT010001,STU01257,MAT0002,4,CC,9.96,2,2024-04-15,18,19.92
NOT010002,STU01257,MAT0032,1,CC,11.08,3,2023-04-16,18,33.239998
NOT010003,STU01257,MAT0029,1,PROJET,10.21,2,2024-04-15,18,20.42
NOT010004,STU01258,MAT0007,1,PROJET,12.33,2,2024-04-16,19,24.66
NOT010005,STU01258,MAT0016,2,TP,15.59,3,2023-05-17,19,46.77
NOT010006,STU01258,MAT0028,4,CC,9.69,1,2023-05-16,19,9.69
NOT010007,STU01258,MAT0027,1,CC,15.0,3,2024-05-16,19,45.0
NOT010008,STU01258,MAT0025,4,PROJET,9.65,1,2023-05-16,19,9.65
NOT010009,STU01258,MAT0031,1,CC,9.46,3,2023-05-16,19,28.380001
NOT010010,STU01258,MAT0010,3,CC,14.46,1,2023-04-15,19,14.46
NOT010011,STU01258,MAT0033,3,TP,14.77,3,2023-05-16,19,44.31
NOT010012,STU01258,MAT0032,2,EXAMEN,14.55,2,2023-05-16,19,29.1
NOT010013,STU01258,MAT0025,3,CC,8.05,1,2024-05-16,19,8.05
NOT010014,STU01259,MAT0016,4,EXAMEN,10.6,3,2023-04-16,18,31.800001
NOT010015,STU01259,MAT0034,4,EXAMEN,14.47,1,2023-05-16,18,14.47
NOT010016,STU01259,MAT0013,4,PROJET,12.12,2,2024-05-16,18,24.24
NOT010017,STU01259,MAT0005,1,TP,8.78,3,2023-05-16,18,26.34
NOT010018,STU01259,MAT0013,4,CC,13.37,1,2023-05-17,18,13.37
NOT010019,STU01259,MAT0013,4,EXAMEN,9.86,2,2023-05-17,18,19.72
NOT010020,STU01259,MAT0027,3,TP,17.38,3,2023-05-16,18,52.14
NOT010021,STU01260,MAT0031,3,EXAMEN,16.63,2,2024-04-16,19,33.26
NOT010022,STU01260,MAT0013,2,TP,13.81,2,2024-04-15,19,27.62
NOT010023,STU01260,MAT0003,4,TP,16.08,3,2024-05-16,19,48.239998
NOT010024,STU01260,MAT0013,3,PROJET,12.19,3,2024-04-15,19,36.57
NOT010025,STU01260,MAT0015,3,EXAMEN,14.3,2,2023-04-15,19,28.6
NOT010026,STU01260,MAT0014,3,CC,16.43,1,2024-04-16,19,16.43
NOT010027,STU01260,MAT0012,3,PROJET,12.74,1,2024-05-16,19,12.74
NOT010028,STU01260,MAT0016,4,TP,11.23,2,2023-04-15,19,22.46
NOT010029,STU01260,MAT0031,1,TP,6.89,3,2023-04-16,19,20.67
NOT010030,STU01260,MAT0006,1,CC,11.75,1,2024-04-16,19,11.75
NOT010031,STU01261,MAT0010,3,PROJET,14.47,1,2024-05-17,24,14.47
NOT010032,STU01261,MAT0022,1,EXAMEN,14.84,1,2024-04-15,24,14.84
NOT010033,STU01261,MAT0029,2,PROJET,13.51,3,2023-05-16,24,40.53
NOT010034,STU01261,MAT0022,4,CC,10.38,2,2023-05-16,24,20.76
NOT010035,STU01261,MAT0022,1,TP,6.07,3,2023-05-17,24,18.210001
NOT010036,STU01261,MAT0014,3,PROJET,10.51,3,2024-04-16,24,31.53
NOT010037,STU01261,MAT0015,3,TP,11.09,3,2023-05-16,24,33.27
NOT010038,STU01261,MAT0008,4,EXAMEN,11.06,3,2023-05-16,24,33.18
NOT010039,STU01261,MAT0005,3,CC,13.86,3,2023-04-16,24,41.579998
NOT010040,STU01261,MAT0035,4,TP,17.96,2,2024-05-17,24,35.92
NOT010041,STU01262,MAT0026,1,PROJET,12.37,3,2023-04-15,25,37.11
NOT010042,STU01262,MAT0022,2,PROJET,11.35,2,2023-05-16,25,22.7
NOT010043,STU01262,MAT0001,2,TP,11.22,2,2024-05-17,25,22.44
NOT010044,STU01262,MAT0013,1,EXAMEN,12.37,2,2023-05-16,25,24.74
NOT010045,STU01262,MAT0024,2,TP,9.52,2,2024-05-17,25,19.04
NOT010046,STU01262,MAT0029,4,CC,12.36,3,2023-04-15,25,37.079998
NOT010047,STU01262,MAT0001,4,TP,13.35,2,2023-05-17,25,26.7
NOT010048,STU01262,MAT0006,2,PROJET,12.63,3,2023-05-17,25,37.89
NOT010049,STU01262,MAT0025,2,CC,13.37,3,2023-04-15,25,40.11
NOT010050,STU01263,MAT0012,2,CC,13.3,2,2023-05-16,24,26.6
NOT010051,STU01263,MAT0008,3,EXAMEN,6.68,1,2024-05-16,24,6.68
NOT010052,STU01263,MAT0024,2,TP,13.91,2,2023-04-16,24,27.82
NOT010053,STU01263,MAT0015,3,TP,9.99,1,2024-04-15,24,9.99
NOT010054,STU01263,MAT0010,3,PROJET,8.71,2,2024-04-16,24,17.42
NOT010055,STU01263,MAT0031,3,EXAMEN,8.69,2,2023-04-16,24,17.38
NOT010056,STU01263,MAT0010,1,TP,13.3,2,2023-05-17,24,26.6
NOT010057,STU01263,MAT0008,2,EXAMEN,11.33,1,2023-04-16,24,11.33
NOT010058,STU01264,MAT0024,2,TP,6.95,1,2024-04-15,25,6.95
NOT010059,STU01264,MAT0013,4,EXAMEN,13.43,3,2024-05-17,25,40.29
NOT010060,STU01264,MAT0035,4,CC,7.68,3,2024-05-16,25,23.039999
NOT010061,STU01264,MAT0023,4,PROJET,12.42,2,2024-05-17,25,24.84
NOT010062,STU01264,MAT0030,2,TP,12.72,1,2024-05-16,25,12.72
NOT010063,STU01264,MAT0022,3,CC,14.66,3,2023-05-16,25,43.98
NOT010064,STU01265,MAT0025,4,EXAMEN,17.35,1,2023-05-16,24,17.35
NOT010065,STU01265,MAT0019,3,PROJET,7.91,2,2024-04-16,24,15.82
NOT010066,STU01265,MAT0011,1,TP,11.84,3,2023-04-16,24,35.52
NOT010067,STU01265,MAT0015,3,CC,11.17,3,2023-05-16,24,33.510002
NOT010068,STU01265,MAT0014,3,TP,13.3,2,2024-04-15,24,26.6
NOT010069,STU01265,MAT0030,1,CC,12.65,1,2024-05-16,24,12.65
NOT010070,STU01265,MAT0014,3,CC,10.94,3,2024-05-16,24,32.82
NOT010071,STU01265,MAT0013,2,PROJET,10.68,1,2023-05-17,24,10.68
NOT010072,STU01266,MAT0031,4,CC,8.65,1,2024-05-17,25,8.65
NOT010073,STU01266,MAT0005,4,EXAMEN,14.96,3,2023-05-17,25,44.88
NOT010074,STU01266,MAT0007,2,PROJET,13.38,2,2024-04-16,25,26.76
NOT010075,STU01266,MAT0001,4,TP,14.75,1,2023-04-15,25,14.75
NOT010076,STU01266,MAT0023,3,CC,11.07,2,2023-04-15,25,22.14
NOT010077,STU01266,MAT0015,1,PROJET,10.03,1,2023-04-15,25,10.03
NOT010078,STU01266,MAT0017,1,PROJET,8.77,3,2023-05-16,25,26.310001
NOT010079,STU01266,MAT0031,2,TP,13.08,1,2023-05-16,25,13.08
NOT010080,STU01266,MAT0033,1,TP,8.88,2,2024-05-17,25,17.76
NOT010081,STU01266,MAT0022,1,TP,17.55,2,2024-04-15,25,35.1
NOT010082,STU01267,MAT0015,3,PROJET,8.08,2,2024-04-15,24,16.16
NOT010083,STU01267,MAT0008,2,TP,12.82,2,2023-05-16,24,25.64
NOT010084,STU01267,MAT0019,3,PROJET,16.7,2,2024-05-16,24,33.4
NOT010085,STU01267,MAT0027,2,EXAMEN,13.8,2,2023-04-15,24,27.6
NOT010086,STU01267,MAT0022,3,TP,12.53,1,2024-04-15,24,12.53
NOT010087,STU01267,MAT0018,3,EXAMEN,9.09,1,2023-05-16,24,9.09
NOT010088,STU01268,MAT0011,2,TP,7.85,1,2024-05-17,25,7.85
NOT010089,STU01268,MAT0029,2,EXAMEN,14.31,2,2024-05-16,25,28.62
NOT010090,STU01268,MAT0005,1,TP,16.52,1,2024-05-17,25,16.52
NOT010091,STU01268,MAT0026,2,TP,10.68,1,2024-04-16,25,10.68
NOT010092,STU01268,MAT0019,4,TP,8.58,1,2023-04-16,25,8.58
NOT010093,STU01268,MAT0006,3,EXAMEN,4.63,1,2023-04-16,25,4.63
NOT010094,STU01268,MAT0003,3,CC,9.06,2,2024-05-17,25,18.12
NOT010095,STU01268,MAT0026,3,EXAMEN,11.66,1,2024-05-16,25,11.66
NOT010096,STU01269,MAT0035,3,EXAMEN,16.8,1,2023-04-15,24,16.8
NOT010097,STU01269,MAT0033,1,TP,14.02,1,2024-04-16,24,14.02
NOT010098,STU01269,MAT0009,4,PROJET,12.92,3,2023-05-16,24,38.760002
NOT010099,STU01269,MAT0033,3,EXAMEN,10.8,3,2023-04-15,24,32.4
NOT010100,STU01269,MAT0010,2,EXAMEN,10.25,1,2023-05-16,24,10.25
NOT010101,STU01269,MAT0014,3,CC,16.22,1,2023-05-16,24,16.22
NOT010102,STU01269,MAT0023,2,PROJET,12.6,2,2024-05-17,24,25.2
NOT010103,STU01270,MAT0020,4,EXAMEN,5.69,2,2023-04-15,25,11.38
NOT010104,STU01270,MAT0017,3,CC,9.98,1,2023-05-17,25,9.98
NOT010105,STU01270,MAT0022,4,EXAMEN,9.43,2,2023-04-15,25,18.86
NOT010106,STU01270,MAT0012,4,PROJET,10.36,2,2023-05-16,25,20.72
NOT010107,STU01270,MAT0016,4,TP,13.69,2,2023-05-17,25,27.38
NOT010108,STU01270,MAT0033,2,EXAMEN,11.68,1,2023-04-16,25,11.68
NOT010109,STU01270,MAT0006,3,PROJET,11.77,3,2024-04-16,25,35.31
NOT010110,STU01271,MAT0028,4,PROJET,15.94,2,2024-04-16,24,31.88
NOT010111,STU01271,MAT0031,1,TP,9.91,3,2024-05-16,24,29.73
NOT010112,STU01271,MAT0007,1,PROJET,17.59,3,2024-04-15,24,52.77
NOT010113,STU01271,MAT0024,3,CC,9.99,2,2023-04-16,24,19.98
NOT010114,STU01271,MAT0025,1,EXAMEN,12.27,3,2023-04-16,24,36.81
NOT010115,STU01271,MAT0026,4,CC,11.16,1,2023-05-17,24,11.16
NOT010116,STU01272,MAT0025,4,PROJET,12.37,3,2024-05-17,25,37.11
NOT010117,STU01272,MAT0016,2,EXAMEN,13.33,3,2024-04-16,25,39.989998
NOT010118,STU01272,MAT0029,4,CC,13.3,2,2024-04-15,25,26.6
NOT010119,STU01272,MAT0017,2,TP,9.74,1,2024-04-15,25,9.74
NOT010120,STU01272,MAT0029,1,PROJET,8.63,1,2023-04-16,25,8.63
NOT010121,STU01272,MAT0014,2,CC,19.51,3,2023-04-16,25,58.53
NOT010122,STU01272,MAT0035,2,PROJET,10.55,1,2023-04-16,25,10.55
NOT010123,STU01272,MAT0017,4,EXAMEN,14.1,2,2023-04-15,25,28.2
NOT010124,STU01272,MAT0028,1,TP,7.18,2,2024-05-16,25,14.36
NOT010125,STU01273,MAT0009,1,CC,11.16,2,2023-04-16,24,22.32
NOT010126,STU01273,MAT0007,4,EXAMEN,11.62,1,2023-04-16,24,11.62
NOT010127,STU01273,MAT0030,4,EXAMEN,13.42,2,2023-04-16,24,26.84
NOT010128,STU01273,MAT0006,1,TP,3.83,1,2023-04-15,24,3.83
NOT010129,STU01273,MAT0030,2,EXAMEN,12.5,1,2024-04-16,24,12.5
NOT010130,STU01273,MAT0001,1,EXAMEN,8.55,3,2024-05-16,24,25.650002
NOT010131,STU01273,MAT0020,2,PROJET,12.97,2,2023-04-16,24,25.94
NOT010132,STU01273,MAT0013,2,EXAMEN,8.89,3,2024-04-16,24,26.670002
NOT010133,STU01273,MAT0024,1,EXAMEN,9.43,1,2024-05-17,24,9.43
NOT010134,STU01273,MAT0002,2,TP,11.18,2,2023-04-16,24,22.36
NOT010135,STU01274,MAT0013,1,TP,8.84,2,2023-05-17,25,17.68
NOT010136,STU01274,MAT0020,1,EXAMEN,10.57,3,2024-04-16,25,31.71
NOT010137,STU01274,MAT0032,4,CC,8.42,3,2024-04-16,25,25.26
NOT010138,STU01274,MAT0024,2,CC,6.5,2,2023-05-16,25,13.0
NOT010139,STU01274,MAT0022,3,PROJET,15.05,2,2023-05-16,25,30.1
NOT010140,STU01274,MAT0035,4,EXAMEN,8.11,1,2024-04-15,25,8.11
NOT010141,STU01274,MAT0028,4,TP,11.46,1,2024-05-16,25,11.46
NOT010142,STU01275,MAT0025,2,PROJET,14.26,2,2023-04-15,24,28.52
NOT010143,STU01275,MAT0007,3,PROJET,10.16,3,2023-04-15,24,30.48
NOT010144,STU01275,MAT0013,1,CC,9.52,3,2024-04-15,24,28.560001
NOT010145,STU01275,MAT0002,1,TP,12.68,1,2024-04-16,24,12.68
NOT010146,STU01275,MAT0009,2,CC,15.35,1,2024-05-17,24,15.35
NOT010147,STU01275,MAT0025,3,CC,8.49,2,2023-04-16,24,16.98
NOT010148,STU01275,MAT0032,3,EXAMEN,11.55,3,2024-05-16,24,34.65
NOT010149,STU01276,MAT0025,4,CC,6.8,2,2024-04-16,25,13.6
NOT010150,STU01276,MAT0006,1,EXAMEN,10.82,2,2024-04-16,25,21.64
NOT010151,STU01276,MAT0022,1,PROJET,12.1,2,2024-04-15,25,24.2
NOT010152,STU01276,MAT0010,4,TP,9.44,2,2023-05-16,25,18.88
NOT010153,STU01276,MAT0012,1,TP,10.63,2,2024-05-16,25,21.26
NOT010154,STU01276,MAT0017,2,CC,7.78,2,2024-05-17,25,15.56
NOT010155,STU01276,MAT0013,3,EXAMEN,12.23,3,2023-04-15,25,36.69
NOT010156,STU01276,MAT0022,1,CC,15.17,2,2024-05-16,25,30.34
NOT010157,STU01276,MAT0020,1,TP,8.71,3,2023-04-15,25,26.130001
NOT010158,STU01276,MAT0020,2,TP,10.13,1,2024-04-16,25,10.13
NOT010159,STU01277,MAT0009,2,PROJET,13.51,2,2024-04-15,24,27.02
NOT010160,STU01277,MAT0002,2,TP,15.64,2,2023-04-16,24,31.28
NOT010161,STU01277,MAT0015,2,CC,7.52,2,2024-04-16,24,15.04
NOT010162,STU01277,MAT0019,2,CC,11.49,2,2023-04-15,24,22.98
NOT010163,STU01277,MAT0022,3,EXAMEN,12.85,2,2024-05-17,24,25.7
NOT010164,STU01277,MAT0022,1,EXAMEN,11.69,2,2024-05-16,24,23.38
NOT010165,STU01277,MAT0003,3,EXAMEN,4.57,2,2023-04-16,24,9.14
NOT010166,STU01277,MAT0033,3,EXAMEN,13.5,2,2024-04-16,24,27.0
NOT010167,STU01277,MAT0019,3,EXAMEN,16.56,1,2024-05-17,24,16.56
NOT010168,STU01277,MAT0009,2,PROJET,12.35,2,2024-04-15,24,24.7
NOT010169,STU01278,MAT0005,3,PROJET,8.91,3,2024-05-16,25,26.73
NOT010170,STU01278,MAT0033,4,EXAMEN,10.46,1,2024-04-16,25,10.46
NOT010171,STU01278,MAT0020,2,EXAMEN,17.31,1,2023-04-16,25,17.31
NOT010172,STU01278,MAT0002,2,EXAMEN,14.73,2,2023-05-16,25,29.46
NOT010173,STU01278,MAT0029,4,TP,13.92,2,2023-04-16,25,27.84
NOT010174,STU01278,MAT0016,4,CC,13.07,1,2023-04-16,25,13.07
NOT010175,STU01278,MAT0014,2,PROJET,10.02,2,2023-04-16,25,20.04
NOT010176,STU01278,MAT0019,2,EXAMEN,11.4,2,2023-04-15,25,22.8
NOT010177,STU01278,MAT0021,1,TP,11.77,2,2024-04-15,25,23.54
NOT010178,STU01278,MAT0011,2,TP,13.65,3,2024-05-17,25,40.949997
NOT010179,STU01279,MAT0021,3,CC,16.53,2,2024-04-15,24,33.06
NOT010180,STU01279,MAT0023,4,EXAMEN,15.36,1,2023-05-17,24,15.36
NOT010181,STU01279,MAT0014,2,EXAMEN,7.74,3,2024-05-17,24,23.22
NOT010182,STU01279,MAT0024,4,PROJET,12.67,1,2024-05-16,24,12.67
NOT010183,STU01279,MAT0003,3,CC,14.21,1,2024-05-16,24,14.21
NOT010184,STU01279,MAT0009,1,EXAMEN,13.86,3,2024-04-16,24,41.579998
NOT010185,STU01280,MAT0031,1,EXAMEN,10.11,2,2024-04-16,25,20.22
NOT010186,STU01280,MAT0030,3,PROJET,20.0,1,2023-05-16,25,20.0
NOT010187,STU01280,MAT0012,2,EXAMEN,8.17,3,2023-04-16,25,24.51
NOT010188,STU01280,MAT0015,1,EXAMEN,8.75,3,2024-04-15,25,26.25
NOT010189,STU01280,MAT0027,1,CC,12.7,2,2023-05-16,25,25.4
NOT010190,STU01280,MAT0022,1,CC,18.35,3,2024-04-15,25,55.050003
NOT010191,STU01280,MAT0011,1,EXAMEN,9.49,3,2023-05-16,25,28.47
NOT010192,STU01280,MAT0015,1,EXAMEN,11.2,3,2023-05-16,25,33.6
NOT010193,STU01280,MAT0006,1,PROJET,15.23,1,2024-05-17,25,15.23
NOT010194,STU01280,MAT0013,3,PROJET,11.95,1,2023-05-16,25,11.95
NOT010195,STU01281,MAT0014,2,EXAMEN,11.0,2,2023-04-15,24,22.0
NOT010196,STU01281,MAT0035,2,PROJET,13.7,3,2024-04-15,24,41.1
NOT010197,STU01281,MAT0017,2,PROJET,12.82,1,2024-04-15,24,12.82
NOT010198,STU01281,MAT0012,2,PROJET,15.09,3,2023-05-17,24,45.27
NOT010199,STU01281,MAT0017,2,TP,15.87,2,2024-04-16,24,31.74
NOT010200,STU01281,MAT0009,3,CC,12.92,1,2024-04-15,24,12.92
NOT010201,STU01281,MAT0025,1,CC,12.88,2,2023-04-15,24,25.76
NOT010202,STU01281,MAT0031,2,PROJET,12.64,2,2023-04-16,24,25.28
NOT010203,STU01281,MAT0011,4,PROJET,13.47,3,2023-05-16,24,40.41
NOT010204,STU01281,MAT0027,3,EXAMEN,12.17,1,2024-04-16,24,12.17
NOT010205,STU01282,MAT0003,1,CC,12.0,1,2024-05-17,25,12.0
NOT010206,STU01282,MAT0023,4,CC,15.59,3,2023-05-16,25,46.77
NOT010207,STU01282,MAT0034,4,TP,16.55,2,2024-05-16,25,33.1
NOT010208,STU01282,MAT0008,2,EXAMEN,7.48,1,2024-05-16,25,7.48
NOT010209,STU01282,MAT0010,3,TP,12.03,1,2024-05-16,25,12.03
NOT010210,STU01282,MAT0010,2,EXAMEN,9.93,1,2024-05-16,25,9.93
NOT010211,STU01283,MAT0034,3,PROJET,11.07,3,2023-04-16,24,33.21
NOT010212,STU01283,MAT0007,4,TP,13.21,3,2023-04-15,24,39.63
NOT010213,STU01283,MAT0004,4,PROJET,14.01,2,2024-05-17,24,28.02
NOT010214,STU01283,MAT0027,2,TP,11.66,1,2023-05-16,24,11.66
NOT010215,STU01283,MAT0010,1,EXAMEN,6.26,2,2023-04-15,24,12.52
NOT010216,STU01283,MAT0007,4,CC,9.1,3,2023-05-16,24,27.300001
NOT010217,STU01283,MAT0014,3,CC,14.69,3,2023-04-15,24,44.07
NOT010218,STU01284,MAT0001,3,PROJET,3.78,2,2024-05-17,25,7.56
NOT010219,STU01284,MAT0008,1,EXAMEN,15.56,3,2024-05-16,25,46.68
NOT010220,STU01284,MAT0027,4,TP,13.56,3,2024-04-16,25,40.68
NOT010221,STU01284,MAT0004,1,TP,15.95,3,2024-04-15,25,47.85
NOT010222,STU01284,MAT0026,2,PROJET,11.4,2,2024-04-15,25,22.8
NOT010223,STU01284,MAT0035,1,TP,5.82,1,2023-05-16,25,5.82
NOT010224,STU01284,MAT0003,3,EXAMEN,13.29,2,2024-05-16,25,26.58
NOT010225,STU01285,MAT0032,2,EXAMEN,15.82,1,2023-04-15,24,15.82
NOT010226,STU01285,MAT0017,2,PROJET,14.77,3,2024-04-16,24,44.31
NOT010227,STU01285,MAT0020,4,PROJET,10.01,2,2024-04-15,24,20.02
NOT010228,STU01285,MAT0014,1,TP,12.26,2,2024-05-16,24,24.52
NOT010229,STU01285,MAT0027,4,EXAMEN,10.4,1,2023-04-15,24,10.4
NOT010230,STU01285,MAT0012,4,CC,9.54,2,2023-04-15,24,19.08
NOT010231,STU01286,MAT0004,3,CC,14.87,1,2024-05-16,25,14.87
NOT010232,STU01286,MAT0026,4,EXAMEN,8.41,2,2024-05-16,25,16.82
NOT010233,STU01286,MAT0018,2,TP,9.32,2,2023-05-17,25,18.64
NOT010234,STU01286,MAT0007,1,CC,8.69,1,2023-05-17,25,8.69
NOT010235,STU01286,MAT0008,4,CC,7.53,1,2023-05-16,25,7.53
NOT010236,STU01286,MAT0016,2,CC,12.44,3,2024-05-16,25,37.32
NOT010237,STU01286,MAT0002,3,CC,15.48,3,2024-04-15,25,46.44
NOT010238,STU01287,MAT0030,1,PROJET,11.45,2,2023-05-17,24,22.9
NOT010239,STU01287,MAT0014,3,CC,7.48,3,2023-05-16,24,22.44
NOT010240,STU01287,MAT0023,2,EXAMEN,14.52,2,2024-05-16,24,29.04
NOT010241,STU01287,MAT0014,1,CC,17.06,2,2023-04-16,24,34.12
NOT010242,STU01287,MAT0017,1,TP,10.06,2,2024-05-17,24,20.12
NOT010243,STU01287,MAT0021,1,PROJET,10.56,1,2023-04-16,24,10.56
NOT010244,STU01287,MAT0029,3,TP,13.55,2,2024-05-17,24,27.1
NOT010245,STU01288,MAT0008,3,EXAMEN,16.87,1,2024-05-17,25,16.87
NOT010246,STU01288,MAT0027,4,EXAMEN,10.44,1,2023-04-16,25,10.44
NOT010247,STU01288,MAT0009,3,CC,8.0,2,2024-04-15,25,16.0
NOT010248,STU01288,MAT0006,4,EXAMEN,13.89,3,2024-05-16,25,41.670002
NOT010249,STU01288,MAT0015,4,CC,14.4,1,2024-04-15,25,14.4
NOT010250,STU01288,MAT0017,2,EXAMEN,12.02,3,2024-05-17,25,36.06
NOT010251,STU01288,MAT0032,3,EXAMEN,10.33,2,2023-05-16,25,20.66
NOT010252,STU01289,MAT0014,1,CC,14.98,2,2024-05-17,24,29.96
NOT010253,STU01289,MAT0012,2,PROJET,13.58,3,2024-05-16,24,40.739998
NOT010254,STU01289,MAT0029,1,EXAMEN,9.69,2,2024-05-16,24,19.38
NOT010255,STU01289,MAT0004,4,PROJET,12.15,2,2023-04-15,24,24.3
NOT010256,STU01289,MAT0003,4,EXAMEN,7.94,1,2023-05-17,24,7.94
NOT010257,STU01289,MAT0031,2,PROJET,14.06,2,2023-05-16,24,28.12
NOT010258,STU01289,MAT0022,2,CC,11.21,2,2023-05-16,24,22.42
NOT010259,STU01289,MAT0010,3,CC,10.69,1,2023-04-15,24,10.69
NOT010260,STU01289,MAT0005,2,PROJET,11.9,3,2024-04-16,24,35.699997
NOT010261,STU01290,MAT0011,4,TP,12.12,2,2024-05-17,25,24.24
NOT010262,STU01290,MAT0035,4,EXAMEN,14.68,2,2024-04-16,25,29.36
NOT010263,STU01290,MAT0028,3,EXAMEN,13.77,2,2024-04-16,25,27.54
NOT010264,STU01290,MAT0025,4,PROJET,11.53,3,2024-05-17,25,34.59
NOT010265,STU01290,MAT0005,3,EXAMEN,14.29,2,2024-04-15,25,28.58
NOT010266,STU01290,MAT0031,2,TP,13.2,2,2024-05-17,25,26.4
NOT010267,STU01290,MAT0028,1,PROJET,10.72,2,2023-05-16,25,21.44
NOT010268,STU01290,MAT0027,4,PROJET,11.63,2,2023-05-17,25,23.26
NOT010269,STU01291,MAT0033,1,TP,11.56,2,2024-05-17,24,23.12
NOT010270,STU01291,MAT0008,4,PROJET,13.52,2,2023-05-16,24,27.04
NOT010271,STU01291,MAT0004,4,TP,10.9,1,2023-05-16,24,10.9
NOT010272,STU01291,MAT0015,3,TP,10.83,3,2023-04-15,24,32.489998
NOT010273,STU01291,MAT0016,4,CC,17.91,3,2023-04-15,24,53.73
NOT010274,STU01291,MAT0008,2,TP,14.82,2,2024-05-16,24,29.64
NOT010275,STU01291,MAT0026,1,PROJET,9.72,3,2023-04-16,24,29.16
NOT010276,STU01291,MAT0031,4,CC,13.71,3,2024-05-16,24,41.13
NOT010277,STU01291,MAT0028,4,TP,12.36,3,2023-04-16,24,37.079998
NOT010278,STU01292,MAT0032,4,TP,13.17,2,2024-05-17,25,26.34
NOT010279,STU01292,MAT0030,1,CC,12.41,2,2024-05-17,25,24.82
NOT010280,STU01292,MAT0024,4,CC,15.57,2,2023-05-16,25,31.14
NOT010281,STU01292,MAT0005,1,PROJET,13.04,2,2024-05-17,25,26.08
NOT010282,STU01292,MAT0025,1,PROJET,11.81,3,2023-04-15,25,35.43
NOT010283,STU01292,MAT0011,1,CC,15.13,3,2023-04-16,25,45.39
NOT010284,STU01292,MAT0013,3,TP,12.7,1,2023-05-16,25,12.7
NOT010285,STU01292,MAT0008,3,CC,12.36,3,2023-04-15,25,37.079998
NOT010286,STU01292,MAT0035,3,CC,12.94,3,2023-05-16,25,38.82
NOT010287,STU01293,MAT0016,2,TP,11.72,2,2024-05-17,24,23.44
NOT010288,STU01293,MAT0020,4,PROJET,12.03,2,2024-04-15,24,24.06
NOT010289,STU01293,MAT0001,3,TP,10.24,2,2024-05-16,24,20.48
NOT010290,STU01293,MAT0034,1,CC,9.75,2,2023-05-16,24,19.5
NOT010291,STU01293,MAT0035,1,PROJET,9.0,1,2023-04-16,24,9.0
NOT010292,STU01293,MAT0016,3,EXAMEN,7.82,2,2023-04-15,24,15.64
NOT010293,STU01293,MAT0016,4,TP,9.36,1,2023-05-16,24,9.36
NOT010294,STU01293,MAT0025,3,TP,11.48,1,2023-05-17,24,11.48
NOT010295,STU01294,MAT0012,2,TP,12.31,1,2023-04-15,25,12.31
NOT010296,STU01294,MAT0016,3,CC,11.19,3,2023-04-15,25,33.57
NOT010297,STU01294,MAT0013,1,PROJET,4.93,2,2023-04-16,25,9.86
NOT010298,STU01294,MAT0013,2,PROJET,16.72,2,2023-04-16,25,33.44
NOT010299,STU01294,MAT0009,4,TP,15.26,1,2024-04-15,25,15.26
NOT010300,STU01294,MAT0032,3,CC,13.34,1,2024-04-15,25,13.34
NOT010301,STU01295,MAT0012,2,TP,17.72,1,2023-04-15,24,17.72
NOT010302,STU01295,MAT0032,3,EXAMEN,9.07,2,2024-04-16,24,18.14
NOT010303,STU01295,MAT0020,1,PROJET,17.66,2,2024-05-17,24,35.32
NOT010304,STU01295,MAT0008,2,TP,9.1,3,2024-05-17,24,27.300001
NOT010305,STU01295,MAT0006,2,PROJET,12.72,3,2024-05-16,24,38.16
NOT010306,STU01295,MAT0028,4,TP,8.18,2,2023-04-15,24,16.36
NOT010307,STU01296,MAT0002,4,CC,12.04,1,2023-05-16,25,12.04
NOT010308,STU01296,MAT0014,4,TP,13.16,1,2024-05-16,25,13.16
NOT010309,STU01296,MAT0008,4,CC,11.54,1,2023-05-16,25,11.54
NOT010310,STU01296,MAT0008,2,TP,14.14,2,2024-04-15,25,28.28
NOT010311,STU01296,MAT0015,1,CC,12.3,2,2023-04-16,25,24.6
NOT010312,STU01296,MAT0028,2,CC,10.43,1,2023-04-15,25,10.43
NOT010313,STU01296,MAT0013,2,TP,10.3,2,2024-05-17,25,20.6
NOT010314,STU01296,MAT0011,1,CC,14.43,1,2023-04-15,25,14.43
NOT010315,STU01297,MAT0015,2,EXAMEN,10.04,2,2024-05-17,24,20.08
NOT010316,STU01297,MAT0025,4,TP,14.75,2,2024-05-16,24,29.5
NOT010317,STU01297,MAT0018,1,CC,15.67,1,2023-05-16,24,15.67
NOT010318,STU01297,MAT0032,1,CC,6.99,2,2023-05-17,24,13.98
NOT010319,STU01297,MAT0026,3,TP,15.4,2,2023-04-16,24,30.8
NOT010320,STU01297,MAT0005,2,EXAMEN,18.18,2,2023-05-17,24,36.36
NOT010321,STU01297,MAT0016,2,EXAMEN,12.76,3,2023-04-15,24,38.28
NOT010322,STU01297,MAT0008,1,EXAMEN,13.8,2,2023-04-15,24,27.6
NOT010323,STU01298,MAT0035,4,PROJET,15.11,3,2024-05-17,25,45.329998
NOT010324,STU01298,MAT0028,2,EXAMEN,11.17,3,2024-05-17,25,33.510002
NOT010325,STU01298,MAT0009,3,EXAMEN,12.55,1,2024-04-16,25,12.55
NOT010326,STU01298,MAT0014,2,CC,8.06,1,2023-05-17,25,8.06
NOT010327,STU01298,MAT0035,3,TP,12.42,2,2023-05-17,25,24.84
NOT010328,STU01298,MAT0005,1,CC,13.49,3,2024-04-15,25,40.47
NOT010329,STU01299,MAT0034,2,TP,13.55,3,2023-04-15,24,40.65
NOT010330,STU01299,MAT0021,2,PROJET,15.2,2,2023-04-16,24,30.4
NOT010331,STU01299,MAT0025,3,EXAMEN,9.68,2,2024-04-15,24,19.36
NOT010332,STU01299,MAT0021,1,CC,10.4,2,2023-05-17,24,20.8
NOT010333,STU01299,MAT0007,1,EXAMEN,17.69,1,2024-05-16,24,17.69
NOT010334,STU01299,MAT0022,1,CC,11.55,3,2024-05-17,24,34.65
NOT010335,STU01300,MAT0002,3,EXAMEN,12.6,1,2024-05-16,25,12.6
NOT010336,STU01300,MAT0030,1,PROJET,11.8,2,2024-04-16,25,23.6
NOT010337,STU01300,MAT0019,2,CC,9.53,2,2023-04-15,25,19.06
NOT010338,STU01300,MAT0007,1,CC,16.87,1,2023-04-16,25,16.87
NOT010339,STU01300,MAT0009,1,CC,10.42,2,2023-04-16,25,20.84
NOT010340,STU01300,MAT0001,3,CC,8.62,1,2023-04-15,25,8.62
NOT010341,STU01300,MAT0028,2,EXAMEN,10.65,2,2023-05-17,25,21.3
NOT010342,STU01301,MAT0018,2,PROJET,5.99,3,2023-04-15,24,17.97
NOT010343,STU01301,MAT0031,2,PROJET,10.05,3,2023-04-15,24,30.150002
NOT010344,STU01301,MAT0031,2,CC,9.1,1,2023-05-16,24,9.1
NOT010345,STU01301,MAT0033,1,EXAMEN,13.85,2,2024-05-16,24,27.7
NOT010346,STU01301,MAT0035,2,TP,9.98,3,2023-05-16,24,29.939999
NOT010347,STU01301,MAT0034,2,EXAMEN,14.66,3,2024-04-16,24,43.98
NOT010348,STU01301,MAT0003,3,PROJET,16.2,3,2023-04-15,24,48.600002
NOT010349,STU01301,MAT0031,3,PROJET,14.34,2,2023-04-16,24,28.68
NOT010350,STU01301,MAT0010,2,CC,11.35,3,2023-05-16,24,34.050003
NOT010351,STU01302,MAT0027,1,EXAMEN,12.42,3,2023-04-15,25,37.260002
NOT010352,STU01302,MAT0030,4,PROJET,7.43,1,2024-05-17,25,7.43
NOT010353,STU01302,MAT0003,4,TP,11.6,2,2024-04-16,25,23.2
NOT010354,STU01302,MAT0002,3,CC,9.42,2,2023-05-17,25,18.84
NOT010355,STU01302,MAT0015,2,PROJET,14.08,1,2024-04-15,25,14.08
NOT010356,STU01302,MAT0029,1,TP,19.72,2,2024-04-15,25,39.44
NOT010357,STU01302,MAT0029,2,EXAMEN,13.5,1,2024-04-16,25,13.5
NOT010358,STU01303,MAT0035,2,PROJET,6.03,2,2024-05-17,24,12.06
NOT010359,STU01303,MAT0032,1,PROJET,10.92,2,2023-04-15,24,21.84
NOT010360,STU01303,MAT0012,4,EXAMEN,12.37,1,2023-04-15,24,12.37
NOT010361,STU01303,MAT0003,4,PROJET,12.26,2,2024-05-17,24,24.52
NOT010362,STU01303,MAT0032,2,TP,9.81,3,2023-05-17,24,29.43
NOT010363,STU01303,MAT0032,3,EXAMEN,12.74,1,2024-04-15,24,12.74
NOT010364,STU01303,MAT0017,3,EXAMEN,8.27,2,2024-05-17,24,16.54
NOT010365,STU01303,MAT0014,4,EXAMEN,9.17,2,2024-04-15,24,18.34
NOT010366,STU01303,MAT0015,1,TP,13.94,3,2023-04-15,24,41.82
NOT010367,STU01303,MAT0024,1,PROJET,8.95,2,2024-05-16,24,17.9
NOT010368,STU01304,MAT0010,1,PROJET,13.61,2,2023-04-15,25,27.22
NOT010369,STU01304,MAT0029,3,EXAMEN,7.89,3,2024-05-17,25,23.67
NOT010370,STU01304,MAT0010,2,EXAMEN,17.29,2,2024-05-16,25,34.58
NOT010371,STU01304,MAT0020,2,TP,9.68,2,2023-05-17,25,19.36
NOT010372,STU01304,MAT0028,4,TP,11.33,1,2024-05-16,25,11.33
NOT010373,STU01304,MAT0011,1,TP,12.99,2,2023-04-16,25,25.98
NOT010374,STU01304,MAT0024,3,EXAMEN,10.3,2,2024-04-16,25,20.6
NOT010375,STU01304,MAT0023,1,EXAMEN,12.43,2,2023-05-16,25,24.86
NOT010376,STU01304,MAT0020,4,PROJET,13.73,2,2024-05-16,25,27.46
NOT010377,STU01304,MAT0016,3,TP,14.88,3,2023-05-16,25,44.64
NOT010378,STU01305,MAT0005,4,PROJET,14.37,1,2023-04-16,24,14.37
NOT010379,STU01305,MAT0006,4,PROJET,11.48,3,2024-04-15,24,34.44
NOT010380,STU01305,MAT0035,2,CC,11.56,2,2023-05-17,24,23.12
NOT010381,STU01305,MAT0032,1,CC,19.05,1,2023-05-16,24,19.05
NOT010382,STU01305,MAT0023,1,EXAMEN,14.85,1,2024-05-16,24,14.85
NOT010383,STU01305,MAT0013,1,EXAMEN,9.23,3,2024-05-17,24,27.689999
NOT010384,STU01306,MAT0013,4,PROJET,12.3,2,2023-04-15,25,24.6
NOT010385,STU01306,MAT0005,2,PROJET,10.99,2,2024-05-16,25,21.98
NOT010386,STU01306,MAT0025,4,TP,11.59,2,2024-05-16,25,23.18
NOT010387,STU01306,MAT0005,2,CC,8.31,3,2023-05-17,25,24.93
NOT010388,STU01306,MAT0033,2,TP,10.76,1,2024-05-16,25,10.76
NOT010389,STU01306,MAT0018,4,CC,17.43,1,2024-04-15,25,17.43
NOT010390,STU01306,MAT0013,4,TP,13.74,3,2024-05-16,25,41.22
NOT010391,STU01306,MAT0027,2,TP,4.53,2,2024-04-16,25,9.06
NOT010392,STU01306,MAT0032,2,PROJET,15.65,1,2023-05-16,25,15.65
NOT010393,STU01307,MAT0003,4,CC,15.27,3,2023-04-16,24,45.81
NOT010394,STU01307,MAT0028,3,CC,10.92,1,2023-04-15,24,10.92
NOT010395,STU01307,MAT0020,1,TP,14.15,2,2023-05-16,24,28.3
NOT010396,STU01307,MAT0001,2,TP,9.42,2,2023-05-16,24,18.84
NOT010397,STU01307,MAT0034,3,PROJET,10.59,2,2023-04-16,24,21.18
NOT010398,STU01307,MAT0004,4,CC,16.5,2,2023-05-17,24,33.0
NOT010399,STU01307,MAT0023,4,EXAMEN,11.18,3,2023-04-16,24,33.54
NOT010400,STU01307,MAT0031,3,CC,6.39,3,2024-04-16,24,19.17
NOT010401,STU01307,MAT0029,4,CC,11.81,2,2024-04-16,24,23.62
NOT010402,STU01307,MAT0034,3,TP,11.76,2,2023-05-17,24,23.52
NOT010403,STU01308,MAT0003,2,TP,15.6,1,2023-04-16,25,15.6
NOT010404,STU01308,MAT0035,2,CC,12.04,3,2023-05-16,25,36.12
NOT010405,STU01308,MAT0001,2,CC,10.74,2,2023-04-16,25,21.48
NOT010406,STU01308,MAT0007,3,EXAMEN,15.14,3,2024-05-16,25,45.420002
NOT010407,STU01308,MAT0014,1,PROJET,12.36,2,2024-04-15,25,24.72
NOT010408,STU01308,MAT0018,2,CC,9.75,2,2024-04-16,25,19.5
NOT010409,STU01308,MAT0019,1,PROJET,15.46,1,2023-05-16,25,15.46
NOT010410,STU01309,MAT0016,3,TP,12.58,3,2023-05-17,24,37.739998
NOT010411,STU01309,MAT0011,3,CC,12.01,2,2024-05-16,24,24.02
NOT010412,STU01309,MAT0011,4,PROJET,12.53,3,2023-05-16,24,37.59
NOT010413,STU01309,MAT0025,4,PROJET,8.79,1,2024-04-15,24,8.79
NOT010414,STU01309,MAT0021,4,CC,10.42,2,2023-05-17,24,20.84
NOT010415,STU01309,MAT0015,1,CC,12.01,3,2024-05-16,24,36.03
NOT010416,STU01309,MAT0026,2,TP,11.42,2,2024-04-15,24,22.84
NOT010417,STU01309,MAT0015,1,CC,15.82,2,2023-05-16,24,31.64
NOT010418,STU01309,MAT0025,3,CC,12.65,2,2024-05-16,24,25.3
NOT010419,STU01310,MAT0032,1,CC,14.56,2,2024-05-16,25,29.12
NOT010420,STU01310,MAT0003,3,TP,12.03,2,2023-05-17,25,24.06
NOT010421,STU01310,MAT0007,3,EXAMEN,15.17,2,2024-04-16,25,30.34
NOT010422,STU01310,MAT0007,3,EXAMEN,13.19,3,2023-05-16,25,39.57
NOT010423,STU01310,MAT0006,4,TP,12.04,3,2024-05-17,25,36.12
NOT010424,STU01310,MAT0022,2,CC,11.96,2,2024-05-17,25,23.92
NOT010425,STU01310,MAT0013,3,PROJET,9.14,1,2023-05-16,25,9.14
NOT010426,STU01310,MAT0003,1,CC,13.52,3,2024-04-15,25,40.56
NOT010427,STU01311,MAT0008,3,TP,11.88,1,2023-05-16,24,11.88
NOT010428,STU01311,MAT0030,4,TP,10.49,1,2023-05-16,24,10.49
NOT010429,STU01311,MAT0010,3,TP,15.32,3,2024-04-15,24,45.96
NOT010430,STU01311,MAT0010,1,EXAMEN,8.25,1,2024-05-17,24,8.25
NOT010431,STU01311,MAT0010,1,PROJET,10.73,3,2023-04-15,24,32.19
NOT010432,STU01311,MAT0002,1,EXAMEN,15.08,1,2024-04-15,24,15.08
NOT010433,STU01311,MAT0008,1,TP,12.95,2,2024-04-16,24,25.9
NOT010434,STU01311,MAT0007,2,PROJET,11.86,2,2024-05-17,24,23.72
NOT010435,STU01311,MAT0028,3,PROJET,12.75,1,2023-05-17,24,12.75
NOT010436,STU01312,MAT0022,3,PROJET,12.54,3,2024-04-15,25,37.62
NOT010437,STU01312,MAT0022,4,EXAMEN,7.45,3,2024-05-16,25,22.349998
NOT010438,STU01312,MAT0034,2,EXAMEN,10.95,1,2023-04-15,25,10.95
NOT010439,STU01312,MAT0007,3,TP,16.85,2,2024-05-17,25,33.7
NOT010440,STU01312,MAT0024,2,PROJET,10.02,2,2023-05-16,25,20.04
NOT010441,STU01312,MAT0006,1,EXAMEN,11.05,3,2023-05-17,25,33.15
NOT010442,STU01312,MAT0014,3,TP,10.38,2,2024-04-15,25,20.76
NOT010443,STU01312,MAT0031,2,PROJET,11.74,2,2024-04-16,25,23.48
NOT010444,STU01312,MAT0023,3,CC,10.25,2,2024-04-15,25,20.5
NOT010445,STU01313,MAT0031,3,PROJET,13.46,1,2024-05-16,24,13.46
NOT010446,STU01313,MAT0030,1,PROJET,12.59,2,2024-05-17,24,25.18
NOT010447,STU01313,MAT0005,1,EXAMEN,14.32,3,2023-04-16,24,42.96
NOT010448,STU01313,MAT0027,3,PROJET,8.85,2,2024-05-17,24,17.7
NOT010449,STU01313,MAT0023,1,TP,10.98,3,2023-05-16,24,32.94
NOT010450,STU01313,MAT0002,2,EXAMEN,11.32,1,2023-04-16,24,11.32
NOT010451,STU01313,MAT0006,2,CC,13.37,1,2023-04-15,24,13.37
NOT010452,STU01313,MAT0023,4,CC,9.62,3,2023-05-17,24,28.86
NOT010453,STU01314,MAT0022,4,EXAMEN,14.75,2,2024-05-16,25,29.5
NOT010454,STU01314,MAT0013,1,EXAMEN,15.56,2,2024-04-16,25,31.12
NOT010455,STU01314,MAT0027,4,EXAMEN,9.03,2,2023-04-15,25,18.06
NOT010456,STU01314,MAT0027,1,EXAMEN,10.53,1,2023-04-16,25,10.53
NOT010457,STU01314,MAT0022,3,CC,10.4,3,2024-05-17,25,31.199999
NOT010458,STU01314,MAT0024,3,CC,19.9,3,2024-05-16,25,59.699997
NOT010459,STU01314,MAT0034,4,EXAMEN,10.71,2,2023-04-16,25,21.42
NOT010460,STU01315,MAT0033,2,TP,17.03,2,2024-05-16,24,34.06
NOT010461,STU01315,MAT0019,4,TP,8.2,1,2024-04-15,24,8.2
NOT010462,STU01315,MAT0006,1,CC,9.03,2,2024-05-16,24,18.06
NOT010463,STU01315,MAT0010,1,CC,9.94,1,2024-04-16,24,9.94
NOT010464,STU01315,MAT0015,4,CC,9.46,2,2023-05-17,24,18.92
NOT010465,STU01315,MAT0022,2,PROJET,11.2,1,2024-04-15,24,11.2
NOT010466,STU01315,MAT0035,3,EXAMEN,9.87,2,2024-04-16,24,19.74
NOT010467,STU01316,MAT0003,4,EXAMEN,9.54,2,2023-05-16,25,19.08
NOT010468,STU01316,MAT0023,2,CC,15.48,3,2023-04-16,25,46.44
NOT010469,STU01316,MAT0002,2,CC,15.67,2,2024-05-16,25,31.34
NOT010470,STU01316,MAT0006,1,PROJET,14.85,3,2023-05-16,25,44.550003
NOT010471,STU01316,MAT0030,1,TP,13.57,2,2023-05-16,25,27.14
NOT010472,STU01316,MAT0019,2,TP,12.28,2,2024-04-16,25,24.56
NOT010473,STU01316,MAT0023,4,CC,10.51,1,2023-04-16,25,10.51
NOT010474,STU01316,MAT0001,3,EXAMEN,9.14,3,2023-04-16,25,27.420002
NOT010475,STU01317,MAT0030,4,CC,13.09,2,2024-05-16,24,26.18
NOT010476,STU01317,MAT0032,4,PROJET,8.48,2,2023-05-17,24,16.96
NOT010477,STU01317,MAT0004,2,PROJET,9.02,3,2024-04-15,24,27.060001
NOT010478,STU01317,MAT0024,2,CC,15.46,2,2023-05-17,24,30.92
NOT010479,STU01317,MAT0009,4,PROJET,17.7,2,2023-04-15,24,35.4
NOT010480,STU01317,MAT0021,3,EXAMEN,13.18,2,2023-04-15,24,26.36
NOT010481,STU01317,MAT0005,3,EXAMEN,15.32,1,2023-04-16,24,15.32
NOT010482,STU01318,MAT0031,3,PROJET,11.26,2,2024-05-17,25,22.52
NOT010483,STU01318,MAT0002,3,EXAMEN,7.99,2,2023-04-15,25,15.98
NOT010484,STU01318,MAT0034,2,EXAMEN,13.84,3,2023-05-16,25,41.52
NOT010485,STU01318,MAT0021,1,PROJET,13.71,2,2024-04-15,25,27.42
NOT010486,STU01318,MAT0026,4,TP,12.22,2,2023-05-17,25,24.44
NOT010487,STU01318,MAT0012,2,CC,11.27,1,2024-04-15,25,11.27
NOT010488,STU01319,MAT0021,3,CC,14.89,3,2024-05-17,24,44.670002
NOT010489,STU01319,MAT0019,4,TP,9.04,2,2023-04-15,24,18.08
NOT010490,STU01319,MAT0007,1,EXAMEN,9.68,2,2024-05-17,24,19.36
NOT010491,STU01319,MAT0008,1,CC,8.98,2,2023-04-15,24,17.96
NOT010492,STU01319,MAT0004,2,TP,12.25,3,2023-05-16,24,36.75
NOT010493,STU01319,MAT0015,4,CC,8.74,2,2024-04-16,24,17.48
NOT010494,STU01319,MAT0030,1,PROJET,9.95,2,2023-05-17,24,19.9
NOT010495,STU01320,MAT0002,3,TP,9.88,2,2023-05-17,25,19.76
NOT010496,STU01320,MAT0011,3,TP,11.22,2,2024-04-16,25,22.44
NOT010497,STU01320,MAT0012,1,TP,7.54,2,2023-04-16,25,15.08
NOT010498,STU01320,MAT0004,3,CC,12.26,1,2024-05-17,25,12.26
NOT010499,STU01320,MAT0031,3,EXAMEN,15.74,1,2023-05-17,25,15.74
NOT010500,STU01320,MAT0021,2,CC,12.41,2,2024-05-17,25,24.82
NOT010501,STU01320,MAT0016,1,EXAMEN,16.62,2,2024-05-16,25,33.24
NOT010502,STU01320,MAT0019,1,CC,16.0,3,2024-05-17,25,48.0
NOT010503,STU01320,MAT0009,1,CC,14.33,2,2023-05-17,25,28.66
NOT010504,STU01321,MAT0022,4,TP,12.22,2,2023-05-16,26,24.44
NOT010505,STU01321,MAT0009,1,EXAMEN,12.07,3,2023-05-16,26,36.21
NOT010506,STU01321,MAT0013,4,PROJET,14.29,3,2024-05-17,26,42.87
NOT010507,STU01321,MAT0033,1,CC,10.82,2,2023-05-16,26,21.64
NOT010508,STU01321,MAT0003,2,EXAMEN,6.35,1,2023-05-16,26,6.35
NOT010509,STU01321,MAT0032,1,EXAMEN,13.48,3,2024-05-16,26,40.44
NOT010510,STU01321,MAT0008,1,CC,8.61,1,2024-05-17,26,8.61
NOT010511,STU01321,MAT0035,4,CC,9.11,2,2024-05-17,26,18.22
NOT010512,STU01321,MAT0021,3,EXAMEN,12.0,1,2024-05-17,26,12.0
NOT010513,STU01321,MAT0005,4,PROJET,11.71,1,2023-04-16,26,11.71
NOT010514,STU01322,MAT0031,4,CC,7.76,1,2024-04-15,27,7.76
NOT010515,STU01322,MAT0025,3,EXAMEN,12.5,2,2023-04-16,27,25.0
NOT010516,STU01322,MAT0028,2,TP,14.9,1,2023-05-17,27,14.9
NOT010517,STU01322,MAT0008,2,PROJET,8.61,3,2023-05-16,27,25.829998
NOT010518,STU01322,MAT0017,2,TP,15.82,1,2024-05-16,27,15.82
NOT010519,STU01322,MAT0033,4,CC,7.32,2,2024-05-16,27,14.64
NOT010520,STU01322,MAT0004,2,PROJET,18.35,2,2023-04-15,27,36.7
NOT010521,STU01322,MAT0003,1,CC,10.77,2,2023-05-17,27,21.54
NOT010522,STU01323,MAT0029,3,EXAMEN,12.44,2,2023-04-15,26,24.88
NOT010523,STU01323,MAT0024,2,PROJET,6.32,1,2024-05-16,26,6.32
NOT010524,STU01323,MAT0032,1,PROJET,11.81,1,2024-05-16,26,11.81
NOT010525,STU01323,MAT0028,4,CC,12.69,2,2023-05-17,26,25.38
NOT010526,STU01323,MAT0001,2,EXAMEN,11.74,2,2023-04-16,26,23.48
NOT010527,STU01323,MAT0024,3,TP,10.31,2,2023-04-16,26,20.62
NOT010528,STU01323,MAT0030,1,PROJET,9.16,3,2024-04-16,26,27.48
NOT010529,STU01323,MAT0033,3,TP,15.39,1,2024-05-17,26,15.39
NOT010530,STU01323,MAT0032,2,CC,12.09,2,2023-04-16,26,24.18
NOT010531,STU01323,MAT0023,4,CC,16.62,1,2023-05-17,26,16.62
NOT010532,STU01324,MAT0027,3,TP,10.42,3,2023-05-16,27,31.26
NOT010533,STU01324,MAT0013,3,CC,10.7,3,2023-05-17,27,32.1
NOT010534,STU01324,MAT0009,3,EXAMEN,14.45,1,2024-05-16,27,14.45
NOT010535,STU01324,MAT0035,3,EXAMEN,7.13,2,2023-05-16,27,14.26
NOT010536,STU01324,MAT0005,4,TP,8.36,2,2023-04-16,27,16.72
NOT010537,STU01324,MAT0026,4,TP,15.29,1,2024-04-15,27,15.29
NOT010538,STU01324,MAT0024,4,PROJET,8.48,1,2023-05-17,27,8.48
NOT010539,STU01324,MAT0014,3,CC,6.54,3,2023-05-16,27,19.619999
NOT010540,STU01324,MAT0015,4,TP,17.61,1,2024-04-15,27,17.61
NOT010541,STU01325,MAT0012,3,EXAMEN,7.82,2,2023-04-16,26,15.64
NOT010542,STU01325,MAT0034,3,TP,12.55,1,2023-04-15,26,12.55
NOT010543,STU01325,MAT0033,1,TP,12.21,2,2024-04-16,26,24.42
NOT010544,STU01325,MAT0018,4,EXAMEN,3.57,1,2024-04-16,26,3.57
NOT010545,STU01325,MAT0020,1,EXAMEN,11.2,3,2023-04-16,26,33.6
NOT010546,STU01325,MAT0035,3,PROJET,13.35,3,2024-05-17,26,40.050003
NOT010547,STU01326,MAT0011,3,TP,13.06,3,2023-04-16,27,39.18
NOT010548,STU01326,MAT0013,2,EXAMEN,14.71,1,2023-05-17,27,14.71
NOT010549,STU01326,MAT0034,4,EXAMEN,10.84,2,2024-05-17,27,21.68
NOT010550,STU01326,MAT0014,4,EXAMEN,14.14,2,2023-04-15,27,28.28
NOT010551,STU01326,MAT0014,2,TP,9.93,3,2023-04-15,27,29.79
NOT010552,STU01326,MAT0001,2,TP,7.77,3,2023-05-16,27,23.31
NOT010553,STU01326,MAT0011,3,PROJET,8.11,1,2024-04-16,27,8.11
NOT010554,STU01326,MAT0024,4,PROJET,7.61,2,2023-05-16,27,15.22
NOT010555,STU01326,MAT0027,1,EXAMEN,15.03,2,2024-05-16,27,30.06
NOT010556,STU01326,MAT0016,3,CC,7.46,2,2023-05-16,27,14.92
NOT010557,STU01327,MAT0023,3,PROJET,12.82,1,2024-04-16,26,12.82
NOT010558,STU01327,MAT0027,3,TP,11.2,2,2024-05-16,26,22.4
NOT010559,STU01327,MAT0014,2,PROJET,11.69,2,2024-04-16,26,23.38
NOT010560,STU01327,MAT0004,4,CC,16.09,2,2024-05-17,26,32.18
NOT010561,STU01327,MAT0004,4,CC,10.68,2,2024-05-16,26,21.36
NOT010562,STU01327,MAT0009,3,CC,13.83,2,2023-04-15,26,27.66
NOT010563,STU01327,MAT0030,3,CC,12.11,3,2023-04-16,26,36.329998
NOT010564,STU01327,MAT0017,2,TP,11.54,2,2023-04-15,26,23.08
NOT010565,STU01327,MAT0016,1,EXAMEN,18.9,2,2024-04-16,26,37.8
NOT010566,STU01328,MAT0003,4,CC,7.68,2,2024-04-16,27,15.36
NOT010567,STU01328,MAT0004,2,CC,15.87,2,2024-04-15,27,31.74
NOT010568,STU01328,MAT0026,4,TP,13.97,1,2024-05-16,27,13.97
NOT010569,STU01328,MAT0034,3,EXAMEN,10.56,1,2024-04-15,27,10.56
NOT010570,STU01328,MAT0001,4,CC,16.89,1,2023-04-16,27,16.89
NOT010571,STU01328,MAT0028,3,PROJET,6.46,1,2024-05-16,27,6.46
NOT010572,STU01328,MAT0021,1,TP,10.43,1,2024-05-17,27,10.43
NOT010573,STU01328,MAT0029,3,TP,8.37,2,2024-05-16,27,16.74
NOT010574,STU01328,MAT0010,1,CC,13.24,2,2024-04-15,27,26.48
NOT010575,STU01329,MAT0003,1,TP,8.66,2,2024-05-17,26,17.32
NOT010576,STU01329,MAT0031,3,CC,13.3,3,2024-05-16,26,39.9
NOT010577,STU01329,MAT0030,1,EXAMEN,11.44,2,2024-05-16,26,22.88
NOT010578,STU01329,MAT0001,3,EXAMEN,10.56,2,2024-05-16,26,21.12
NOT010579,STU01329,MAT0024,2,PROJET,13.17,2,2023-04-16,26,26.34
NOT010580,STU01329,MAT0016,1,PROJET,11.19,2,2024-04-15,26,22.38
NOT010581,STU01329,MAT0026,4,PROJET,8.73,2,2023-04-15,26,17.46
NOT010582,STU01329,MAT0003,3,PROJET,20.0,2,2024-05-17,26,40.0
NOT010583,STU01329,MAT0013,4,CC,10.54,1,2024-05-17,26,10.54
NOT010584,STU01330,MAT0021,4,EXAMEN,5.35,2,2023-04-15,27,10.7
NOT010585,STU01330,MAT0018,3,EXAMEN,9.47,2,2023-05-16,27,18.94
NOT010586,STU01330,MAT0013,3,PROJET,8.2,3,2024-04-16,27,24.599998
NOT010587,STU01330,MAT0015,2,CC,14.48,3,2024-05-17,27,43.44
NOT010588,STU01330,MAT0023,4,CC,12.96,3,2024-04-16,27,38.88
NOT010589,STU01330,MAT0028,4,EXAMEN,13.2,2,2023-05-16,27,26.4
NOT010590,STU01330,MAT0017,3,EXAMEN,10.89,1,2023-05-16,27,10.89
NOT010591,STU01330,MAT0014,4,CC,11.16,1,2023-04-15,27,11.16
NOT010592,STU01330,MAT0032,2,CC,10.89,2,2023-04-15,27,21.78
NOT010593,STU01331,MAT0006,4,EXAMEN,11.76,2,2024-04-15,26,23.52
NOT010594,STU01331,MAT0030,4,PROJET,14.51,1,2023-05-16,26,14.51
NOT010595,STU01331,MAT0030,1,CC,13.01,2,2023-05-17,26,26.02
NOT010596,STU01331,MAT0027,4,EXAMEN,13.5,2,2023-05-16,26,27.0
NOT010597,STU01331,MAT0017,3,PROJET,13.5,1,2024-05-17,26,13.5
NOT010598,STU01331,MAT0002,3,TP,14.65,1,2024-04-16,26,14.65
NOT010599,STU01332,MAT0013,3,TP,12.86,2,2024-04-15,27,25.72
NOT010600,STU01332,MAT0035,4,EXAMEN,13.08,3,2024-05-17,27,39.239998
NOT010601,STU01332,MAT0016,4,EXAMEN,15.57,1,2023-05-16,27,15.57
NOT010602,STU01332,MAT0029,2,EXAMEN,10.0,3,2024-05-17,27,30.0
NOT010603,STU01332,MAT0012,1,PROJET,9.43,3,2024-05-16,27,28.29
NOT010604,STU01332,MAT0016,2,TP,8.44,1,2024-04-16,27,8.44
NOT010605,STU01332,MAT0024,3,PROJET,12.55,1,2023-05-17,27,12.55
NOT010606,STU01332,MAT0011,3,EXAMEN,6.44,1,2023-04-15,27,6.44
NOT010607,STU01333,MAT0024,1,TP,13.39,3,2023-04-15,26,40.170002
NOT010608,STU01333,MAT0002,3,PROJET,11.67,2,2024-04-16,26,23.34
NOT010609,STU01333,MAT0027,3,PROJET,15.4,3,2023-05-16,26,46.199997
NOT010610,STU01333,MAT0002,3,TP,9.98,1,2023-05-16,26,9.98
NOT010611,STU01333,MAT0012,3,PROJET,11.39,3,2023-04-15,26,34.170002
NOT010612,STU01333,MAT0008,4,TP,15.37,2,2023-04-16,26,30.74
NOT010613,STU01334,MAT0013,2,TP,16.15,2,2023-04-16,27,32.3
NOT010614,STU01334,MAT0024,4,CC,9.96,2,2023-04-15,27,19.92
NOT010615,STU01334,MAT0002,1,EXAMEN,12.55,2,2023-04-16,27,25.1
NOT010616,STU01334,MAT0016,3,CC,12.88,1,2024-04-16,27,12.88
NOT010617,STU01334,MAT0007,3,EXAMEN,13.12,1,2023-05-16,27,13.12
NOT010618,STU01334,MAT0029,3,CC,11.21,3,2024-04-16,27,33.63
NOT010619,STU01334,MAT0007,2,CC,15.84,1,2024-04-16,27,15.84
NOT010620,STU01334,MAT0001,1,TP,6.33,2,2023-05-16,27,12.66
NOT010621,STU01335,MAT0028,1,TP,10.74,2,2023-04-15,26,21.48
NOT010622,STU01335,MAT0028,3,TP,13.34,1,2023-05-17,26,13.34
NOT010623,STU01335,MAT0019,1,CC,13.37,1,2023-04-16,26,13.37
NOT010624,STU01335,MAT0031,4,PROJET,16.06,2,2023-04-15,26,32.12
NOT010625,STU01335,MAT0030,1,TP,15.59,1,2024-04-15,26,15.59
NOT010626,STU01335,MAT0022,2,EXAMEN,11.14,2,2023-05-17,26,22.28
NOT010627,STU01335,MAT0005,1,EXAMEN,15.9,2,2023-04-16,26,31.8
NOT010628,STU01335,MAT0017,3,EXAMEN,9.86,3,2024-04-15,26,29.579998
NOT010629,STU01335,MAT0003,4,CC,14.79,1,2024-04-15,26,14.79
NOT010630,STU01336,MAT0034,4,PROJET,17.43,1,2023-04-15,27,17.43
NOT010631,STU01336,MAT0014,3,PROJET,15.64,1,2023-04-15,27,15.64
NOT010632,STU01336,MAT0027,2,CC,12.32,3,2024-04-16,27,36.96
NOT010633,STU01336,MAT0015,3,EXAMEN,11.0,2,2024-04-16,27,22.0
NOT010634,STU01336,MAT0026,1,TP,7.41,2,2023-05-16,27,14.82
NOT010635,STU01336,MAT0001,2,CC,12.93,2,2024-05-17,27,25.86
NOT010636,STU01337,MAT0012,2,EXAMEN,8.65,2,2024-05-17,26,17.3
NOT010637,STU01337,MAT0028,2,EXAMEN,9.62,3,2023-05-17,26,28.86
NOT010638,STU01337,MAT0031,4,TP,8.43,3,2023-04-16,26,25.29
NOT010639,STU01337,MAT0030,3,TP,10.62,2,2023-04-15,26,21.24
NOT010640,STU01337,MAT0034,2,PROJET,11.92,2,2024-04-16,26,23.84
NOT010641,STU01337,MAT0010,1,EXAMEN,12.82,3,2024-05-17,26,38.46
NOT010642,STU01338,MAT0009,1,CC,10.2,2,2023-04-15,27,20.4
NOT010643,STU01338,MAT0025,1,PROJET,15.21,3,2023-04-16,27,45.63
NOT010644,STU01338,MAT0034,2,PROJET,11.38,1,2024-05-16,27,11.38
NOT010645,STU01338,MAT0002,2,EXAMEN,9.64,3,2023-04-15,27,28.920002
NOT010646,STU01338,MAT0002,1,EXAMEN,12.68,2,2023-05-17,27,25.36
NOT010647,STU01338,MAT0015,2,CC,17.89,2,2023-05-16,27,35.78
NOT010648,STU01338,MAT0033,1,CC,13.01,3,2023-05-16,27,39.03
NOT010649,STU01338,MAT0009,2,EXAMEN,10.91,2,2024-04-16,27,21.82
NOT010650,STU01338,MAT0023,2,PROJET,7.42,2,2024-04-16,27,14.84
NOT010651,STU01339,MAT0024,2,PROJET,11.34,2,2023-04-16,26,22.68
NOT010652,STU01339,MAT0011,4,TP,12.7,3,2023-05-17,26,38.1
NOT010653,STU01339,MAT0002,4,TP,10.84,2,2024-05-17,26,21.68
NOT010654,STU01339,MAT0028,3,CC,7.0,2,2023-04-16,26,14.0
NOT010655,STU01339,MAT0030,4,TP,9.45,3,2023-05-16,26,28.349998
NOT010656,STU01339,MAT0015,2,PROJET,16.36,2,2024-04-16,26,32.72
NOT010657,STU01340,MAT0017,2,TP,16.3,2,2024-05-16,27,32.6
NOT010658,STU01340,MAT0002,2,EXAMEN,9.34,3,2023-04-16,27,28.02
NOT010659,STU01340,MAT0018,3,EXAMEN,14.02,2,2023-05-17,27,28.04
NOT010660,STU01340,MAT0011,3,PROJET,8.46,1,2024-05-17,27,8.46
NOT010661,STU01340,MAT0026,4,PROJET,16.21,2,2023-05-17,27,32.42
NOT010662,STU01340,MAT0023,1,EXAMEN,12.74,3,2024-05-17,27,38.22
NOT010663,STU01340,MAT0032,1,PROJET,14.85,2,2024-04-15,27,29.7
NOT010664,STU01340,MAT0010,1,TP,6.85,1,2023-05-16,27,6.85
NOT010665,STU01340,MAT0019,1,PROJET,14.03,3,2024-05-16,27,42.09
NOT010666,STU01340,MAT0008,4,CC,11.98,2,2024-05-17,27,23.96
NOT010667,STU01341,MAT0013,2,CC,14.56,2,2024-05-17,26,29.12
NOT010668,STU01341,MAT0007,1,EXAMEN,14.74,1,2023-05-16,26,14.74
NOT010669,STU01341,MAT0023,2,PROJET,12.2,2,2024-05-16,26,24.4
NOT010670,STU01341,MAT0007,2,PROJET,10.2,2,2024-04-16,26,20.4
NOT010671,STU01341,MAT0002,1,PROJET,14.34,3,2023-05-17,26,43.02
NOT010672,STU01341,MAT0013,2,PROJET,11.82,1,2024-05-17,26,11.82
NOT010673,STU01342,MAT0031,1,CC,9.38,2,2024-04-16,27,18.76
NOT010674,STU01342,MAT0014,4,CC,9.24,3,2023-05-16,27,27.72
NOT010675,STU01342,MAT0021,2,CC,7.57,2,2024-04-16,27,15.14
NOT010676,STU01342,MAT0027,3,CC,10.47,3,2023-05-16,27,31.41
NOT010677,STU01342,MAT0028,4,EXAMEN,15.31,1,2024-04-15,27,15.31
NOT010678,STU01342,MAT0031,3,CC,12.53,2,2024-04-15,27,25.06
NOT010679,STU01342,MAT0032,1,CC,10.41,3,2023-05-17,27,31.23
NOT010680,STU01342,MAT0022,1,EXAMEN,14.41,2,2023-04-15,27,28.82
NOT010681,STU01342,MAT0021,2,EXAMEN,9.5,3,2023-04-16,27,28.5
NOT010682,STU01343,MAT0013,1,EXAMEN,12.29,3,2023-04-16,26,36.87
NOT010683,STU01343,MAT0022,3,EXAMEN,11.46,2,2023-04-15,26,22.92
NOT010684,STU01343,MAT0005,2,EXAMEN,14.34,3,2023-04-15,26,43.02
NOT010685,STU01343,MAT0009,3,PROJET,7.27,1,2024-04-16,26,7.27
NOT010686,STU01343,MAT0009,2,EXAMEN,9.45,2,2023-04-15,26,18.9
NOT010687,STU01343,MAT0023,1,CC,7.09,2,2024-04-15,26,14.18
NOT010688,STU01343,MAT0013,1,TP,11.22,2,2024-04-16,26,22.44
NOT010689,STU01343,MAT0006,4,PROJET,15.63,3,2024-05-16,26,46.89
NOT010690,STU01344,MAT0019,2,PROJET,10.48,2,2024-04-15,27,20.96
NOT010691,STU01344,MAT0009,1,CC,10.47,3,2024-05-16,27,31.41
NOT010692,STU01344,MAT0005,4,CC,14.62,2,2023-04-15,27,29.24
NOT010693,STU01344,MAT0032,2,TP,15.21,2,2024-05-16,27,30.42
NOT010694,STU01344,MAT0032,3,PROJET,11.73,2,2023-05-16,27,23.46
NOT010695,STU01344,MAT0030,1,CC,14.05,1,2024-05-17,27,14.05
NOT010696,STU01345,MAT0022,4,CC,8.77,2,2023-04-16,26,17.54
NOT010697,STU01345,MAT0013,4,EXAMEN,16.13,2,2023-04-15,26,32.26
NOT010698,STU01345,MAT0011,3,PROJET,18.45,2,2023-05-16,26,36.9
NOT010699,STU01345,MAT0028,2,PROJET,13.56,1,2024-05-16,26,13.56
NOT010700,STU01345,MAT0004,2,CC,5.75,3,2023-05-16,26,17.25
NOT010701,STU01345,MAT0003,2,EXAMEN,10.33,3,2023-04-16,26,30.99
NOT010702,STU01346,MAT0023,1,PROJET,13.84,3,2024-05-17,27,41.52
NOT010703,STU01346,MAT0002,3,EXAMEN,10.74,2,2023-05-16,27,21.48
NOT010704,STU01346,MAT0013,2,TP,15.82,2,2024-04-15,27,31.64
NOT010705,STU01346,MAT0022,3,EXAMEN,13.76,1,2024-04-15,27,13.76
NOT010706,STU01346,MAT0013,2,TP,9.88,2,2023-04-15,27,19.76
NOT010707,STU01346,MAT0009,4,EXAMEN,12.1,3,2024-04-16,27,36.300003
NOT010708,STU01347,MAT0015,1,EXAMEN,9.32,1,2024-04-16,26,9.32
NOT010709,STU01347,MAT0003,1,TP,11.45,2,2024-05-16,26,22.9
NOT010710,STU01347,MAT0001,2,TP,10.34,2,2023-04-16,26,20.68
NOT010711,STU01347,MAT0006,4,TP,15.52,3,2024-05-16,26,46.56
NOT010712,STU01347,MAT0030,3,TP,18.35,3,2023-04-15,26,55.050003
NOT010713,STU01347,MAT0012,1,CC,7.71,3,2023-05-17,26,23.130001
NOT010714,STU01347,MAT0009,4,EXAMEN,6.23,2,2024-04-16,26,12.46
NOT010715,STU01347,MAT0008,2,CC,11.26,3,2023-05-16,26,33.78
NOT010716,STU01348,MAT0015,3,PROJET,7.44,1,2023-05-17,27,7.44
NOT010717,STU01348,MAT0016,2,PROJET,12.14,2,2024-04-16,27,24.28
NOT010718,STU01348,MAT0028,3,PROJET,14.25,3,2023-04-15,27,42.75
NOT010719,STU01348,MAT0030,1,TP,16.48,1,2024-04-15,27,16.48
NOT010720,STU01348,MAT0013,3,PROJET,12.6,1,2023-05-16,27,12.6
NOT010721,STU01348,MAT0009,4,PROJET,11.42,1,2024-05-16,27,11.42
NOT010722,STU01349,MAT0016,1,TP,6.06,3,2024-05-16,26,18.18
NOT010723,STU01349,MAT0034,1,TP,12.08,1,2023-05-16,26,12.08
NOT010724,STU01349,MAT0030,1,EXAMEN,12.21,1,2023-05-16,26,12.21
NOT010725,STU01349,MAT0003,2,PROJET,13.92,1,2024-05-17,26,13.92
NOT010726,STU01349,MAT0005,3,CC,9.87,2,2024-05-17,26,19.74
NOT010727,STU01349,MAT0017,1,EXAMEN,10.69,2,2024-04-15,26,21.38
NOT010728,STU01349,MAT0021,2,EXAMEN,7.57,3,2024-05-16,26,22.710001
NOT010729,STU01349,MAT0032,2,EXAMEN,5.13,2,2024-05-16,26,10.26
NOT010730,STU01350,MAT0012,1,CC,8.67,1,2024-04-16,27,8.67
NOT010731,STU01350,MAT0035,4,CC,7.29,2,2024-05-16,27,14.58
NOT010732,STU01350,MAT0027,2,PROJET,13.01,1,2023-04-15,27,13.01
NOT010733,STU01350,MAT0007,1,PROJET,10.45,1,2024-04-16,27,10.45
NOT010734,STU01350,MAT0009,2,PROJET,10.39,3,2023-04-15,27,31.170002
NOT010735,STU01350,MAT0021,1,TP,9.05,2,2023-05-17,27,18.1
NOT010736,STU01351,MAT0028,3,EXAMEN,2.3,2,2024-05-17,26,4.6
NOT010737,STU01351,MAT0014,2,TP,16.52,3,2024-05-16,26,49.56
NOT010738,STU01351,MAT0024,3,CC,9.0,2,2023-05-16,26,18.0
NOT010739,STU01351,MAT0027,1,EXAMEN,10.76,1,2024-04-15,26,10.76
NOT010740,STU01351,MAT0021,2,PROJET,7.64,3,2024-04-16,26,22.92
NOT010741,STU01351,MAT0017,2,PROJET,14.92,2,2023-04-16,26,29.84
NOT010742,STU01351,MAT0014,1,PROJET,12.43,2,2024-05-17,26,24.86
NOT010743,STU01352,MAT0001,4,PROJET,9.52,2,2024-05-17,27,19.04
NOT010744,STU01352,MAT0032,4,EXAMEN,10.82,2,2024-04-15,27,21.64
NOT010745,STU01352,MAT0001,4,EXAMEN,17.03,3,2023-04-16,27,51.090004
NOT010746,STU01352,MAT0035,1,PROJET,11.78,2,2023-05-17,27,23.56
NOT010747,STU01352,MAT0012,1,EXAMEN,11.45,3,2024-04-15,27,34.35
NOT010748,STU01352,MAT0031,4,TP,9.18,1,2024-04-15,27,9.18
NOT010749,STU01353,MAT0019,1,PROJET,6.32,2,2023-04-15,26,12.64
NOT010750,STU01353,MAT0007,3,TP,11.52,3,2024-04-15,26,34.56
NOT010751,STU01353,MAT0016,2,PROJET,12.98,1,2023-05-17,26,12.98
NOT010752,STU01353,MAT0027,1,CC,15.3,1,2024-04-16,26,15.3
NOT010753,STU01353,MAT0003,4,CC,5.25,3,2024-05-16,26,15.75
NOT010754,STU01353,MAT0034,2,EXAMEN,8.62,1,2023-05-16,26,8.62
NOT010755,STU01353,MAT0029,4,EXAMEN,10.26,1,2024-04-15,26,10.26
NOT010756,STU01353,MAT0030,3,PROJET,11.99,2,2023-05-17,26,23.98
NOT010757,STU01353,MAT0009,2,PROJET,11.56,1,2024-05-17,26,11.56
NOT010758,STU01354,MAT0006,4,CC,11.63,1,2024-05-16,27,11.63
NOT010759,STU01354,MAT0006,4,EXAMEN,13.22,2,2024-04-16,27,26.44
NOT010760,STU01354,MAT0015,4,TP,9.29,2,2023-04-16,27,18.58
NOT010761,STU01354,MAT0029,3,CC,14.8,3,2024-05-16,27,44.4
NOT010762,STU01354,MAT0014,1,CC,13.3,2,2024-04-15,27,26.6
NOT010763,STU01354,MAT0019,3,PROJET,11.04,2,2023-05-16,27,22.08
NOT010764,STU01354,MAT0028,3,CC,16.8,1,2023-05-17,27,16.8
NOT010765,STU01355,MAT0016,2,PROJET,16.67,3,2023-04-15,26,50.010002
NOT010766,STU01355,MAT0009,2,PROJET,14.8,1,2023-05-17,26,14.8
NOT010767,STU01355,MAT0034,2,PROJET,2.94,2,2024-05-16,26,5.88
NOT010768,STU01355,MAT0010,4,CC,16.74,2,2024-05-16,26,33.48
NOT010769,STU01355,MAT0014,4,PROJET,14.38,2,2023-05-16,26,28.76
NOT010770,STU01355,MAT0003,4,PROJET,18.02,2,2023-05-17,26,36.04
NOT010771,STU01355,MAT0027,1,EXAMEN,15.71,1,2024-05-17,26,15.71
NOT010772,STU01355,MAT0001,3,EXAMEN,16.74,2,2023-05-17,26,33.48
NOT010773,STU01356,MAT0025,3,TP,14.64,1,2024-04-15,27,14.64
NOT010774,STU01356,MAT0009,1,PROJET,16.05,1,2024-05-16,27,16.05
NOT010775,STU01356,MAT0020,1,EXAMEN,17.98,1,2023-05-16,27,17.98
NOT010776,STU01356,MAT0012,3,CC,12.65,2,2024-05-17,27,25.3
NOT010777,STU01356,MAT0035,1,EXAMEN,7.28,2,2024-05-17,27,14.56
NOT010778,STU01356,MAT0032,4,PROJET,11.08,1,2024-05-17,27,11.08
NOT010779,STU01357,MAT0034,3,CC,13.17,2,2024-04-16,26,26.34
NOT010780,STU01357,MAT0016,2,EXAMEN,12.22,2,2023-05-17,26,24.44
NOT010781,STU01357,MAT0017,1,CC,8.26,2,2023-05-17,26,16.52
NOT010782,STU01357,MAT0007,3,EXAMEN,7.11,3,2024-05-17,26,21.33
NOT010783,STU01357,MAT0035,4,TP,9.78,3,2024-04-15,26,29.34
NOT010784,STU01357,MAT0001,4,TP,14.42,1,2024-04-15,26,14.42
NOT010785,STU01357,MAT0035,3,CC,16.74,2,2023-04-16,26,33.48
NOT010786,STU01357,MAT0035,2,CC,14.75,1,2023-05-17,26,14.75
NOT010787,STU01357,MAT0004,4,CC,15.17,2,2024-04-16,26,30.34
NOT010788,STU01358,MAT0011,3,PROJET,11.76,2,2023-05-16,27,23.52
NOT010789,STU01358,MAT0019,4,PROJET,6.77,3,2024-05-17,27,20.31
NOT010790,STU01358,MAT0006,3,EXAMEN,10.63,2,2024-05-17,27,21.26
NOT010791,STU01358,MAT0022,2,PROJET,11.22,2,2024-05-17,27,22.44
NOT010792,STU01358,MAT0004,1,PROJET,10.51,2,2024-05-16,27,21.02
NOT010793,STU01358,MAT0017,2,CC,12.16,3,2024-04-16,27,36.48
NOT010794,STU01358,MAT0019,1,EXAMEN,13.32,1,2023-05-16,27,13.32
NOT010795,STU01359,MAT0016,3,CC,14.56,1,2023-04-15,26,14.56
NOT010796,STU01359,MAT0009,2,EXAMEN,11.17,1,2023-05-16,26,11.17
NOT010797,STU01359,MAT0020,1,PROJET,6.29,1,2023-04-15,26,6.29
NOT010798,STU01359,MAT0032,2,PROJET,10.55,2,2023-05-16,26,21.1
NOT010799,STU01359,MAT0034,1,PROJET,12.13,1,2024-05-17,26,12.13
NOT010800,STU01359,MAT0023,4,CC,15.67,2,2023-04-15,26,31.34
NOT010801,STU01359,MAT0031,1,TP,10.3,1,2024-05-16,26,10.3
NOT010802,STU01359,MAT0024,2,TP,13.54,3,2023-05-16,26,40.62
NOT010803,STU01359,MAT0011,3,PROJET,12.87,2,2023-04-15,26,25.74
NOT010804,STU01359,MAT0025,2,PROJET,12.13,1,2024-04-15,26,12.13
NOT010805,STU01360,MAT0023,3,CC,14.79,2,2024-05-16,27,29.58
NOT010806,STU01360,MAT0023,2,CC,10.02,3,2023-05-16,27,30.060001
NOT010807,STU01360,MAT0023,3,EXAMEN,10.27,1,2023-05-17,27,10.27
NOT010808,STU01360,MAT0023,1,TP,11.96,2,2024-04-15,27,23.92
NOT010809,STU01360,MAT0019,4,PROJET,10.08,1,2024-05-17,27,10.08
NOT010810,STU01360,MAT0019,4,CC,13.52,2,2023-04-16,27,27.04
NOT010811,STU01360,MAT0018,1,CC,9.86,1,2023-04-15,27,9.86
NOT010812,STU01361,MAT0012,3,PROJET,12.68,1,2023-05-16,26,12.68
NOT010813,STU01361,MAT0003,4,PROJET,11.7,1,2024-04-16,26,11.7
NOT010814,STU01361,MAT0014,2,PROJET,12.64,3,2024-05-17,26,37.920002
NOT010815,STU01361,MAT0008,3,TP,10.62,1,2024-04-15,26,10.62
NOT010816,STU01361,MAT0030,3,CC,10.98,3,2023-04-15,26,32.94
NOT010817,STU01361,MAT0005,1,EXAMEN,12.29,3,2023-05-16,26,36.87
NOT010818,STU01361,MAT0025,1,PROJET,12.61,2,2023-04-16,26,25.22
NOT010819,STU01361,MAT0009,4,PROJET,11.99,1,2023-05-16,26,11.99
NOT010820,STU01362,MAT0020,1,PROJET,17.12,2,2024-04-15,27,34.24
NOT010821,STU01362,MAT0018,1,CC,9.03,1,2024-05-17,27,9.03
NOT010822,STU01362,MAT0032,2,EXAMEN,11.81,3,2024-05-16,27,35.43
NOT010823,STU01362,MAT0016,4,PROJET,7.28,2,2024-04-15,27,14.56
NOT010824,STU01362,MAT0015,2,EXAMEN,13.12,3,2023-04-15,27,39.36
NOT010825,STU01362,MAT0004,4,PROJET,8.65,1,2023-04-16,27,8.65
NOT010826,STU01362,MAT0010,3,PROJET,11.17,2,2023-04-16,27,22.34
NOT010827,STU01362,MAT0012,4,TP,10.88,1,2024-05-17,27,10.88
NOT010828,STU01362,MAT0006,3,CC,12.84,3,2024-04-16,27,38.52
NOT010829,STU01362,MAT0030,3,PROJET,10.34,2,2024-05-16,27,20.68
NOT010830,STU01363,MAT0027,3,EXAMEN,10.21,3,2024-04-16,26,30.630001
NOT010831,STU01363,MAT0033,3,PROJET,16.31,2,2024-04-15,26,32.62
NOT010832,STU01363,MAT0035,1,PROJET,12.85,2,2024-05-16,26,25.7
NOT010833,STU01363,MAT0025,2,TP,10.32,1,2024-04-15,26,10.32
NOT010834,STU01363,MAT0029,4,PROJET,11.25,3,2024-05-17,26,33.75
NOT010835,STU01363,MAT0013,1,CC,16.94,2,2023-04-15,26,33.88
NOT010836,STU01363,MAT0009,2,TP,11.29,1,2024-05-17,26,11.29
NOT010837,STU01363,MAT0024,3,PROJET,9.93,2,2024-04-16,26,19.86
NOT010838,STU01363,MAT0009,3,PROJET,9.95,3,2024-04-16,26,29.849998
NOT010839,STU01364,MAT0005,1,PROJET,10.35,1,2023-05-16,27,10.35
NOT010840,STU01364,MAT0017,3,PROJET,10.22,2,2023-05-17,27,20.44
NOT010841,STU01364,MAT0007,2,CC,8.16,2,2023-05-17,27,16.32
NOT010842,STU01364,MAT0029,3,TP,8.63,3,2024-05-17,27,25.89
NOT010843,STU01364,MAT0032,1,EXAMEN,9.51,2,2024-04-15,27,19.02
NOT010844,STU01364,MAT0030,2,PROJET,13.77,2,2024-05-16,27,27.54
NOT010845,STU01364,MAT0027,4,TP,10.86,1,2024-04-15,27,10.86
NOT010846,STU01364,MAT0010,2,EXAMEN,11.38,1,2024-04-15,27,11.38
NOT010847,STU01364,MAT0007,2,PROJET,15.81,1,2023-05-16,27,15.81
NOT010848,STU01364,MAT0026,1,PROJET,15.89,1,2024-04-15,27,15.89
NOT010849,STU01365,MAT0012,1,EXAMEN,11.15,2,2023-04-16,26,22.3
NOT010850,STU01365,MAT0020,1,TP,10.11,2,2024-05-17,26,20.22
NOT010851,STU01365,MAT0025,1,PROJET,9.41,2,2023-04-15,26,18.82
NOT010852,STU01365,MAT0013,4,EXAMEN,14.08,2,2023-05-17,26,28.16
NOT010853,STU01365,MAT0015,3,PROJET,11.39,2,2024-04-15,26,22.78
NOT010854,STU01365,MAT0008,4,CC,10.84,3,2024-05-16,26,32.52
NOT010855,STU01365,MAT0028,2,TP,9.56,2,2024-04-15,26,19.12
NOT010856,STU01365,MAT0020,1,CC,9.69,2,2024-05-16,26,19.38
NOT010857,STU01365,MAT0012,4,EXAMEN,12.96,2,2023-04-16,26,25.92
NOT010858,STU01365,MAT0009,1,PROJET,8.05,1,2024-05-16,26,8.05
NOT010859,STU01366,MAT0031,3,EXAMEN,14.98,2,2023-04-15,27,29.96
NOT010860,STU01366,MAT0027,1,TP,10.4,3,2024-04-15,27,31.199999
NOT010861,STU01366,MAT0003,4,EXAMEN,11.55,3,2023-04-15,27,34.65
NOT010862,STU01366,MAT0029,2,PROJET,7.99,2,2023-04-16,27,15.98
NOT010863,STU01366,MAT0029,1,TP,11.96,2,2024-05-17,27,23.92
NOT010864,STU01366,MAT0020,2,EXAMEN,11.02,3,2023-05-17,27,33.06
NOT010865,STU01366,MAT0002,4,EXAMEN,11.85,2,2024-05-16,27,23.7
NOT010866,STU01367,MAT0010,4,CC,16.42,2,2024-04-15,26,32.84
NOT010867,STU01367,MAT0013,1,TP,12.53,2,2023-04-15,26,25.06
NOT010868,STU01367,MAT0016,2,PROJET,9.62,2,2023-05-16,26,19.24
NOT010869,STU01367,MAT0007,2,CC,9.87,2,2024-04-16,26,19.74
NOT010870,STU01367,MAT0017,2,CC,13.79,2,2024-04-16,26,27.58
NOT010871,STU01367,MAT0012,1,EXAMEN,15.9,2,2024-04-16,26,31.8
NOT010872,STU01368,MAT0014,2,TP,12.85,3,2023-05-16,27,38.550003
NOT010873,STU01368,MAT0001,2,PROJET,14.07,2,2023-04-16,27,28.14
NOT010874,STU01368,MAT0035,2,EXAMEN,13.83,2,2024-04-15,27,27.66
NOT010875,STU01368,MAT0026,3,PROJET,16.26,2,2024-05-17,27,32.52
NOT010876,STU01368,MAT0007,4,TP,6.15,2,2024-04-15,27,12.3
NOT010877,STU01368,MAT0007,1,EXAMEN,14.0,2,2023-04-15,27,28.0
NOT010878,STU01368,MAT0023,3,CC,14.95,1,2024-04-16,27,14.95
NOT010879,STU01368,MAT0028,1,EXAMEN,7.98,3,2023-04-15,27,23.94
NOT010880,STU01368,MAT0029,4,EXAMEN,9.34,3,2023-05-17,27,28.02
NOT010881,STU01369,MAT0008,2,EXAMEN,9.45,2,2023-05-17,26,18.9
NOT010882,STU01369,MAT0023,4,EXAMEN,9.81,3,2024-05-17,26,29.43
NOT010883,STU01369,MAT0008,3,EXAMEN,10.55,1,2024-05-17,26,10.55
NOT010884,STU01369,MAT0009,4,EXAMEN,12.73,2,2024-05-17,26,25.46
NOT010885,STU01369,MAT0026,1,TP,14.6,2,2024-04-16,26,29.2
NOT010886,STU01369,MAT0012,3,PROJET,15.24,2,2024-04-16,26,30.48
NOT010887,STU01370,MAT0016,2,PROJET,9.49,1,2024-04-15,27,9.49
NOT010888,STU01370,MAT0025,1,TP,9.47,1,2023-05-17,27,9.47
NOT010889,STU01370,MAT0032,2,CC,15.95,2,2023-04-15,27,31.9
NOT010890,STU01370,MAT0016,1,TP,13.94,3,2023-04-15,27,41.82
NOT010891,STU01370,MAT0001,3,PROJET,12.25,1,2024-05-16,27,12.25
NOT010892,STU01370,MAT0019,2,EXAMEN,13.42,2,2024-05-17,27,26.84
NOT010893,STU01370,MAT0001,3,TP,11.91,2,2024-05-17,27,23.82
NOT010894,STU01370,MAT0005,4,PROJET,13.57,2,2023-05-17,27,27.14
NOT010895,STU01370,MAT0023,2,EXAMEN,10.99,3,2024-05-16,27,32.97
NOT010896,STU01371,MAT0021,4,TP,12.81,1,2023-04-16,26,12.81
NOT010897,STU01371,MAT0034,3,PROJET,7.47,1,2024-05-16,26,7.47
NOT010898,STU01371,MAT0031,2,PROJET,9.94,3,2024-04-15,26,29.82
NOT010899,STU01371,MAT0004,3,EXAMEN,9.97,1,2024-04-16,26,9.97
NOT010900,STU01371,MAT0015,4,PROJET,10.88,1,2023-05-16,26,10.88
NOT010901,STU01371,MAT0010,2,CC,9.22,3,2023-04-15,26,27.66
NOT010902,STU01371,MAT0018,2,PROJET,10.4,1,2023-04-16,26,10.4
NOT010903,STU01372,MAT0017,3,TP,7.46,2,2024-04-15,27,14.92
NOT010904,STU01372,MAT0023,3,CC,13.65,2,2023-05-17,27,27.3
NOT010905,STU01372,MAT0019,4,EXAMEN,11.75,2,2024-04-15,27,23.5
NOT010906,STU01372,MAT0015,1,EXAMEN,6.88,2,2023-04-16,27,13.76
NOT010907,STU01372,MAT0027,1,TP,9.5,3,2023-05-16,27,28.5
NOT010908,STU01372,MAT0031,1,EXAMEN,13.01,2,2023-05-17,27,26.02
NOT010909,STU01372,MAT0030,2,TP,10.37,1,2024-04-15,27,10.37
NOT010910,STU01372,MAT0001,3,TP,9.91,1,2023-05-16,27,9.91
NOT010911,STU01373,MAT0023,1,EXAMEN,11.78,2,2024-04-15,26,23.56
NOT010912,STU01373,MAT0007,4,CC,13.03,3,2023-04-15,26,39.09
NOT010913,STU01373,MAT0017,4,TP,7.69,2,2023-05-16,26,15.38
NOT010914,STU01373,MAT0015,2,CC,13.65,1,2023-04-15,26,13.65
NOT010915,STU01373,MAT0026,3,EXAMEN,9.6,2,2023-04-16,26,19.2
NOT010916,STU01373,MAT0005,4,CC,11.95,2,2024-04-16,26,23.9
NOT010917,STU01373,MAT0001,1,EXAMEN,11.89,2,2023-04-16,26,23.78
NOT010918,STU01374,MAT0005,3,EXAMEN,10.42,1,2023-05-17,27,10.42
NOT010919,STU01374,MAT0032,3,TP,8.93,2,2023-05-17,27,17.86
NOT010920,STU01374,MAT0015,1,TP,11.14,2,2024-04-16,27,22.28
NOT010921,STU01374,MAT0007,4,PROJET,16.88,1,2023-04-16,27,16.88
NOT010922,STU01374,MAT0002,4,TP,7.91,3,2024-04-15,27,23.73
NOT010923,STU01374,MAT0018,1,CC,17.08,1,2023-05-16,27,17.08
NOT010924,STU01374,MAT0009,4,CC,11.22,1,2023-05-17,27,11.22
NOT010925,STU01374,MAT0010,4,PROJET,12.11,1,2024-05-17,27,12.11
NOT010926,STU01375,MAT0015,4,TP,8.74,2,2024-05-16,26,17.48
NOT010927,STU01375,MAT0006,2,PROJET,9.69,2,2024-04-15,26,19.38
NOT010928,STU01375,MAT0008,3,PROJET,10.49,2,2023-04-15,26,20.98
NOT010929,STU01375,MAT0007,2,EXAMEN,8.86,2,2024-04-15,26,17.72
NOT010930,STU01375,MAT0031,4,PROJET,11.37,2,2024-04-15,26,22.74
NOT010931,STU01375,MAT0003,4,TP,10.78,2,2024-04-16,26,21.56
NOT010932,STU01376,MAT0026,1,PROJET,17.55,2,2024-04-16,27,35.1
NOT010933,STU01376,MAT0009,3,EXAMEN,8.5,3,2023-05-16,27,25.5
NOT010934,STU01376,MAT0009,3,CC,12.31,2,2024-05-16,27,24.62
NOT010935,STU01376,MAT0022,4,EXAMEN,12.74,1,2024-05-16,27,12.74
NOT010936,STU01376,MAT0016,2,EXAMEN,8.79,2,2024-05-17,27,17.58
NOT010937,STU01376,MAT0035,3,CC,14.06,1,2024-04-15,27,14.06
NOT010938,STU01377,MAT0012,1,CC,10.81,1,2023-04-16,26,10.81
NOT010939,STU01377,MAT0017,1,CC,4.52,2,2023-05-17,26,9.04
NOT010940,STU01377,MAT0027,2,CC,13.98,2,2023-04-15,26,27.96
NOT010941,STU01377,MAT0004,3,CC,8.65,1,2023-04-15,26,8.65
NOT010942,STU01377,MAT0021,4,EXAMEN,8.86,3,2023-04-15,26,26.579998
NOT010943,STU01377,MAT0020,1,CC,14.06,3,2023-04-16,26,42.18
NOT010944,STU01377,MAT0020,1,CC,10.96,3,2023-04-15,26,32.88
NOT010945,STU01377,MAT0007,3,EXAMEN,14.75,3,2023-05-17,26,44.25
NOT010946,STU01377,MAT0011,1,TP,15.63,2,2023-05-16,26,31.26
NOT010947,STU01378,MAT0012,2,CC,10.07,1,2024-04-15,27,10.07
NOT010948,STU01378,MAT0020,1,PROJET,14.38,2,2024-05-17,27,28.76
NOT010949,STU01378,MAT0029,1,PROJET,9.73,3,2023-04-16,27,29.189999
NOT010950,STU01378,MAT0013,1,CC,18.7,2,2024-05-16,27,37.4
NOT010951,STU01378,MAT0010,1,CC,9.92,1,2024-05-17,27,9.92
NOT010952,STU01378,MAT0031,4,CC,15.08,3,2023-05-17,27,45.239998
NOT010953,STU01378,MAT0027,4,TP,14.53,2,2023-05-16,27,29.06
NOT010954,STU01379,MAT0011,1,PROJET,12.95,2,2023-05-16,26,25.9
NOT010955,STU01379,MAT0022,3,PROJET,9.99,2,2023-04-15,26,19.98
NOT010956,STU01379,MAT0009,4,PROJET,11.55,1,2024-04-16,26,11.55
NOT010957,STU01379,MAT0023,4,EXAMEN,5.54,1,2023-04-16,26,5.54
NOT010958,STU01379,MAT0021,2,TP,12.67,2,2023-04-16,26,25.34
NOT010959,STU01379,MAT0013,1,EXAMEN,13.05,3,2023-04-16,26,39.15
NOT010960,STU01379,MAT0032,1,PROJET,12.4,3,2024-05-16,26,37.199997
NOT010961,STU01380,MAT0008,3,PROJET,3.08,2,2024-05-16,27,6.16
NOT010962,STU01380,MAT0005,4,EXAMEN,8.2,3,2023-04-16,27,24.599998
NOT010963,STU01380,MAT0001,2,CC,9.76,3,2023-04-15,27,29.28
NOT010964,STU01380,MAT0026,4,EXAMEN,12.87,1,2023-05-16,27,12.87
NOT010965,STU01380,MAT0030,2,EXAMEN,12.87,2,2023-05-17,27,25.74
NOT010966,STU01380,MAT0012,2,PROJET,11.49,1,2023-05-16,27,11.49
NOT010967,STU01380,MAT0016,4,PROJET,13.91,1,2024-04-15,27,13.91
NOT010968,STU01381,MAT0006,4,TP,8.92,2,2023-05-17,2,17.84
NOT010969,STU01381,MAT0033,4,EXAMEN,13.83,2,2024-04-15,2,27.66
NOT010970,STU01381,MAT0026,4,CC,13.42,2,2024-04-16,2,26.84
NOT010971,STU01381,MAT0022,3,PROJET,13.13,1,2024-04-15,2,13.13
NOT010972,STU01381,MAT0022,1,CC,11.45,1,2024-04-16,2,11.45
NOT010973,STU01381,MAT0028,3,PROJET,17.49,2,2023-05-16,2,34.98
NOT010974,STU01381,MAT0008,3,CC,13.48,3,2023-05-17,2,40.44
NOT010975,STU01381,MAT0003,1,CC,9.09,2,2023-04-15,2,18.18
NOT010976,STU01382,MAT0006,3,EXAMEN,12.74,3,2024-05-17,3,38.22
NOT010977,STU01382,MAT0015,3,PROJET,14.26,3,2024-05-17,3,42.78
NOT010978,STU01382,MAT0009,3,TP,10.24,2,2024-04-15,3,20.48
NOT010979,STU01382,MAT0011,3,PROJET,15.27,2,2023-05-16,3,30.54
NOT010980,STU01382,MAT0027,4,EXAMEN,13.15,1,2024-04-16,3,13.15
NOT010981,STU01382,MAT0005,3,EXAMEN,4.97,1,2023-04-16,3,4.97
NOT010982,STU01382,MAT0012,4,EXAMEN,12.9,3,2024-05-17,3,38.699997
NOT010983,STU01382,MAT0001,2,CC,10.78,1,2024-04-16,3,10.78
NOT010984,STU01383,MAT0018,4,EXAMEN,13.61,3,2023-04-16,2,40.829998
NOT010985,STU01383,MAT0024,3,TP,14.83,3,2024-05-17,2,44.489998
NOT010986,STU01383,MAT0007,1,EXAMEN,12.59,3,2023-05-17,2,37.77
NOT010987,STU01383,MAT0029,1,PROJET,17.0,2,2023-04-16,2,34.0
NOT010988,STU01383,MAT0019,3,EXAMEN,11.46,1,2023-05-17,2,11.46
NOT010989,STU01383,MAT0023,1,CC,13.87,3,2024-04-15,2,41.61
NOT010990,STU01384,MAT0006,4,PROJET,14.41,2,2023-04-16,3,28.82
NOT010991,STU01384,MAT0026,2,TP,11.71,2,2023-04-16,3,23.42
NOT010992,STU01384,MAT0033,3,CC,14.34,1,2023-04-16,3,14.34
NOT010993,STU01384,MAT0025,1,EXAMEN,10.22,1,2024-04-16,3,10.22
NOT010994,STU01384,MAT0003,4,CC,10.73,2,2023-04-15,3,21.46
NOT010995,STU01384,MAT0021,1,PROJET,8.06,2,2023-05-16,3,16.12
NOT010996,STU01384,MAT0023,3,TP,12.72,3,2023-05-16,3,38.16
NOT010997,STU01385,MAT0030,4,PROJET,12.98,1,2023-04-15,2,12.98
NOT010998,STU01385,MAT0033,2,TP,15.54,3,2024-04-16,2,46.62
NOT010999,STU01385,MAT0001,2,CC,14.37,1,2024-04-15,2,14.37
NOT011000,STU01385,MAT0028,3,EXAMEN,11.15,3,2023-04-15,2,33.449997
NOT011001,STU01385,MAT0033,1,TP,8.47,1,2023-05-16,2,8.47
NOT011002,STU01385,MAT0032,1,PROJET,13.3,3,2024-04-16,2,39.9
NOT011003,STU01385,MAT0014,3,CC,15.33,1,2024-05-17,2,15.33
NOT011004,STU01386,MAT0004,1,TP,14.27,2,2023-05-16,3,28.54
NOT011005,STU01386,MAT0031,2,EXAMEN,15.25,3,2023-05-17,3,45.75
NOT011006,STU01386,MAT0016,4,TP,11.36,1,2023-05-16,3,11.36
NOT011007,STU01386,MAT0023,2,PROJET,10.6,1,2023-04-15,3,10.6
NOT011008,STU01386,MAT0013,4,TP,9.79,3,2023-04-16,3,29.369999
NOT011009,STU01386,MAT0031,1,PROJET,11.83,1,2023-05-16,3,11.83
NOT011010,STU01386,MAT0002,4,EXAMEN,11.76,3,2024-04-16,3,35.28
NOT011011,STU01386,MAT0022,3,CC,12.62,2,2023-04-15,3,25.24
NOT011012,STU01386,MAT0020,3,CC,11.61,3,2024-04-15,3,34.829998
NOT011013,STU01387,MAT0029,1,EXAMEN,11.6,2,2023-05-17,2,23.2
NOT011014,STU01387,MAT0004,2,EXAMEN,9.67,3,2024-05-16,2,29.01
NOT011015,STU01387,MAT0028,3,EXAMEN,14.82,1,2024-05-16,2,14.82
NOT011016,STU01387,MAT0029,2,CC,12.23,2,2023-05-17,2,24.46
NOT011017,STU01387,MAT0031,2,EXAMEN,11.48,2,2023-04-16,2,22.96
NOT011018,STU01387,MAT0022,3,EXAMEN,9.76,2,2024-04-16,2,19.52
NOT011019,STU01387,MAT0001,3,CC,8.0,3,2024-04-16,2,24.0
NOT011020,STU01387,MAT0025,1,PROJET,15.92,3,2023-05-16,2,47.760002
NOT011021,STU01387,MAT0001,1,EXAMEN,13.66,3,2023-04-15,2,40.98
NOT011022,STU01387,MAT0034,2,PROJET,7.13,3,2024-04-16,2,21.39
NOT011023,STU01388,MAT0028,3,EXAMEN,14.29,2,2024-04-16,3,28.58
NOT011024,STU01388,MAT0011,3,EXAMEN,14.77,2,2023-04-16,3,29.54
NOT011025,STU01388,MAT0013,4,PROJET,12.37,3,2023-04-15,3,37.11
NOT011026,STU01388,MAT0007,4,TP,16.79,2,2024-04-15,3,33.58
NOT011027,STU01388,MAT0034,4,TP,12.65,3,2023-05-16,3,37.949997
NOT011028,STU01388,MAT0004,3,TP,7.75,2,2024-05-16,3,15.5
NOT011029,STU01388,MAT0006,1,PROJET,13.1,1,2024-05-17,3,13.1
NOT011030,STU01388,MAT0016,1,TP,12.73,3,2024-04-15,3,38.19
NOT011031,STU01388,MAT0011,4,TP,10.19,2,2024-05-16,3,20.38
NOT011032,STU01388,MAT0015,3,TP,13.72,2,2024-05-16,3,27.44
NOT011033,STU01389,MAT0021,2,TP,7.0,3,2023-04-15,2,21.0
NOT011034,STU01389,MAT0016,1,TP,14.97,1,2023-05-16,2,14.97
NOT011035,STU01389,MAT0004,2,TP,9.37,2,2024-05-17,2,18.74
NOT011036,STU01389,MAT0014,4,EXAMEN,9.05,2,2023-04-16,2,18.1
NOT011037,STU01389,MAT0021,2,EXAMEN,11.66,1,2024-05-17,2,11.66
NOT011038,STU01389,MAT0018,4,TP,13.3,2,2024-04-16,2,26.6
NOT011039,STU01389,MAT0022,2,PROJET,12.49,1,2023-05-17,2,12.49
NOT011040,STU01389,MAT0031,1,TP,9.77,1,2024-05-16,2,9.77
NOT011041,STU01389,MAT0032,2,TP,10.48,2,2023-04-15,2,20.96
NOT011042,STU01389,MAT0035,3,EXAMEN,8.6,1,2024-04-15,2,8.6
NOT011043,STU01390,MAT0002,3,EXAMEN,11.33,2,2024-04-16,3,22.66
NOT011044,STU01390,MAT0015,4,CC,15.23,2,2023-04-15,3,30.46
NOT011045,STU01390,MAT0034,4,PROJET,11.99,2,2024-04-15,3,23.98
NOT011046,STU01390,MAT0029,3,PROJET,14.58,3,2023-05-17,3,43.739998
NOT011047,STU01390,MAT0025,3,TP,16.37,1,2023-04-15,3,16.37
NOT011048,STU01390,MAT0027,3,EXAMEN,10.24,3,2023-04-16,3,30.72
NOT011049,STU01390,MAT0035,4,PROJET,11.44,3,2023-04-15,3,34.32
NOT011050,STU01390,MAT0023,2,PROJET,18.51,2,2023-05-17,3,37.02
NOT011051,STU01390,MAT0017,4,PROJET,16.33,2,2023-05-16,3,32.66
NOT011052,STU01390,MAT0016,1,PROJET,6.98,1,2023-05-16,3,6.98
NOT011053,STU01391,MAT0024,2,EXAMEN,13.16,3,2023-05-16,2,39.48
NOT011054,STU01391,MAT0028,4,EXAMEN,12.0,2,2024-05-17,2,24.0
NOT011055,STU01391,MAT0021,3,CC,14.48,2,2024-05-17,2,28.96
NOT011056,STU01391,MAT0004,4,CC,9.77,3,2023-05-16,2,29.310001
NOT011057,STU01391,MAT0013,2,PROJET,9.48,2,2024-05-16,2,18.96
NOT011058,STU01391,MAT0004,4,EXAMEN,9.97,3,2023-04-16,2,29.91
NOT011059,STU01391,MAT0017,3,CC,10.28,1,2023-05-16,2,10.28
NOT011060,STU01391,MAT0032,3,PROJET,14.45,2,2024-05-16,2,28.9
NOT011061,STU01391,MAT0005,3,CC,8.46,1,2024-05-16,2,8.46
NOT011062,STU01392,MAT0028,1,EXAMEN,10.13,2,2023-05-17,3,20.26
NOT011063,STU01392,MAT0020,1,CC,6.63,1,2023-05-17,3,6.63
NOT011064,STU01392,MAT0015,2,TP,15.02,3,2024-05-17,3,45.06
NOT011065,STU01392,MAT0028,2,CC,15.81,3,2023-05-16,3,47.43
NOT011066,STU01392,MAT0009,3,EXAMEN,11.02,2,2024-05-17,3,22.04
NOT011067,STU01392,MAT0011,4,TP,11.11,3,2023-05-16,3,33.329998
NOT011068,STU01392,MAT0005,4,CC,13.36,2,2024-04-15,3,26.72
NOT011069,STU01392,MAT0016,2,CC,16.42,2,2024-04-16,3,32.84
NOT011070,STU01393,MAT0024,4,TP,13.23,2,2024-05-16,2,26.46
NOT011071,STU01393,MAT0003,4,EXAMEN,9.91,2,2023-05-16,2,19.82
NOT011072,STU01393,MAT0007,1,CC,7.14,2,2023-04-15,2,14.28
NOT011073,STU01393,MAT0032,4,PROJET,8.65,1,2023-05-16,2,8.65
NOT011074,STU01393,MAT0027,1,CC,12.22,2,2024-05-16,2,24.44
NOT011075,STU01393,MAT0035,3,EXAMEN,10.03,3,2023-04-15,2,30.09
NOT011076,STU01393,MAT0035,1,CC,12.58,2,2023-04-16,2,25.16
NOT011077,STU01393,MAT0014,3,PROJET,10.34,1,2023-04-16,2,10.34
NOT011078,STU01394,MAT0024,3,EXAMEN,8.83,2,2024-05-16,3,17.66
NOT011079,STU01394,MAT0022,2,EXAMEN,8.47,2,2024-04-15,3,16.94
NOT011080,STU01394,MAT0022,4,TP,16.69,2,2023-05-16,3,33.38
NOT011081,STU01394,MAT0009,1,EXAMEN,14.67,2,2023-05-16,3,29.34
NOT011082,STU01394,MAT0009,1,TP,17.19,2,2023-04-15,3,34.38
NOT011083,STU01394,MAT0026,1,PROJET,13.62,2,2024-05-17,3,27.24
NOT011084,STU01395,MAT0003,4,TP,10.71,2,2024-05-16,2,21.42
NOT011085,STU01395,MAT0020,4,CC,15.97,2,2024-05-16,2,31.94
NOT011086,STU01395,MAT0023,1,PROJET,11.9,2,2023-04-15,2,23.8
NOT011087,STU01395,MAT0021,3,PROJET,12.66,2,2024-05-16,2,25.32
NOT011088,STU01395,MAT0008,3,TP,11.87,1,2024-04-15,2,11.87
NOT011089,STU01395,MAT0023,4,CC,3.16,1,2024-04-15,2,3.16
NOT011090,STU01395,MAT0034,3,EXAMEN,16.81,2,2024-05-16,2,33.62
NOT011091,STU01395,MAT0013,4,EXAMEN,13.47,3,2023-05-16,2,40.41
NOT011092,STU01395,MAT0029,3,EXAMEN,12.99,1,2023-05-17,2,12.99
NOT011093,STU01395,MAT0025,3,EXAMEN,11.81,2,2024-04-16,2,23.62
NOT011094,STU01396,MAT0033,4,CC,12.49,2,2024-05-16,3,24.98
NOT011095,STU01396,MAT0011,2,TP,10.21,1,2024-04-15,3,10.21
NOT011096,STU01396,MAT0024,3,CC,13.85,2,2023-05-17,3,27.7
NOT011097,STU01396,MAT0005,4,PROJET,8.08,2,2024-04-15,3,16.16
NOT011098,STU01396,MAT0001,1,TP,12.56,2,2024-05-17,3,25.12
NOT011099,STU01396,MAT0016,1,TP,13.68,3,2024-05-16,3,41.04
NOT011100,STU01397,MAT0025,3,TP,11.4,3,2024-05-17,2,34.199997
NOT011101,STU01397,MAT0033,3,EXAMEN,13.11,1,2023-04-15,2,13.11
NOT011102,STU01397,MAT0024,3,EXAMEN,9.03,2,2024-05-17,2,18.06
NOT011103,STU01397,MAT0009,2,PROJET,9.1,2,2023-04-16,2,18.2
NOT011104,STU01397,MAT0012,2,PROJET,12.71,3,2024-05-17,2,38.13
NOT011105,STU01397,MAT0008,2,TP,14.04,2,2024-05-16,2,28.08
NOT011106,STU01397,MAT0026,3,CC,6.38,2,2024-04-16,2,12.76
NOT011107,STU01397,MAT0035,1,PROJET,13.57,2,2024-05-16,2,27.14
NOT011108,STU01398,MAT0022,1,TP,10.37,2,2024-04-15,3,20.74
NOT011109,STU01398,MAT0012,4,PROJET,11.42,2,2023-05-16,3,22.84
NOT011110,STU01398,MAT0006,1,PROJET,7.98,2,2024-04-15,3,15.96
NOT011111,STU01398,MAT0024,4,TP,9.45,3,2023-04-15,3,28.349998
NOT011112,STU01398,MAT0028,4,PROJET,14.9,1,2023-04-16,3,14.9
NOT011113,STU01398,MAT0017,4,CC,12.1,2,2023-04-15,3,24.2
NOT011114,STU01398,MAT0016,1,EXAMEN,10.85,2,2024-05-16,3,21.7
NOT011115,STU01398,MAT0025,2,EXAMEN,11.65,3,2024-05-16,3,34.949997
NOT011116,STU01398,MAT0007,4,EXAMEN,13.47,1,2023-04-16,3,13.47
NOT011117,STU01399,MAT0006,3,EXAMEN,13.32,2,2023-04-16,2,26.64
NOT011118,STU01399,MAT0006,2,PROJET,11.77,1,2023-04-15,2,11.77
NOT011119,STU01399,MAT0032,1,TP,15.28,1,2023-05-16,2,15.28
NOT011120,STU01399,MAT0027,4,CC,14.91,2,2023-05-16,2,29.82
NOT011121,STU01399,MAT0019,4,TP,13.24,2,2023-05-17,2,26.48
NOT011122,STU01399,MAT0031,1,PROJET,12.16,2,2024-04-16,2,24.32
NOT011123,STU01400,MAT0007,3,CC,13.97,2,2023-05-17,3,27.94
NOT011124,STU01400,MAT0024,3,TP,12.94,2,2024-05-17,3,25.88
NOT011125,STU01400,MAT0008,4,PROJET,15.18,2,2024-05-17,3,30.36
NOT011126,STU01400,MAT0012,2,CC,14.7,2,2024-05-16,3,29.4
NOT011127,STU01400,MAT0034,2,EXAMEN,8.95,3,2024-04-16,3,26.849998
NOT011128,STU01400,MAT0015,2,CC,8.74,1,2024-04-16,3,8.74
NOT011129,STU01400,MAT0007,2,CC,9.9,2,2024-04-16,3,19.8
NOT011130,STU01400,MAT0032,2,CC,14.93,2,2024-04-16,3,29.86
NOT011131,STU01401,MAT0024,2,PROJET,7.27,2,2023-04-16,2,14.54
NOT011132,STU01401,MAT0026,3,EXAMEN,13.18,2,2024-04-15,2,26.36
NOT011133,STU01401,MAT0014,1,PROJET,13.09,1,2023-04-16,2,13.09
NOT011134,STU01401,MAT0021,2,PROJET,15.49,3,2023-04-16,2,46.47
NOT011135,STU01401,MAT0003,4,EXAMEN,12.54,1,2023-04-16,2,12.54
NOT011136,STU01401,MAT0027,3,PROJET,7.97,1,2023-05-16,2,7.97
NOT011137,STU01401,MAT0015,3,PROJET,9.12,2,2024-05-17,2,18.24
NOT011138,STU01401,MAT0020,4,TP,8.45,1,2023-05-16,2,8.45
NOT011139,STU01402,MAT0030,3,TP,10.39,2,2024-05-17,3,20.78
NOT011140,STU01402,MAT0030,1,CC,11.45,2,2023-04-15,3,22.9
NOT011141,STU01402,MAT0001,3,PROJET,8.5,1,2024-05-17,3,8.5
NOT011142,STU01402,MAT0019,2,TP,16.41,3,2024-04-15,3,49.23
NOT011143,STU01402,MAT0001,2,CC,8.02,3,2023-04-15,3,24.060001
NOT011144,STU01402,MAT0033,2,PROJET,16.04,2,2024-05-16,3,32.08
NOT011145,STU01402,MAT0004,1,PROJET,15.56,2,2024-04-16,3,31.12
NOT011146,STU01403,MAT0012,4,CC,14.69,3,2023-05-17,2,44.07
NOT011147,STU01403,MAT0012,1,CC,9.92,1,2023-05-16,2,9.92
NOT011148,STU01403,MAT0027,2,EXAMEN,13.03,3,2023-05-16,2,39.09
NOT011149,STU01403,MAT0015,2,EXAMEN,8.17,1,2023-04-15,2,8.17
NOT011150,STU01403,MAT0008,4,TP,14.73,1,2023-04-15,2,14.73
NOT011151,STU01403,MAT0024,3,EXAMEN,11.78,2,2024-05-17,2,23.56
NOT011152,STU01403,MAT0007,3,TP,10.77,2,2023-05-16,2,21.54
NOT011153,STU01403,MAT0008,4,CC,8.33,2,2023-05-16,2,16.66
NOT011154,STU01403,MAT0033,1,TP,4.57,3,2024-04-16,2,13.710001
NOT011155,STU01404,MAT0006,4,CC,8.88,2,2023-04-15,3,17.76
NOT011156,STU01404,MAT0032,3,PROJET,15.34,2,2024-05-16,3,30.68
NOT011157,STU01404,MAT0019,3,CC,10.79,3,2023-04-15,3,32.37
NOT011158,STU01404,MAT0014,4,TP,11.49,1,2024-05-16,3,11.49
NOT011159,STU01404,MAT0008,1,TP,13.97,2,2023-04-15,3,27.94
NOT011160,STU01404,MAT0024,4,CC,17.42,3,2023-05-17,3,52.260002
NOT011161,STU01404,MAT0012,3,TP,15.98,2,2024-05-17,3,31.96
NOT011162,STU01405,MAT0029,3,CC,9.08,2,2023-05-16,2,18.16
NOT011163,STU01405,MAT0026,4,PROJET,6.17,2,2024-04-15,2,12.34
NOT011164,STU01405,MAT0009,4,TP,19.08,1,2023-04-16,2,19.08
NOT011165,STU01405,MAT0026,3,CC,18.81,3,2024-04-16,2,56.43
NOT011166,STU01405,MAT0028,4,TP,12.57,2,2023-05-16,2,25.14
NOT011167,STU01405,MAT0009,1,EXAMEN,8.19,3,2024-05-17,2,24.57
NOT011168,STU01406,MAT0021,1,TP,14.89,2,2023-04-15,3,29.78
NOT011169,STU01406,MAT0007,1,TP,11.68,2,2023-04-16,3,23.36
NOT011170,STU01406,MAT0009,4,CC,11.66,2,2023-04-15,3,23.32
NOT011171,STU01406,MAT0029,3,PROJET,14.68,2,2024-04-16,3,29.36
NOT011172,STU01406,MAT0016,3,PROJET,13.0,1,2023-04-15,3,13.0
NOT011173,STU01406,MAT0007,1,PROJET,8.44,1,2023-04-16,3,8.44
NOT011174,STU01407,MAT0021,1,PROJET,11.03,3,2024-04-16,2,33.09
NOT011175,STU01407,MAT0032,1,TP,13.98,3,2023-04-15,2,41.94
NOT011176,STU01407,MAT0006,2,CC,13.53,1,2023-05-16,2,13.53
NOT011177,STU01407,MAT0019,4,EXAMEN,12.79,1,2024-05-17,2,12.79
NOT011178,STU01407,MAT0005,2,CC,14.8,2,2024-04-15,2,29.6
NOT011179,STU01407,MAT0029,2,TP,10.91,1,2023-05-17,2,10.91
NOT011180,STU01407,MAT0002,3,PROJET,12.54,2,2023-05-16,2,25.08
NOT011181,STU01407,MAT0025,1,TP,1.87,2,2024-05-16,2,3.74
NOT011182,STU01407,MAT0002,2,TP,10.65,2,2024-04-16,2,21.3
NOT011183,STU01408,MAT0033,3,EXAMEN,14.29,2,2024-05-17,3,28.58
NOT011184,STU01408,MAT0029,4,TP,10.83,1,2024-05-17,3,10.83
NOT011185,STU01408,MAT0033,1,PROJET,10.6,2,2024-05-17,3,21.2
NOT011186,STU01408,MAT0023,4,PROJET,8.88,2,2024-04-15,3,17.76
NOT011187,STU01408,MAT0005,1,CC,15.01,3,2024-04-15,3,45.03
NOT011188,STU01408,MAT0031,3,PROJET,13.65,2,2023-05-17,3,27.3
NOT011189,STU01409,MAT0010,4,CC,14.48,1,2024-05-16,2,14.48
NOT011190,STU01409,MAT0006,4,TP,6.82,1,2023-05-17,2,6.82
NOT011191,STU01409,MAT0031,4,EXAMEN,11.52,3,2024-04-15,2,34.56
NOT011192,STU01409,MAT0021,1,EXAMEN,11.16,3,2023-05-16,2,33.48
NOT011193,STU01409,MAT0030,4,EXAMEN,11.16,1,2024-04-16,2,11.16
NOT011194,STU01409,MAT0018,2,TP,10.15,3,2023-05-17,2,30.449999
NOT011195,STU01409,MAT0005,4,TP,10.96,1,2024-05-16,2,10.96
NOT011196,STU01409,MAT0012,1,EXAMEN,14.55,3,2023-04-15,2,43.65
NOT011197,STU01409,MAT0013,3,EXAMEN,6.26,2,2024-04-16,2,12.52
NOT011198,STU01409,MAT0027,1,CC,17.33,2,2024-04-15,2,34.66
NOT011199,STU01410,MAT0033,1,EXAMEN,13.45,3,2024-05-17,3,40.35
NOT011200,STU01410,MAT0016,3,CC,11.87,2,2023-04-15,3,23.74
NOT011201,STU01410,MAT0023,3,EXAMEN,14.72,2,2023-04-15,3,29.44
NOT011202,STU01410,MAT0034,4,CC,7.64,1,2023-04-15,3,7.64
NOT011203,STU01410,MAT0009,2,TP,10.01,1,2024-05-16,3,10.01
NOT011204,STU01410,MAT0001,4,CC,11.64,1,2023-05-16,3,11.64
NOT011205,STU01410,MAT0014,1,PROJET,16.1,3,2023-04-15,3,48.300003
NOT011206,STU01411,MAT0029,3,CC,11.86,1,2023-04-15,2,11.86
NOT011207,STU01411,MAT0012,4,EXAMEN,13.35,2,2024-05-16,2,26.7
NOT011208,STU01411,MAT0032,1,EXAMEN,10.23,3,2024-04-15,2,30.689999
NOT011209,STU01411,MAT0028,1,TP,13.46,2,2023-05-17,2,26.92
NOT011210,STU01411,MAT0024,1,TP,17.03,2,2024-05-16,2,34.06
NOT011211,STU01411,MAT0013,4,EXAMEN,14.99,2,2024-04-16,2,29.98
NOT011212,STU01411,MAT0015,1,CC,11.76,2,2024-05-17,2,23.52
NOT011213,STU01412,MAT0003,1,TP,14.03,1,2023-04-16,3,14.03
NOT011214,STU01412,MAT0010,2,PROJET,13.73,2,2024-05-17,3,27.46
NOT011215,STU01412,MAT0007,3,CC,13.52,2,2024-05-16,3,27.04
NOT011216,STU01412,MAT0019,1,TP,15.34,3,2023-04-15,3,46.02
NOT011217,STU01412,MAT0032,1,EXAMEN,15.31,2,2024-04-15,3,30.62
NOT011218,STU01412,MAT0002,1,EXAMEN,11.62,2,2023-04-15,3,23.24
NOT011219,STU01412,MAT0003,4,TP,13.93,3,2024-05-17,3,41.79
NOT011220,STU01412,MAT0015,2,PROJET,10.85,2,2023-04-15,3,21.7
NOT011221,STU01413,MAT0011,3,TP,9.23,1,2023-04-15,2,9.23
NOT011222,STU01413,MAT0014,1,EXAMEN,11.19,2,2023-05-17,2,22.38
NOT011223,STU01413,MAT0024,3,CC,11.77,1,2023-05-17,2,11.77
NOT011224,STU01413,MAT0022,2,PROJET,7.02,2,2023-05-16,2,14.04
NOT011225,STU01413,MAT0035,3,CC,14.58,1,2023-05-16,2,14.58
NOT011226,STU01413,MAT0015,4,EXAMEN,3.7,2,2023-05-16,2,7.4
NOT011227,STU01413,MAT0015,2,PROJET,20.0,3,2024-04-16,2,60.0
NOT011228,STU01413,MAT0032,4,EXAMEN,16.51,1,2023-04-16,2,16.51
NOT011229,STU01413,MAT0026,2,EXAMEN,11.22,2,2023-05-16,2,22.44
NOT011230,STU01414,MAT0030,2,CC,12.03,2,2024-05-17,3,24.06
NOT011231,STU01414,MAT0030,1,CC,12.91,1,2024-05-17,3,12.91
NOT011232,STU01414,MAT0014,1,EXAMEN,10.23,1,2024-05-16,3,10.23
NOT011233,STU01414,MAT0007,4,TP,12.58,3,2024-05-17,3,37.739998
NOT011234,STU01414,MAT0033,4,TP,11.57,2,2024-04-15,3,23.14
NOT011235,STU01414,MAT0022,3,CC,11.72,2,2023-04-15,3,23.44
NOT011236,STU01414,MAT0023,3,TP,12.54,1,2024-04-16,3,12.54
NOT011237,STU01414,MAT0032,4,PROJET,8.06,2,2024-05-16,3,16.12
NOT011238,STU01414,MAT0022,4,EXAMEN,12.12,3,2024-04-16,3,36.36
NOT011239,STU01415,MAT0018,2,TP,12.49,2,2024-04-16,2,24.98
NOT011240,STU01415,MAT0010,4,TP,12.39,1,2023-04-16,2,12.39
NOT011241,STU01415,MAT0001,1,EXAMEN,11.35,1,2023-05-17,2,11.35
NOT011242,STU01415,MAT0010,3,CC,15.41,2,2023-04-16,2,30.82
NOT011243,STU01415,MAT0015,1,EXAMEN,10.94,2,2024-05-16,2,21.88
NOT011244,STU01415,MAT0005,3,PROJET,12.68,3,2023-04-16,2,38.04
NOT011245,STU01415,MAT0012,2,PROJET,15.89,2,2023-05-17,2,31.78
NOT011246,STU01416,MAT0010,1,TP,11.76,2,2023-04-15,3,23.52
NOT011247,STU01416,MAT0013,2,PROJET,12.64,2,2024-05-16,3,25.28
NOT011248,STU01416,MAT0021,4,PROJET,11.71,1,2024-04-15,3,11.71
NOT011249,STU01416,MAT0033,3,EXAMEN,15.71,1,2023-04-16,3,15.71
NOT011250,STU01416,MAT0001,4,CC,11.23,2,2024-05-17,3,22.46
NOT011251,STU01416,MAT0008,1,TP,15.85,2,2023-05-17,3,31.7
NOT011252,STU01416,MAT0010,3,CC,11.69,1,2023-05-17,3,11.69
NOT011253,STU01416,MAT0007,4,EXAMEN,9.42,1,2024-05-17,3,9.42
NOT011254,STU01416,MAT0004,3,EXAMEN,14.04,2,2023-05-17,3,28.08
NOT011255,STU01417,MAT0009,2,TP,11.09,2,2024-05-17,2,22.18
NOT011256,STU01417,MAT0011,2,PROJET,13.86,1,2024-04-15,2,13.86
NOT011257,STU01417,MAT0016,3,CC,3.81,1,2024-04-15,2,3.81
NOT011258,STU01417,MAT0019,3,EXAMEN,12.02,1,2024-04-15,2,12.02
NOT011259,STU01417,MAT0018,2,TP,10.62,3,2023-04-16,2,31.86
NOT011260,STU01417,MAT0006,2,EXAMEN,8.81,2,2023-05-16,2,17.62
NOT011261,STU01417,MAT0020,1,CC,10.34,1,2024-04-15,2,10.34
NOT011262,STU01417,MAT0008,2,CC,10.28,2,2024-04-16,2,20.56
NOT011263,STU01418,MAT0010,3,PROJET,11.86,1,2023-04-15,3,11.86
NOT011264,STU01418,MAT0023,3,PROJET,7.9,3,2023-05-17,3,23.7
NOT011265,STU01418,MAT0013,1,EXAMEN,12.95,2,2023-05-16,3,25.9
NOT011266,STU01418,MAT0026,1,TP,16.1,2,2023-04-16,3,32.2
NOT011267,STU01418,MAT0028,2,TP,12.84,2,2023-04-15,3,25.68
NOT011268,STU01418,MAT0030,2,CC,14.43,2,2023-04-15,3,28.86
NOT011269,STU01418,MAT0003,4,CC,15.28,2,2023-04-16,3,30.56
NOT011270,STU01418,MAT0023,4,CC,15.71,2,2024-04-16,3,31.42
NOT011271,STU01419,MAT0034,3,PROJET,17.61,2,2023-04-15,2,35.22
NOT011272,STU01419,MAT0022,4,CC,10.5,2,2023-05-16,2,21.0
NOT011273,STU01419,MAT0035,3,EXAMEN,9.84,3,2023-04-16,2,29.52
NOT011274,STU01419,MAT0031,1,CC,14.35,2,2024-04-16,2,28.7
NOT011275,STU01419,MAT0019,2,TP,14.12,2,2024-05-17,2,28.24
NOT011276,STU01419,MAT0022,2,EXAMEN,14.33,2,2024-04-16,2,28.66
NOT011277,STU01419,MAT0026,1,TP,17.67,3,2023-04-15,2,53.010002
NOT011278,STU01419,MAT0035,1,TP,12.03,3,2024-04-15,2,36.09
NOT011279,STU01420,MAT0023,2,CC,13.28,2,2024-04-16,3,26.56
NOT011280,STU01420,MAT0032,3,CC,9.06,2,2024-04-15,3,18.12
NOT011281,STU01420,MAT0018,4,EXAMEN,18.41,2,2023-04-16,3,36.82
NOT011282,STU01420,MAT0026,2,EXAMEN,10.99,2,2024-05-17,3,21.98
NOT011283,STU01420,MAT0021,4,CC,11.08,2,2024-04-16,3,22.16
NOT011284,STU01420,MAT0017,3,TP,10.96,2,2024-05-16,3,21.92
NOT011285,STU01421,MAT0002,3,EXAMEN,10.07,1,2023-04-15,2,10.07
NOT011286,STU01421,MAT0014,3,EXAMEN,9.81,3,2024-04-15,2,29.43
NOT011287,STU01421,MAT0009,4,EXAMEN,10.43,2,2023-05-16,2,20.86
NOT011288,STU01421,MAT0032,4,CC,7.9,1,2023-05-16,2,7.9
NOT011289,STU01421,MAT0002,4,EXAMEN,9.64,3,2023-05-16,2,28.920002
NOT011290,STU01421,MAT0013,1,TP,17.85,2,2024-05-17,2,35.7
NOT011291,STU01422,MAT0022,3,TP,14.21,3,2024-04-16,3,42.63
NOT011292,STU01422,MAT0032,1,EXAMEN,14.78,1,2024-04-15,3,14.78
NOT011293,STU01422,MAT0011,3,PROJET,15.53,1,2023-05-17,3,15.53
NOT011294,STU01422,MAT0007,2,CC,17.5,3,2024-04-16,3,52.5
NOT011295,STU01422,MAT0025,4,TP,6.69,3,2024-05-17,3,20.07
NOT011296,STU01422,MAT0001,2,CC,8.31,1,2024-04-16,3,8.31
NOT011297,STU01422,MAT0006,1,EXAMEN,9.59,1,2024-04-15,3,9.59
NOT011298,STU01422,MAT0027,2,EXAMEN,10.59,1,2024-04-16,3,10.59
NOT011299,STU01422,MAT0035,2,TP,11.1,3,2024-04-16,3,33.300003
NOT011300,STU01422,MAT0009,2,EXAMEN,10.66,2,2024-04-16,3,21.32
NOT011301,STU01423,MAT0014,2,EXAMEN,12.66,2,2023-05-16,2,25.32
NOT011302,STU01423,MAT0003,2,EXAMEN,12.11,1,2024-05-17,2,12.11
NOT011303,STU01423,MAT0004,4,EXAMEN,9.83,3,2023-04-16,2,29.49
NOT011304,STU01423,MAT0025,4,TP,5.47,3,2023-05-16,2,16.41
NOT011305,STU01423,MAT0027,2,PROJET,9.02,2,2024-05-16,2,18.04
NOT011306,STU01423,MAT0018,4,TP,10.35,3,2023-05-17,2,31.050001
NOT011307,STU01423,MAT0004,4,PROJET,11.26,3,2023-05-17,2,33.78
NOT011308,STU01423,MAT0031,4,PROJET,8.61,1,2023-04-16,2,8.61
NOT011309,STU01423,MAT0007,1,TP,10.53,2,2024-04-16,2,21.06
NOT011310,STU01424,MAT0027,4,PROJET,8.61,2,2023-05-16,3,17.22
NOT011311,STU01424,MAT0013,1,PROJET,11.62,1,2023-04-15,3,11.62
NOT011312,STU01424,MAT0030,2,PROJET,8.78,3,2023-05-16,3,26.34
NOT011313,STU01424,MAT0034,1,EXAMEN,9.45,1,2023-05-17,3,9.45
NOT011314,STU01424,MAT0016,1,CC,8.07,2,2023-04-15,3,16.14
NOT011315,STU01424,MAT0005,2,TP,11.54,2,2023-05-17,3,23.08
NOT011316,STU01424,MAT0020,3,PROJET,9.4,2,2023-05-16,3,18.8
NOT011317,STU01424,MAT0003,4,EXAMEN,14.72,2,2023-05-16,3,29.44
NOT011318,STU01425,MAT0007,2,CC,13.22,1,2024-05-17,2,13.22
NOT011319,STU01425,MAT0020,3,TP,11.79,2,2024-05-17,2,23.58
NOT011320,STU01425,MAT0012,2,CC,9.61,2,2023-04-16,2,19.22
NOT011321,STU01425,MAT0008,3,CC,13.14,3,2023-04-15,2,39.420002
NOT011322,STU01425,MAT0017,2,PROJET,14.07,1,2024-05-16,2,14.07
NOT011323,STU01425,MAT0001,4,PROJET,12.43,2,2023-04-15,2,24.86
NOT011324,STU01425,MAT0008,1,CC,16.81,2,2024-05-16,2,33.62
NOT011325,STU01425,MAT0020,2,CC,13.38,3,2023-04-15,2,40.14
NOT011326,STU01425,MAT0032,3,EXAMEN,14.74,1,2023-04-15,2,14.74
NOT011327,STU01426,MAT0024,1,EXAMEN,12.4,2,2024-05-16,3,24.8
NOT011328,STU01426,MAT0006,2,EXAMEN,14.03,2,2024-05-17,3,28.06
NOT011329,STU01426,MAT0027,3,TP,9.61,2,2024-05-17,3,19.22
NOT011330,STU01426,MAT0025,3,TP,10.62,1,2023-05-16,3,10.62
NOT011331,STU01426,MAT0028,1,PROJET,13.05,1,2023-05-17,3,13.05
NOT011332,STU01426,MAT0010,2,CC,13.03,2,2023-04-16,3,26.06
NOT011333,STU01426,MAT0004,1,PROJET,13.52,2,2023-04-16,3,27.04
NOT011334,STU01426,MAT0022,2,PROJET,15.3,2,2024-04-16,3,30.6
NOT011335,STU01426,MAT0020,2,CC,7.73,1,2024-04-16,3,7.73
NOT011336,STU01427,MAT0010,4,EXAMEN,9.08,3,2024-04-16,2,27.24
NOT011337,STU01427,MAT0025,4,CC,12.69,1,2023-05-16,2,12.69
NOT011338,STU01427,MAT0034,1,TP,9.83,2,2023-04-15,2,19.66
NOT011339,STU01427,MAT0008,2,PROJET,20.0,3,2023-04-15,2,60.0
NOT011340,STU01427,MAT0031,4,CC,13.55,1,2024-04-16,2,13.55
NOT011341,STU01427,MAT0022,1,CC,11.77,2,2024-05-16,2,23.54
NOT011342,STU01427,MAT0034,2,TP,10.45,2,2023-04-15,2,20.9
NOT011343,STU01427,MAT0003,4,TP,10.56,1,2023-04-15,2,10.56
NOT011344,STU01427,MAT0024,4,CC,12.09,2,2024-05-16,2,24.18
NOT011345,STU01427,MAT0008,1,CC,12.34,3,2023-04-16,2,37.02
NOT011346,STU01428,MAT0008,1,CC,10.63,2,2023-04-16,3,21.26
NOT011347,STU01428,MAT0001,3,CC,11.18,2,2024-04-16,3,22.36
NOT011348,STU01428,MAT0013,2,EXAMEN,16.03,3,2023-05-17,3,48.090004
NOT011349,STU01428,MAT0029,3,PROJET,16.15,2,2023-04-16,3,32.3
NOT011350,STU01428,MAT0031,3,PROJET,12.76,1,2023-04-15,3,12.76
NOT011351,STU01428,MAT0026,4,CC,7.98,3,2024-04-16,3,23.94
NOT011352,STU01428,MAT0032,1,EXAMEN,13.62,2,2023-04-16,3,27.24
NOT011353,STU01428,MAT0025,2,TP,16.66,1,2023-04-16,3,16.66
NOT011354,STU01428,MAT0006,3,CC,16.11,2,2024-05-16,3,32.22
NOT011355,STU01429,MAT0009,3,EXAMEN,14.2,2,2023-05-16,2,28.4
NOT011356,STU01429,MAT0002,3,PROJET,16.27,1,2024-05-16,2,16.27
NOT011357,STU01429,MAT0033,4,EXAMEN,12.16,1,2024-04-15,2,12.16
NOT011358,STU01429,MAT0004,3,CC,13.88,1,2024-04-16,2,13.88
NOT011359,STU01429,MAT0022,2,CC,9.96,2,2023-04-15,2,19.92
NOT011360,STU01429,MAT0020,4,EXAMEN,12.88,1,2024-05-16,2,12.88
NOT011361,STU01429,MAT0003,4,CC,15.99,1,2023-05-16,2,15.99
NOT011362,STU01429,MAT0021,2,EXAMEN,10.23,1,2023-05-17,2,10.23
NOT011363,STU01429,MAT0004,3,TP,9.42,2,2023-05-17,2,18.84
NOT011364,STU01429,MAT0019,2,PROJET,12.29,3,2024-05-16,2,36.87
NOT011365,STU01430,MAT0015,3,PROJET,11.32,3,2024-05-17,3,33.96
NOT011366,STU01430,MAT0032,3,EXAMEN,13.95,2,2024-04-16,3,27.9
NOT011367,STU01430,MAT0030,1,PROJET,10.64,3,2024-04-16,3,31.920002
NOT011368,STU01430,MAT0019,4,TP,17.16,1,2023-04-15,3,17.16
NOT011369,STU01430,MAT0008,1,CC,8.13,2,2024-05-16,3,16.26
NOT011370,STU01430,MAT0016,2,TP,15.76,1,2024-04-16,3,15.76
NOT011371,STU01430,MAT0014,2,TP,9.71,3,2023-05-16,3,29.130001
NOT011372,STU01430,MAT0009,2,EXAMEN,6.61,2,2023-05-17,3,13.22
NOT011373,STU01430,MAT0015,4,CC,12.71,3,2024-04-15,3,38.13
NOT011374,STU01431,MAT0031,3,PROJET,11.24,2,2023-04-15,2,22.48
NOT011375,STU01431,MAT0001,4,TP,8.67,2,2023-04-15,2,17.34
NOT011376,STU01431,MAT0006,4,TP,6.96,2,2023-04-15,2,13.92
NOT011377,STU01431,MAT0014,3,TP,11.97,3,2024-04-15,2,35.91
NOT011378,STU01431,MAT0023,1,CC,14.93,1,2023-05-16,2,14.93
NOT011379,STU01431,MAT0001,1,PROJET,13.75,2,2024-05-17,2,27.5
NOT011380,STU01431,MAT0032,2,PROJET,12.17,2,2024-05-16,2,24.34
NOT011381,STU01432,MAT0001,1,PROJET,13.44,1,2023-05-16,3,13.44
NOT011382,STU01432,MAT0001,1,CC,11.92,2,2024-04-15,3,23.84
NOT011383,STU01432,MAT0006,3,CC,7.71,2,2024-05-17,3,15.42
NOT011384,STU01432,MAT0010,3,PROJET,7.74,3,2024-04-16,3,23.22
NOT011385,STU01432,MAT0020,2,EXAMEN,11.39,3,2024-04-15,3,34.170002
NOT011386,STU01432,MAT0001,4,EXAMEN,11.52,3,2023-04-16,3,34.56
NOT011387,STU01432,MAT0017,1,EXAMEN,14.55,3,2023-04-15,3,43.65
NOT011388,STU01432,MAT0026,3,PROJET,14.27,3,2023-04-15,3,42.81
NOT011389,STU01433,MAT0011,2,CC,13.82,1,2024-04-15,2,13.82
NOT011390,STU01433,MAT0023,3,EXAMEN,11.16,3,2024-04-15,2,33.48
NOT011391,STU01433,MAT0003,3,PROJET,7.86,3,2024-05-16,2,23.58
NOT011392,STU01433,MAT0024,2,EXAMEN,13.24,2,2023-05-16,2,26.48
NOT011393,STU01433,MAT0006,4,PROJET,13.58,2,2024-05-16,2,27.16
NOT011394,STU01433,MAT0033,4,CC,4.83,2,2024-05-16,2,9.66
NOT011395,STU01433,MAT0031,3,TP,9.5,2,2023-04-16,2,19.0
NOT011396,STU01434,MAT0007,4,PROJET,9.93,2,2023-05-16,3,19.86
NOT011397,STU01434,MAT0031,3,EXAMEN,12.36,3,2024-05-16,3,37.079998
NOT011398,STU01434,MAT0017,1,TP,9.59,3,2023-04-16,3,28.77
NOT011399,STU01434,MAT0003,3,EXAMEN,11.89,2,2024-05-16,3,23.78
NOT011400,STU01434,MAT0024,2,TP,11.37,1,2024-04-16,3,11.37
NOT011401,STU01434,MAT0008,2,PROJET,11.52,2,2024-04-15,3,23.04
NOT011402,STU01434,MAT0032,3,CC,9.85,1,2023-04-16,3,9.85
NOT011403,STU01434,MAT0013,3,EXAMEN,10.08,2,2024-05-16,3,20.16
NOT011404,STU01435,MAT0027,2,EXAMEN,8.76,2,2024-04-16,2,17.52
NOT011405,STU01435,MAT0009,2,TP,13.14,3,2023-04-16,2,39.420002
NOT011406,STU01435,MAT0029,3,PROJET,13.71,1,2024-04-16,2,13.71
NOT011407,STU01435,MAT0018,3,EXAMEN,9.69,3,2024-05-16,2,29.07
NOT011408,STU01435,MAT0020,1,EXAMEN,16.56,2,2023-05-16,2,33.12
NOT011409,STU01435,MAT0032,2,EXAMEN,11.06,2,2024-05-17,2,22.12
NOT011410,STU01435,MAT0035,3,EXAMEN,16.59,1,2023-04-16,2,16.59
NOT011411,STU01436,MAT0012,2,CC,10.07,3,2024-04-16,3,30.21
NOT011412,STU01436,MAT0030,2,CC,5.92,2,2024-05-17,3,11.84
NOT011413,STU01436,MAT0032,3,PROJET,13.21,1,2023-05-17,3,13.21
NOT011414,STU01436,MAT0034,1,CC,12.75,2,2023-05-17,3,25.5
NOT011415,STU01436,MAT0003,2,TP,12.1,1,2023-04-16,3,12.1
NOT011416,STU01436,MAT0032,2,PROJET,10.07,3,2024-05-16,3,30.21
NOT011417,STU01436,MAT0003,3,PROJET,11.9,2,2023-04-16,3,23.8
NOT011418,STU01436,MAT0029,4,CC,10.47,3,2024-04-15,3,31.41
NOT011419,STU01436,MAT0009,3,CC,11.09,1,2023-04-15,3,11.09
NOT011420,STU01436,MAT0021,4,CC,14.52,2,2024-05-16,3,29.04
NOT011421,STU01437,MAT0011,3,TP,12.55,2,2023-05-17,2,25.1
NOT011422,STU01437,MAT0006,2,EXAMEN,13.83,2,2024-04-16,2,27.66
NOT011423,STU01437,MAT0008,3,EXAMEN,11.3,2,2023-05-16,2,22.6
NOT011424,STU01437,MAT0030,3,EXAMEN,10.97,3,2023-04-15,2,32.91
NOT011425,STU01437,MAT0023,2,CC,8.54,2,2023-04-15,2,17.08
NOT011426,STU01437,MAT0005,4,PROJET,10.89,2,2023-05-16,2,21.78
NOT011427,STU01438,MAT0028,3,EXAMEN,2.04,2,2023-05-16,3,4.08
NOT011428,STU01438,MAT0006,2,EXAMEN,10.23,2,2024-05-16,3,20.46
NOT011429,STU01438,MAT0009,1,CC,11.75,2,2024-04-16,3,23.5
NOT011430,STU01438,MAT0031,1,EXAMEN,13.69,3,2023-04-15,3,41.07
NOT011431,STU01438,MAT0011,4,PROJET,11.19,2,2023-04-15,3,22.38
NOT011432,STU01438,MAT0005,3,TP,13.04,2,2023-05-17,3,26.08
NOT011433,STU01439,MAT0031,1,CC,5.46,1,2023-04-16,2,5.46
NOT011434,STU01439,MAT0034,4,EXAMEN,11.83,2,2024-04-15,2,23.66
NOT011435,STU01439,MAT0016,2,TP,6.96,2,2024-04-15,2,13.92
NOT011436,STU01439,MAT0026,3,CC,8.38,1,2023-05-17,2,8.38
NOT011437,STU01439,MAT0016,2,TP,11.44,3,2023-04-16,2,34.32
NOT011438,STU01439,MAT0029,1,PROJET,15.83,3,2023-04-16,2,47.489998
NOT011439,STU01439,MAT0006,4,PROJET,13.11,2,2024-05-17,2,26.22
NOT011440,STU01439,MAT0014,4,CC,12.05,3,2024-05-17,2,36.15
NOT011441,STU01439,MAT0017,1,EXAMEN,11.94,2,2023-04-16,2,23.88
NOT011442,STU01439,MAT0035,2,CC,9.86,3,2024-05-17,2,29.579998
NOT011443,STU01440,MAT0012,1,PROJET,10.37,1,2024-05-16,3,10.37
NOT011444,STU01440,MAT0026,1,TP,13.28,2,2023-04-16,3,26.56
NOT011445,STU01440,MAT0004,4,EXAMEN,7.84,2,2023-04-16,3,15.68
NOT011446,STU01440,MAT0029,4,PROJET,13.78,3,2023-05-17,3,41.34
NOT011447,STU01440,MAT0035,3,EXAMEN,10.83,3,2023-04-16,3,32.489998
NOT011448,STU01440,MAT0010,2,PROJET,14.48,1,2023-04-15,3,14.48
NOT011449,STU01440,MAT0005,4,EXAMEN,14.88,1,2023-05-16,3,14.88
NOT011450,STU01441,MAT0020,3,CC,6.98,1,2023-04-16,8,6.98
NOT011451,STU01441,MAT0027,4,TP,10.26,2,2024-04-15,8,20.52
NOT011452,STU01441,MAT0010,1,EXAMEN,9.43,1,2023-05-17,8,9.43
NOT011453,STU01441,MAT0015,1,PROJET,6.56,1,2023-05-16,8,6.56
NOT011454,STU01441,MAT0016,1,TP,8.9,2,2023-04-15,8,17.8
NOT011455,STU01441,MAT0033,4,EXAMEN,19.32,1,2023-04-16,8,19.32
NOT011456,STU01441,MAT0002,2,TP,13.83,2,2024-05-16,8,27.66
NOT011457,STU01441,MAT0005,1,CC,17.75,3,2023-05-17,8,53.25
NOT011458,STU01441,MAT0016,4,CC,14.49,3,2023-04-16,8,43.47
NOT011459,STU01441,MAT0017,4,PROJET,9.77,2,2024-05-16,8,19.54
NOT011460,STU01442,MAT0003,3,CC,10.85,2,2024-05-16,9,21.7
NOT011461,STU01442,MAT0003,4,PROJET,13.77,3,2023-05-16,9,41.31
NOT011462,STU01442,MAT0022,1,TP,13.31,2,2024-05-16,9,26.62
NOT011463,STU01442,MAT0016,3,CC,10.27,1,2023-05-17,9,10.27
NOT011464,STU01442,MAT0029,1,TP,7.47,2,2023-05-17,9,14.94
NOT011465,STU01442,MAT0030,4,EXAMEN,20.0,3,2023-05-17,9,60.0
NOT011466,STU01442,MAT0007,3,PROJET,11.58,2,2023-05-16,9,23.16
NOT011467,STU01442,MAT0018,3,CC,11.02,2,2024-05-16,9,22.04
NOT011468,STU01442,MAT0008,2,TP,12.34,1,2024-04-15,9,12.34
NOT011469,STU01443,MAT0005,1,PROJET,11.27,2,2024-04-15,8,22.54
NOT011470,STU01443,MAT0018,3,TP,12.37,2,2023-04-16,8,24.74
NOT011471,STU01443,MAT0001,1,EXAMEN,15.86,3,2024-04-15,8,47.579998
NOT011472,STU01443,MAT0018,2,EXAMEN,11.63,2,2023-05-16,8,23.26
NOT011473,STU01443,MAT0004,2,PROJET,8.51,1,2023-04-15,8,8.51
NOT011474,STU01443,MAT0003,3,TP,11.52,2,2023-04-15,8,23.04
NOT011475,STU01443,MAT0022,1,PROJET,10.61,3,2024-05-17,8,31.829998
NOT011476,STU01444,MAT0021,4,EXAMEN,16.27,2,2023-04-15,9,32.54
NOT011477,STU01444,MAT0008,3,EXAMEN,15.51,2,2023-05-16,9,31.02
NOT011478,STU01444,MAT0003,2,EXAMEN,12.32,3,2023-04-16,9,36.96
NOT011479,STU01444,MAT0016,3,TP,8.16,2,2024-05-17,9,16.32
NOT011480,STU01444,MAT0027,2,EXAMEN,8.32,2,2024-05-16,9,16.64
NOT011481,STU01444,MAT0033,4,EXAMEN,12.05,3,2024-05-17,9,36.15
NOT011482,STU01444,MAT0024,2,EXAMEN,13.01,1,2024-05-16,9,13.01
NOT011483,STU01444,MAT0012,3,PROJET,10.88,1,2023-04-16,9,10.88
NOT011484,STU01444,MAT0019,2,TP,10.56,2,2024-05-16,9,21.12
NOT011485,STU01445,MAT0004,2,EXAMEN,10.22,3,2023-04-16,8,30.66
NOT011486,STU01445,MAT0007,2,EXAMEN,11.93,2,2024-04-15,8,23.86
NOT011487,STU01445,MAT0032,2,PROJET,4.85,2,2024-05-17,8,9.7
NOT011488,STU01445,MAT0010,1,PROJET,8.7,2,2024-04-16,8,17.4
NOT011489,STU01445,MAT0027,2,EXAMEN,10.12,2,2024-04-15,8,20.24
NOT011490,STU01445,MAT0034,4,EXAMEN,15.62,3,2023-04-16,8,46.86
NOT011491,STU01445,MAT0001,3,CC,9.56,1,2024-04-16,8,9.56
NOT011492,STU01446,MAT0019,4,CC,12.54,2,2024-04-15,9,25.08
NOT011493,STU01446,MAT0013,4,EXAMEN,12.68,2,2024-04-16,9,25.36
NOT011494,STU01446,MAT0029,1,EXAMEN,15.89,2,2023-05-17,9,31.78
NOT011495,STU01446,MAT0009,1,CC,15.79,2,2023-04-15,9,31.58
NOT011496,STU01446,MAT0016,3,TP,11.83,3,2023-04-15,9,35.489998
NOT011497,STU01446,MAT0018,4,PROJET,10.57,1,2024-04-16,9,10.57
NOT011498,STU01447,MAT0027,2,PROJET,10.01,2,2023-04-16,8,20.02
NOT011499,STU01447,MAT0032,4,PROJET,11.28,2,2024-05-16,8,22.56
NOT011500,STU01447,MAT0021,1,PROJET,10.7,3,2024-04-15,8,32.1
NOT011501,STU01447,MAT0023,4,CC,13.66,1,2023-05-16,8,13.66
NOT011502,STU01447,MAT0032,4,CC,13.26,1,2024-04-16,8,13.26
NOT011503,STU01447,MAT0033,4,PROJET,13.78,1,2023-04-15,8,13.78
NOT011504,STU01447,MAT0018,3,EXAMEN,15.78,2,2023-05-17,8,31.56
NOT011505,STU01447,MAT0018,4,CC,17.59,2,2024-05-16,8,35.18
NOT011506,STU01447,MAT0016,3,TP,12.37,2,2023-05-16,8,24.74
NOT011507,STU01447,MAT0002,1,PROJET,15.3,3,2023-04-16,8,45.9
NOT011508,STU01448,MAT0009,1,PROJET,10.95,2,2024-05-17,9,21.9
NOT011509,STU01448,MAT0012,2,CC,15.56,2,2024-05-16,9,31.12
NOT011510,STU01448,MAT0018,1,TP,15.18,1,2024-04-16,9,15.18
NOT011511,STU01448,MAT0005,2,CC,15.03,1,2023-05-17,9,15.03
NOT011512,STU01448,MAT0014,4,EXAMEN,12.28,2,2023-05-17,9,24.56
NOT011513,STU01448,MAT0003,2,PROJET,9.99,2,2023-04-15,9,19.98
NOT011514,STU01448,MAT0035,3,PROJET,7.82,1,2023-04-16,9,7.82
NOT011515,STU01448,MAT0003,3,PROJET,11.88,1,2024-04-15,9,11.88
NOT011516,STU01449,MAT0024,3,CC,16.6,2,2023-04-16,8,33.2
NOT011517,STU01449,MAT0002,2,EXAMEN,11.07,3,2024-05-17,8,33.21
NOT011518,STU01449,MAT0030,2,EXAMEN,14.36,1,2023-04-15,8,14.36
NOT011519,STU01449,MAT0008,4,EXAMEN,14.53,2,2024-05-17,8,29.06
NOT011520,STU01449,MAT0025,1,EXAMEN,11.15,3,2023-05-16,8,33.449997
NOT011521,STU01449,MAT0016,3,PROJET,15.95,2,2023-04-15,8,31.9
NOT011522,STU01450,MAT0005,1,CC,3.27,2,2023-05-16,9,6.54
NOT011523,STU01450,MAT0034,3,TP,8.33,2,2024-04-16,9,16.66
NOT011524,STU01450,MAT0030,3,EXAMEN,9.25,3,2023-04-15,9,27.75
NOT011525,STU01450,MAT0010,2,CC,9.54,2,2024-05-16,9,19.08
NOT011526,STU01450,MAT0033,1,TP,13.01,1,2023-04-15,9,13.01
NOT011527,STU01450,MAT0035,3,TP,12.87,3,2024-04-15,9,38.61
NOT011528,STU01451,MAT0011,3,EXAMEN,13.18,3,2023-05-16,8,39.54
NOT011529,STU01451,MAT0008,3,TP,13.79,1,2024-04-15,8,13.79
NOT011530,STU01451,MAT0030,2,CC,9.15,2,2024-05-17,8,18.3
NOT011531,STU01451,MAT0010,2,EXAMEN,8.35,2,2024-05-17,8,16.7
NOT011532,STU01451,MAT0008,2,EXAMEN,13.19,3,2024-05-16,8,39.57
NOT011533,STU01451,MAT0035,3,EXAMEN,10.11,2,2024-05-16,8,20.22
NOT011534,STU01451,MAT0035,3,TP,7.29,1,2023-04-16,8,7.29
NOT011535,STU01451,MAT0019,1,TP,14.91,2,2023-04-16,8,29.82
NOT011536,STU01451,MAT0001,3,EXAMEN,16.19,2,2024-05-16,8,32.38
NOT011537,STU01452,MAT0022,1,TP,16.67,2,2024-04-16,9,33.34
NOT011538,STU01452,MAT0025,2,TP,12.56,2,2023-05-16,9,25.12
NOT011539,STU01452,MAT0033,4,EXAMEN,13.88,1,2024-04-15,9,13.88
NOT011540,STU01452,MAT0016,4,TP,16.11,2,2024-04-16,9,32.22
NOT011541,STU01452,MAT0013,3,PROJET,10.08,2,2023-05-17,9,20.16
NOT011542,STU01452,MAT0031,4,EXAMEN,15.33,2,2023-05-17,9,30.66
NOT011543,STU01452,MAT0019,4,TP,12.83,2,2023-05-16,9,25.66
NOT011544,STU01452,MAT0027,1,CC,14.74,2,2024-05-16,9,29.48
NOT011545,STU01453,MAT0029,2,TP,12.56,1,2024-04-16,8,12.56
NOT011546,STU01453,MAT0007,1,CC,15.89,2,2024-05-17,8,31.78
NOT011547,STU01453,MAT0034,2,EXAMEN,12.67,2,2023-05-17,8,25.34
NOT011548,STU01453,MAT0025,3,PROJET,7.55,2,2023-04-16,8,15.1
NOT011549,STU01453,MAT0002,4,EXAMEN,16.36,3,2024-05-16,8,49.08
NOT011550,STU01453,MAT0021,4,TP,9.16,2,2023-05-16,8,18.32
NOT011551,STU01454,MAT0025,3,PROJET,15.76,2,2023-04-15,9,31.52
NOT011552,STU01454,MAT0012,3,TP,11.73,2,2024-04-16,9,23.46
NOT011553,STU01454,MAT0011,4,EXAMEN,15.53,3,2024-05-17,9,46.59
NOT011554,STU01454,MAT0031,1,PROJET,15.4,3,2023-04-15,9,46.199997
NOT011555,STU01454,MAT0035,4,TP,13.29,3,2024-04-16,9,39.87
NOT011556,STU01454,MAT0024,1,TP,13.53,2,2023-05-17,9,27.06
NOT011557,STU01454,MAT0001,3,TP,13.27,2,2024-04-16,9,26.54
NOT011558,STU01454,MAT0018,1,PROJET,5.96,1,2024-05-17,9,5.96
NOT011559,STU01455,MAT0010,1,EXAMEN,12.35,3,2024-05-16,8,37.050003
NOT011560,STU01455,MAT0017,2,CC,8.65,1,2024-05-16,8,8.65
NOT011561,STU01455,MAT0027,3,CC,12.51,3,2023-04-16,8,37.53
NOT011562,STU01455,MAT0019,1,PROJET,8.57,2,2024-04-16,8,17.14
NOT011563,STU01455,MAT0029,4,CC,8.45,3,2024-05-17,8,25.349998
NOT011564,STU01455,MAT0003,4,EXAMEN,16.81,2,2023-05-16,8,33.62
NOT011565,STU01456,MAT0028,2,TP,15.21,2,2024-04-16,9,30.42
NOT011566,STU01456,MAT0004,4,CC,11.99,1,2024-05-17,9,11.99
NOT011567,STU01456,MAT0011,4,TP,12.55,2,2024-05-17,9,25.1
NOT011568,STU01456,MAT0023,2,CC,11.26,2,2024-04-16,9,22.52
NOT011569,STU01456,MAT0002,1,PROJET,13.71,1,2024-04-15,9,13.71
NOT011570,STU01456,MAT0026,1,TP,9.97,2,2023-05-16,9,19.94
NOT011571,STU01456,MAT0016,2,EXAMEN,14.98,3,2023-05-16,9,44.94
NOT011572,STU01457,MAT0026,4,CC,11.24,1,2023-05-16,8,11.24
NOT011573,STU01457,MAT0021,2,CC,10.74,1,2023-05-17,8,10.74
NOT011574,STU01457,MAT0026,1,PROJET,12.07,3,2023-04-16,8,36.21
NOT011575,STU01457,MAT0001,1,TP,10.23,2,2023-04-15,8,20.46
NOT011576,STU01457,MAT0029,2,TP,12.99,3,2023-04-16,8,38.97
NOT011577,STU01457,MAT0012,3,TP,10.39,3,2023-04-15,8,31.170002
NOT011578,STU01457,MAT0032,3,EXAMEN,13.41,3,2024-05-17,8,40.23
NOT011579,STU01457,MAT0034,1,PROJET,15.65,2,2024-04-16,8,31.3
NOT011580,STU01457,MAT0017,4,PROJET,9.84,2,2024-04-16,8,19.68
NOT011581,STU01457,MAT0016,3,TP,11.61,2,2023-05-16,8,23.22
NOT011582,STU01458,MAT0032,1,EXAMEN,13.38,2,2024-05-17,9,26.76
NOT011583,STU01458,MAT0002,2,EXAMEN,10.69,2,2024-04-16,9,21.38
NOT011584,STU01458,MAT0023,4,EXAMEN,13.39,2,2024-05-17,9,26.78
NOT011585,STU01458,MAT0031,1,PROJET,13.67,2,2023-04-15,9,27.34
NOT011586,STU01458,MAT0015,2,CC,15.25,2,2024-05-17,9,30.5
NOT011587,STU01458,MAT0031,2,EXAMEN,10.18,2,2024-05-16,9,20.36
NOT011588,STU01458,MAT0018,4,CC,9.17,2,2024-04-16,9,18.34
NOT011589,STU01458,MAT0012,4,CC,11.08,2,2024-04-15,9,22.16
NOT011590,STU01458,MAT0029,1,TP,9.1,2,2024-04-15,9,18.2
NOT011591,STU01459,MAT0018,1,PROJET,13.69,3,2024-04-15,8,41.07
NOT011592,STU01459,MAT0028,4,EXAMEN,8.51,3,2024-04-15,8,25.53
NOT011593,STU01459,MAT0016,2,EXAMEN,19.0,3,2024-05-17,8,57.0
NOT011594,STU01459,MAT0010,1,TP,15.89,1,2024-04-16,8,15.89
NOT011595,STU01459,MAT0033,1,TP,12.04,2,2024-04-16,8,24.08
NOT011596,STU01459,MAT0021,2,TP,14.6,1,2024-05-16,8,14.6
NOT011597,STU01459,MAT0024,2,EXAMEN,7.09,1,2023-05-17,8,7.09
NOT011598,STU01459,MAT0012,2,PROJET,19.57,2,2023-04-16,8,39.14
NOT011599,STU01459,MAT0011,1,PROJET,10.23,2,2024-05-17,8,20.46
NOT011600,STU01459,MAT0008,1,TP,11.64,3,2023-04-16,8,34.920002
NOT011601,STU01460,MAT0026,1,PROJET,6.43,2,2023-05-17,9,12.86
NOT011602,STU01460,MAT0010,2,EXAMEN,13.46,2,2023-05-17,9,26.92
NOT011603,STU01460,MAT0026,3,PROJET,8.68,3,2024-05-16,9,26.04
NOT011604,STU01460,MAT0028,4,CC,12.3,2,2023-05-17,9,24.6
NOT011605,STU01460,MAT0008,2,EXAMEN,10.37,2,2024-04-15,9,20.74
NOT011606,STU01460,MAT0032,3,TP,8.77,2,2023-04-16,9,17.54
NOT011607,STU01460,MAT0030,4,CC,9.59,1,2024-05-17,9,9.59
NOT011608,STU01460,MAT0007,2,EXAMEN,12.68,1,2023-05-16,9,12.68
NOT011609,STU01461,MAT0007,4,PROJET,8.16,1,2024-04-15,8,8.16
NOT011610,STU01461,MAT0007,2,PROJET,9.75,1,2023-05-16,8,9.75
NOT011611,STU01461,MAT0018,2,EXAMEN,13.99,3,2024-05-16,8,41.97
NOT011612,STU01461,MAT0006,4,CC,19.81,2,2023-05-16,8,39.62
NOT011613,STU01461,MAT0006,3,CC,13.43,2,2024-04-16,8,26.86
NOT011614,STU01461,MAT0011,2,PROJET,9.25,3,2023-05-17,8,27.75
NOT011615,STU01461,MAT0023,2,CC,10.9,2,2023-04-16,8,21.8
NOT011616,STU01461,MAT0001,1,TP,12.09,2,2024-04-16,8,24.18
NOT011617,STU01461,MAT0005,1,TP,10.95,2,2023-05-17,8,21.9
NOT011618,STU01461,MAT0030,4,CC,14.71,2,2023-04-15,8,29.42
NOT011619,STU01462,MAT0015,1,PROJET,12.65,2,2023-05-17,9,25.3
NOT011620,STU01462,MAT0031,2,PROJET,14.72,2,2023-05-16,9,29.44
NOT011621,STU01462,MAT0026,3,CC,11.06,2,2024-05-17,9,22.12
NOT011622,STU01462,MAT0023,3,PROJET,15.98,1,2024-04-16,9,15.98
NOT011623,STU01462,MAT0018,3,PROJET,11.5,1,2024-04-16,9,11.5
NOT011624,STU01462,MAT0029,1,CC,9.09,2,2023-05-16,9,18.18
NOT011625,STU01462,MAT0020,1,EXAMEN,18.53,2,2024-04-16,9,37.06
NOT011626,STU01463,MAT0014,3,PROJET,6.53,2,2023-04-15,8,13.06
NOT011627,STU01463,MAT0030,3,TP,9.78,2,2023-04-15,8,19.56
NOT011628,STU01463,MAT0035,4,CC,10.12,1,2023-04-15,8,10.12
NOT011629,STU01463,MAT0030,3,TP,19.52,3,2024-05-17,8,58.56
NOT011630,STU01463,MAT0008,1,EXAMEN,17.42,2,2023-04-15,8,34.84
NOT011631,STU01463,MAT0034,3,TP,16.48,1,2023-04-15,8,16.48
NOT011632,STU01463,MAT0031,2,PROJET,11.01,3,2024-05-17,8,33.03
NOT011633,STU01463,MAT0004,2,CC,19.28,2,2024-04-16,8,38.56
NOT011634,STU01464,MAT0027,3,EXAMEN,13.11,2,2023-05-17,9,26.22
NOT011635,STU01464,MAT0026,1,TP,14.93,2,2023-04-15,9,29.86
NOT011636,STU01464,MAT0017,3,CC,12.54,1,2024-05-17,9,12.54
NOT011637,STU01464,MAT0004,4,PROJET,11.85,1,2024-04-15,9,11.85
NOT011638,STU01464,MAT0007,3,PROJET,11.24,1,2024-04-15,9,11.24
NOT011639,STU01464,MAT0015,1,CC,11.37,2,2023-05-17,9,22.74
NOT011640,STU01464,MAT0020,2,PROJET,13.83,1,2024-04-15,9,13.83
NOT011641,STU01464,MAT0014,3,PROJET,13.1,1,2024-05-17,9,13.1
NOT011642,STU01464,MAT0021,1,PROJET,11.91,2,2024-05-16,9,23.82
NOT011643,STU01465,MAT0007,4,TP,16.53,3,2024-05-16,8,49.590004
NOT011644,STU01465,MAT0010,3,EXAMEN,3.1,3,2023-05-17,8,9.299999
NOT011645,STU01465,MAT0035,4,TP,13.53,1,2024-04-16,8,13.53
NOT011646,STU01465,MAT0003,1,EXAMEN,14.15,2,2024-05-16,8,28.3
NOT011647,STU01465,MAT0027,2,PROJET,15.44,3,2024-05-17,8,46.32
NOT011648,STU01465,MAT0020,3,CC,11.81,3,2023-04-16,8,35.43
NOT011649,STU01466,MAT0005,3,TP,12.62,3,2023-04-16,9,37.86
NOT011650,STU01466,MAT0006,3,CC,14.96,3,2023-04-16,9,44.88
NOT011651,STU01466,MAT0023,4,CC,16.47,3,2023-05-17,9,49.409996
NOT011652,STU01466,MAT0010,1,EXAMEN,11.1,1,2023-05-17,9,11.1
NOT011653,STU01466,MAT0004,1,PROJET,12.8,1,2023-04-15,9,12.8
NOT011654,STU01466,MAT0025,4,PROJET,17.04,3,2023-05-17,9,51.120003
NOT011655,STU01466,MAT0018,2,EXAMEN,5.63,2,2024-05-17,9,11.26
NOT011656,STU01466,MAT0024,1,EXAMEN,9.93,3,2023-04-16,9,29.79
NOT011657,STU01466,MAT0011,4,CC,16.4,1,2024-05-16,9,16.4
NOT011658,STU01467,MAT0028,1,TP,15.28,1,2024-04-15,8,15.28
NOT011659,STU01467,MAT0001,1,PROJET,13.57,1,2023-05-17,8,13.57
NOT011660,STU01467,MAT0033,4,EXAMEN,10.65,3,2023-04-15,8,31.949999
NOT011661,STU01467,MAT0022,3,EXAMEN,9.35,2,2023-05-16,8,18.7
NOT011662,STU01467,MAT0001,1,PROJET,10.23,2,2023-04-16,8,20.46
NOT011663,STU01467,MAT0006,1,PROJET,16.64,3,2023-05-16,8,49.92
NOT011664,STU01468,MAT0028,4,TP,10.11,1,2023-04-15,9,10.11
NOT011665,STU01468,MAT0029,1,EXAMEN,12.3,2,2024-05-17,9,24.6
NOT011666,STU01468,MAT0010,3,TP,9.74,1,2024-04-15,9,9.74
NOT011667,STU01468,MAT0018,2,EXAMEN,14.53,2,2023-04-16,9,29.06
NOT011668,STU01468,MAT0017,2,EXAMEN,10.38,1,2024-05-16,9,10.38
NOT011669,STU01468,MAT0021,2,EXAMEN,11.71,2,2023-04-16,9,23.42
NOT011670,STU01468,MAT0020,3,EXAMEN,6.95,2,2024-05-16,9,13.9
NOT011671,STU01469,MAT0019,3,PROJET,7.16,2,2024-04-16,8,14.32
NOT011672,STU01469,MAT0009,4,CC,12.02,2,2023-04-15,8,24.04
NOT011673,STU01469,MAT0017,4,PROJET,8.02,3,2023-05-16,8,24.060001
NOT011674,STU01469,MAT0007,2,CC,18.32,2,2024-04-15,8,36.64
NOT011675,STU01469,MAT0017,2,PROJET,5.82,2,2024-05-17,8,11.64
NOT011676,STU01469,MAT0001,3,PROJET,9.6,2,2023-04-15,8,19.2
NOT011677,STU01469,MAT0007,4,EXAMEN,12.05,3,2023-05-17,8,36.15
NOT011678,STU01469,MAT0012,3,CC,10.9,3,2023-04-15,8,32.699997
NOT011679,STU01469,MAT0004,3,CC,8.69,1,2024-05-17,8,8.69
NOT011680,STU01469,MAT0004,1,PROJET,9.13,3,2024-05-16,8,27.39
NOT011681,STU01470,MAT0017,2,TP,9.03,3,2024-05-17,9,27.09
NOT011682,STU01470,MAT0031,4,CC,11.14,2,2024-05-16,9,22.28
NOT011683,STU01470,MAT0001,1,PROJET,17.86,3,2024-05-17,9,53.58
NOT011684,STU01470,MAT0002,4,CC,12.23,2,2024-05-17,9,24.46
NOT011685,STU01470,MAT0026,2,EXAMEN,15.55,2,2023-04-16,9,31.1
NOT011686,STU01470,MAT0019,4,EXAMEN,13.52,2,2023-04-15,9,27.04
NOT011687,STU01470,MAT0023,1,EXAMEN,15.34,2,2024-05-17,9,30.68
NOT011688,STU01470,MAT0023,2,CC,3.6,3,2024-04-16,9,10.799999
NOT011689,STU01470,MAT0020,3,EXAMEN,11.09,1,2023-04-15,9,11.09
NOT011690,STU01471,MAT0012,3,EXAMEN,15.92,2,2024-05-17,8,31.84
NOT011691,STU01471,MAT0024,3,TP,10.28,2,2024-05-16,8,20.56
NOT011692,STU01471,MAT0007,1,CC,17.29,2,2024-05-17,8,34.58
NOT011693,STU01471,MAT0007,3,PROJET,16.45,2,2023-05-17,8,32.9
NOT011694,STU01471,MAT0003,1,PROJET,10.59,2,2023-05-17,8,21.18
NOT011695,STU01471,MAT0012,1,EXAMEN,10.49,2,2023-04-15,8,20.98
NOT011696,STU01471,MAT0009,4,PROJET,8.96,2,2024-04-16,8,17.92
NOT011697,STU01471,MAT0009,2,CC,10.11,1,2023-04-15,8,10.11
NOT011698,STU01471,MAT0032,1,EXAMEN,8.3,2,2023-05-17,8,16.6
NOT011699,STU01472,MAT0025,2,PROJET,13.29,3,2024-05-16,9,39.87
NOT011700,STU01472,MAT0022,4,PROJET,7.63,2,2024-04-15,9,15.26
NOT011701,STU01472,MAT0003,2,TP,13.81,1,2023-04-15,9,13.81
NOT011702,STU01472,MAT0008,1,EXAMEN,13.88,1,2024-04-15,9,13.88
NOT011703,STU01472,MAT0018,3,PROJET,7.02,2,2023-05-17,9,14.04
NOT011704,STU01472,MAT0034,4,CC,16.65,1,2023-04-15,9,16.65
NOT011705,STU01472,MAT0027,2,TP,13.54,2,2023-04-16,9,27.08
NOT011706,STU01472,MAT0006,4,TP,14.25,3,2023-04-15,9,42.75
NOT011707,STU01472,MAT0027,3,CC,9.72,2,2024-05-16,9,19.44
NOT011708,STU01473,MAT0016,3,CC,13.87,2,2024-05-17,8,27.74
NOT011709,STU01473,MAT0018,4,EXAMEN,15.38,1,2024-05-16,8,15.38
NOT011710,STU01473,MAT0018,3,TP,11.7,3,2023-04-16,8,35.1
NOT011711,STU01473,MAT0025,1,CC,18.01,3,2024-04-15,8,54.03
NOT011712,STU01473,MAT0008,1,TP,12.13,1,2024-05-16,8,12.13
NOT011713,STU01473,MAT0017,3,TP,15.42,3,2024-04-15,8,46.260002
NOT011714,STU01473,MAT0009,4,EXAMEN,12.88,3,2024-05-16,8,38.64
NOT011715,STU01474,MAT0029,3,TP,13.76,2,2024-04-15,9,27.52
NOT011716,STU01474,MAT0026,3,PROJET,6.99,3,2024-04-15,9,20.97
NOT011717,STU01474,MAT0014,2,CC,13.11,2,2024-05-17,9,26.22
NOT011718,STU01474,MAT0015,1,CC,9.8,1,2024-04-16,9,9.8
NOT011719,STU01474,MAT0029,4,TP,9.46,1,2023-05-16,9,9.46
NOT011720,STU01474,MAT0030,3,TP,17.23,2,2024-04-16,9,34.46
NOT011721,STU01474,MAT0016,1,EXAMEN,11.36,2,2023-05-16,9,22.72
NOT011722,STU01475,MAT0022,4,CC,8.99,2,2024-04-16,8,17.98
NOT011723,STU01475,MAT0017,2,CC,10.92,2,2024-05-16,8,21.84
NOT011724,STU01475,MAT0017,3,TP,8.1,3,2024-05-16,8,24.300001
NOT011725,STU01475,MAT0018,1,TP,16.3,3,2024-05-17,8,48.899998
NOT011726,STU01475,MAT0001,4,TP,9.91,3,2024-05-16,8,29.73
NOT011727,STU01475,MAT0029,3,PROJET,13.59,2,2024-04-16,8,27.18
NOT011728,STU01476,MAT0012,1,EXAMEN,16.07,3,2024-04-15,9,48.21
NOT011729,STU01476,MAT0003,4,CC,10.5,1,2023-05-17,9,10.5
NOT011730,STU01476,MAT0012,3,TP,13.6,1,2024-04-16,9,13.6
NOT011731,STU01476,MAT0022,3,EXAMEN,8.91,2,2023-04-16,9,17.82
NOT011732,STU01476,MAT0017,2,EXAMEN,19.34,2,2024-05-16,9,38.68
NOT011733,STU01476,MAT0011,2,PROJET,14.81,2,2023-05-17,9,29.62
NOT011734,STU01476,MAT0029,3,PROJET,11.42,2,2023-04-16,9,22.84
NOT011735,STU01476,MAT0015,3,EXAMEN,9.68,1,2024-04-16,9,9.68
NOT011736,STU01476,MAT0013,4,PROJET,11.66,1,2024-05-17,9,11.66
NOT011737,STU01477,MAT0005,4,CC,10.98,2,2023-05-16,8,21.96
NOT011738,STU01477,MAT0016,4,CC,17.86,2,2024-04-15,8,35.72
NOT011739,STU01477,MAT0014,4,TP,8.32,2,2023-04-15,8,16.64
NOT011740,STU01477,MAT0019,3,TP,12.4,3,2024-04-16,8,37.199997
NOT011741,STU01477,MAT0006,3,EXAMEN,11.94,3,2023-04-15,8,35.82
NOT011742,STU01477,MAT0018,4,CC,11.65,1,2024-05-16,8,11.65
NOT011743,STU01478,MAT0002,3,TP,11.67,3,2023-05-17,9,35.010002
NOT011744,STU01478,MAT0001,3,PROJET,11.65,3,2024-04-15,9,34.949997
NOT011745,STU01478,MAT0020,1,CC,14.62,2,2023-04-15,9,29.24
NOT011746,STU01478,MAT0008,1,CC,13.83,1,2024-04-16,9,13.83
NOT011747,STU01478,MAT0031,2,TP,13.26,1,2023-04-15,9,13.26
NOT011748,STU01478,MAT0005,2,CC,2.9,1,2023-05-17,9,2.9
NOT011749,STU01478,MAT0023,1,TP,12.9,2,2024-05-17,9,25.8
NOT011750,STU01478,MAT0035,2,PROJET,7.03,3,2023-05-16,9,21.09
NOT011751,STU01479,MAT0033,1,EXAMEN,13.94,2,2024-05-17,8,27.88
NOT011752,STU01479,MAT0005,1,TP,16.42,1,2024-05-17,8,16.42
NOT011753,STU01479,MAT0024,2,EXAMEN,9.22,2,2023-05-16,8,18.44
NOT011754,STU01479,MAT0020,2,EXAMEN,11.21,3,2023-05-16,8,33.63
NOT011755,STU01479,MAT0010,4,TP,10.2,1,2024-05-17,8,10.2
NOT011756,STU01479,MAT0013,2,CC,15.71,2,2023-05-16,8,31.42
NOT011757,STU01479,MAT0004,2,CC,12.29,1,2023-04-15,8,12.29
NOT011758,STU01479,MAT0011,3,EXAMEN,17.18,2,2023-04-16,8,34.36
NOT011759,STU01479,MAT0035,1,CC,13.24,2,2023-04-16,8,26.48
NOT011760,STU01480,MAT0013,4,TP,12.73,1,2024-05-16,9,12.73
NOT011761,STU01480,MAT0032,2,PROJET,12.2,2,2024-05-17,9,24.4
NOT011762,STU01480,MAT0004,1,PROJET,14.45,1,2024-04-15,9,14.45
NOT011763,STU01480,MAT0033,2,TP,6.79,1,2024-05-17,9,6.79
NOT011764,STU01480,MAT0023,2,EXAMEN,12.26,2,2024-04-16,9,24.52
NOT011765,STU01480,MAT0025,1,TP,11.79,1,2023-04-15,9,11.79
NOT011766,STU01480,MAT0011,1,TP,14.18,2,2023-05-17,9,28.36
NOT011767,STU01480,MAT0024,4,CC,11.44,3,2023-04-15,9,34.32
NOT011768,STU01480,MAT0012,4,EXAMEN,8.88,1,2024-05-16,9,8.88
NOT011769,STU01480,MAT0004,4,TP,12.02,2,2023-04-16,9,24.04
NOT011770,STU01481,MAT0033,2,CC,8.75,3,2024-05-17,8,26.25
NOT011771,STU01481,MAT0032,2,CC,6.22,2,2023-05-16,8,12.44
NOT011772,STU01481,MAT0021,4,TP,14.18,1,2023-05-16,8,14.18
NOT011773,STU01481,MAT0015,1,EXAMEN,13.74,1,2023-04-16,8,13.74
NOT011774,STU01481,MAT0034,1,CC,13.4,1,2023-04-16,8,13.4
NOT011775,STU01481,MAT0025,1,EXAMEN,15.91,3,2024-04-15,8,47.73
NOT011776,STU01481,MAT0030,2,EXAMEN,10.0,2,2024-04-16,8,20.0
NOT011777,STU01481,MAT0005,1,EXAMEN,7.71,3,2024-04-15,8,23.130001
NOT011778,STU01481,MAT0021,3,EXAMEN,11.79,2,2023-04-16,8,23.58
NOT011779,STU01481,MAT0015,1,TP,10.96,3,2023-04-15,8,32.88
NOT011780,STU01482,MAT0013,2,TP,9.47,2,2023-04-16,9,18.94
NOT011781,STU01482,MAT0012,3,TP,11.76,2,2024-04-16,9,23.52
NOT011782,STU01482,MAT0004,4,PROJET,10.17,3,2023-04-15,9,30.51
NOT011783,STU01482,MAT0034,1,EXAMEN,6.49,1,2023-04-15,9,6.49
NOT011784,STU01482,MAT0013,2,CC,10.68,1,2023-04-15,9,10.68
NOT011785,STU01482,MAT0009,1,CC,8.59,2,2024-05-17,9,17.18
NOT011786,STU01482,MAT0035,3,EXAMEN,12.69,2,2024-05-16,9,25.38
NOT011787,STU01482,MAT0034,4,CC,10.03,1,2024-04-16,9,10.03
NOT011788,STU01483,MAT0027,2,TP,15.33,3,2024-05-17,8,45.989998
NOT011789,STU01483,MAT0030,2,TP,16.81,3,2023-05-16,8,50.43
NOT011790,STU01483,MAT0019,4,CC,14.04,2,2024-05-16,8,28.08
NOT011791,STU01483,MAT0021,3,PROJET,7.35,2,2024-05-16,8,14.7
NOT011792,STU01483,MAT0008,3,EXAMEN,16.52,2,2023-04-16,8,33.04
NOT011793,STU01483,MAT0033,2,EXAMEN,16.73,3,2024-04-15,8,50.19
NOT011794,STU01483,MAT0016,3,CC,12.06,1,2023-05-17,8,12.06
NOT011795,STU01483,MAT0014,1,TP,15.97,2,2023-05-16,8,31.94
NOT011796,STU01483,MAT0034,2,PROJET,10.34,2,2023-05-17,8,20.68
NOT011797,STU01483,MAT0035,3,CC,6.4,2,2024-04-16,8,12.8
NOT011798,STU01484,MAT0032,2,PROJET,9.72,2,2024-05-17,9,19.44
NOT011799,STU01484,MAT0029,2,PROJET,17.19,2,2023-05-16,9,34.38
NOT011800,STU01484,MAT0030,2,PROJET,7.53,3,2023-04-16,9,22.59
NOT011801,STU01484,MAT0018,1,PROJET,12.0,1,2024-05-16,9,12.0
NOT011802,STU01484,MAT0012,1,TP,12.1,3,2023-05-16,9,36.300003
NOT011803,STU01484,MAT0017,3,CC,10.46,1,2024-04-16,9,10.46
NOT011804,STU01485,MAT0011,1,TP,10.67,1,2024-04-16,8,10.67
NOT011805,STU01485,MAT0016,2,PROJET,12.22,2,2023-04-16,8,24.44
NOT011806,STU01485,MAT0030,4,EXAMEN,10.31,3,2023-05-16,8,30.93
NOT011807,STU01485,MAT0024,4,EXAMEN,7.73,1,2023-04-16,8,7.73
NOT011808,STU01485,MAT0004,4,EXAMEN,12.65,1,2023-04-16,8,12.65
NOT011809,STU01485,MAT0007,4,PROJET,15.22,1,2024-05-16,8,15.22
NOT011810,STU01485,MAT0007,4,TP,14.61,2,2023-05-17,8,29.22
NOT011811,STU01485,MAT0004,3,PROJET,9.57,1,2023-05-17,8,9.57
NOT011812,STU01485,MAT0004,1,CC,8.25,2,2024-05-16,8,16.5
NOT011813,STU01485,MAT0011,2,EXAMEN,11.15,2,2023-05-16,8,22.3
NOT011814,STU01486,MAT0021,1,CC,16.7,3,2024-05-16,9,50.100002
NOT011815,STU01486,MAT0023,3,PROJET,13.94,2,2023-04-16,9,27.88
NOT011816,STU01486,MAT0015,3,TP,14.11,2,2024-05-16,9,28.22
NOT011817,STU01486,MAT0006,4,PROJET,14.67,2,2024-04-15,9,29.34
NOT011818,STU01486,MAT0031,3,PROJET,13.26,3,2023-05-16,9,39.78
NOT011819,STU01486,MAT0010,3,EXAMEN,12.36,1,2023-04-16,9,12.36
NOT011820,STU01486,MAT0019,1,TP,13.99,1,2024-05-16,9,13.99
NOT011821,STU01486,MAT0011,2,EXAMEN,10.36,2,2023-04-15,9,20.72
NOT011822,STU01486,MAT0035,2,CC,7.76,2,2024-04-15,9,15.52
NOT011823,STU01486,MAT0020,2,TP,14.17,2,2024-04-16,9,28.34
NOT011824,STU01487,MAT0010,2,PROJET,15.71,2,2024-05-17,8,31.42
NOT011825,STU01487,MAT0025,2,PROJET,8.65,2,2024-04-15,8,17.3
NOT011826,STU01487,MAT0023,3,PROJET,14.47,1,2024-04-16,8,14.47
NOT011827,STU01487,MAT0034,4,EXAMEN,17.04,3,2024-05-17,8,51.120003
NOT011828,STU01487,MAT0018,2,CC,11.99,2,2023-05-16,8,23.98
NOT011829,STU01487,MAT0008,1,CC,9.55,1,2024-04-15,8,9.55
NOT011830,STU01487,MAT0021,4,EXAMEN,12.37,3,2023-04-15,8,37.11
NOT011831,STU01487,MAT0010,1,TP,10.35,3,2023-05-17,8,31.050001
NOT011832,STU01488,MAT0027,1,PROJET,10.15,1,2023-04-16,9,10.15
NOT011833,STU01488,MAT0018,3,CC,13.3,3,2023-04-16,9,39.9
NOT011834,STU01488,MAT0029,4,PROJET,7.19,2,2024-05-17,9,14.38
NOT011835,STU01488,MAT0027,4,CC,7.67,1,2024-05-16,9,7.67
NOT011836,STU01488,MAT0028,3,TP,12.06,2,2023-04-15,9,24.12
NOT011837,STU01488,MAT0002,1,PROJET,11.93,2,2023-04-15,9,23.86
NOT011838,STU01489,MAT0021,4,PROJET,13.03,3,2024-04-16,8,39.09
NOT011839,STU01489,MAT0031,2,PROJET,17.63,3,2023-04-16,8,52.89
NOT011840,STU01489,MAT0003,4,PROJET,12.31,2,2023-05-16,8,24.62
NOT011841,STU01489,MAT0028,4,CC,13.79,3,2023-04-15,8,41.37
NOT011842,STU01489,MAT0025,3,TP,9.07,2,2024-05-17,8,18.14
NOT011843,STU01489,MAT0020,3,EXAMEN,14.3,2,2024-05-17,8,28.6
NOT011844,STU01489,MAT0018,3,CC,10.42,1,2023-05-17,8,10.42
NOT011845,STU01490,MAT0003,4,EXAMEN,12.21,1,2023-05-16,9,12.21
NOT011846,STU01490,MAT0027,4,CC,11.67,2,2024-04-15,9,23.34
NOT011847,STU01490,MAT0012,3,CC,15.1,1,2024-05-16,9,15.1
NOT011848,STU01490,MAT0007,4,EXAMEN,8.07,2,2023-05-17,9,16.14
NOT011849,STU01490,MAT0025,3,PROJET,5.15,2,2023-04-16,9,10.3
NOT011850,STU01490,MAT0009,4,PROJET,11.36,2,2024-05-16,9,22.72
NOT011851,STU01490,MAT0028,3,TP,13.41,2,2023-05-17,9,26.82
NOT011852,STU01490,MAT0015,4,TP,12.46,2,2023-04-15,9,24.92
NOT011853,STU01490,MAT0011,4,TP,15.7,2,2024-04-16,9,31.4
NOT011854,STU01491,MAT0003,3,CC,13.31,2,2023-05-16,8,26.62
NOT011855,STU01491,MAT0007,4,EXAMEN,10.31,2,2023-05-16,8,20.62
NOT011856,STU01491,MAT0023,4,TP,5.02,1,2024-05-17,8,5.02
NOT011857,STU01491,MAT0030,4,EXAMEN,11.29,1,2023-05-16,8,11.29
NOT011858,STU01491,MAT0015,2,TP,15.08,2,2023-04-15,8,30.16
NOT011859,STU01491,MAT0019,2,CC,10.82,1,2024-04-16,8,10.82
NOT011860,STU01491,MAT0028,2,CC,12.08,2,2023-04-16,8,24.16
NOT011861,STU01491,MAT0008,4,EXAMEN,13.26,3,2024-04-16,8,39.78
NOT011862,STU01492,MAT0014,3,EXAMEN,8.95,2,2023-05-17,9,17.9
NOT011863,STU01492,MAT0024,3,PROJET,13.87,1,2024-05-17,9,13.87
NOT011864,STU01492,MAT0020,2,PROJET,16.91,2,2023-04-16,9,33.82
NOT011865,STU01492,MAT0019,2,PROJET,11.48,3,2024-04-16,9,34.44
NOT011866,STU01492,MAT0009,3,CC,8.61,1,2024-04-15,9,8.61
NOT011867,STU01492,MAT0015,2,CC,11.8,2,2024-04-16,9,23.6
NOT011868,STU01492,MAT0032,2,PROJET,5.33,2,2024-04-16,9,10.66
NOT011869,STU01492,MAT0007,4,CC,13.01,2,2024-05-16,9,26.02
NOT011870,STU01493,MAT0006,4,TP,13.36,2,2023-05-16,8,26.72
NOT011871,STU01493,MAT0009,4,PROJET,17.03,3,2023-05-16,8,51.090004
NOT011872,STU01493,MAT0027,4,CC,11.42,2,2023-04-15,8,22.84
NOT011873,STU01493,MAT0016,2,CC,13.23,1,2023-05-17,8,13.23
NOT011874,STU01493,MAT0012,3,TP,9.42,3,2024-04-16,8,28.26
NOT011875,STU01493,MAT0022,1,CC,10.93,1,2024-04-16,8,10.93
NOT011876,STU01493,MAT0034,3,TP,7.42,2,2023-04-16,8,14.84
NOT011877,STU01494,MAT0009,1,EXAMEN,11.42,2,2023-05-17,9,22.84
NOT011878,STU01494,MAT0006,1,EXAMEN,11.08,3,2023-04-15,9,33.239998
NOT011879,STU01494,MAT0028,1,TP,12.9,3,2023-04-16,9,38.699997
NOT011880,STU01494,MAT0011,4,PROJET,10.13,1,2023-05-16,9,10.13
NOT011881,STU01494,MAT0016,4,PROJET,12.25,2,2023-04-16,9,24.5
NOT011882,STU01494,MAT0032,4,PROJET,11.0,2,2024-04-15,9,22.0
NOT011883,STU01494,MAT0018,1,PROJET,11.01,3,2023-04-15,9,33.03
NOT011884,STU01494,MAT0030,2,EXAMEN,12.24,2,2023-04-15,9,24.48
NOT011885,STU01495,MAT0025,3,TP,12.12,3,2023-05-17,8,36.36
NOT011886,STU01495,MAT0015,3,CC,14.28,1,2023-04-15,8,14.28
NOT011887,STU01495,MAT0029,2,PROJET,11.64,2,2023-04-15,8,23.28
NOT011888,STU01495,MAT0011,4,EXAMEN,10.95,2,2024-04-16,8,21.9
NOT011889,STU01495,MAT0013,4,PROJET,11.46,2,2024-05-17,8,22.92
NOT011890,STU01495,MAT0002,2,CC,9.86,1,2023-05-16,8,9.86
NOT011891,STU01495,MAT0009,2,TP,10.92,2,2024-04-16,8,21.84
NOT011892,STU01496,MAT0014,2,EXAMEN,18.09,1,2024-04-15,9,18.09
NOT011893,STU01496,MAT0034,1,EXAMEN,9.26,1,2023-04-15,9,9.26
NOT011894,STU01496,MAT0015,2,PROJET,11.16,3,2024-04-15,9,33.48
NOT011895,STU01496,MAT0002,3,PROJET,10.84,2,2023-05-17,9,21.68
NOT011896,STU01496,MAT0025,4,CC,11.26,2,2023-04-15,9,22.52
NOT011897,STU01496,MAT0031,4,CC,11.01,1,2024-04-16,9,11.01
NOT011898,STU01497,MAT0014,2,CC,12.84,3,2024-04-16,8,38.52
NOT011899,STU01497,MAT0016,4,TP,6.87,2,2023-05-17,8,13.74
NOT011900,STU01497,MAT0012,3,CC,15.11,3,2024-04-16,8,45.329998
NOT011901,STU01497,MAT0033,1,EXAMEN,13.9,2,2024-04-15,8,27.8
NOT011902,STU01497,MAT0002,3,EXAMEN,8.27,2,2024-04-16,8,16.54
NOT011903,STU01497,MAT0019,2,PROJET,5.19,1,2023-05-17,8,5.19
NOT011904,STU01497,MAT0001,4,EXAMEN,9.07,1,2024-05-16,8,9.07
NOT011905,STU01497,MAT0026,3,TP,11.27,3,2024-04-16,8,33.81
NOT011906,STU01498,MAT0009,4,CC,19.74,1,2024-05-16,9,19.74
NOT011907,STU01498,MAT0017,1,CC,13.63,2,2023-05-16,9,27.26
NOT011908,STU01498,MAT0031,3,EXAMEN,6.58,2,2023-05-17,9,13.16
NOT011909,STU01498,MAT0023,2,TP,9.93,1,2023-04-16,9,9.93
NOT011910,STU01498,MAT0025,2,PROJET,11.84,2,2023-05-16,9,23.68
NOT011911,STU01498,MAT0015,1,PROJET,12.76,2,2024-05-16,9,25.52
NOT011912,STU01498,MAT0016,2,EXAMEN,8.06,2,2024-05-17,9,16.12
NOT011913,STU01499,MAT0005,4,TP,11.6,1,2023-04-15,8,11.6
NOT011914,STU01499,MAT0028,4,PROJET,9.85,3,2024-04-15,8,29.550001
NOT011915,STU01499,MAT0032,2,EXAMEN,8.69,2,2023-04-16,8,17.38
NOT011916,STU01499,MAT0028,4,CC,12.78,3,2023-04-15,8,38.34
NOT011917,STU01499,MAT0013,4,CC,14.32,3,2023-04-15,8,42.96
NOT011918,STU01499,MAT0024,4,CC,14.52,1,2024-04-15,8,14.52
NOT011919,STU01500,MAT0034,3,EXAMEN,13.72,2,2024-05-16,9,27.44
NOT011920,STU01500,MAT0032,1,TP,10.51,1,2023-04-15,9,10.51
NOT011921,STU01500,MAT0013,3,CC,14.14,1,2023-05-16,9,14.14
NOT011922,STU01500,MAT0023,4,TP,12.93,2,2024-05-17,9,25.86
NOT011923,STU01500,MAT0031,3,TP,12.4,2,2024-05-17,9,24.8
NOT011924,STU01500,MAT0035,2,TP,10.16,2,2024-05-16,9,20.32
NOT011925,STU01500,MAT0008,1,CC,10.51,1,2023-05-16,9,10.51
NOT011926,STU01500,MAT0007,4,EXAMEN,12.22,2,2024-05-17,9,24.44
NOT011927,STU01500,MAT0026,2,EXAMEN,19.32,2,2024-04-16,9,38.64
NOT011928,STU01500,MAT0029,4,EXAMEN,12.9,2,2023-04-16,9,25.8
NOT011929,STU01501,MAT0032,2,PROJET,10.17,3,2024-05-17,14,30.51
NOT011930,STU01501,MAT0004,2,CC,9.5,3,2023-05-16,14,28.5
NOT011931,STU01501,MAT0002,3,CC,10.52,3,2023-04-16,14,31.560001
NOT011932,STU01501,MAT0008,4,TP,18.53,2,2023-05-16,14,37.06
NOT011933,STU01501,MAT0025,3,EXAMEN,10.8,2,2024-05-17,14,21.6
NOT011934,STU01501,MAT0034,4,TP,14.72,1,2024-05-16,14,14.72
NOT011935,STU01502,MAT0027,2,CC,10.87,3,2024-04-16,15,32.61
NOT011936,STU01502,MAT0029,3,EXAMEN,12.78,3,2024-04-16,15,38.34
NOT011937,STU01502,MAT0002,3,EXAMEN,14.38,2,2023-05-16,15,28.76
NOT011938,STU01502,MAT0029,4,TP,10.28,1,2024-05-16,15,10.28
NOT011939,STU01502,MAT0029,4,EXAMEN,10.08,3,2024-05-16,15,30.24
NOT011940,STU01502,MAT0027,4,TP,16.98,3,2024-05-17,15,50.94
NOT011941,STU01502,MAT0030,2,TP,14.95,2,2023-05-16,15,29.9
NOT011942,STU01502,MAT0013,4,EXAMEN,14.37,2,2024-04-15,15,28.74
NOT011943,STU01502,MAT0031,1,PROJET,14.36,1,2024-05-16,15,14.36
NOT011944,STU01503,MAT0021,2,PROJET,13.38,2,2024-05-16,14,26.76
NOT011945,STU01503,MAT0012,2,TP,18.05,3,2023-04-16,14,54.149998
NOT011946,STU01503,MAT0011,3,PROJET,12.13,3,2024-05-17,14,36.39
NOT011947,STU01503,MAT0021,3,PROJET,13.73,1,2024-05-17,14,13.73
NOT011948,STU01503,MAT0020,3,CC,7.65,2,2023-05-16,14,15.3
NOT011949,STU01503,MAT0009,3,TP,9.53,3,2023-04-15,14,28.59
NOT011950,STU01503,MAT0024,1,PROJET,8.4,3,2024-05-17,14,25.199999
NOT011951,STU01503,MAT0001,3,CC,15.82,3,2024-05-17,14,47.46
NOT011952,STU01503,MAT0005,2,TP,4.34,1,2024-04-16,14,4.34
NOT011953,STU01504,MAT0028,4,TP,10.79,1,2023-04-16,15,10.79
NOT011954,STU01504,MAT0032,4,PROJET,3.02,2,2024-05-16,15,6.04
NOT011955,STU01504,MAT0029,1,EXAMEN,9.51,3,2023-04-16,15,28.53
NOT011956,STU01504,MAT0006,3,CC,10.53,2,2024-05-17,15,21.06
NOT011957,STU01504,MAT0001,1,EXAMEN,16.15,3,2023-04-15,15,48.449997
NOT011958,STU01504,MAT0015,4,TP,13.19,2,2024-04-15,15,26.38
NOT011959,STU01504,MAT0017,3,PROJET,9.5,1,2023-05-17,15,9.5
NOT011960,STU01504,MAT0021,2,CC,15.2,1,2024-05-16,15,15.2
NOT011961,STU01504,MAT0001,3,TP,12.05,2,2024-05-17,15,24.1
NOT011962,STU01504,MAT0020,1,EXAMEN,12.11,3,2024-04-16,15,36.329998
NOT011963,STU01505,MAT0019,1,CC,8.39,3,2024-05-16,14,25.170002
NOT011964,STU01505,MAT0007,3,PROJET,9.03,2,2024-04-16,14,18.06
NOT011965,STU01505,MAT0032,1,CC,9.52,3,2024-05-16,14,28.560001
NOT011966,STU01505,MAT0018,1,TP,12.14,2,2023-05-17,14,24.28
NOT011967,STU01505,MAT0030,4,PROJET,12.23,2,2023-05-16,14,24.46
NOT011968,STU01505,MAT0014,1,EXAMEN,16.63,2,2023-05-17,14,33.26
NOT011969,STU01505,MAT0019,2,EXAMEN,13.16,2,2024-05-17,14,26.32
NOT011970,STU01505,MAT0002,2,TP,3.88,3,2024-04-15,14,11.64
NOT011971,STU01505,MAT0027,4,PROJET,12.79,2,2024-05-17,14,25.58
NOT011972,STU01505,MAT0010,3,EXAMEN,7.65,2,2024-05-16,14,15.3
NOT011973,STU01506,MAT0016,1,EXAMEN,9.1,1,2024-05-16,15,9.1
NOT011974,STU01506,MAT0013,2,EXAMEN,9.56,3,2023-04-15,15,28.68
NOT011975,STU01506,MAT0033,3,EXAMEN,10.01,2,2023-04-15,15,20.02
NOT011976,STU01506,MAT0024,2,PROJET,7.87,1,2023-05-17,15,7.87
NOT011977,STU01506,MAT0025,4,TP,12.61,1,2024-05-16,15,12.61
NOT011978,STU01506,MAT0010,3,EXAMEN,7.77,2,2023-04-16,15,15.54
NOT011979,STU01506,MAT0025,2,EXAMEN,13.07,2,2023-05-16,15,26.14
NOT011980,STU01506,MAT0013,3,TP,18.71,1,2023-04-16,15,18.71
NOT011981,STU01506,MAT0012,3,PROJET,8.01,1,2024-04-15,15,8.01
NOT011982,STU01506,MAT0032,2,TP,11.15,1,2024-04-15,15,11.15
NOT011983,STU01507,MAT0013,1,CC,4.43,3,2023-05-16,14,13.289999
NOT011984,STU01507,MAT0004,2,EXAMEN,11.1,1,2024-04-15,14,11.1
NOT011985,STU01507,MAT0016,3,PROJET,13.93,3,2024-04-15,14,41.79
NOT011986,STU01507,MAT0002,2,CC,14.16,1,2023-05-17,14,14.16
NOT011987,STU01507,MAT0007,2,CC,12.23,2,2023-05-17,14,24.46
NOT011988,STU01507,MAT0001,1,CC,14.67,2,2024-04-15,14,29.34
NOT011989,STU01507,MAT0023,3,PROJET,19.64,1,2023-05-17,14,19.64
NOT011990,STU01507,MAT0026,4,TP,17.14,2,2023-04-16,14,34.28
NOT011991,STU01508,MAT0005,3,PROJET,10.43,3,2024-05-17,15,31.29
NOT011992,STU01508,MAT0007,3,TP,7.65,3,2023-05-16,15,22.95
NOT011993,STU01508,MAT0032,3,PROJET,10.78,2,2023-04-15,15,21.56
NOT011994,STU01508,MAT0028,2,EXAMEN,9.16,1,2023-05-16,15,9.16
NOT011995,STU01508,MAT0028,1,TP,13.35,3,2023-05-17,15,40.050003
NOT011996,STU01508,MAT0017,4,CC,8.46,3,2024-04-16,15,25.380001
NOT011997,STU01508,MAT0010,2,EXAMEN,11.78,1,2024-04-15,15,11.78
NOT011998,STU01509,MAT0006,4,PROJET,14.51,2,2024-04-16,14,29.02
NOT011999,STU01509,MAT0022,2,TP,11.7,2,2024-04-16,14,23.4
NOT012000,STU01509,MAT0020,1,EXAMEN,9.16,3,2023-04-16,14,27.48
NOT012001,STU01509,MAT0016,3,EXAMEN,15.52,1,2023-05-17,14,15.52
NOT012002,STU01509,MAT0031,1,EXAMEN,6.36,1,2024-05-17,14,6.36
NOT012003,STU01509,MAT0018,1,TP,11.02,3,2023-04-15,14,33.06
NOT012004,STU01509,MAT0035,2,TP,11.88,2,2023-05-17,14,23.76
NOT012005,STU01509,MAT0021,2,TP,12.05,2,2024-05-16,14,24.1
NOT012006,STU01509,MAT0004,2,CC,12.54,3,2023-04-16,14,37.62
NOT012007,STU01509,MAT0030,3,CC,13.83,2,2023-04-16,14,27.66
NOT012008,STU01510,MAT0035,3,EXAMEN,11.89,1,2023-04-15,15,11.89
NOT012009,STU01510,MAT0013,4,EXAMEN,10.9,1,2024-05-16,15,10.9
NOT012010,STU01510,MAT0021,4,CC,10.78,3,2023-04-15,15,32.34
NOT012011,STU01510,MAT0013,1,PROJET,10.17,1,2023-04-16,15,10.17
NOT012012,STU01510,MAT0024,4,EXAMEN,14.36,1,2024-05-17,15,14.36
NOT012013,STU01510,MAT0017,2,EXAMEN,10.06,2,2024-05-17,15,20.12
NOT012014,STU01510,MAT0014,2,PROJET,14.54,2,2023-05-17,15,29.08
NOT012015,STU01510,MAT0013,2,TP,12.06,2,2024-04-15,15,24.12
NOT012016,STU01510,MAT0011,1,PROJET,10.44,3,2024-05-16,15,31.32
NOT012017,STU01511,MAT0020,2,PROJET,13.86,2,2024-04-15,14,27.72
NOT012018,STU01511,MAT0030,2,CC,9.82,2,2024-05-16,14,19.64
NOT012019,STU01511,MAT0032,1,PROJET,13.91,3,2023-04-15,14,41.73
NOT012020,STU01511,MAT0012,3,PROJET,12.64,1,2024-04-15,14,12.64
NOT012021,STU01511,MAT0005,3,CC,10.21,1,2024-05-17,14,10.21
NOT012022,STU01511,MAT0031,3,PROJET,13.59,1,2023-04-15,14,13.59
NOT012023,STU01511,MAT0004,4,EXAMEN,13.64,3,2023-04-16,14,40.920002
NOT012024,STU01511,MAT0025,3,TP,15.47,1,2023-04-15,14,15.47
NOT012025,STU01512,MAT0029,4,PROJET,14.9,1,2023-04-15,15,14.9
NOT012026,STU01512,MAT0035,1,EXAMEN,13.47,1,2024-04-16,15,13.47
NOT012027,STU01512,MAT0011,1,PROJET,8.62,2,2023-04-15,15,17.24
NOT012028,STU01512,MAT0008,4,EXAMEN,19.35,3,2023-04-16,15,58.050003
NOT012029,STU01512,MAT0004,4,PROJET,7.79,1,2024-05-17,15,7.79
NOT012030,STU01512,MAT0032,2,PROJET,14.85,2,2024-05-16,15,29.7
NOT012031,STU01513,MAT0022,1,CC,13.29,1,2023-05-16,14,13.29
NOT012032,STU01513,MAT0029,2,EXAMEN,8.48,2,2023-05-16,14,16.96
NOT012033,STU01513,MAT0020,2,PROJET,11.63,2,2023-05-16,14,23.26
NOT012034,STU01513,MAT0026,3,EXAMEN,11.76,2,2024-05-16,14,23.52
NOT012035,STU01513,MAT0007,4,TP,15.92,1,2024-05-16,14,15.92
NOT012036,STU01513,MAT0015,3,PROJET,9.86,2,2023-05-17,14,19.72
NOT012037,STU01513,MAT0012,4,PROJET,11.21,2,2023-04-16,14,22.42
NOT012038,STU01513,MAT0020,4,EXAMEN,4.99,3,2023-05-17,14,14.969999
NOT012039,STU01513,MAT0024,3,EXAMEN,17.2,3,2024-04-15,14,51.600002
NOT012040,STU01513,MAT0028,2,EXAMEN,8.79,2,2023-04-16,14,17.58
NOT012041,STU01514,MAT0014,1,CC,12.98,2,2023-04-15,15,25.96
NOT012042,STU01514,MAT0001,4,PROJET,11.7,3,2023-04-15,15,35.1
NOT012043,STU01514,MAT0029,2,TP,11.71,2,2023-04-16,15,23.42
NOT012044,STU01514,MAT0010,4,CC,14.43,1,2023-05-16,15,14.43
NOT012045,STU01514,MAT0024,1,PROJET,17.01,1,2024-04-15,15,17.01
NOT012046,STU01514,MAT0020,3,EXAMEN,12.75,2,2024-05-16,15,25.5
NOT012047,STU01514,MAT0002,1,TP,13.97,2,2024-05-16,15,27.94
NOT012048,STU01514,MAT0001,1,EXAMEN,12.99,2,2024-05-16,15,25.98
NOT012049,STU01514,MAT0021,2,TP,15.05,2,2024-04-16,15,30.1
NOT012050,STU01514,MAT0005,3,TP,10.61,2,2023-05-16,15,21.22
NOT012051,STU01515,MAT0012,2,PROJET,15.23,2,2023-05-16,14,30.46
NOT012052,STU01515,MAT0009,3,CC,15.33,3,2023-04-15,14,45.989998
NOT012053,STU01515,MAT0030,1,TP,15.25,1,2024-04-16,14,15.25
NOT012054,STU01515,MAT0030,4,CC,10.02,3,2024-04-16,14,30.060001
NOT012055,STU01515,MAT0002,3,EXAMEN,11.49,2,2024-04-15,14,22.98
NOT012056,STU01515,MAT0010,2,EXAMEN,12.72,2,2024-05-17,14,25.44
NOT012057,STU01516,MAT0007,4,EXAMEN,7.89,2,2023-04-15,15,15.78
NOT012058,STU01516,MAT0025,2,EXAMEN,16.78,2,2024-04-16,15,33.56
NOT012059,STU01516,MAT0027,3,TP,11.96,2,2023-04-15,15,23.92
NOT012060,STU01516,MAT0015,4,CC,12.85,2,2024-05-17,15,25.7
NOT012061,STU01516,MAT0009,4,TP,10.27,2,2023-04-15,15,20.54
NOT012062,STU01516,MAT0033,1,EXAMEN,8.02,1,2024-05-17,15,8.02
NOT012063,STU01517,MAT0025,3,EXAMEN,10.19,1,2024-04-15,14,10.19
NOT012064,STU01517,MAT0019,1,EXAMEN,12.66,1,2023-04-15,14,12.66
NOT012065,STU01517,MAT0025,4,TP,14.02,2,2023-05-17,14,28.04
NOT012066,STU01517,MAT0033,2,PROJET,12.49,3,2024-04-15,14,37.47
NOT012067,STU01517,MAT0028,2,TP,13.04,2,2023-05-17,14,26.08
NOT012068,STU01517,MAT0012,1,CC,10.99,2,2023-05-17,14,21.98
NOT012069,STU01517,MAT0017,4,CC,13.49,2,2023-05-17,14,26.98
NOT012070,STU01517,MAT0026,1,PROJET,16.45,1,2024-05-16,14,16.45
NOT012071,STU01518,MAT0003,1,PROJET,14.11,3,2023-04-16,15,42.329998
NOT012072,STU01518,MAT0017,3,PROJET,14.43,2,2023-04-15,15,28.86
NOT012073,STU01518,MAT0031,2,TP,12.88,3,2024-05-16,15,38.64
NOT012074,STU01518,MAT0012,3,PROJET,7.49,2,2024-04-16,15,14.98
NOT012075,STU01518,MAT0014,1,CC,8.87,2,2024-05-17,15,17.74
NOT012076,STU01518,MAT0029,1,TP,13.36,1,2024-04-16,15,13.36
NOT012077,STU01518,MAT0006,1,CC,11.97,2,2024-04-15,15,23.94
NOT012078,STU01519,MAT0013,2,TP,13.32,2,2023-05-16,14,26.64
NOT012079,STU01519,MAT0012,1,CC,17.03,1,2024-04-16,14,17.03
NOT012080,STU01519,MAT0029,4,CC,14.18,2,2024-05-17,14,28.36
NOT012081,STU01519,MAT0035,2,EXAMEN,15.78,2,2024-05-16,14,31.56
NOT012082,STU01519,MAT0026,2,TP,12.28,2,2023-05-16,14,24.56
NOT012083,STU01519,MAT0032,1,EXAMEN,9.58,3,2023-04-15,14,28.74
NOT012084,STU01519,MAT0013,2,CC,11.83,2,2024-04-16,14,23.66
NOT012085,STU01520,MAT0020,1,TP,9.59,2,2024-05-17,15,19.18
NOT012086,STU01520,MAT0017,1,TP,16.67,2,2024-05-16,15,33.34
NOT012087,STU01520,MAT0005,4,EXAMEN,14.37,2,2023-04-16,15,28.74
NOT012088,STU01520,MAT0003,4,CC,13.56,2,2023-05-17,15,27.12
NOT012089,STU01520,MAT0029,4,TP,15.71,2,2024-04-15,15,31.42
NOT012090,STU01520,MAT0029,2,EXAMEN,5.94,1,2024-05-17,15,5.94
NOT012091,STU01521,MAT0009,4,PROJET,13.76,1,2023-05-17,14,13.76
NOT012092,STU01521,MAT0026,2,PROJET,8.07,3,2024-04-16,14,24.21
NOT012093,STU01521,MAT0008,2,TP,11.98,3,2024-05-16,14,35.94
NOT012094,STU01521,MAT0035,1,TP,11.06,2,2023-05-17,14,22.12
NOT012095,STU01521,MAT0006,1,PROJET,13.99,1,2023-05-16,14,13.99
NOT012096,STU01521,MAT0025,1,PROJET,12.68,2,2024-05-16,14,25.36
NOT012097,STU01522,MAT0010,3,CC,16.04,1,2023-05-16,15,16.04
NOT012098,STU01522,MAT0012,2,PROJET,10.19,2,2024-05-16,15,20.38
NOT012099,STU01522,MAT0015,2,EXAMEN,14.13,2,2024-05-16,15,28.26
NOT012100,STU01522,MAT0003,4,TP,12.49,3,2023-04-15,15,37.47
NOT012101,STU01522,MAT0021,1,EXAMEN,7.09,3,2024-05-16,15,21.27
NOT012102,STU01522,MAT0025,4,TP,9.24,2,2023-04-15,15,18.48
NOT012103,STU01522,MAT0013,4,TP,11.55,2,2023-04-15,15,23.1
NOT012104,STU01522,MAT0025,4,CC,15.34,1,2023-04-15,15,15.34
NOT012105,STU01523,MAT0031,3,EXAMEN,13.39,2,2024-04-16,14,26.78
NOT012106,STU01523,MAT0032,1,TP,8.5,2,2024-04-16,14,17.0
NOT012107,STU01523,MAT0034,1,TP,11.58,3,2024-04-16,14,34.739998
NOT012108,STU01523,MAT0018,3,CC,18.05,2,2024-05-16,14,36.1
NOT012109,STU01523,MAT0033,4,CC,12.33,2,2023-05-17,14,24.66
NOT012110,STU01523,MAT0023,2,TP,11.02,1,2024-05-16,14,11.02
NOT012111,STU01523,MAT0011,2,CC,13.48,2,2024-05-17,14,26.96
NOT012112,STU01523,MAT0001,4,TP,14.29,2,2023-05-17,14,28.58
NOT012113,STU01523,MAT0025,2,CC,10.63,2,2024-04-15,14,21.26
NOT012114,STU01523,MAT0003,1,TP,13.51,1,2024-05-16,14,13.51
NOT012115,STU01524,MAT0002,4,PROJET,11.01,1,2024-05-16,15,11.01
NOT012116,STU01524,MAT0030,2,PROJET,14.16,1,2023-04-16,15,14.16
NOT012117,STU01524,MAT0035,2,PROJET,12.51,3,2023-05-16,15,37.53
NOT012118,STU01524,MAT0017,1,EXAMEN,13.45,2,2023-04-16,15,26.9
NOT012119,STU01524,MAT0021,4,EXAMEN,9.72,1,2024-04-15,15,9.72
NOT012120,STU01524,MAT0028,1,EXAMEN,9.54,3,2024-04-15,15,28.619999
NOT012121,STU01524,MAT0025,4,PROJET,14.84,2,2024-05-17,15,29.68
NOT012122,STU01524,MAT0032,1,TP,11.76,3,2024-05-17,15,35.28
NOT012123,STU01524,MAT0025,3,EXAMEN,12.86,2,2024-05-17,15,25.72
NOT012124,STU01525,MAT0035,1,EXAMEN,11.08,1,2024-05-16,14,11.08
NOT012125,STU01525,MAT0031,3,PROJET,14.7,2,2023-05-16,14,29.4
NOT012126,STU01525,MAT0005,1,PROJET,10.18,1,2024-05-16,14,10.18
NOT012127,STU01525,MAT0015,1,TP,11.59,2,2024-05-16,14,23.18
NOT012128,STU01525,MAT0026,1,PROJET,14.36,2,2024-05-16,14,28.72
NOT012129,STU01525,MAT0011,1,EXAMEN,15.52,2,2023-05-16,14,31.04
NOT012130,STU01526,MAT0021,1,TP,10.43,3,2024-05-16,15,31.29
NOT012131,STU01526,MAT0031,3,TP,17.88,2,2024-05-17,15,35.76
NOT012132,STU01526,MAT0013,3,EXAMEN,12.94,2,2024-05-17,15,25.88
NOT012133,STU01526,MAT0032,2,CC,8.87,2,2024-05-16,15,17.74
NOT012134,STU01526,MAT0006,4,EXAMEN,13.11,1,2023-05-16,15,13.11
NOT012135,STU01526,MAT0020,3,PROJET,10.85,2,2023-04-15,15,21.7
NOT012136,STU01526,MAT0015,3,CC,13.3,2,2024-05-16,15,26.6
NOT012137,STU01527,MAT0019,1,TP,11.87,2,2023-04-15,14,23.74
NOT012138,STU01527,MAT0031,3,CC,12.22,1,2024-04-15,14,12.22
NOT012139,STU01527,MAT0014,4,CC,9.27,2,2023-04-16,14,18.54
NOT012140,STU01527,MAT0002,2,PROJET,14.97,3,2023-04-15,14,44.91
NOT012141,STU01527,MAT0035,3,CC,8.53,1,2023-05-16,14,8.53
NOT012142,STU01527,MAT0005,2,PROJET,8.67,2,2023-05-17,14,17.34
NOT012143,STU01527,MAT0009,2,PROJET,13.1,2,2023-04-15,14,26.2
NOT012144,STU01527,MAT0009,3,EXAMEN,16.81,2,2023-05-16,14,33.62
NOT012145,STU01527,MAT0033,4,EXAMEN,10.94,2,2023-04-16,14,21.88
NOT012146,STU01528,MAT0033,1,CC,14.1,2,2023-05-17,15,28.2
NOT012147,STU01528,MAT0018,3,TP,15.22,2,2023-05-17,15,30.44
NOT012148,STU01528,MAT0004,4,EXAMEN,14.44,1,2023-05-17,15,14.44
NOT012149,STU01528,MAT0030,3,TP,11.07,2,2024-04-15,15,22.14
NOT012150,STU01528,MAT0016,3,PROJET,8.73,2,2023-04-16,15,17.46
NOT012151,STU01528,MAT0003,2,EXAMEN,5.38,1,2024-04-15,15,5.38
NOT012152,STU01529,MAT0020,3,CC,11.21,2,2023-04-15,14,22.42
NOT012153,STU01529,MAT0015,4,TP,15.53,2,2023-04-16,14,31.06
NOT012154,STU01529,MAT0013,2,PROJET,8.63,3,2023-04-15,14,25.89
NOT012155,STU01529,MAT0008,1,EXAMEN,14.1,2,2024-04-16,14,28.2
NOT012156,STU01529,MAT0007,1,PROJET,9.15,3,2024-04-16,14,27.449999
NOT012157,STU01529,MAT0035,3,EXAMEN,12.32,2,2024-04-16,14,24.64
NOT012158,STU01530,MAT0033,2,CC,14.12,3,2023-04-16,15,42.36
NOT012159,STU01530,MAT0011,1,EXAMEN,10.02,1,2024-04-15,15,10.02
NOT012160,STU01530,MAT0004,1,EXAMEN,12.51,3,2023-04-16,15,37.53
NOT012161,STU01530,MAT0008,3,CC,10.75,3,2023-05-16,15,32.25
NOT012162,STU01530,MAT0009,4,CC,14.12,3,2024-05-17,15,42.36
NOT012163,STU01530,MAT0029,4,EXAMEN,12.71,2,2023-05-16,15,25.42
NOT012164,STU01530,MAT0025,4,TP,12.17,1,2024-05-16,15,12.17
NOT012165,STU01530,MAT0003,1,CC,16.68,2,2024-04-15,15,33.36
NOT012166,STU01531,MAT0004,4,TP,13.99,3,2023-05-16,14,41.97
NOT012167,STU01531,MAT0025,4,EXAMEN,9.93,2,2024-05-17,14,19.86
NOT012168,STU01531,MAT0034,2,PROJET,11.74,3,2024-04-15,14,35.22
NOT012169,STU01531,MAT0024,2,PROJET,11.77,1,2024-04-15,14,11.77
NOT012170,STU01531,MAT0017,1,EXAMEN,12.24,3,2024-04-16,14,36.72
NOT012171,STU01531,MAT0027,1,PROJET,19.57,3,2023-04-16,14,58.71
NOT012172,STU01531,MAT0008,1,CC,13.11,2,2023-04-16,14,26.22
NOT012173,STU01531,MAT0019,3,PROJET,5.89,3,2024-04-16,14,17.67
NOT012174,STU01531,MAT0004,2,EXAMEN,10.37,3,2023-05-16,14,31.11
NOT012175,STU01532,MAT0015,3,TP,6.2,2,2023-05-16,15,12.4
NOT012176,STU01532,MAT0019,1,EXAMEN,11.01,3,2023-04-15,15,33.03
NOT012177,STU01532,MAT0025,2,EXAMEN,6.04,3,2023-05-17,15,18.119999
NOT012178,STU01532,MAT0014,2,PROJET,9.39,2,2024-05-16,15,18.78
NOT012179,STU01532,MAT0020,4,CC,7.44,2,2023-05-16,15,14.88
NOT012180,STU01532,MAT0017,3,PROJET,13.15,3,2023-04-15,15,39.449997
NOT012181,STU01532,MAT0022,2,TP,12.0,2,2023-05-16,15,24.0
NOT012182,STU01532,MAT0001,3,TP,12.91,2,2024-04-16,15,25.82
NOT012183,STU01533,MAT0014,3,PROJET,11.69,2,2024-04-16,14,23.38
NOT012184,STU01533,MAT0029,4,PROJET,7.82,1,2024-04-16,14,7.82
NOT012185,STU01533,MAT0030,3,TP,13.54,3,2023-05-17,14,40.62
NOT012186,STU01533,MAT0031,4,EXAMEN,17.77,2,2024-04-16,14,35.54
NOT012187,STU01533,MAT0013,3,PROJET,13.23,2,2024-05-17,14,26.46
NOT012188,STU01533,MAT0010,2,EXAMEN,10.72,2,2024-04-16,14,21.44
NOT012189,STU01533,MAT0034,3,CC,7.72,2,2024-05-17,14,15.44
NOT012190,STU01533,MAT0028,4,CC,9.28,1,2024-05-17,14,9.28
NOT012191,STU01534,MAT0015,2,PROJET,13.36,2,2023-04-16,15,26.72
NOT012192,STU01534,MAT0011,4,CC,15.22,3,2023-05-17,15,45.66
NOT012193,STU01534,MAT0031,1,TP,12.78,2,2024-04-16,15,25.56
NOT012194,STU01534,MAT0030,1,TP,14.4,2,2023-04-16,15,28.8
NOT012195,STU01534,MAT0024,3,EXAMEN,14.12,1,2023-04-15,15,14.12
NOT012196,STU01534,MAT0007,3,TP,13.52,1,2023-05-16,15,13.52
NOT012197,STU01534,MAT0034,3,CC,10.02,2,2024-04-16,15,20.04
NOT012198,STU01534,MAT0018,4,PROJET,12.52,2,2024-04-15,15,25.04
NOT012199,STU01535,MAT0028,2,EXAMEN,9.45,3,2023-04-15,14,28.349998
NOT012200,STU01535,MAT0021,3,PROJET,12.05,2,2023-05-16,14,24.1
NOT012201,STU01535,MAT0021,4,CC,12.99,1,2024-05-17,14,12.99
NOT012202,STU01535,MAT0016,1,PROJET,17.04,2,2024-05-17,14,34.08
NOT012203,STU01535,MAT0014,4,PROJET,8.07,3,2024-05-17,14,24.21
NOT012204,STU01535,MAT0030,1,TP,13.44,2,2024-05-17,14,26.88
NOT012205,STU01535,MAT0019,4,CC,16.44,3,2024-04-15,14,49.32
NOT012206,STU01535,MAT0002,3,TP,14.28,3,2023-04-16,14,42.84
NOT012207,STU01536,MAT0019,3,TP,14.5,2,2023-05-17,15,29.0
NOT012208,STU01536,MAT0030,4,TP,13.76,3,2023-05-17,15,41.28
NOT012209,STU01536,MAT0024,4,TP,15.9,2,2023-05-17,15,31.8
NOT012210,STU01536,MAT0026,2,CC,8.74,2,2023-05-16,15,17.48
NOT012211,STU01536,MAT0031,4,CC,7.84,2,2024-05-16,15,15.68
NOT012212,STU01536,MAT0016,2,PROJET,11.98,1,2023-05-17,15,11.98
NOT012213,STU01536,MAT0015,2,CC,5.52,2,2024-05-16,15,11.04
NOT012214,STU01537,MAT0007,1,TP,15.69,1,2023-05-16,14,15.69
NOT012215,STU01537,MAT0009,2,EXAMEN,15.66,2,2023-04-15,14,31.32
NOT012216,STU01537,MAT0032,2,PROJET,10.7,1,2024-05-16,14,10.7
NOT012217,STU01537,MAT0013,3,PROJET,10.89,1,2024-04-15,14,10.89
NOT012218,STU01537,MAT0035,3,TP,11.78,1,2023-04-16,14,11.78
NOT012219,STU01537,MAT0004,4,EXAMEN,12.16,3,2024-04-16,14,36.48
NOT012220,STU01538,MAT0004,3,EXAMEN,12.38,2,2024-04-15,15,24.76
NOT012221,STU01538,MAT0020,2,TP,13.67,3,2024-05-17,15,41.010002
NOT012222,STU01538,MAT0011,2,CC,11.48,2,2024-05-17,15,22.96
NOT012223,STU01538,MAT0010,3,EXAMEN,14.83,3,2023-04-16,15,44.489998
NOT012224,STU01538,MAT0026,1,CC,13.34,1,2024-04-15,15,13.34
NOT012225,STU01538,MAT0007,3,CC,10.18,1,2023-04-15,15,10.18
NOT012226,STU01539,MAT0033,3,TP,16.01,2,2023-05-16,14,32.02
NOT012227,STU01539,MAT0014,4,CC,7.93,1,2023-05-17,14,7.93
NOT012228,STU01539,MAT0010,1,EXAMEN,11.72,2,2024-05-17,14,23.44
NOT012229,STU01539,MAT0032,2,PROJET,14.9,2,2023-05-16,14,29.8
NOT012230,STU01539,MAT0031,2,EXAMEN,9.83,2,2024-05-16,14,19.66
NOT012231,STU01539,MAT0034,4,TP,12.93,2,2023-04-15,14,25.86
NOT012232,STU01539,MAT0017,3,EXAMEN,13.63,2,2023-05-17,14,27.26
NOT012233,STU01540,MAT0006,3,EXAMEN,9.42,3,2024-05-16,15,28.26
NOT012234,STU01540,MAT0033,3,PROJET,11.78,2,2023-04-16,15,23.56
NOT012235,STU01540,MAT0016,1,TP,11.53,2,2024-05-16,15,23.06
NOT012236,STU01540,MAT0007,4,TP,10.34,2,2023-05-17,15,20.68
NOT012237,STU01540,MAT0008,4,CC,18.91,2,2024-05-16,15,37.82
NOT012238,STU01540,MAT0002,1,PROJET,9.71,2,2024-05-16,15,19.42
NOT012239,STU01540,MAT0022,4,PROJET,15.01,3,2023-04-15,15,45.03
NOT012240,STU01540,MAT0022,1,CC,10.82,2,2023-04-15,15,21.64
NOT012241,STU01541,MAT0020,3,CC,8.74,1,2023-05-16,14,8.74
NOT012242,STU01541,MAT0021,2,TP,12.31,3,2024-05-16,14,36.93
NOT012243,STU01541,MAT0005,4,TP,13.95,2,2023-04-16,14,27.9
NOT012244,STU01541,MAT0015,1,EXAMEN,14.76,2,2024-04-16,14,29.52
NOT012245,STU01541,MAT0007,1,CC,16.69,3,2024-05-17,14,50.07
NOT012246,STU01541,MAT0027,4,CC,20.0,3,2024-05-17,14,60.0
NOT012247,STU01541,MAT0015,1,TP,12.75,1,2024-04-16,14,12.75
NOT012248,STU01541,MAT0022,1,PROJET,10.01,2,2024-04-16,14,20.02
NOT012249,STU01541,MAT0013,3,CC,13.36,2,2024-04-15,14,26.72
NOT012250,STU01541,MAT0007,1,CC,11.2,1,2024-05-17,14,11.2
NOT012251,STU01542,MAT0019,3,PROJET,14.78,2,2023-04-16,15,29.56
NOT012252,STU01542,MAT0029,1,PROJET,8.11,1,2024-04-15,15,8.11
NOT012253,STU01542,MAT0031,3,EXAMEN,19.11,3,2024-04-15,15,57.33
NOT012254,STU01542,MAT0011,2,TP,14.57,1,2024-05-17,15,14.57
NOT012255,STU01542,MAT0013,1,PROJET,6.95,3,2024-04-16,15,20.849998
NOT012256,STU01542,MAT0029,3,TP,9.87,1,2023-05-16,15,9.87
NOT012257,STU01542,MAT0030,4,CC,14.45,2,2024-05-16,15,28.9
NOT012258,STU01542,MAT0012,1,PROJET,15.53,2,2023-04-16,15,31.06
NOT012259,STU01542,MAT0020,4,PROJET,8.18,3,2023-04-15,15,24.54
NOT012260,STU01543,MAT0024,3,PROJET,14.14,2,2023-05-17,14,28.28
NOT012261,STU01543,MAT0014,1,EXAMEN,6.16,1,2024-04-15,14,6.16
NOT012262,STU01543,MAT0009,1,TP,11.73,3,2023-04-16,14,35.19
NOT012263,STU01543,MAT0004,4,PROJET,15.34,2,2023-05-16,14,30.68
NOT012264,STU01543,MAT0026,3,EXAMEN,10.35,3,2023-05-16,14,31.050001
NOT012265,STU01543,MAT0031,3,PROJET,7.48,2,2024-05-17,14,14.96
NOT012266,STU01543,MAT0008,3,PROJET,12.44,1,2023-04-15,14,12.44
NOT012267,STU01543,MAT0006,3,CC,10.19,1,2024-04-15,14,10.19
NOT012268,STU01543,MAT0028,3,CC,13.89,3,2023-05-17,14,41.670002
NOT012269,STU01543,MAT0020,3,TP,9.34,1,2023-04-16,14,9.34
NOT012270,STU01544,MAT0011,3,CC,9.68,3,2023-05-17,15,29.04
NOT012271,STU01544,MAT0008,2,EXAMEN,5.94,1,2024-05-16,15,5.94
NOT012272,STU01544,MAT0010,1,CC,12.51,1,2023-04-15,15,12.51
NOT012273,STU01544,MAT0013,2,TP,11.52,2,2024-04-15,15,23.04
NOT012274,STU01544,MAT0013,1,PROJET,8.43,3,2023-05-16,15,25.29
NOT012275,STU01544,MAT0017,1,TP,12.58,2,2024-04-15,15,25.16
NOT012276,STU01544,MAT0004,1,PROJET,15.08,3,2023-05-17,15,45.239998
NOT012277,STU01545,MAT0034,4,PROJET,11.35,1,2023-04-16,14,11.35
NOT012278,STU01545,MAT0005,3,CC,12.8,3,2024-04-16,14,38.4
NOT012279,STU01545,MAT0026,4,EXAMEN,12.82,1,2024-04-15,14,12.82
NOT012280,STU01545,MAT0022,2,PROJET,8.39,2,2024-04-16,14,16.78
NOT012281,STU01545,MAT0035,2,PROJET,18.17,2,2023-05-16,14,36.34
NOT012282,STU01545,MAT0009,4,TP,10.59,1,2023-05-17,14,10.59
NOT012283,STU01545,MAT0034,2,CC,13.97,2,2024-05-16,14,27.94
NOT012284,STU01545,MAT0008,1,EXAMEN,14.31,2,2023-04-15,14,28.62
NOT012285,STU01545,MAT0010,3,CC,11.58,1,2024-04-16,14,11.58
NOT012286,STU01546,MAT0006,1,TP,13.82,2,2023-05-16,15,27.64
NOT012287,STU01546,MAT0001,3,PROJET,12.74,2,2023-05-16,15,25.48
NOT012288,STU01546,MAT0011,3,EXAMEN,7.75,1,2023-04-15,15,7.75
NOT012289,STU01546,MAT0018,3,EXAMEN,11.0,3,2023-05-16,15,33.0
NOT012290,STU01546,MAT0034,2,TP,10.16,2,2023-04-15,15,20.32
NOT012291,STU01546,MAT0011,1,PROJET,10.61,3,2024-05-16,15,31.829998
NOT012292,STU01546,MAT0015,2,TP,8.09,2,2024-05-16,15,16.18
NOT012293,STU01546,MAT0011,2,EXAMEN,15.38,2,2023-05-16,15,30.76
NOT012294,STU01546,MAT0018,2,CC,16.81,3,2023-04-15,15,50.43
NOT012295,STU01546,MAT0024,4,TP,14.93,2,2024-04-16,15,29.86
NOT012296,STU01547,MAT0014,1,EXAMEN,15.81,3,2024-04-16,14,47.43
NOT012297,STU01547,MAT0025,4,EXAMEN,10.97,2,2023-04-15,14,21.94
NOT012298,STU01547,MAT0031,3,EXAMEN,10.09,2,2024-05-17,14,20.18
NOT012299,STU01547,MAT0017,1,CC,9.66,2,2023-04-16,14,19.32
NOT012300,STU01547,MAT0014,1,TP,13.93,1,2024-05-17,14,13.93
NOT012301,STU01547,MAT0031,4,TP,12.68,1,2024-04-16,14,12.68
NOT012302,STU01547,MAT0033,4,PROJET,11.77,1,2024-04-15,14,11.77
NOT012303,STU01547,MAT0013,1,CC,15.89,3,2023-04-16,14,47.670002
NOT012304,STU01547,MAT0017,2,TP,13.21,2,2023-05-17,14,26.42
NOT012305,STU01547,MAT0003,1,EXAMEN,9.48,2,2023-04-15,14,18.96
NOT012306,STU01548,MAT0017,1,CC,9.96,3,2024-05-16,15,29.880001
NOT012307,STU01548,MAT0011,2,CC,14.05,2,2023-05-17,15,28.1
NOT012308,STU01548,MAT0006,3,TP,15.13,2,2023-05-16,15,30.26
NOT012309,STU01548,MAT0034,1,CC,13.66,2,2024-04-16,15,27.32
NOT012310,STU01548,MAT0022,2,PROJET,17.69,1,2024-05-17,15,17.69
NOT012311,STU01548,MAT0025,3,EXAMEN,16.91,2,2024-05-17,15,33.82
NOT012312,STU01548,MAT0033,2,TP,13.32,2,2023-04-15,15,26.64
NOT012313,STU01548,MAT0021,3,PROJET,9.48,3,2023-04-15,15,28.439999
NOT012314,STU01548,MAT0017,1,TP,8.07,1,2023-05-16,15,8.07
NOT012315,STU01548,MAT0033,1,CC,10.84,2,2024-05-16,15,21.68
NOT012316,STU01549,MAT0032,2,PROJET,14.26,3,2024-05-17,14,42.78
NOT012317,STU01549,MAT0008,2,TP,17.48,3,2024-05-17,14,52.44
NOT012318,STU01549,MAT0009,2,PROJET,13.25,2,2023-05-17,14,26.5
NOT012319,STU01549,MAT0015,1,PROJET,15.51,2,2024-04-16,14,31.02
NOT012320,STU01549,MAT0025,2,EXAMEN,11.26,2,2023-05-16,14,22.52
NOT012321,STU01549,MAT0032,2,TP,13.87,3,2023-05-16,14,41.61
NOT012322,STU01549,MAT0006,2,TP,14.47,2,2024-05-16,14,28.94
NOT012323,STU01549,MAT0012,3,CC,6.06,2,2024-05-17,14,12.12
NOT012324,STU01549,MAT0032,1,EXAMEN,10.76,2,2024-05-16,14,21.52
NOT012325,STU01549,MAT0024,4,CC,14.85,2,2023-05-16,14,29.7
NOT012326,STU01550,MAT0025,3,TP,12.82,3,2023-04-15,15,38.46
NOT012327,STU01550,MAT0007,2,EXAMEN,8.41,2,2023-04-15,15,16.82
NOT012328,STU01550,MAT0003,3,CC,4.71,2,2023-04-16,15,9.42
NOT012329,STU01550,MAT0023,2,PROJET,10.9,2,2023-04-16,15,21.8
NOT012330,STU01550,MAT0022,3,TP,11.79,3,2024-04-16,15,35.37
NOT012331,STU01550,MAT0012,3,TP,9.35,3,2024-04-15,15,28.050001
NOT012332,STU01550,MAT0035,2,EXAMEN,12.43,2,2023-04-15,15,24.86
NOT012333,STU01551,MAT0020,4,EXAMEN,13.52,1,2023-05-17,14,13.52
NOT012334,STU01551,MAT0010,2,PROJET,14.01,3,2024-04-15,14,42.03
NOT012335,STU01551,MAT0006,4,EXAMEN,4.93,3,2024-05-17,14,14.789999
NOT012336,STU01551,MAT0007,2,CC,8.06,1,2023-05-16,14,8.06
NOT012337,STU01551,MAT0026,1,CC,11.09,2,2024-05-17,14,22.18
NOT012338,STU01551,MAT0017,4,CC,13.72,2,2023-04-15,14,27.44
NOT012339,STU01551,MAT0029,3,TP,13.47,2,2023-04-16,14,26.94
NOT012340,STU01552,MAT0028,3,EXAMEN,13.42,1,2024-05-16,15,13.42
NOT012341,STU01552,MAT0031,4,CC,10.85,2,2023-04-16,15,21.7
NOT012342,STU01552,MAT0032,2,CC,11.02,3,2024-04-15,15,33.06
NOT012343,STU01552,MAT0017,3,PROJET,9.82,2,2023-04-15,15,19.64
NOT012344,STU01552,MAT0035,3,PROJET,14.3,1,2024-04-15,15,14.3
NOT012345,STU01552,MAT0028,2,CC,9.24,1,2023-05-16,15,9.24
NOT012346,STU01552,MAT0035,4,TP,14.55,1,2023-04-16,15,14.55
NOT012347,STU01552,MAT0031,1,PROJET,12.62,2,2024-05-16,15,25.24
NOT012348,STU01553,MAT0017,3,PROJET,11.86,2,2023-05-17,14,23.72
NOT012349,STU01553,MAT0025,1,TP,10.03,2,2024-05-17,14,20.06
NOT012350,STU01553,MAT0027,3,CC,7.93,3,2023-05-17,14,23.789999
NOT012351,STU01553,MAT0017,3,CC,10.06,2,2023-05-16,14,20.12
NOT012352,STU01553,MAT0023,1,CC,11.01,2,2023-04-15,14,22.02
NOT012353,STU01553,MAT0007,3,EXAMEN,4.89,2,2023-04-16,14,9.78
NOT012354,STU01553,MAT0005,3,PROJET,11.41,1,2024-04-15,14,11.41
NOT012355,STU01553,MAT0029,1,PROJET,14.77,3,2023-05-17,14,44.31
NOT012356,STU01553,MAT0025,4,CC,13.7,2,2024-04-15,14,27.4
NOT012357,STU01554,MAT0006,1,CC,10.51,1,2023-04-16,15,10.51
NOT012358,STU01554,MAT0021,1,PROJET,12.14,2,2023-04-16,15,24.28
NOT012359,STU01554,MAT0030,1,EXAMEN,10.33,1,2023-05-16,15,10.33
NOT012360,STU01554,MAT0035,2,PROJET,12.45,1,2023-04-15,15,12.45
NOT012361,STU01554,MAT0033,3,EXAMEN,16.62,2,2024-04-16,15,33.24
NOT012362,STU01554,MAT0014,4,EXAMEN,14.91,3,2023-05-17,15,44.73
NOT012363,STU01555,MAT0006,2,TP,13.56,2,2023-05-16,14,27.12
NOT012364,STU01555,MAT0023,3,TP,10.52,2,2024-04-16,14,21.04
NOT012365,STU01555,MAT0004,4,EXAMEN,14.25,3,2024-05-16,14,42.75
NOT012366,STU01555,MAT0007,4,TP,6.94,3,2024-05-17,14,20.82
NOT012367,STU01555,MAT0003,2,EXAMEN,11.24,2,2024-04-15,14,22.48
NOT012368,STU01555,MAT0008,3,TP,13.75,1,2023-04-16,14,13.75
NOT012369,STU01555,MAT0020,2,CC,14.22,2,2023-04-15,14,28.44
NOT012370,STU01555,MAT0018,3,CC,14.01,1,2024-04-16,14,14.01
NOT012371,STU01556,MAT0012,2,EXAMEN,12.88,3,2023-05-17,15,38.64
NOT012372,STU01556,MAT0002,3,PROJET,11.41,2,2023-04-15,15,22.82
NOT012373,STU01556,MAT0005,3,PROJET,13.61,2,2023-04-15,15,27.22
NOT012374,STU01556,MAT0022,3,PROJET,9.14,2,2023-04-15,15,18.28
NOT012375,STU01556,MAT0026,4,PROJET,9.47,2,2023-05-17,15,18.94
NOT012376,STU01556,MAT0030,2,CC,12.19,2,2023-04-15,15,24.38
NOT012377,STU01556,MAT0020,3,CC,12.52,1,2024-05-17,15,12.52
NOT012378,STU01556,MAT0001,1,TP,6.52,2,2024-04-15,15,13.04
NOT012379,STU01557,MAT0024,1,TP,13.37,3,2023-04-16,14,40.11
NOT012380,STU01557,MAT0007,4,CC,14.32,2,2023-04-16,14,28.64
NOT012381,STU01557,MAT0010,3,EXAMEN,11.77,1,2023-05-17,14,11.77
NOT012382,STU01557,MAT0008,3,EXAMEN,19.12,3,2023-04-16,14,57.36
NOT012383,STU01557,MAT0021,3,CC,9.95,3,2024-05-16,14,29.849998
NOT012384,STU01557,MAT0012,4,PROJET,10.92,2,2023-04-16,14,21.84
NOT012385,STU01557,MAT0014,4,CC,10.81,1,2023-05-17,14,10.81
NOT012386,STU01558,MAT0003,2,TP,11.77,2,2024-05-16,15,23.54
NOT012387,STU01558,MAT0033,4,CC,11.01,2,2023-04-15,15,22.02
NOT012388,STU01558,MAT0013,1,PROJET,7.78,2,2024-05-16,15,15.56
NOT012389,STU01558,MAT0031,2,CC,10.36,2,2023-05-17,15,20.72
NOT012390,STU01558,MAT0022,3,CC,11.71,3,2024-04-15,15,35.13
NOT012391,STU01558,MAT0002,3,PROJET,15.69,2,2023-05-16,15,31.38
NOT012392,STU01559,MAT0027,3,PROJET,18.61,3,2024-04-15,14,55.83
NOT012393,STU01559,MAT0032,3,EXAMEN,16.01,2,2023-04-15,14,32.02
NOT012394,STU01559,MAT0006,4,TP,9.67,1,2024-05-16,14,9.67
NOT012395,STU01559,MAT0028,1,TP,9.91,2,2024-04-15,14,19.82
NOT012396,STU01559,MAT0018,4,TP,11.52,3,2024-05-17,14,34.56
NOT012397,STU01559,MAT0007,4,PROJET,17.35,2,2023-04-15,14,34.7
NOT012398,STU01560,MAT0004,2,EXAMEN,11.5,2,2024-04-15,15,23.0
NOT012399,STU01560,MAT0007,3,CC,8.02,1,2024-05-17,15,8.02
NOT012400,STU01560,MAT0014,4,CC,10.5,1,2023-05-17,15,10.5
NOT012401,STU01560,MAT0025,2,PROJET,14.27,1,2024-04-15,15,14.27
NOT012402,STU01560,MAT0023,4,PROJET,14.07,1,2024-05-16,15,14.07
NOT012403,STU01560,MAT0013,4,PROJET,11.4,1,2023-05-17,15,11.4
NOT012404,STU01560,MAT0002,2,TP,14.05,1,2023-04-16,15,14.05
NOT012405,STU01560,MAT0003,3,CC,5.18,2,2024-04-16,15,10.36
NOT012406,STU01560,MAT0033,1,CC,12.31,2,2024-04-15,15,24.62
NOT012407,STU01561,MAT0025,2,EXAMEN,14.58,1,2024-05-16,20,14.58
NOT012408,STU01561,MAT0032,4,EXAMEN,9.5,2,2024-05-16,20,19.0
NOT012409,STU01561,MAT0031,2,PROJET,9.49,3,2024-05-17,20,28.47
NOT012410,STU01561,MAT0005,1,CC,6.4,3,2023-04-15,20,19.2
NOT012411,STU01561,MAT0015,4,PROJET,16.77,2,2024-05-17,20,33.54
NOT012412,STU01561,MAT0013,3,EXAMEN,9.84,2,2023-05-17,20,19.68
NOT012413,STU01561,MAT0008,1,CC,12.72,2,2024-04-16,20,25.44
NOT012414,STU01561,MAT0013,4,EXAMEN,13.81,2,2024-04-15,20,27.62
NOT012415,STU01561,MAT0014,4,EXAMEN,16.54,2,2024-04-15,20,33.08
NOT012416,STU01562,MAT0031,3,TP,11.54,2,2023-05-16,21,23.08
NOT012417,STU01562,MAT0021,2,CC,10.38,2,2023-04-16,21,20.76
NOT012418,STU01562,MAT0022,3,EXAMEN,12.52,2,2024-05-16,21,25.04
NOT012419,STU01562,MAT0006,1,CC,15.85,2,2024-05-16,21,31.7
NOT012420,STU01562,MAT0030,3,EXAMEN,11.49,2,2023-05-17,21,22.98
NOT012421,STU01562,MAT0024,2,EXAMEN,9.14,2,2023-04-16,21,18.28
NOT012422,STU01563,MAT0025,3,PROJET,7.38,1,2023-04-15,20,7.38
NOT012423,STU01563,MAT0022,1,CC,8.34,3,2023-04-15,20,25.02
NOT012424,STU01563,MAT0023,3,EXAMEN,14.59,2,2024-04-15,20,29.18
NOT012425,STU01563,MAT0026,1,EXAMEN,11.04,2,2024-05-17,20,22.08
NOT012426,STU01563,MAT0030,1,PROJET,10.18,2,2024-05-16,20,20.36
NOT012427,STU01563,MAT0012,2,CC,9.85,3,2024-04-16,20,29.550001
NOT012428,STU01563,MAT0004,4,EXAMEN,12.26,2,2024-04-16,20,24.52
NOT012429,STU01564,MAT0003,3,TP,11.28,2,2024-04-15,21,22.56
NOT012430,STU01564,MAT0028,2,EXAMEN,11.18,1,2024-04-15,21,11.18
NOT012431,STU01564,MAT0026,4,PROJET,16.05,2,2023-05-17,21,32.1
NOT012432,STU01564,MAT0013,4,EXAMEN,16.61,2,2024-05-16,21,33.22
NOT012433,STU01564,MAT0032,4,CC,7.17,1,2024-04-16,21,7.17
NOT012434,STU01564,MAT0020,4,CC,12.98,2,2024-04-16,21,25.96
NOT012435,STU01564,MAT0010,4,CC,9.67,2,2023-05-17,21,19.34
NOT012436,STU01564,MAT0034,3,TP,11.26,1,2024-05-16,21,11.26
NOT012437,STU01565,MAT0009,3,TP,12.93,2,2024-05-16,20,25.86
NOT012438,STU01565,MAT0032,4,EXAMEN,11.36,2,2024-04-16,20,22.72
NOT012439,STU01565,MAT0033,3,TP,12.69,2,2024-05-16,20,25.38
NOT012440,STU01565,MAT0019,2,TP,14.02,1,2023-04-15,20,14.02
NOT012441,STU01565,MAT0013,1,TP,12.88,3,2023-05-16,20,38.64
NOT012442,STU01565,MAT0007,4,EXAMEN,10.06,2,2024-04-16,20,20.12
NOT012443,STU01565,MAT0034,3,TP,10.11,2,2023-04-15,20,20.22
NOT012444,STU01565,MAT0002,2,PROJET,7.68,3,2024-04-16,20,23.039999
NOT012445,STU01565,MAT0012,2,CC,9.44,2,2024-05-16,20,18.88
NOT012446,STU01566,MAT0016,4,EXAMEN,17.89,2,2024-04-16,21,35.78
NOT012447,STU01566,MAT0009,4,TP,9.62,1,2024-05-16,21,9.62
NOT012448,STU01566,MAT0012,2,PROJET,8.42,2,2023-05-17,21,16.84
NOT012449,STU01566,MAT0021,1,CC,12.96,2,2023-04-15,21,25.92
NOT012450,STU01566,MAT0002,2,PROJET,11.67,2,2024-04-15,21,23.34
NOT012451,STU01566,MAT0034,4,CC,11.41,2,2024-05-16,21,22.82
NOT012452,STU01566,MAT0032,1,TP,16.23,2,2024-05-17,21,32.46
NOT012453,STU01567,MAT0022,3,PROJET,13.65,2,2023-04-15,20,27.3
NOT012454,STU01567,MAT0015,2,PROJET,10.41,3,2024-05-17,20,31.23
NOT012455,STU01567,MAT0025,1,EXAMEN,10.73,2,2024-04-15,20,21.46
NOT012456,STU01567,MAT0019,3,TP,10.49,2,2023-04-16,20,20.98
NOT012457,STU01567,MAT0026,1,EXAMEN,14.62,3,2023-05-17,20,43.86
NOT012458,STU01567,MAT0020,1,EXAMEN,11.08,3,2023-04-16,20,33.239998
NOT012459,STU01567,MAT0026,2,TP,6.62,2,2023-04-15,20,13.24
NOT012460,STU01567,MAT0017,3,TP,11.86,1,2023-04-15,20,11.86
NOT012461,STU01567,MAT0013,1,PROJET,7.39,3,2023-04-15,20,22.17
NOT012462,STU01567,MAT0026,4,EXAMEN,18.55,3,2024-04-16,20,55.649998
NOT012463,STU01568,MAT0001,1,EXAMEN,9.1,3,2023-05-17,21,27.300001
NOT012464,STU01568,MAT0018,3,EXAMEN,11.51,2,2024-05-17,21,23.02
NOT012465,STU01568,MAT0014,1,TP,12.77,3,2023-04-15,21,38.31
NOT012466,STU01568,MAT0006,3,CC,11.13,2,2023-05-17,21,22.26
NOT012467,STU01568,MAT0016,3,CC,11.13,2,2024-05-17,21,22.26
NOT012468,STU01568,MAT0003,4,PROJET,13.27,1,2024-04-15,21,13.27
NOT012469,STU01568,MAT0035,4,EXAMEN,16.58,1,2023-04-15,21,16.58
NOT012470,STU01568,MAT0030,1,CC,14.3,3,2024-05-16,21,42.9
NOT012471,STU01568,MAT0030,4,TP,16.44,1,2023-05-16,21,16.44
NOT012472,STU01569,MAT0009,4,TP,8.86,2,2024-04-15,20,17.72
NOT012473,STU01569,MAT0024,2,PROJET,12.95,3,2024-04-15,20,38.85
NOT012474,STU01569,MAT0013,4,TP,12.47,1,2024-05-17,20,12.47
NOT012475,STU01569,MAT0013,3,CC,13.05,2,2024-04-16,20,26.1
NOT012476,STU01569,MAT0025,2,EXAMEN,16.13,2,2024-05-16,20,32.26
NOT012477,STU01569,MAT0033,1,TP,11.34,2,2024-05-17,20,22.68
NOT012478,STU01569,MAT0030,1,CC,10.78,1,2023-05-16,20,10.78
NOT012479,STU01569,MAT0020,4,TP,13.6,1,2024-05-16,20,13.6
NOT012480,STU01569,MAT0008,3,CC,6.67,2,2024-05-17,20,13.34
NOT012481,STU01569,MAT0019,2,CC,11.29,1,2023-04-15,20,11.29
NOT012482,STU01570,MAT0028,3,TP,11.6,1,2024-05-16,21,11.6
NOT012483,STU01570,MAT0023,2,TP,9.24,1,2024-04-15,21,9.24
NOT012484,STU01570,MAT0012,2,EXAMEN,15.17,3,2023-05-16,21,45.510002
NOT012485,STU01570,MAT0014,4,PROJET,8.81,2,2023-05-17,21,17.62
NOT012486,STU01570,MAT0027,4,TP,11.59,1,2023-05-16,21,11.59
NOT012487,STU01570,MAT0008,2,EXAMEN,12.88,2,2024-04-15,21,25.76
NOT012488,STU01570,MAT0031,3,PROJET,16.06,2,2023-05-16,21,32.12
NOT012489,STU01570,MAT0001,1,TP,11.97,2,2024-05-17,21,23.94
NOT012490,STU01570,MAT0009,4,TP,14.81,1,2024-04-15,21,14.81
NOT012491,STU01570,MAT0017,4,EXAMEN,14.1,2,2023-05-17,21,28.2
NOT012492,STU01571,MAT0006,3,EXAMEN,12.37,3,2024-05-16,20,37.11
NOT012493,STU01571,MAT0029,3,TP,8.73,2,2024-04-16,20,17.46
NOT012494,STU01571,MAT0023,1,CC,7.7,2,2023-05-17,20,15.4
NOT012495,STU01571,MAT0006,2,CC,12.32,2,2023-05-16,20,24.64
NOT012496,STU01571,MAT0020,2,TP,10.37,3,2023-05-16,20,31.11
NOT012497,STU01571,MAT0008,1,TP,14.76,2,2023-05-16,20,29.52
NOT012498,STU01572,MAT0022,1,TP,14.24,2,2024-05-16,21,28.48
NOT012499,STU01572,MAT0009,1,PROJET,11.45,3,2023-05-16,21,34.35
NOT012500,STU01572,MAT0019,2,TP,8.53,1,2024-05-16,21,8.53
NOT012501,STU01572,MAT0017,4,EXAMEN,13.53,2,2023-04-16,21,27.06
NOT012502,STU01572,MAT0011,4,TP,8.95,2,2024-05-17,21,17.9
NOT012503,STU01572,MAT0001,1,PROJET,9.72,2,2023-05-17,21,19.44
NOT012504,STU01572,MAT0020,1,TP,9.06,2,2024-04-16,21,18.12
NOT012505,STU01572,MAT0010,3,CC,11.58,3,2023-05-17,21,34.739998
NOT012506,STU01573,MAT0032,3,TP,15.51,2,2024-05-16,20,31.02
NOT012507,STU01573,MAT0006,4,TP,11.98,1,2024-04-16,20,11.98
NOT012508,STU01573,MAT0026,1,PROJET,10.67,3,2024-05-16,20,32.010002
NOT012509,STU01573,MAT0028,2,CC,7.42,3,2024-05-17,20,22.26
NOT012510,STU01573,MAT0032,2,TP,13.66,2,2024-05-16,20,27.32
NOT012511,STU01573,MAT0023,1,EXAMEN,9.66,2,2024-05-17,20,19.32
NOT012512,STU01573,MAT0012,4,TP,12.35,2,2023-04-15,20,24.7
NOT012513,STU01574,MAT0020,2,TP,10.94,2,2024-05-16,21,21.88
NOT012514,STU01574,MAT0030,3,TP,14.51,2,2023-04-16,21,29.02
NOT012515,STU01574,MAT0005,2,EXAMEN,11.53,3,2024-05-17,21,34.59
NOT012516,STU01574,MAT0010,1,TP,11.82,2,2024-04-16,21,23.64
NOT012517,STU01574,MAT0015,3,CC,13.46,2,2023-05-17,21,26.92
NOT012518,STU01574,MAT0007,4,CC,18.32,2,2023-05-17,21,36.64
NOT012519,STU01574,MAT0019,2,PROJET,14.67,1,2024-04-16,21,14.67
NOT012520,STU01575,MAT0005,1,EXAMEN,11.73,3,2024-05-17,20,35.19
NOT012521,STU01575,MAT0019,4,PROJET,12.01,2,2023-04-16,20,24.02
NOT012522,STU01575,MAT0021,4,PROJET,10.43,2,2023-04-16,20,20.86
NOT012523,STU01575,MAT0002,4,CC,9.15,3,2023-04-15,20,27.449999
NOT012524,STU01575,MAT0024,4,CC,10.34,1,2023-04-16,20,10.34
NOT012525,STU01575,MAT0023,4,TP,9.68,1,2023-04-15,20,9.68
NOT012526,STU01575,MAT0024,4,TP,13.96,3,2024-05-16,20,41.88
NOT012527,STU01576,MAT0019,3,EXAMEN,8.79,1,2024-05-17,21,8.79
NOT012528,STU01576,MAT0030,2,EXAMEN,16.0,3,2023-04-15,21,48.0
NOT012529,STU01576,MAT0018,3,PROJET,14.26,1,2024-04-16,21,14.26
NOT012530,STU01576,MAT0005,4,EXAMEN,12.06,2,2023-04-15,21,24.12
NOT012531,STU01576,MAT0014,3,EXAMEN,12.0,3,2024-05-16,21,36.0
NOT012532,STU01576,MAT0026,4,PROJET,10.33,3,2024-04-15,21,30.99
NOT012533,STU01576,MAT0023,1,EXAMEN,12.81,2,2023-05-17,21,25.62
NOT012534,STU01576,MAT0002,2,CC,15.26,2,2023-04-16,21,30.52
NOT012535,STU01576,MAT0007,2,PROJET,9.89,2,2023-04-16,21,19.78
NOT012536,STU01577,MAT0001,1,TP,7.4,2,2023-05-17,20,14.8
NOT012537,STU01577,MAT0033,1,TP,14.11,2,2024-05-16,20,28.22
NOT012538,STU01577,MAT0020,2,PROJET,12.97,1,2024-05-16,20,12.97
NOT012539,STU01577,MAT0017,3,PROJET,8.64,1,2024-05-16,20,8.64
NOT012540,STU01577,MAT0022,2,PROJET,9.8,3,2023-05-17,20,29.400002
NOT012541,STU01577,MAT0032,4,PROJET,9.42,2,2023-04-16,20,18.84
NOT012542,STU01577,MAT0032,1,EXAMEN,9.83,2,2023-04-16,20,19.66
NOT012543,STU01578,MAT0028,3,PROJET,11.03,2,2024-05-16,21,22.06
NOT012544,STU01578,MAT0028,2,CC,11.2,2,2024-05-17,21,22.4
NOT012545,STU01578,MAT0004,1,PROJET,10.05,2,2024-04-16,21,20.1
NOT012546,STU01578,MAT0009,3,TP,9.73,3,2023-05-17,21,29.189999
NOT012547,STU01578,MAT0026,2,CC,11.31,2,2024-05-17,21,22.62
NOT012548,STU01578,MAT0017,4,TP,12.5,1,2023-04-16,21,12.5
NOT012549,STU01579,MAT0023,4,CC,11.05,2,2023-05-16,20,22.1
NOT012550,STU01579,MAT0011,3,TP,15.48,3,2023-04-16,20,46.44
NOT012551,STU01579,MAT0030,3,PROJET,13.52,3,2023-04-16,20,40.56
NOT012552,STU01579,MAT0023,1,TP,7.23,2,2023-04-15,20,14.46
NOT012553,STU01579,MAT0007,1,PROJET,13.57,1,2024-05-17,20,13.57
NOT012554,STU01579,MAT0001,3,EXAMEN,13.82,2,2024-05-17,20,27.64
NOT012555,STU01579,MAT0031,2,EXAMEN,10.7,2,2023-04-16,20,21.4
NOT012556,STU01579,MAT0022,4,TP,7.51,1,2024-04-15,20,7.51
NOT012557,STU01580,MAT0007,2,CC,12.02,3,2024-04-16,21,36.06
NOT012558,STU01580,MAT0028,4,EXAMEN,11.98,1,2023-05-16,21,11.98
NOT012559,STU01580,MAT0031,1,PROJET,8.64,1,2023-05-17,21,8.64
NOT012560,STU01580,MAT0014,1,CC,7.65,2,2024-05-16,21,15.3
NOT012561,STU01580,MAT0002,3,EXAMEN,11.74,1,2024-04-16,21,11.74
NOT012562,STU01580,MAT0021,4,PROJET,11.3,2,2024-04-15,21,22.6
NOT012563,STU01580,MAT0021,1,TP,10.75,3,2024-04-16,21,32.25
NOT012564,STU01580,MAT0032,4,PROJET,11.75,1,2024-05-17,21,11.75
NOT012565,STU01580,MAT0020,1,CC,8.69,3,2023-04-15,21,26.07
NOT012566,STU01580,MAT0029,2,TP,10.7,1,2024-05-16,21,10.7
NOT012567,STU01581,MAT0002,2,PROJET,13.6,3,2023-05-17,20,40.800003
NOT012568,STU01581,MAT0008,2,PROJET,10.95,2,2024-04-15,20,21.9
NOT012569,STU01581,MAT0003,4,TP,6.98,2,2024-05-16,20,13.96
NOT012570,STU01581,MAT0004,1,PROJET,10.58,1,2024-05-16,20,10.58
NOT012571,STU01581,MAT0027,1,TP,8.79,2,2024-04-16,20,17.58
NOT012572,STU01581,MAT0008,2,EXAMEN,12.8,1,2024-04-16,20,12.8
NOT012573,STU01582,MAT0031,4,TP,12.96,1,2024-05-16,21,12.96
NOT012574,STU01582,MAT0013,3,CC,7.02,2,2024-05-17,21,14.04
NOT012575,STU01582,MAT0025,2,CC,14.28,2,2023-04-16,21,28.56
NOT012576,STU01582,MAT0006,1,PROJET,8.66,3,2023-05-17,21,25.98
NOT012577,STU01582,MAT0028,2,TP,16.68,1,2024-05-17,21,16.68
NOT012578,STU01582,MAT0033,4,TP,11.85,2,2023-05-16,21,23.7
NOT012579,STU01582,MAT0002,1,CC,8.26,1,2024-05-16,21,8.26
NOT012580,STU01582,MAT0034,3,CC,8.57,1,2024-05-17,21,8.57
NOT012581,STU01582,MAT0029,2,CC,13.04,1,2024-05-16,21,13.04
NOT012582,STU01583,MAT0010,3,CC,10.83,2,2023-04-15,20,21.66
NOT012583,STU01583,MAT0025,1,EXAMEN,11.71,1,2023-05-17,20,11.71
NOT012584,STU01583,MAT0021,3,TP,16.84,2,2023-05-16,20,33.68
NOT012585,STU01583,MAT0026,2,TP,9.9,3,2023-04-15,20,29.699999
NOT012586,STU01583,MAT0012,3,PROJET,12.18,3,2024-04-15,20,36.54
NOT012587,STU01583,MAT0020,4,CC,16.26,3,2024-05-16,20,48.78
NOT012588,STU01583,MAT0016,2,PROJET,12.81,2,2024-04-15,20,25.62
NOT012589,STU01584,MAT0006,1,CC,7.18,3,2023-05-16,21,21.539999
NOT012590,STU01584,MAT0002,2,PROJET,13.52,1,2024-04-15,21,13.52
NOT012591,STU01584,MAT0007,1,EXAMEN,8.51,1,2024-05-16,21,8.51
NOT012592,STU01584,MAT0016,1,PROJET,16.22,2,2023-05-17,21,32.44
NOT012593,STU01584,MAT0001,3,PROJET,9.53,2,2024-05-16,21,19.06
NOT012594,STU01584,MAT0034,4,CC,20.0,3,2023-04-16,21,60.0
NOT012595,STU01584,MAT0006,1,PROJET,16.4,2,2023-05-17,21,32.8
NOT012596,STU01585,MAT0020,2,TP,9.61,1,2024-04-15,20,9.61
NOT012597,STU01585,MAT0004,4,EXAMEN,12.06,1,2023-04-16,20,12.06
NOT012598,STU01585,MAT0031,1,TP,14.26,1,2023-05-16,20,14.26
NOT012599,STU01585,MAT0007,2,EXAMEN,14.35,2,2024-04-15,20,28.7
NOT012600,STU01585,MAT0025,3,CC,13.33,1,2024-04-16,20,13.33
NOT012601,STU01585,MAT0014,3,TP,15.76,2,2023-04-15,20,31.52
NOT012602,STU01586,MAT0006,1,TP,11.63,1,2023-04-15,21,11.63
NOT012603,STU01586,MAT0008,4,CC,10.9,2,2024-05-17,21,21.8
NOT012604,STU01586,MAT0018,2,TP,10.96,3,2024-04-16,21,32.88
NOT012605,STU01586,MAT0004,1,CC,14.58,2,2024-05-17,21,29.16
NOT012606,STU01586,MAT0025,1,TP,13.1,1,2023-04-16,21,13.1
NOT012607,STU01586,MAT0009,1,PROJET,12.87,2,2024-05-16,21,25.74
NOT012608,STU01586,MAT0008,1,TP,14.39,2,2024-04-16,21,28.78
NOT012609,STU01586,MAT0033,4,EXAMEN,5.85,2,2023-04-15,21,11.7
NOT012610,STU01587,MAT0002,3,TP,12.93,2,2024-05-16,20,25.86
NOT012611,STU01587,MAT0031,2,PROJET,12.66,1,2024-05-16,20,12.66
NOT012612,STU01587,MAT0025,1,TP,17.01,1,2024-04-16,20,17.01
NOT012613,STU01587,MAT0024,4,PROJET,7.41,3,2023-05-16,20,22.23
NOT012614,STU01587,MAT0006,1,EXAMEN,16.67,1,2024-04-15,20,16.67
NOT012615,STU01587,MAT0012,2,PROJET,12.23,3,2024-05-16,20,36.69
NOT012616,STU01587,MAT0004,1,PROJET,13.47,2,2023-05-16,20,26.94
NOT012617,STU01587,MAT0023,3,TP,17.03,2,2024-05-17,20,34.06
NOT012618,STU01588,MAT0005,1,TP,13.68,1,2023-04-15,21,13.68
NOT012619,STU01588,MAT0013,3,TP,13.2,3,2024-05-17,21,39.6
NOT012620,STU01588,MAT0033,2,CC,12.73,3,2023-04-15,21,38.19
NOT012621,STU01588,MAT0024,3,EXAMEN,10.55,2,2023-04-15,21,21.1
NOT012622,STU01588,MAT0001,2,CC,11.91,2,2023-04-16,21,23.82
NOT012623,STU01588,MAT0029,3,EXAMEN,9.85,2,2024-05-16,21,19.7
NOT012624,STU01588,MAT0035,4,EXAMEN,11.87,1,2023-05-17,21,11.87
NOT012625,STU01589,MAT0027,1,CC,4.99,3,2024-05-17,20,14.969999
NOT012626,STU01589,MAT0025,3,PROJET,13.29,3,2024-04-15,20,39.87
NOT012627,STU01589,MAT0015,3,TP,11.63,1,2024-05-17,20,11.63
NOT012628,STU01589,MAT0021,1,EXAMEN,10.99,3,2024-05-17,20,32.97
NOT012629,STU01589,MAT0024,3,TP,12.66,3,2024-04-16,20,37.98
NOT012630,STU01589,MAT0033,4,TP,7.7,3,2023-05-17,20,23.099998
NOT012631,STU01590,MAT0035,3,CC,17.79,3,2023-05-17,21,53.370003
NOT012632,STU01590,MAT0028,4,TP,11.69,3,2024-05-17,21,35.07
NOT012633,STU01590,MAT0001,3,CC,11.56,1,2023-04-16,21,11.56
NOT012634,STU01590,MAT0009,4,EXAMEN,9.1,1,2024-05-16,21,9.1
NOT012635,STU01590,MAT0001,4,PROJET,12.07,2,2024-05-17,21,24.14
NOT012636,STU01590,MAT0032,4,EXAMEN,16.16,2,2024-05-16,21,32.32
NOT012637,STU01590,MAT0002,3,EXAMEN,15.11,2,2023-04-15,21,30.22
NOT012638,STU01591,MAT0006,3,EXAMEN,14.56,1,2023-05-16,20,14.56
NOT012639,STU01591,MAT0022,1,PROJET,13.64,2,2024-05-17,20,27.28
NOT012640,STU01591,MAT0004,1,TP,10.92,2,2024-04-15,20,21.84
NOT012641,STU01591,MAT0025,3,CC,7.65,3,2024-05-17,20,22.95
NOT012642,STU01591,MAT0017,4,TP,11.4,2,2023-05-16,20,22.8
NOT012643,STU01591,MAT0005,1,TP,11.29,1,2024-05-17,20,11.29
NOT012644,STU01591,MAT0022,4,CC,15.15,1,2024-05-16,20,15.15
NOT012645,STU01592,MAT0026,3,CC,12.93,1,2024-04-16,21,12.93
NOT012646,STU01592,MAT0004,1,TP,16.84,3,2023-05-16,21,50.52
NOT012647,STU01592,MAT0016,1,CC,15.59,2,2024-05-16,21,31.18
NOT012648,STU01592,MAT0022,4,EXAMEN,10.63,3,2023-04-15,21,31.89
NOT012649,STU01592,MAT0025,4,EXAMEN,6.61,1,2023-04-16,21,6.61
NOT012650,STU01592,MAT0001,4,EXAMEN,16.16,2,2023-05-17,21,32.32
NOT012651,STU01592,MAT0012,3,PROJET,16.08,2,2023-05-17,21,32.16
NOT012652,STU01592,MAT0034,3,TP,7.9,2,2024-05-17,21,15.8
NOT012653,STU01592,MAT0015,4,PROJET,16.53,1,2024-04-15,21,16.53
NOT012654,STU01592,MAT0006,4,CC,13.15,3,2023-04-16,21,39.449997
NOT012655,STU01593,MAT0015,3,CC,12.48,3,2024-05-17,20,37.44
NOT012656,STU01593,MAT0018,1,TP,16.84,2,2023-04-16,20,33.68
NOT012657,STU01593,MAT0015,2,CC,16.03,2,2023-04-15,20,32.06
NOT012658,STU01593,MAT0015,3,TP,13.95,2,2024-05-17,20,27.9
NOT012659,STU01593,MAT0020,4,TP,13.42,2,2023-05-17,20,26.84
NOT012660,STU01593,MAT0011,1,EXAMEN,13.85,3,2023-04-15,20,41.550003
NOT012661,STU01593,MAT0017,4,CC,10.8,3,2023-04-16,20,32.4
NOT012662,STU01593,MAT0029,3,CC,11.83,3,2023-04-15,20,35.489998
NOT012663,STU01594,MAT0008,1,PROJET,9.29,2,2024-04-15,21,18.58
NOT012664,STU01594,MAT0005,3,EXAMEN,11.0,3,2024-05-16,21,33.0
NOT012665,STU01594,MAT0002,4,PROJET,10.9,1,2023-05-16,21,10.9
NOT012666,STU01594,MAT0007,3,PROJET,10.09,2,2023-05-16,21,20.18
NOT012667,STU01594,MAT0025,1,PROJET,12.41,3,2024-04-15,21,37.23
NOT012668,STU01594,MAT0017,2,CC,11.03,2,2023-05-16,21,22.06
NOT012669,STU01595,MAT0020,4,EXAMEN,13.51,2,2023-04-15,20,27.02
NOT012670,STU01595,MAT0023,2,PROJET,7.13,2,2024-04-16,20,14.26
NOT012671,STU01595,MAT0002,4,TP,11.66,3,2023-05-17,20,34.98
NOT012672,STU01595,MAT0033,1,CC,12.39,1,2024-05-17,20,12.39
NOT012673,STU01595,MAT0020,1,PROJET,11.07,3,2024-04-16,20,33.21
NOT012674,STU01595,MAT0012,4,TP,11.48,1,2024-04-16,20,11.48
NOT012675,STU01595,MAT0025,2,EXAMEN,7.24,1,2024-04-15,20,7.24
NOT012676,STU01595,MAT0034,4,CC,13.07,1,2024-05-16,20,13.07
NOT012677,STU01595,MAT0020,3,EXAMEN,13.94,1,2023-05-16,20,13.94
NOT012678,STU01596,MAT0023,3,PROJET,13.48,2,2024-04-16,21,26.96
NOT012679,STU01596,MAT0022,1,EXAMEN,15.12,1,2023-04-15,21,15.12
NOT012680,STU01596,MAT0035,3,TP,12.6,3,2023-05-17,21,37.800003
NOT012681,STU01596,MAT0029,3,TP,13.44,2,2023-04-16,21,26.88
NOT012682,STU01596,MAT0015,1,EXAMEN,12.47,2,2024-04-15,21,24.94
NOT012683,STU01596,MAT0032,3,TP,14.06,2,2024-04-16,21,28.12
NOT012684,STU01596,MAT0003,1,TP,7.27,1,2024-05-17,21,7.27
NOT012685,STU01596,MAT0035,3,CC,9.32,2,2024-04-16,21,18.64
NOT012686,STU01596,MAT0003,3,TP,16.76,2,2024-05-17,21,33.52
NOT012687,STU01596,MAT0032,3,CC,4.62,3,2024-04-16,21,13.86
NOT012688,STU01597,MAT0019,4,CC,11.58,2,2023-05-16,20,23.16
NOT012689,STU01597,MAT0019,2,CC,15.52,3,2023-05-16,20,46.56
NOT012690,STU01597,MAT0034,1,CC,11.72,2,2024-04-16,20,23.44
NOT012691,STU01597,MAT0030,2,PROJET,10.78,1,2023-05-17,20,10.78
NOT012692,STU01597,MAT0015,1,EXAMEN,12.39,2,2024-05-17,20,24.78
NOT012693,STU01597,MAT0021,3,EXAMEN,10.94,1,2023-04-16,20,10.94
NOT012694,STU01597,MAT0017,4,TP,12.09,3,2023-05-16,20,36.27
NOT012695,STU01597,MAT0011,2,CC,9.95,3,2024-04-15,20,29.849998
NOT012696,STU01598,MAT0011,2,CC,15.33,2,2023-05-17,21,30.66
NOT012697,STU01598,MAT0001,2,PROJET,16.27,3,2023-04-16,21,48.81
NOT012698,STU01598,MAT0010,4,EXAMEN,11.6,3,2024-05-16,21,34.800003
NOT012699,STU01598,MAT0014,4,EXAMEN,7.84,1,2024-05-16,21,7.84
NOT012700,STU01598,MAT0018,2,PROJET,10.43,3,2024-04-16,21,31.29
NOT012701,STU01598,MAT0005,4,PROJET,11.45,3,2024-05-16,21,34.35
NOT012702,STU01599,MAT0035,4,CC,13.52,3,2024-05-16,20,40.56
NOT012703,STU01599,MAT0017,4,PROJET,8.98,3,2024-05-16,20,26.939999
NOT012704,STU01599,MAT0031,1,PROJET,9.69,1,2023-05-16,20,9.69
NOT012705,STU01599,MAT0013,4,PROJET,13.53,3,2024-05-16,20,40.59
NOT012706,STU01599,MAT0016,2,TP,14.82,2,2023-04-15,20,29.64
NOT012707,STU01599,MAT0005,1,TP,10.14,1,2023-04-15,20,10.14
NOT012708,STU01599,MAT0019,2,PROJET,8.0,2,2023-04-15,20,16.0
NOT012709,STU01599,MAT0006,1,EXAMEN,20.0,1,2023-05-17,20,20.0
NOT012710,STU01599,MAT0009,1,PROJET,14.35,2,2024-04-16,20,28.7
NOT012711,STU01600,MAT0035,1,PROJET,11.2,2,2024-04-16,21,22.4
NOT012712,STU01600,MAT0022,4,EXAMEN,14.61,2,2023-04-15,21,29.22
NOT012713,STU01600,MAT0024,1,TP,11.63,3,2024-05-17,21,34.89
NOT012714,STU01600,MAT0022,1,EXAMEN,14.6,1,2023-05-17,21,14.6
NOT012715,STU01600,MAT0005,4,EXAMEN,12.48,1,2024-05-16,21,12.48
NOT012716,STU01600,MAT0001,3,CC,12.27,2,2024-05-17,21,24.54
NOT012717,STU01600,MAT0004,4,CC,11.66,3,2023-05-17,21,34.98
NOT012718,STU01600,MAT0007,4,TP,7.66,1,2023-04-16,21,7.66
NOT012719,STU01601,MAT0011,4,PROJET,17.81,3,2023-05-16,20,53.43
NOT012720,STU01601,MAT0008,2,TP,9.18,1,2024-04-16,20,9.18
NOT012721,STU01601,MAT0010,4,EXAMEN,7.92,1,2023-04-15,20,7.92
NOT012722,STU01601,MAT0001,1,EXAMEN,11.36,2,2024-04-15,20,22.72
NOT012723,STU01601,MAT0029,2,TP,9.12,3,2024-05-16,20,27.36
NOT012724,STU01601,MAT0010,3,CC,11.84,3,2024-05-17,20,35.52
NOT012725,STU01601,MAT0015,1,EXAMEN,14.06,1,2024-05-16,20,14.06
NOT012726,STU01601,MAT0030,1,PROJET,14.99,1,2023-04-15,20,14.99
NOT012727,STU01601,MAT0027,2,TP,14.44,2,2024-04-16,20,28.88
NOT012728,STU01601,MAT0008,2,EXAMEN,11.08,1,2023-04-15,20,11.08
NOT012729,STU01602,MAT0033,3,EXAMEN,12.15,2,2023-05-16,21,24.3
NOT012730,STU01602,MAT0034,2,TP,13.22,2,2023-05-16,21,26.44
NOT012731,STU01602,MAT0024,2,EXAMEN,6.73,2,2023-05-17,21,13.46
NOT012732,STU01602,MAT0013,4,PROJET,13.71,3,2023-05-17,21,41.13
NOT012733,STU01602,MAT0016,1,TP,7.63,3,2023-05-16,21,22.89
NOT012734,STU01602,MAT0035,2,CC,18.12,2,2024-05-16,21,36.24
NOT012735,STU01602,MAT0029,4,CC,10.79,1,2024-05-16,21,10.79
NOT012736,STU01602,MAT0013,4,EXAMEN,11.45,3,2024-04-15,21,34.35
NOT012737,STU01603,MAT0027,3,CC,9.69,2,2024-05-17,20,19.38
NOT012738,STU01603,MAT0029,3,PROJET,10.11,2,2023-04-15,20,20.22
NOT012739,STU01603,MAT0012,2,EXAMEN,18.82,1,2023-04-15,20,18.82
NOT012740,STU01603,MAT0033,2,CC,14.82,1,2023-05-16,20,14.82
NOT012741,STU01603,MAT0033,4,PROJET,7.35,3,2024-05-17,20,22.05
NOT012742,STU01603,MAT0003,2,PROJET,16.51,2,2023-04-16,20,33.02
NOT012743,STU01603,MAT0032,3,PROJET,15.58,2,2024-05-17,20,31.16
NOT012744,STU01603,MAT0014,4,PROJET,11.16,2,2023-04-15,20,22.32
NOT012745,STU01603,MAT0014,2,CC,12.92,1,2023-05-16,20,12.92
NOT012746,STU01603,MAT0001,4,CC,11.96,2,2023-04-16,20,23.92
NOT012747,STU01604,MAT0014,4,CC,17.92,1,2024-04-16,21,17.92
NOT012748,STU01604,MAT0034,3,PROJET,9.61,2,2023-04-15,21,19.22
NOT012749,STU01604,MAT0025,2,CC,12.44,2,2024-05-16,21,24.88
NOT012750,STU01604,MAT0022,3,CC,10.72,2,2023-05-17,21,21.44
NOT012751,STU01604,MAT0004,3,EXAMEN,7.7,2,2024-05-17,21,15.4
NOT012752,STU01604,MAT0026,2,CC,18.57,3,2024-05-16,21,55.71
NOT012753,STU01604,MAT0026,3,CC,8.46,2,2024-04-16,21,16.92
NOT012754,STU01604,MAT0030,1,PROJET,12.66,2,2023-05-17,21,25.32
NOT012755,STU01605,MAT0010,3,TP,6.78,3,2024-05-16,20,20.34
NOT012756,STU01605,MAT0034,1,EXAMEN,10.8,2,2024-05-16,20,21.6
NOT012757,STU01605,MAT0010,2,PROJET,13.27,3,2023-04-16,20,39.81
NOT012758,STU01605,MAT0008,4,EXAMEN,9.53,1,2023-04-15,20,9.53
NOT012759,STU01605,MAT0008,4,TP,13.76,3,2024-04-16,20,41.28
NOT012760,STU01605,MAT0035,4,TP,11.19,2,2023-05-16,20,22.38
NOT012761,STU01605,MAT0022,3,PROJET,15.48,2,2023-04-15,20,30.96
NOT012762,STU01605,MAT0021,2,PROJET,16.09,3,2024-04-16,20,48.27
NOT012763,STU01605,MAT0024,2,CC,10.24,2,2024-04-15,20,20.48
NOT012764,STU01606,MAT0031,4,CC,12.23,2,2024-04-16,21,24.46
NOT012765,STU01606,MAT0023,2,EXAMEN,12.55,2,2024-04-16,21,25.1
NOT012766,STU01606,MAT0016,2,CC,13.86,2,2023-04-16,21,27.72
NOT012767,STU01606,MAT0013,1,TP,12.04,3,2024-04-16,21,36.12
NOT012768,STU01606,MAT0026,2,EXAMEN,12.57,2,2023-04-16,21,25.14
NOT012769,STU01606,MAT0026,1,PROJET,11.27,1,2024-04-15,21,11.27
NOT012770,STU01606,MAT0023,4,CC,12.35,2,2023-04-16,21,24.7
NOT012771,STU01606,MAT0018,2,CC,15.89,2,2023-04-15,21,31.78
NOT012772,STU01607,MAT0006,4,TP,13.94,3,2023-04-15,20,41.82
NOT012773,STU01607,MAT0024,4,PROJET,14.1,2,2023-05-17,20,28.2
NOT012774,STU01607,MAT0029,1,TP,14.17,3,2023-05-17,20,42.510002
NOT012775,STU01607,MAT0004,2,PROJET,11.54,3,2024-05-16,20,34.62
NOT012776,STU01607,MAT0012,1,PROJET,12.96,3,2023-05-17,20,38.88
NOT012777,STU01607,MAT0014,1,EXAMEN,8.74,2,2024-05-16,20,17.48
NOT012778,STU01607,MAT0021,3,EXAMEN,15.81,3,2024-05-16,20,47.43
NOT012779,STU01607,MAT0005,1,EXAMEN,3.65,2,2024-05-16,20,7.3
NOT012780,STU01608,MAT0006,4,CC,11.74,2,2024-04-15,21,23.48
NOT012781,STU01608,MAT0029,1,EXAMEN,15.42,2,2023-05-17,21,30.84
NOT012782,STU01608,MAT0005,3,CC,7.91,2,2023-05-17,21,15.82
NOT012783,STU01608,MAT0013,4,CC,13.2,2,2024-04-16,21,26.4
NOT012784,STU01608,MAT0034,4,EXAMEN,9.96,3,2024-05-16,21,29.880001
NOT012785,STU01608,MAT0034,4,CC,10.89,2,2023-05-17,21,21.78
NOT012786,STU01608,MAT0030,4,EXAMEN,14.84,2,2024-04-15,21,29.68
NOT012787,STU01608,MAT0034,4,EXAMEN,12.59,2,2023-05-17,21,25.18
NOT012788,STU01608,MAT0007,4,CC,5.9,2,2024-05-16,21,11.8
NOT012789,STU01609,MAT0011,1,EXAMEN,9.07,2,2023-05-16,20,18.14
NOT012790,STU01609,MAT0017,4,CC,14.93,3,2024-04-15,20,44.79
NOT012791,STU01609,MAT0012,2,CC,13.35,1,2024-05-16,20,13.35
NOT012792,STU01609,MAT0021,2,PROJET,17.24,2,2024-04-16,20,34.48
NOT012793,STU01609,MAT0011,4,TP,17.05,2,2024-05-17,20,34.1
NOT012794,STU01609,MAT0002,4,CC,10.97,2,2023-04-16,20,21.94
NOT012795,STU01609,MAT0035,2,PROJET,19.51,3,2023-05-17,20,58.53
NOT012796,STU01609,MAT0009,4,PROJET,12.07,2,2023-04-15,20,24.14
NOT012797,STU01609,MAT0020,2,CC,9.11,2,2023-04-15,20,18.22
NOT012798,STU01610,MAT0029,3,EXAMEN,10.1,1,2024-05-16,21,10.1
NOT012799,STU01610,MAT0001,1,EXAMEN,5.23,1,2024-04-16,21,5.23
NOT012800,STU01610,MAT0003,3,EXAMEN,16.82,3,2024-04-15,21,50.46
NOT012801,STU01610,MAT0024,3,EXAMEN,16.78,1,2024-05-17,21,16.78
NOT012802,STU01610,MAT0035,3,TP,8.95,2,2023-04-16,21,17.9
NOT012803,STU01610,MAT0016,3,TP,11.32,1,2023-04-15,21,11.32
NOT012804,STU01610,MAT0019,3,EXAMEN,12.29,1,2023-05-17,21,12.29
NOT012805,STU01610,MAT0029,2,EXAMEN,9.12,3,2024-04-16,21,27.36
NOT012806,STU01610,MAT0020,2,TP,6.73,3,2024-05-17,21,20.19
NOT012807,STU01610,MAT0025,4,PROJET,11.37,2,2024-04-16,21,22.74
NOT012808,STU01611,MAT0028,1,TP,11.04,1,2023-04-15,20,11.04
NOT012809,STU01611,MAT0034,4,PROJET,10.83,3,2024-04-16,20,32.489998
NOT012810,STU01611,MAT0029,1,TP,12.67,2,2024-04-15,20,25.34
NOT012811,STU01611,MAT0002,3,CC,16.29,3,2024-04-15,20,48.870003
NOT012812,STU01611,MAT0031,2,TP,11.09,2,2024-04-15,20,22.18
NOT012813,STU01611,MAT0011,3,CC,12.51,2,2023-04-15,20,25.02
NOT012814,STU01611,MAT0011,3,EXAMEN,14.18,2,2023-04-15,20,28.36
NOT012815,STU01611,MAT0002,4,CC,13.66,2,2024-04-16,20,27.32
NOT012816,STU01611,MAT0006,4,CC,10.16,1,2024-04-15,20,10.16
NOT012817,STU01611,MAT0022,4,EXAMEN,12.29,2,2023-05-17,20,24.58
NOT012818,STU01612,MAT0008,3,TP,13.64,3,2024-04-16,21,40.920002
NOT012819,STU01612,MAT0020,2,TP,8.61,3,2024-04-15,21,25.829998
NOT012820,STU01612,MAT0015,4,TP,15.79,2,2024-04-15,21,31.58
NOT012821,STU01612,MAT0014,3,TP,16.29,2,2023-04-15,21,32.58
NOT012822,STU01612,MAT0028,2,CC,9.83,3,2023-05-16,21,29.49
NOT012823,STU01612,MAT0025,4,TP,12.58,2,2024-05-17,21,25.16
NOT012824,STU01612,MAT0005,1,CC,13.93,2,2023-05-16,21,27.86
NOT012825,STU01612,MAT0015,1,CC,10.36,2,2024-04-15,21,20.72
NOT012826,STU01612,MAT0010,2,PROJET,13.44,2,2024-05-17,21,26.88
NOT012827,STU01612,MAT0026,3,CC,12.49,2,2023-04-16,21,24.98
NOT012828,STU01613,MAT0032,3,EXAMEN,7.6,1,2024-05-17,20,7.6
NOT012829,STU01613,MAT0027,1,PROJET,13.38,3,2024-04-15,20,40.14
NOT012830,STU01613,MAT0020,3,TP,8.7,2,2023-05-16,20,17.4
NOT012831,STU01613,MAT0018,1,TP,14.82,2,2024-05-16,20,29.64
NOT012832,STU01613,MAT0020,3,CC,9.99,1,2024-05-16,20,9.99
NOT012833,STU01613,MAT0012,1,PROJET,11.52,2,2024-04-16,20,23.04
NOT012834,STU01613,MAT0012,4,TP,16.12,3,2023-04-16,20,48.36
NOT012835,STU01613,MAT0009,2,TP,13.49,2,2023-04-16,20,26.98
NOT012836,STU01614,MAT0002,2,CC,8.76,2,2023-05-17,21,17.52
NOT012837,STU01614,MAT0029,4,TP,8.96,2,2024-05-17,21,17.92
NOT012838,STU01614,MAT0021,3,TP,10.2,2,2024-05-16,21,20.4
NOT012839,STU01614,MAT0035,1,PROJET,13.18,2,2023-05-17,21,26.36
NOT012840,STU01614,MAT0013,3,EXAMEN,13.07,3,2023-05-17,21,39.21
NOT012841,STU01614,MAT0011,2,EXAMEN,9.47,1,2024-05-16,21,9.47
NOT012842,STU01614,MAT0028,4,CC,8.5,3,2024-05-16,21,25.5
NOT012843,STU01614,MAT0011,4,CC,12.84,2,2023-04-15,21,25.68
NOT012844,STU01614,MAT0010,4,PROJET,11.45,2,2023-04-15,21,22.9
NOT012845,STU01615,MAT0001,3,PROJET,18.47,3,2024-05-17,20,55.409996
NOT012846,STU01615,MAT0035,3,PROJET,12.11,2,2024-05-17,20,24.22
NOT012847,STU01615,MAT0011,3,CC,17.44,2,2023-04-15,20,34.88
NOT012848,STU01615,MAT0018,3,TP,8.49,3,2024-05-16,20,25.47
NOT012849,STU01615,MAT0028,2,PROJET,7.28,2,2023-04-15,20,14.56
NOT012850,STU01615,MAT0003,1,CC,8.64,3,2023-05-17,20,25.920002
NOT012851,STU01615,MAT0005,1,PROJET,15.57,1,2024-05-16,20,15.57
NOT012852,STU01615,MAT0004,3,EXAMEN,17.27,2,2024-05-17,20,34.54
NOT012853,STU01615,MAT0034,2,PROJET,9.65,2,2023-04-16,20,19.3
NOT012854,STU01616,MAT0019,1,TP,10.62,1,2023-05-17,21,10.62
NOT012855,STU01616,MAT0010,1,EXAMEN,8.49,2,2023-05-17,21,16.98
NOT012856,STU01616,MAT0004,4,PROJET,6.57,2,2023-04-15,21,13.14
NOT012857,STU01616,MAT0006,3,EXAMEN,14.16,2,2024-04-16,21,28.32
NOT012858,STU01616,MAT0020,1,PROJET,12.67,2,2023-05-16,21,25.34
NOT012859,STU01616,MAT0006,2,PROJET,12.03,2,2023-05-17,21,24.06
NOT012860,STU01616,MAT0029,3,PROJET,7.8,1,2024-05-16,21,7.8
NOT012861,STU01616,MAT0030,2,CC,16.92,3,2024-05-17,21,50.760002
NOT012862,STU01617,MAT0015,3,CC,10.49,3,2023-04-15,20,31.47
NOT012863,STU01617,MAT0030,3,EXAMEN,13.6,3,2024-05-17,20,40.800003
NOT012864,STU01617,MAT0023,1,PROJET,7.64,2,2024-05-17,20,15.28
NOT012865,STU01617,MAT0008,1,CC,11.43,2,2024-04-16,20,22.86
NOT012866,STU01617,MAT0025,4,CC,12.87,2,2023-04-15,20,25.74
NOT012867,STU01617,MAT0016,4,EXAMEN,12.98,3,2024-04-15,20,38.94
NOT012868,STU01618,MAT0003,1,TP,12.46,1,2023-04-16,21,12.46
NOT012869,STU01618,MAT0015,4,PROJET,13.48,2,2024-04-16,21,26.96
NOT012870,STU01618,MAT0019,4,CC,8.61,1,2023-05-17,21,8.61
NOT012871,STU01618,MAT0015,4,CC,12.59,1,2024-04-16,21,12.59
NOT012872,STU01618,MAT0006,2,TP,12.34,3,2023-04-15,21,37.02
NOT012873,STU01618,MAT0003,3,PROJET,12.7,1,2023-04-15,21,12.7
NOT012874,STU01618,MAT0004,2,CC,12.22,2,2024-04-16,21,24.44
NOT012875,STU01618,MAT0016,3,CC,8.18,3,2024-04-16,21,24.54
NOT012876,STU01618,MAT0004,3,CC,8.05,3,2024-04-16,21,24.150002
NOT012877,STU01618,MAT0008,1,EXAMEN,5.36,3,2024-05-16,21,16.08
NOT012878,STU01619,MAT0034,1,TP,14.45,1,2023-05-17,20,14.45
NOT012879,STU01619,MAT0018,1,EXAMEN,14.48,1,2023-05-17,20,14.48
NOT012880,STU01619,MAT0033,3,CC,14.53,2,2024-04-15,20,29.06
NOT012881,STU01619,MAT0029,3,TP,12.92,1,2023-04-16,20,12.92
NOT012882,STU01619,MAT0005,2,EXAMEN,5.6,2,2024-05-17,20,11.2
NOT012883,STU01619,MAT0028,2,CC,8.92,3,2023-04-16,20,26.76
NOT012884,STU01619,MAT0018,4,TP,12.51,2,2023-04-15,20,25.02
NOT012885,STU01619,MAT0016,4,PROJET,12.41,2,2023-04-16,20,24.82
NOT012886,STU01620,MAT0021,3,TP,11.33,1,2023-04-16,21,11.33
NOT012887,STU01620,MAT0019,1,CC,13.11,1,2024-04-15,21,13.11
NOT012888,STU01620,MAT0015,4,CC,12.03,2,2023-05-16,21,24.06
NOT012889,STU01620,MAT0019,4,EXAMEN,12.36,1,2024-05-17,21,12.36
NOT012890,STU01620,MAT0009,1,EXAMEN,10.08,2,2024-05-17,21,20.16
NOT012891,STU01620,MAT0031,1,EXAMEN,14.95,1,2023-04-16,21,14.95
NOT012892,STU01620,MAT0008,4,CC,10.71,3,2023-05-17,21,32.13
NOT012893,STU01621,MAT0015,4,PROJET,8.01,2,2024-05-16,26,16.02
NOT012894,STU01621,MAT0026,2,TP,9.69,3,2023-05-17,26,29.07
NOT012895,STU01621,MAT0014,3,EXAMEN,10.95,2,2023-05-16,26,21.9
NOT012896,STU01621,MAT0010,2,CC,14.98,3,2023-05-16,26,44.94
NOT012897,STU01621,MAT0028,3,TP,11.87,2,2023-04-16,26,23.74
NOT012898,STU01621,MAT0009,4,TP,11.44,3,2023-04-16,26,34.32
NOT012899,STU01622,MAT0011,2,CC,8.25,3,2023-05-16,27,24.75
NOT012900,STU01622,MAT0014,2,TP,14.36,1,2023-05-17,27,14.36
NOT012901,STU01622,MAT0016,2,TP,10.04,1,2023-05-17,27,10.04
NOT012902,STU01622,MAT0003,1,CC,11.7,2,2023-05-16,27,23.4
NOT012903,STU01622,MAT0004,1,TP,16.44,3,2023-04-15,27,49.32
NOT012904,STU01622,MAT0020,1,TP,13.53,3,2024-05-17,27,40.59
NOT012905,STU01623,MAT0011,2,CC,7.12,1,2024-04-16,26,7.12
NOT012906,STU01623,MAT0023,2,PROJET,6.69,3,2024-04-15,26,20.07
NOT012907,STU01623,MAT0006,3,PROJET,11.81,2,2023-05-16,26,23.62
NOT012908,STU01623,MAT0027,2,TP,8.36,2,2023-04-15,26,16.72
NOT012909,STU01623,MAT0022,4,TP,13.95,2,2023-05-16,26,27.9
NOT012910,STU01623,MAT0004,2,CC,12.13,3,2023-05-17,26,36.39
NOT012911,STU01624,MAT0009,3,CC,12.5,3,2024-04-16,27,37.5
NOT012912,STU01624,MAT0031,2,CC,9.88,3,2024-04-15,27,29.64
NOT012913,STU01624,MAT0004,4,TP,17.22,3,2023-04-16,27,51.659996
NOT012914,STU01624,MAT0032,3,CC,20.0,2,2023-04-15,27,40.0
NOT012915,STU01624,MAT0021,1,EXAMEN,11.16,1,2023-05-16,27,11.16
NOT012916,STU01624,MAT0008,2,PROJET,13.06,1,2024-05-17,27,13.06
NOT012917,STU01624,MAT0027,3,EXAMEN,12.29,1,2023-05-16,27,12.29
NOT012918,STU01625,MAT0025,1,PROJET,11.22,1,2024-04-16,26,11.22
NOT012919,STU01625,MAT0025,3,TP,9.5,3,2024-04-15,26,28.5
NOT012920,STU01625,MAT0025,1,CC,8.75,1,2023-04-16,26,8.75
NOT012921,STU01625,MAT0028,2,EXAMEN,8.59,3,2024-04-16,26,25.77
NOT012922,STU01625,MAT0033,1,PROJET,13.22,2,2023-05-16,26,26.44
NOT012923,STU01625,MAT0019,4,TP,10.44,2,2024-04-16,26,20.88
NOT012924,STU01625,MAT0015,4,EXAMEN,4.27,3,2023-04-16,26,12.809999
NOT012925,STU01625,MAT0029,3,CC,13.33,1,2024-05-17,26,13.33
NOT012926,STU01625,MAT0004,2,CC,11.89,3,2023-05-17,26,35.670002
NOT012927,STU01626,MAT0023,2,CC,16.04,2,2023-05-16,27,32.08
NOT012928,STU01626,MAT0017,3,EXAMEN,13.12,2,2023-04-15,27,26.24
NOT012929,STU01626,MAT0014,3,TP,7.56,1,2024-05-16,27,7.56
NOT012930,STU01626,MAT0008,4,CC,5.31,2,2023-04-16,27,10.62
NOT012931,STU01626,MAT0023,3,EXAMEN,9.84,1,2024-05-17,27,9.84
NOT012932,STU01626,MAT0028,3,CC,10.12,3,2023-04-15,27,30.36
NOT012933,STU01626,MAT0031,4,CC,14.83,3,2024-05-17,27,44.489998
NOT012934,STU01626,MAT0009,1,TP,11.97,3,2023-04-16,27,35.91
NOT012935,STU01626,MAT0022,1,CC,15.4,3,2023-05-17,27,46.199997
NOT012936,STU01627,MAT0008,3,CC,8.03,2,2024-04-16,26,16.06
NOT012937,STU01627,MAT0010,4,CC,14.9,1,2023-04-15,26,14.9
NOT012938,STU01627,MAT0032,3,PROJET,14.16,2,2024-05-17,26,28.32
NOT012939,STU01627,MAT0004,4,EXAMEN,5.95,1,2024-05-16,26,5.95
NOT012940,STU01627,MAT0020,2,TP,15.97,3,2023-04-16,26,47.91
NOT012941,STU01627,MAT0024,1,CC,12.28,1,2024-04-16,26,12.28
NOT012942,STU01627,MAT0030,1,CC,13.18,2,2023-05-17,26,26.36
NOT012943,STU01627,MAT0010,4,PROJET,9.41,2,2023-05-16,26,18.82
NOT012944,STU01628,MAT0014,4,CC,15.83,3,2024-04-16,27,47.489998
NOT012945,STU01628,MAT0021,1,EXAMEN,8.44,1,2024-04-16,27,8.44
NOT012946,STU01628,MAT0025,2,EXAMEN,14.5,1,2024-05-16,27,14.5
NOT012947,STU01628,MAT0011,2,TP,14.46,3,2024-04-16,27,43.38
NOT012948,STU01628,MAT0023,2,CC,9.08,2,2024-04-15,27,18.16
NOT012949,STU01628,MAT0019,4,CC,17.95,3,2023-05-17,27,53.850002
NOT012950,STU01628,MAT0005,2,EXAMEN,12.69,2,2024-05-16,27,25.38
NOT012951,STU01628,MAT0006,3,CC,13.96,2,2023-04-15,27,27.92
NOT012952,STU01629,MAT0012,1,CC,7.42,1,2023-05-16,26,7.42
NOT012953,STU01629,MAT0027,4,EXAMEN,18.35,2,2024-05-16,26,36.7
NOT012954,STU01629,MAT0025,3,TP,8.33,1,2023-04-15,26,8.33
NOT012955,STU01629,MAT0026,3,TP,15.07,2,2024-05-16,26,30.14
NOT012956,STU01629,MAT0016,1,EXAMEN,9.02,1,2023-05-16,26,9.02
NOT012957,STU01629,MAT0025,2,PROJET,10.14,1,2024-05-16,26,10.14
NOT012958,STU01630,MAT0013,1,PROJET,14.37,2,2024-04-15,27,28.74
NOT012959,STU01630,MAT0026,4,CC,15.08,1,2023-04-15,27,15.08
NOT012960,STU01630,MAT0009,2,TP,8.19,3,2024-04-16,27,24.57
NOT012961,STU01630,MAT0011,2,CC,15.27,3,2024-04-16,27,45.81
NOT012962,STU01630,MAT0035,2,PROJET,15.13,3,2023-05-16,27,45.39
NOT012963,STU01630,MAT0033,2,EXAMEN,9.19,1,2023-04-16,27,9.19
NOT012964,STU01630,MAT0029,1,CC,16.8,2,2024-04-16,27,33.6
NOT012965,STU01631,MAT0027,1,TP,7.63,3,2024-05-16,26,22.89
NOT012966,STU01631,MAT0023,1,EXAMEN,10.13,3,2024-05-17,26,30.39
NOT012967,STU01631,MAT0016,3,TP,13.44,1,2023-05-16,26,13.44
NOT012968,STU01631,MAT0018,1,EXAMEN,9.44,1,2023-05-16,26,9.44
NOT012969,STU01631,MAT0034,3,EXAMEN,12.79,1,2024-04-16,26,12.79
NOT012970,STU01631,MAT0019,2,TP,12.72,2,2023-04-16,26,25.44
NOT012971,STU01631,MAT0016,1,CC,11.44,3,2023-05-16,26,34.32
NOT012972,STU01632,MAT0001,4,TP,14.5,3,2024-04-15,27,43.5
NOT012973,STU01632,MAT0027,3,EXAMEN,11.31,2,2023-05-17,27,22.62
NOT012974,STU01632,MAT0015,1,TP,12.69,3,2024-04-16,27,38.07
NOT012975,STU01632,MAT0021,1,TP,15.44,2,2024-05-17,27,30.88
NOT012976,STU01632,MAT0028,1,TP,14.37,1,2023-05-16,27,14.37
NOT012977,STU01632,MAT0016,1,EXAMEN,14.36,2,2024-05-17,27,28.72
NOT012978,STU01632,MAT0008,4,PROJET,8.55,1,2023-04-15,27,8.55
NOT012979,STU01632,MAT0029,2,CC,13.57,2,2024-04-16,27,27.14
NOT012980,STU01633,MAT0012,1,CC,9.36,2,2023-04-16,26,18.72
NOT012981,STU01633,MAT0003,3,TP,8.16,1,2023-04-16,26,8.16
NOT012982,STU01633,MAT0011,3,PROJET,11.78,2,2023-05-16,26,23.56
NOT012983,STU01633,MAT0033,2,CC,9.29,3,2023-04-15,26,27.869999
NOT012984,STU01633,MAT0023,2,TP,14.37,2,2023-04-16,26,28.74
NOT012985,STU01633,MAT0014,2,TP,14.44,2,2024-04-16,26,28.88
NOT012986,STU01633,MAT0016,3,PROJET,6.29,2,2023-04-15,26,12.58
NOT012987,STU01634,MAT0016,3,CC,9.52,2,2024-05-17,27,19.04
NOT012988,STU01634,MAT0033,2,EXAMEN,7.62,2,2024-05-16,27,15.24
NOT012989,STU01634,MAT0030,2,TP,10.61,3,2023-04-16,27,31.829998
NOT012990,STU01634,MAT0031,1,CC,13.37,2,2023-05-17,27,26.74
NOT012991,STU01634,MAT0029,3,TP,11.27,2,2024-04-16,27,22.54
NOT012992,STU01634,MAT0017,4,TP,10.23,1,2023-04-15,27,10.23
NOT012993,STU01634,MAT0008,4,CC,15.9,2,2023-05-17,27,31.8
NOT012994,STU01634,MAT0012,3,EXAMEN,5.09,2,2024-05-17,27,10.18
NOT012995,STU01634,MAT0033,2,CC,15.71,2,2023-05-17,27,31.42
NOT012996,STU01635,MAT0016,3,PROJET,10.37,2,2023-05-17,26,20.74
NOT012997,STU01635,MAT0011,4,PROJET,11.77,2,2023-05-16,26,23.54
NOT012998,STU01635,MAT0032,4,PROJET,10.42,2,2024-04-16,26,20.84
NOT012999,STU01635,MAT0032,3,TP,16.63,2,2024-04-15,26,33.26
NOT013000,STU01635,MAT0031,2,CC,8.31,2,2023-04-15,26,16.62
NOT013001,STU01635,MAT0020,4,EXAMEN,12.04,2,2024-05-16,26,24.08
NOT013002,STU01635,MAT0007,1,CC,13.58,3,2024-04-16,26,40.739998
NOT013003,STU01635,MAT0034,1,TP,7.17,1,2023-05-16,26,7.17
NOT013004,STU01635,MAT0017,4,EXAMEN,9.24,2,2024-05-17,26,18.48
NOT013005,STU01636,MAT0008,3,TP,11.56,2,2023-04-16,27,23.12
NOT013006,STU01636,MAT0014,2,CC,9.34,2,2023-05-16,27,18.68
NOT013007,STU01636,MAT0032,4,EXAMEN,9.55,2,2024-05-16,27,19.1
NOT013008,STU01636,MAT0018,3,TP,10.95,1,2024-04-15,27,10.95
NOT013009,STU01636,MAT0013,2,CC,13.95,2,2023-05-17,27,27.9
NOT013010,STU01636,MAT0002,4,CC,10.97,1,2023-04-16,27,10.97
NOT013011,STU01636,MAT0031,2,PROJET,15.24,3,2023-04-16,27,45.72
NOT013012,STU01636,MAT0029,3,CC,9.01,3,2023-05-16,27,27.03
NOT013013,STU01636,MAT0011,4,EXAMEN,8.24,2,2023-05-16,27,16.48
NOT013014,STU01636,MAT0031,2,EXAMEN,17.78,1,2024-04-15,27,17.78
NOT013015,STU01637,MAT0014,4,EXAMEN,10.03,1,2023-04-16,26,10.03
NOT013016,STU01637,MAT0019,4,EXAMEN,8.07,2,2024-04-16,26,16.14
NOT013017,STU01637,MAT0009,4,PROJET,6.77,2,2023-05-17,26,13.54
NOT013018,STU01637,MAT0032,3,TP,15.23,2,2023-05-17,26,30.46
NOT013019,STU01637,MAT0013,3,EXAMEN,10.98,2,2023-04-15,26,21.96
NOT013020,STU01637,MAT0017,4,TP,11.24,3,2024-05-17,26,33.72
NOT013021,STU01637,MAT0022,3,EXAMEN,11.52,2,2023-05-17,26,23.04
NOT013022,STU01638,MAT0026,1,EXAMEN,15.04,2,2024-05-17,27,30.08
NOT013023,STU01638,MAT0022,4,PROJET,11.46,1,2023-05-17,27,11.46
NOT013024,STU01638,MAT0020,2,EXAMEN,19.03,1,2024-04-16,27,19.03
NOT013025,STU01638,MAT0001,4,CC,12.4,1,2024-04-16,27,12.4
NOT013026,STU01638,MAT0024,2,EXAMEN,15.19,3,2024-04-16,27,45.57
NOT013027,STU01638,MAT0027,1,CC,14.42,2,2024-05-17,27,28.84
NOT013028,STU01638,MAT0030,1,PROJET,11.89,1,2023-04-15,27,11.89
NOT013029,STU01639,MAT0019,2,EXAMEN,10.24,2,2024-05-17,26,20.48
NOT013030,STU01639,MAT0029,3,TP,13.0,2,2023-05-16,26,26.0
NOT013031,STU01639,MAT0016,3,EXAMEN,13.53,1,2023-05-16,26,13.53
NOT013032,STU01639,MAT0009,1,CC,10.28,3,2024-05-16,26,30.84
NOT013033,STU01639,MAT0020,4,EXAMEN,12.5,1,2023-05-17,26,12.5
NOT013034,STU01639,MAT0009,3,EXAMEN,15.71,3,2024-04-16,26,47.13
NOT013035,STU01639,MAT0003,4,TP,18.21,2,2024-04-16,26,36.42
NOT013036,STU01639,MAT0018,4,EXAMEN,14.56,1,2024-04-15,26,14.56
NOT013037,STU01640,MAT0031,2,EXAMEN,17.59,3,2024-05-17,27,52.77
NOT013038,STU01640,MAT0022,1,TP,10.11,2,2023-05-17,27,20.22
NOT013039,STU01640,MAT0004,3,EXAMEN,14.11,1,2024-04-16,27,14.11
NOT013040,STU01640,MAT0010,2,PROJET,16.02,1,2023-05-16,27,16.02
NOT013041,STU01640,MAT0023,3,TP,9.31,2,2023-05-17,27,18.62
NOT013042,STU01640,MAT0032,1,PROJET,10.54,3,2023-04-16,27,31.619999
NOT013043,STU01640,MAT0026,4,TP,17.21,3,2024-05-16,27,51.629997
NOT013044,STU01640,MAT0034,4,PROJET,9.07,2,2024-04-15,27,18.14
NOT013045,STU01640,MAT0027,2,CC,7.98,2,2024-04-16,27,15.96
NOT013046,STU01640,MAT0025,1,EXAMEN,16.58,1,2024-05-16,27,16.58
NOT013047,STU01641,MAT0015,2,EXAMEN,15.59,2,2023-05-17,26,31.18
NOT013048,STU01641,MAT0024,2,CC,13.3,2,2023-05-16,26,26.6
NOT013049,STU01641,MAT0008,4,TP,11.86,3,2023-05-16,26,35.579998
NOT013050,STU01641,MAT0010,1,EXAMEN,10.68,2,2023-04-15,26,21.36
NOT013051,STU01641,MAT0021,4,TP,12.85,2,2024-05-16,26,25.7
NOT013052,STU01641,MAT0035,3,EXAMEN,16.74,1,2024-05-16,26,16.74
NOT013053,STU01642,MAT0007,2,EXAMEN,12.72,3,2024-05-16,27,38.16
NOT013054,STU01642,MAT0017,4,CC,18.5,2,2023-04-15,27,37.0
NOT013055,STU01642,MAT0017,2,EXAMEN,9.31,2,2024-05-16,27,18.62
NOT013056,STU01642,MAT0007,4,TP,11.94,2,2023-05-17,27,23.88
NOT013057,STU01642,MAT0009,3,TP,10.88,1,2024-04-16,27,10.88
NOT013058,STU01642,MAT0008,2,PROJET,8.74,2,2024-05-16,27,17.48
NOT013059,STU01642,MAT0024,4,TP,11.54,2,2023-04-16,27,23.08
NOT013060,STU01642,MAT0035,1,CC,13.25,2,2023-05-16,27,26.5
NOT013061,STU01642,MAT0021,4,TP,13.57,1,2024-04-15,27,13.57
NOT013062,STU01642,MAT0006,4,PROJET,18.51,2,2024-05-16,27,37.02
NOT013063,STU01643,MAT0032,3,PROJET,13.39,2,2024-05-17,26,26.78
NOT013064,STU01643,MAT0019,2,PROJET,15.45,1,2023-05-17,26,15.45
NOT013065,STU01643,MAT0025,4,CC,12.2,2,2023-04-16,26,24.4
NOT013066,STU01643,MAT0024,4,EXAMEN,17.03,3,2024-04-15,26,51.090004
NOT013067,STU01643,MAT0001,4,PROJET,19.2,2,2024-05-16,26,38.4
NOT013068,STU01643,MAT0014,1,TP,13.59,3,2024-05-17,26,40.77
NOT013069,STU01643,MAT0033,4,CC,9.02,3,2024-04-15,26,27.060001
NOT013070,STU01644,MAT0025,2,PROJET,10.35,2,2024-04-16,27,20.7
NOT013071,STU01644,MAT0009,2,CC,12.85,3,2023-04-15,27,38.550003
NOT013072,STU01644,MAT0010,4,CC,13.37,2,2023-04-15,27,26.74
NOT013073,STU01644,MAT0034,1,EXAMEN,14.1,2,2024-05-16,27,28.2
NOT013074,STU01644,MAT0015,2,EXAMEN,13.38,2,2023-04-16,27,26.76
NOT013075,STU01644,MAT0017,2,EXAMEN,12.02,2,2023-05-16,27,24.04
NOT013076,STU01644,MAT0016,4,EXAMEN,10.09,2,2023-05-17,27,20.18
NOT013077,STU01644,MAT0025,4,EXAMEN,13.2,2,2024-05-17,27,26.4
NOT013078,STU01644,MAT0005,1,TP,17.56,2,2024-04-16,27,35.12
NOT013079,STU01645,MAT0028,4,CC,15.06,1,2024-05-16,26,15.06
NOT013080,STU01645,MAT0024,2,EXAMEN,13.6,3,2024-05-17,26,40.800003
NOT013081,STU01645,MAT0005,1,PROJET,15.09,2,2024-05-17,26,30.18
NOT013082,STU01645,MAT0001,3,PROJET,10.89,3,2024-04-16,26,32.670002
NOT013083,STU01645,MAT0016,3,EXAMEN,10.48,3,2023-05-16,26,31.439999
NOT013084,STU01645,MAT0031,3,PROJET,9.76,2,2023-04-15,26,19.52
NOT013085,STU01645,MAT0020,2,PROJET,11.62,3,2023-04-15,26,34.86
NOT013086,STU01645,MAT0021,4,TP,10.73,3,2023-05-16,26,32.19
NOT013087,STU01645,MAT0002,3,PROJET,15.62,2,2024-04-15,26,31.24
NOT013088,STU01645,MAT0015,1,TP,10.57,1,2023-04-16,26,10.57
NOT013089,STU01646,MAT0030,1,TP,9.59,3,2023-04-16,27,28.77
NOT013090,STU01646,MAT0030,3,EXAMEN,17.83,2,2023-04-16,27,35.66
NOT013091,STU01646,MAT0016,2,PROJET,10.65,2,2023-05-16,27,21.3
NOT013092,STU01646,MAT0001,1,EXAMEN,12.46,2,2024-04-15,27,24.92
NOT013093,STU01646,MAT0029,2,TP,13.35,2,2024-05-17,27,26.7
NOT013094,STU01646,MAT0021,3,CC,8.59,2,2024-04-16,27,17.18
NOT013095,STU01647,MAT0016,3,TP,15.71,3,2024-05-16,26,47.13
NOT013096,STU01647,MAT0033,4,PROJET,13.91,3,2024-05-17,26,41.73
NOT013097,STU01647,MAT0031,1,PROJET,16.68,2,2023-04-15,26,33.36
NOT013098,STU01647,MAT0013,4,TP,9.96,1,2024-04-16,26,9.96
NOT013099,STU01647,MAT0031,2,PROJET,12.3,3,2023-05-17,26,36.9
NOT013100,STU01647,MAT0004,1,TP,12.12,1,2023-05-17,26,12.12
NOT013101,STU01647,MAT0018,2,EXAMEN,12.79,2,2023-04-16,26,25.58
NOT013102,STU01648,MAT0024,2,CC,7.64,3,2023-05-17,27,22.92
NOT013103,STU01648,MAT0014,2,PROJET,12.33,2,2023-05-16,27,24.66
NOT013104,STU01648,MAT0011,1,CC,7.72,1,2024-04-15,27,7.72
NOT013105,STU01648,MAT0033,3,TP,13.08,3,2023-05-17,27,39.239998
NOT013106,STU01648,MAT0001,2,EXAMEN,5.61,3,2023-04-16,27,16.83
NOT013107,STU01648,MAT0016,2,CC,6.45,3,2024-05-17,27,19.349998
NOT013108,STU01649,MAT0017,2,PROJET,14.46,2,2024-04-16,26,28.92
NOT013109,STU01649,MAT0003,3,PROJET,10.36,1,2024-05-17,26,10.36
NOT013110,STU01649,MAT0009,1,TP,9.04,2,2023-04-16,26,18.08
NOT013111,STU01649,MAT0012,4,TP,15.81,1,2024-05-17,26,15.81
NOT013112,STU01649,MAT0013,4,CC,12.98,1,2023-05-17,26,12.98
NOT013113,STU01649,MAT0010,1,TP,14.62,2,2023-05-16,26,29.24
NOT013114,STU01649,MAT0018,2,EXAMEN,11.5,1,2023-04-16,26,11.5
NOT013115,STU01650,MAT0003,2,TP,20.0,2,2023-05-16,27,40.0
NOT013116,STU01650,MAT0028,1,PROJET,10.19,2,2024-05-17,27,20.38
NOT013117,STU01650,MAT0012,2,EXAMEN,17.23,3,2023-04-15,27,51.69
NOT013118,STU01650,MAT0032,4,CC,11.82,2,2023-04-16,27,23.64
NOT013119,STU01650,MAT0023,1,PROJET,7.04,1,2023-04-15,27,7.04
NOT013120,STU01650,MAT0025,1,EXAMEN,13.45,2,2024-05-17,27,26.9
NOT013121,STU01650,MAT0002,1,EXAMEN,12.94,2,2024-04-16,27,25.88
NOT013122,STU01650,MAT0002,4,TP,8.85,3,2023-04-16,27,26.550001
NOT013123,STU01650,MAT0035,4,EXAMEN,9.23,2,2023-05-17,27,18.46
NOT013124,STU01651,MAT0030,3,TP,11.93,3,2023-04-15,26,35.79
NOT013125,STU01651,MAT0004,3,TP,13.05,2,2024-04-16,26,26.1
NOT013126,STU01651,MAT0001,4,TP,4.59,3,2023-04-16,26,13.77
NOT013127,STU01651,MAT0012,1,CC,15.16,1,2023-04-16,26,15.16
NOT013128,STU01651,MAT0006,1,CC,10.52,2,2023-04-15,26,21.04
NOT013129,STU01651,MAT0009,3,PROJET,8.0,2,2023-05-17,26,16.0
NOT013130,STU01651,MAT0021,2,CC,14.82,3,2023-04-16,26,44.46
NOT013131,STU01652,MAT0019,3,CC,11.93,3,2023-05-17,27,35.79
NOT013132,STU01652,MAT0003,4,TP,15.65,1,2024-05-16,27,15.65
NOT013133,STU01652,MAT0009,2,TP,13.31,2,2024-04-16,27,26.62
NOT013134,STU01652,MAT0032,1,EXAMEN,12.0,2,2023-05-17,27,24.0
NOT013135,STU01652,MAT0010,2,CC,11.54,2,2024-05-17,27,23.08
NOT013136,STU01652,MAT0016,2,EXAMEN,13.45,2,2024-05-17,27,26.9
NOT013137,STU01652,MAT0026,2,TP,10.76,3,2024-05-17,27,32.28
NOT013138,STU01653,MAT0025,3,EXAMEN,9.44,1,2023-05-17,26,9.44
NOT013139,STU01653,MAT0014,4,TP,13.83,2,2023-04-16,26,27.66
NOT013140,STU01653,MAT0014,1,CC,11.57,2,2023-04-15,26,23.14
NOT013141,STU01653,MAT0030,1,EXAMEN,12.1,2,2024-04-16,26,24.2
NOT013142,STU01653,MAT0003,3,CC,15.27,2,2024-04-16,26,30.54
NOT013143,STU01653,MAT0021,4,CC,11.66,2,2023-04-15,26,23.32
NOT013144,STU01653,MAT0010,1,CC,12.05,1,2023-05-16,26,12.05
NOT013145,STU01653,MAT0009,1,CC,10.2,3,2024-04-16,26,30.599998
NOT013146,STU01653,MAT0033,1,TP,13.29,2,2023-04-16,26,26.58
NOT013147,STU01654,MAT0018,3,PROJET,13.05,2,2023-04-15,27,26.1
NOT013148,STU01654,MAT0032,3,PROJET,14.7,2,2023-05-16,27,29.4
NOT013149,STU01654,MAT0010,3,CC,10.26,3,2024-04-16,27,30.78
NOT013150,STU01654,MAT0012,3,TP,10.63,2,2023-05-16,27,21.26
NOT013151,STU01654,MAT0010,1,PROJET,14.38,1,2023-05-17,27,14.38
NOT013152,STU01654,MAT0012,4,EXAMEN,12.76,3,2024-04-15,27,38.28
NOT013153,STU01654,MAT0020,2,PROJET,9.28,2,2024-05-16,27,18.56
NOT013154,STU01654,MAT0033,1,TP,15.92,2,2024-05-17,27,31.84
NOT013155,STU01654,MAT0004,4,CC,6.9,2,2023-05-16,27,13.8
NOT013156,STU01655,MAT0029,4,EXAMEN,14.35,3,2023-04-15,26,43.050003
NOT013157,STU01655,MAT0013,1,TP,8.2,2,2024-04-15,26,16.4
NOT013158,STU01655,MAT0009,3,PROJET,17.66,1,2023-05-17,26,17.66
NOT013159,STU01655,MAT0016,4,TP,7.37,3,2024-05-17,26,22.11
NOT013160,STU01655,MAT0014,2,PROJET,15.46,1,2023-04-16,26,15.46
NOT013161,STU01655,MAT0021,2,EXAMEN,11.76,1,2024-05-17,26,11.76
NOT013162,STU01655,MAT0018,1,TP,10.9,2,2024-04-15,26,21.8
NOT013163,STU01655,MAT0029,4,PROJET,12.56,1,2023-05-16,26,12.56
NOT013164,STU01656,MAT0024,4,CC,13.9,2,2023-04-16,27,27.8
NOT013165,STU01656,MAT0014,1,EXAMEN,9.29,1,2024-05-16,27,9.29
NOT013166,STU01656,MAT0010,2,TP,9.55,3,2024-05-17,27,28.650002
NOT013167,STU01656,MAT0024,3,EXAMEN,13.95,1,2024-04-15,27,13.95
NOT013168,STU01656,MAT0007,4,TP,6.88,2,2024-05-17,27,13.76
NOT013169,STU01656,MAT0032,2,TP,10.25,2,2023-04-16,27,20.5
NOT013170,STU01656,MAT0021,1,PROJET,20.0,1,2024-04-16,27,20.0
NOT013171,STU01657,MAT0028,4,TP,9.1,2,2023-04-16,26,18.2
NOT013172,STU01657,MAT0003,3,EXAMEN,15.44,2,2023-05-16,26,30.88
NOT013173,STU01657,MAT0004,1,TP,10.24,2,2023-04-16,26,20.48
NOT013174,STU01657,MAT0021,2,TP,13.53,1,2024-05-17,26,13.53
NOT013175,STU01657,MAT0026,3,CC,13.96,3,2024-04-15,26,41.88
NOT013176,STU01657,MAT0031,4,TP,15.39,3,2024-04-15,26,46.170002
NOT013177,STU01657,MAT0010,2,TP,11.4,1,2024-04-15,26,11.4
NOT013178,STU01657,MAT0019,3,TP,17.97,1,2023-04-15,26,17.97
NOT013179,STU01657,MAT0009,3,TP,10.23,1,2024-04-15,26,10.23
NOT013180,STU01658,MAT0028,3,TP,12.7,3,2023-05-16,27,38.1
NOT013181,STU01658,MAT0008,1,EXAMEN,12.74,2,2023-05-16,27,25.48
NOT013182,STU01658,MAT0030,3,CC,8.63,2,2024-05-16,27,17.26
NOT013183,STU01658,MAT0018,1,CC,11.14,3,2024-04-16,27,33.420002
NOT013184,STU01658,MAT0035,1,PROJET,12.48,2,2023-05-16,27,24.96
NOT013185,STU01658,MAT0006,2,TP,10.7,3,2024-05-17,27,32.1
NOT013186,STU01658,MAT0007,3,TP,19.32,2,2024-04-16,27,38.64
NOT013187,STU01658,MAT0024,2,EXAMEN,9.48,1,2023-05-17,27,9.48
NOT013188,STU01658,MAT0005,1,PROJET,15.54,1,2023-05-17,27,15.54
NOT013189,STU01658,MAT0025,4,TP,14.57,2,2023-05-17,27,29.14
NOT013190,STU01659,MAT0014,1,TP,11.96,2,2024-04-16,26,23.92
NOT013191,STU01659,MAT0004,3,TP,9.4,2,2023-05-17,26,18.8
NOT013192,STU01659,MAT0011,3,TP,9.7,2,2024-05-16,26,19.4
NOT013193,STU01659,MAT0030,4,TP,10.45,2,2023-04-15,26,20.9
NOT013194,STU01659,MAT0023,1,PROJET,6.64,2,2023-05-17,26,13.28
NOT013195,STU01659,MAT0009,4,CC,8.99,1,2023-04-16,26,8.99
NOT013196,STU01659,MAT0005,3,EXAMEN,7.55,2,2023-04-16,26,15.1
NOT013197,STU01660,MAT0011,4,PROJET,16.04,2,2024-04-16,27,32.08
NOT013198,STU01660,MAT0005,1,EXAMEN,13.86,2,2023-05-16,27,27.72
NOT013199,STU01660,MAT0016,4,EXAMEN,14.36,2,2023-04-16,27,28.72
NOT013200,STU01660,MAT0018,4,PROJET,13.77,1,2023-04-16,27,13.77
NOT013201,STU01660,MAT0009,1,CC,12.5,3,2024-04-15,27,37.5
NOT013202,STU01660,MAT0034,3,CC,16.38,2,2024-05-16,27,32.76
NOT013203,STU01660,MAT0001,1,TP,10.17,2,2023-04-15,27,20.34
NOT013204,STU01660,MAT0010,1,CC,12.32,3,2023-04-15,27,36.96
NOT013205,STU01660,MAT0034,4,PROJET,14.24,2,2023-04-16,27,28.48
NOT013206,STU01660,MAT0015,3,CC,8.04,2,2023-04-16,27,16.08
NOT013207,STU01661,MAT0004,4,CC,20.0,1,2024-04-15,26,20.0
NOT013208,STU01661,MAT0026,3,PROJET,12.09,2,2023-05-17,26,24.18
NOT013209,STU01661,MAT0006,3,PROJET,12.43,2,2024-05-17,26,24.86
NOT013210,STU01661,MAT0021,4,CC,15.77,3,2024-04-16,26,47.31
NOT013211,STU01661,MAT0025,3,CC,14.74,2,2024-04-16,26,29.48
NOT013212,STU01661,MAT0010,1,TP,12.11,2,2024-04-15,26,24.22
NOT013213,STU01662,MAT0022,1,EXAMEN,12.39,2,2024-04-16,27,24.78
NOT013214,STU01662,MAT0016,2,TP,7.49,2,2023-05-16,27,14.98
NOT013215,STU01662,MAT0001,1,EXAMEN,10.33,3,2024-04-16,27,30.99
NOT013216,STU01662,MAT0030,4,EXAMEN,13.55,2,2024-05-16,27,27.1
NOT013217,STU01662,MAT0031,2,TP,13.33,2,2023-04-16,27,26.66
NOT013218,STU01662,MAT0008,3,PROJET,15.66,2,2023-04-16,27,31.32
NOT013219,STU01663,MAT0031,4,PROJET,11.64,1,2023-04-15,26,11.64
NOT013220,STU01663,MAT0006,1,PROJET,7.84,2,2024-04-16,26,15.68
NOT013221,STU01663,MAT0002,4,CC,15.17,2,2023-04-15,26,30.34
NOT013222,STU01663,MAT0026,2,EXAMEN,16.31,2,2024-05-16,26,32.62
NOT013223,STU01663,MAT0030,2,TP,14.69,2,2023-05-16,26,29.38
NOT013224,STU01663,MAT0014,2,TP,11.51,2,2023-05-16,26,23.02
NOT013225,STU01663,MAT0015,4,TP,15.13,2,2023-05-17,26,30.26
NOT013226,STU01664,MAT0023,1,EXAMEN,20.0,2,2023-04-15,27,40.0
NOT013227,STU01664,MAT0017,1,EXAMEN,12.35,2,2024-04-16,27,24.7
NOT013228,STU01664,MAT0028,2,EXAMEN,8.06,3,2023-04-16,27,24.18
NOT013229,STU01664,MAT0020,1,TP,10.24,2,2024-04-15,27,20.48
NOT013230,STU01664,MAT0001,2,PROJET,13.88,2,2023-04-15,27,27.76
NOT013231,STU01664,MAT0003,4,EXAMEN,7.19,1,2024-05-17,27,7.19
NOT013232,STU01664,MAT0033,2,CC,12.51,1,2024-04-15,27,12.51
NOT013233,STU01664,MAT0004,3,PROJET,13.14,2,2023-05-17,27,26.28
NOT013234,STU01665,MAT0012,3,EXAMEN,16.61,2,2023-05-17,26,33.22
NOT013235,STU01665,MAT0001,1,PROJET,15.93,3,2023-04-15,26,47.79
NOT013236,STU01665,MAT0005,4,EXAMEN,14.59,2,2023-04-15,26,29.18
NOT013237,STU01665,MAT0006,4,EXAMEN,5.51,1,2023-05-16,26,5.51
NOT013238,STU01665,MAT0019,2,EXAMEN,14.76,3,2023-05-16,26,44.28
NOT013239,STU01665,MAT0010,3,PROJET,14.12,3,2024-04-16,26,42.36
NOT013240,STU01665,MAT0018,4,TP,12.77,2,2023-05-16,26,25.54
NOT013241,STU01665,MAT0008,1,TP,6.81,3,2024-04-16,26,20.43
NOT013242,STU01665,MAT0005,4,CC,9.67,1,2024-04-16,26,9.67
NOT013243,STU01666,MAT0002,1,PROJET,8.5,3,2024-05-17,27,25.5
NOT013244,STU01666,MAT0012,2,CC,5.95,2,2024-04-16,27,11.9
NOT013245,STU01666,MAT0013,1,CC,11.99,3,2023-05-16,27,35.97
NOT013246,STU01666,MAT0028,1,EXAMEN,9.61,2,2023-04-16,27,19.22
NOT013247,STU01666,MAT0027,4,EXAMEN,19.88,3,2024-05-16,27,59.64
NOT013248,STU01666,MAT0003,1,TP,11.49,1,2024-04-16,27,11.49
NOT013249,STU01666,MAT0030,3,EXAMEN,15.88,3,2023-05-17,27,47.64
NOT013250,STU01666,MAT0017,4,EXAMEN,7.29,3,2024-05-17,27,21.869999
NOT013251,STU01666,MAT0012,4,TP,10.41,2,2023-05-16,27,20.82
NOT013252,STU01666,MAT0023,3,TP,12.29,2,2024-05-17,27,24.58
NOT013253,STU01667,MAT0008,3,CC,9.28,2,2023-04-15,26,18.56
NOT013254,STU01667,MAT0001,4,TP,10.73,2,2023-04-15,26,21.46
NOT013255,STU01667,MAT0007,2,EXAMEN,11.35,2,2024-05-17,26,22.7
NOT013256,STU01667,MAT0032,1,PROJET,11.3,1,2023-04-15,26,11.3
NOT013257,STU01667,MAT0013,1,CC,17.57,2,2023-04-15,26,35.14
NOT013258,STU01667,MAT0030,3,EXAMEN,13.13,2,2023-05-17,26,26.26
NOT013259,STU01667,MAT0022,2,TP,13.44,3,2023-04-16,26,40.32
NOT013260,STU01667,MAT0010,3,TP,13.62,2,2024-05-17,26,27.24
NOT013261,STU01667,MAT0024,4,TP,13.84,2,2024-04-15,26,27.68
NOT013262,STU01667,MAT0012,3,EXAMEN,11.75,2,2024-04-15,26,23.5
NOT013263,STU01668,MAT0025,1,EXAMEN,11.04,1,2024-05-17,27,11.04
NOT013264,STU01668,MAT0006,2,PROJET,12.5,2,2024-04-16,27,25.0
NOT013265,STU01668,MAT0016,3,EXAMEN,15.47,3,2023-04-15,27,46.41
NOT013266,STU01668,MAT0017,1,EXAMEN,15.38,1,2024-04-16,27,15.38
NOT013267,STU01668,MAT0008,2,PROJET,11.28,2,2023-04-15,27,22.56
NOT013268,STU01668,MAT0031,2,EXAMEN,14.3,2,2024-04-16,27,28.6
NOT013269,STU01668,MAT0022,3,CC,11.42,1,2023-04-15,27,11.42
NOT013270,STU01668,MAT0020,3,TP,12.1,2,2024-04-16,27,24.2
NOT013271,STU01669,MAT0018,4,TP,10.58,1,2024-04-16,26,10.58
NOT013272,STU01669,MAT0035,4,EXAMEN,11.46,1,2024-05-17,26,11.46
NOT013273,STU01669,MAT0003,1,PROJET,16.02,1,2023-05-17,26,16.02
NOT013274,STU01669,MAT0015,3,CC,12.28,1,2023-05-16,26,12.28
NOT013275,STU01669,MAT0013,4,CC,12.41,1,2023-04-16,26,12.41
NOT013276,STU01669,MAT0021,3,TP,7.66,2,2024-05-17,26,15.32
NOT013277,STU01669,MAT0006,4,EXAMEN,11.07,2,2023-05-16,26,22.14
NOT013278,STU01669,MAT0024,4,CC,11.28,2,2024-05-16,26,22.56
NOT013279,STU01669,MAT0025,1,EXAMEN,9.51,3,2024-04-16,26,28.53
NOT013280,STU01670,MAT0023,4,PROJET,12.06,3,2023-04-15,27,36.18
NOT013281,STU01670,MAT0027,1,PROJET,10.71,1,2024-05-17,27,10.71
NOT013282,STU01670,MAT0020,3,PROJET,12.24,2,2023-04-16,27,24.48
NOT013283,STU01670,MAT0020,4,PROJET,12.36,1,2023-04-15,27,12.36
NOT013284,STU01670,MAT0018,3,PROJET,9.13,2,2023-05-16,27,18.26
NOT013285,STU01670,MAT0025,1,CC,10.8,3,2023-04-16,27,32.4
NOT013286,STU01671,MAT0010,2,CC,12.23,3,2024-04-16,26,36.69
NOT013287,STU01671,MAT0005,2,TP,15.55,2,2023-05-17,26,31.1
NOT013288,STU01671,MAT0010,4,EXAMEN,12.77,3,2023-04-15,26,38.31
NOT013289,STU01671,MAT0005,3,EXAMEN,10.01,1,2024-05-16,26,10.01
NOT013290,STU01671,MAT0035,2,PROJET,13.2,1,2023-04-16,26,13.2
NOT013291,STU01671,MAT0035,4,TP,17.12,1,2024-05-17,26,17.12
NOT013292,STU01671,MAT0007,4,CC,14.75,1,2023-04-15,26,14.75
NOT013293,STU01671,MAT0024,4,TP,13.64,1,2024-05-17,26,13.64
NOT013294,STU01671,MAT0016,4,PROJET,14.18,3,2023-05-17,26,42.54
NOT013295,STU01672,MAT0004,4,CC,16.32,2,2024-05-16,27,32.64
NOT013296,STU01672,MAT0010,2,TP,15.23,2,2023-04-15,27,30.46
NOT013297,STU01672,MAT0022,1,CC,13.7,1,2023-05-17,27,13.7
NOT013298,STU01672,MAT0010,2,CC,15.21,3,2024-05-17,27,45.63
NOT013299,STU01672,MAT0006,2,TP,8.76,2,2024-04-16,27,17.52
NOT013300,STU01672,MAT0008,4,EXAMEN,7.49,2,2023-05-17,27,14.98
NOT013301,STU01672,MAT0024,2,TP,12.47,1,2023-05-17,27,12.47
NOT013302,STU01672,MAT0028,1,TP,12.21,2,2023-04-15,27,24.42
NOT013303,STU01673,MAT0019,4,EXAMEN,10.37,1,2023-04-16,26,10.37
NOT013304,STU01673,MAT0017,4,TP,14.48,2,2023-05-16,26,28.96
NOT013305,STU01673,MAT0010,1,TP,6.41,1,2023-05-17,26,6.41
NOT013306,STU01673,MAT0032,3,CC,10.4,2,2023-05-17,26,20.8
NOT013307,STU01673,MAT0020,1,CC,10.55,2,2024-04-15,26,21.1
NOT013308,STU01673,MAT0020,4,CC,7.09,2,2023-05-17,26,14.18
NOT013309,STU01673,MAT0012,2,TP,16.48,1,2023-04-15,26,16.48
NOT013310,STU01673,MAT0006,3,PROJET,7.92,2,2023-04-15,26,15.84
NOT013311,STU01674,MAT0027,3,CC,10.23,2,2024-04-15,27,20.46
NOT013312,STU01674,MAT0020,4,PROJET,14.72,3,2024-05-16,27,44.16
NOT013313,STU01674,MAT0030,3,TP,13.94,2,2024-05-17,27,27.88
NOT013314,STU01674,MAT0035,4,TP,8.68,1,2023-04-16,27,8.68
NOT013315,STU01674,MAT0034,2,PROJET,14.05,1,2024-04-15,27,14.05
NOT013316,STU01674,MAT0026,2,EXAMEN,12.87,2,2023-05-16,27,25.74
NOT013317,STU01675,MAT0012,2,EXAMEN,19.0,1,2023-04-16,26,19.0
NOT013318,STU01675,MAT0034,1,EXAMEN,13.21,3,2024-05-16,26,39.63
NOT013319,STU01675,MAT0031,4,CC,11.58,3,2024-04-15,26,34.739998
NOT013320,STU01675,MAT0031,3,EXAMEN,9.43,1,2024-05-17,26,9.43
NOT013321,STU01675,MAT0001,4,PROJET,9.77,1,2024-05-17,26,9.77
NOT013322,STU01675,MAT0004,4,CC,9.52,1,2024-04-16,26,9.52
NOT013323,STU01675,MAT0001,2,TP,16.11,2,2024-04-15,26,32.22
NOT013324,STU01675,MAT0030,2,CC,12.05,2,2024-05-17,26,24.1
NOT013325,STU01676,MAT0001,1,TP,13.7,3,2024-05-17,27,41.1
NOT013326,STU01676,MAT0009,4,EXAMEN,16.54,3,2023-05-17,27,49.620003
NOT013327,STU01676,MAT0026,4,TP,4.92,1,2024-04-16,27,4.92
NOT013328,STU01676,MAT0029,3,TP,15.84,2,2023-04-16,27,31.68
NOT013329,STU01676,MAT0027,4,TP,12.17,1,2024-05-16,27,12.17
NOT013330,STU01676,MAT0019,1,EXAMEN,13.31,1,2024-05-17,27,13.31
NOT013331,STU01676,MAT0025,2,PROJET,9.51,3,2024-04-16,27,28.53
NOT013332,STU01677,MAT0011,3,EXAMEN,9.73,3,2023-05-17,26,29.189999
NOT013333,STU01677,MAT0003,3,TP,13.47,1,2023-05-17,26,13.47
NOT013334,STU01677,MAT0010,1,CC,19.15,2,2024-04-16,26,38.3
NOT013335,STU01677,MAT0021,2,PROJET,15.01,3,2023-05-16,26,45.03
NOT013336,STU01677,MAT0015,4,TP,15.8,2,2024-05-17,26,31.6
NOT013337,STU01677,MAT0027,4,PROJET,11.42,2,2024-05-16,26,22.84
NOT013338,STU01677,MAT0030,2,PROJET,10.2,2,2024-05-17,26,20.4
NOT013339,STU01677,MAT0031,4,PROJET,9.66,2,2024-04-16,26,19.32
NOT013340,STU01677,MAT0023,1,EXAMEN,10.54,2,2024-05-16,26,21.08
NOT013341,STU01678,MAT0011,4,EXAMEN,5.84,3,2023-05-17,27,17.52
NOT013342,STU01678,MAT0020,3,TP,9.83,1,2024-05-17,27,9.83
NOT013343,STU01678,MAT0035,4,EXAMEN,10.32,3,2023-04-15,27,30.96
NOT013344,STU01678,MAT0006,4,TP,11.47,3,2023-04-16,27,34.41
NOT013345,STU01678,MAT0018,1,EXAMEN,12.4,1,2024-04-16,27,12.4
NOT013346,STU01678,MAT0020,3,TP,13.09,3,2024-05-16,27,39.27
NOT013347,STU01678,MAT0032,1,PROJET,11.96,2,2023-04-16,27,23.92
NOT013348,STU01678,MAT0014,4,TP,10.26,2,2023-04-16,27,20.52
NOT013349,STU01678,MAT0001,4,EXAMEN,6.11,1,2024-04-15,27,6.11
NOT013350,STU01678,MAT0003,3,CC,10.27,1,2024-04-15,27,10.27
NOT013351,STU01679,MAT0024,1,TP,9.08,1,2024-04-16,26,9.08
NOT013352,STU01679,MAT0034,2,PROJET,13.4,1,2023-04-16,26,13.4
NOT013353,STU01679,MAT0028,1,PROJET,14.73,3,2023-04-16,26,44.19
NOT013354,STU01679,MAT0028,1,TP,14.82,3,2023-05-17,26,44.46
NOT013355,STU01679,MAT0006,3,PROJET,14.27,3,2024-04-15,26,42.81
NOT013356,STU01679,MAT0001,4,PROJET,11.6,2,2024-04-15,26,23.2
NOT013357,STU01679,MAT0011,2,PROJET,10.43,2,2023-04-15,26,20.86
NOT013358,STU01679,MAT0002,4,PROJET,9.76,2,2024-04-16,26,19.52
NOT013359,STU01680,MAT0002,2,PROJET,7.48,3,2023-05-16,27,22.44
NOT013360,STU01680,MAT0011,4,CC,14.98,1,2024-05-16,27,14.98
NOT013361,STU01680,MAT0016,3,EXAMEN,11.48,2,2023-04-16,27,22.96
NOT013362,STU01680,MAT0029,3,PROJET,8.26,3,2024-05-17,27,24.78
NOT013363,STU01680,MAT0012,1,PROJET,9.52,2,2023-05-17,27,19.04
NOT013364,STU01680,MAT0017,1,PROJET,9.4,1,2024-05-16,27,9.4
NOT013365,STU01680,MAT0014,3,CC,12.13,3,2024-05-17,27,36.39
NOT013366,STU01680,MAT0011,4,TP,15.2,1,2023-04-15,27,15.2
NOT013367,STU01680,MAT0021,2,EXAMEN,10.96,3,2023-04-15,27,32.88
